paper_id,survey_id,title,language,original_url,open_copy_url,open_copy_kind,local_file,size_mb,pages,text_layer,sha256,aggregate_rows,source
ada239831,additional,"1946 US Army men and women surveys (105,062 men; 8,864 women)",English,https://apps.dtic.mil/sti/pdfs/ADA239831.pdf,https://archive.org/download/DTIC_ADA239831/DTIC_ADA239831.pdf,Internet Archive mirror of DTIC,reports/additional/ADA239831.pdf,9.62,184,yes,78050be9d903db7fb87e36d4ede6f8788ed2c2674170af7ef87e638311cc9562,0,catalog
ada103181,additional,A Comparison of Selected International Anthropometric Measurements,English,https://apps.dtic.mil/sti/tr/pdf/ADA103181.pdf,https://archive.org/download/DTIC_ADA103181/DTIC_ADA103181.pdf,Internet Archive mirror of DTIC,reports/additional/ADA103181.pdf,2.45,52,yes,dc8bd3954fcbc78ab65d491ac0ce4d329c20fa8fd741c563e85d580bc23654d1,0,catalog
ad0710202,additional,Anthropometry of the Air Force Female Hand. AMRL-TR-69-26,English,https://apps.dtic.mil/sti/tr/pdf/AD0710202.pdf,https://archive.org/download/DTIC_AD0710202/DTIC_AD0710202.pdf,Internet Archive mirror of DTIC,reports/additional/AD0710202.pdf,3.39,87,yes,ccab76bed9938c6e59ef65080e198a276179c140d15ee1b4d216432c19011d82,0,catalog
ada529930,additional,Anthropometry: A Bibliography with Abstracts (useful for finding accession numbers for unverified rows),English,https://apps.dtic.mil/sti/tr/pdf/ADA529930.pdf,https://archive.org/download/DTIC_ADA529930/DTIC_ADA529930.pdf,Internet Archive mirror of DTIC,reports/additional/ADA529930.pdf,48.44,253,yes,60c3670ca07122e5421f77936d7835bc823354fd9e1282ee822146db107d35d5,0,catalog
ada310612,additional,Canadian Forces matched database validation (NATICK/TR-96/031),English,https://apps.dtic.mil/sti/pdfs/ADA310612.pdf,https://archive.org/download/DTIC_ADA310612/DTIC_ADA310612.pdf,Internet Archive mirror of DTIC,reports/additional/ADA310612.pdf,8.94,227,yes,d85dbb88ee446899a7e41a1779fc93d1d5c25973aca7b1d749e874b8bbf90d6e,18,catalog
ada472617,additional,Revised Anthropometric Restrictions for U.S. Navy and Marine Corps aircraft,English,https://apps.dtic.mil/sti/tr/pdf/ADA472617.pdf,https://archive.org/download/DTIC_ADA472617/DTIC_ADA472617.pdf,Internet Archive mirror of DTIC,reports/additional/ADA472617.pdf,0.29,31,yes,b0ca27683ddc2d33e55b3774bf4e0ed8f1e8a64966e88bc412116811f0451e4c,0,catalog
ada074807,additional,Robinette et al. (1979). A Comparison of Male and Female Body Sizes and Proportions. AMRL-TR-79-69,English,https://apps.dtic.mil/sti/pdfs/ADA074807.pdf,https://archive.org/download/DTIC_ADA074807/DTIC_ADA074807.pdf,Internet Archive mirror of DTIC,reports/additional/ADA074807.pdf,16.16,34,yes,a771dcbaccd0b8fde628930c3d5843945834db15728eb594cd09d9adc1f5742c,0,catalog
ad0450836,additional,"Royal Thai Armed Forces, 1964",English,https://apps.dtic.mil/sti/tr/pdf/AD0450836.pdf,https://archive.org/download/DTIC_AD0450836/DTIC_AD0450836.pdf,Internet Archive mirror of DTIC,reports/additional/AD0450836.pdf,3.15,68,yes,ed2ae93a9ae3e4413d06c36a9d7e43ccd669f6aafb59a4fd92e6e3b325f62057,211,catalog
ad0735101,additional,"Selected Anthropometric Dimensions of Naval Aviation Personnel (NAMRL-1141, 1971)",English,https://apps.dtic.mil/sti/pdfs/AD0735101.pdf,https://archive.org/download/DTIC_AD0735101/DTIC_AD0735101.pdf,Internet Archive mirror of DTIC,reports/additional/AD0735101.pdf,1.08,28,yes,b599956b42f32f9bfb0d883bb06a4db0c948290593fbaa13cb07818bea6c951e,0,catalog
ad0020542,additional,"Women's Air Force (WAF) basic trainees, WADC TR 53-12",English,https://apps.dtic.mil/sti/tr/pdf/AD0020542.pdf,https://archive.org/download/DTIC_AD0020542/DTIC_AD0020542.pdf,Internet Archive mirror of DTIC,reports/additional/AD0020542.pdf,2.99,109,yes,c2b0dd9755d5ac6753f41ece84f1414173f8f6d57bbfde07d54e9b4b7b72ff96,0,catalog
ada222782,ansur-1988,ANSUR 1988 bivariate frequency tables (NATICK/TR-90/031),English,https://apps.dtic.mil/sti/pdfs/ADA222782.pdf,https://archive.org/download/DTIC_ADA222782/DTIC_ADA222782.pdf,Internet Archive mirror of DTIC,reports/ansur-1988/ADA222782.pdf,9.62,296,yes,ed21797d11e182d0a62b7a57d2dd205e277028fd76b9c306a88b266817208b74,0,catalog
ada224986,ansur-1988,ANSUR 1988 correlations and regressions (NATICK/TR-90/032),English,https://apps.dtic.mil/sti/pdfs/ADA224986.pdf,https://archive.org/download/DTIC_ADA224986/DTIC_ADA224986.pdf,Internet Archive mirror of DTIC,reports/ansur-1988/ADA224986.pdf,3.53,78,yes,a681683fd827145ee41b3468af597bf0e8c8263ed5449ae2145514ada19d0b39,0,catalog
ada241952,ansur-1988,ANSUR 1988 pilot summary statistics (NATICK/TR-91/040),English,https://apps.dtic.mil/sti/pdfs/ADA241952.pdf,https://archive.org/download/DTIC_ADA241952/DTIC_ADA241952.pdf,Internet Archive mirror of DTIC,reports/ansur-1988/ADA241952.pdf,29.58,615,yes,c3f38dc4035495174050f32692ee72db3d9d0be50f50b9ac1aabc91c64a63354,214,catalog
ansur_88_codes,ansur-1988,ANSUR 88 variable codes (UMTRI),English,http://mreed.umtri.umich.edu/mreed/downloads/anthro/ansur/ANSUR_88_Codes.pdf,http://mreed.umtri.umich.edu/mreed/downloads/anthro/ansur/ANSUR_88_Codes.pdf,publisher/agency,reports/ansur-1988/ANSUR_88_Codes.pdf,0.23,16,yes,679bd46f84e32b697803656fc17677e0945dd5abf588f0bf09b399e7de592f52,0,catalog
ansur-tr89-027,ansur-1988,NATICK/TR-89/027 interim summary (ODL mirror),English,https://tools.openlab.psu.edu/publicData/ANSUR-TR89-027.pdf,https://tools.openlab.psu.edu/publicData/ANSUR-TR89-027.pdf,publisher/agency,reports/ansur-1988/ANSUR-TR89-027.pdf,2.78,50,no (scan),7810d1c16bb37ab284b7335e7336a2ca0f2705385035ce1719da92e4ed1e23ed,0,catalog
ada225094,ansur-1988,NATICK/TR-89/044 (DTIC),English,https://apps.dtic.mil/sti/tr/pdf/ADA225094.pdf,https://archive.org/download/DTIC_ADA225094/DTIC_ADA225094.pdf,Internet Archive mirror of DTIC,reports/ansur-1988/ADA225094.pdf,25.51,649,yes,eb951d571a55d2dcee1802bdc642d3c95b5b57562908d5d4afba762df9157150,347,catalog
ansur-tr89-044,ansur-1988,NATICK/TR-89/044 (ODL mirror),English,https://tools.openlab.psu.edu/publicData/ANSUR-TR89-044.pdf,https://tools.openlab.psu.edu/publicData/ANSUR-TR89-044.pdf,publisher/agency,reports/ansur-1988/ANSUR-TR89-044.pdf,65.08,649,yes,331508cd2c2f50a9e1854722a2dbb8842745358ee0b015c4d452ff52e946fbc1,0,catalog
ada634277,ansur-ii-2012,"2012 US Army pilot survey: 977 men, 42 women (NATICK/TR-16/013)",English,https://apps.dtic.mil/sti/tr/pdf/ADA634277.pdf,https://archive.org/download/DTIC_ADA634277/DTIC_ADA634277.pdf,Internet Archive mirror of DTIC,reports/ansur-ii-2012/ADA634277.pdf,6.86,449,yes,816bef2be81266961aec0a5f2cbf5cd98ba27e516f0446f2351d30aa80b19d16,278,catalog
ada498172,ansur-ii-2012,ANSUR II pilot study,English,https://apps.dtic.mil/sti/tr/pdf/ADA498172.pdf,https://archive.org/download/DTIC_ADA498172/DTIC_ADA498172.pdf,Internet Archive mirror of DTIC,reports/ansur-ii-2012/ADA498172.pdf,5.09,96,yes,8fbef30539e68db0ff77a65ae1e043a53618b3378d5bb63449894f6595808df2,0,catalog
ada548497,ansur-ii-2012,Measurer's Handbook NATICK/TR-11/017 (DTIC),English,https://apps.dtic.mil/sti/tr/pdf/ADA548497.pdf,https://archive.org/download/DTIC_ADA548497/DTIC_ADA548497.pdf,Internet Archive mirror of DTIC,reports/ansur-ii-2012/ADA548497.pdf,5.22,263,yes,d31d6333bbe5cc2a09aa2519c4af4c230735de4caac68fd2148dad3d00dfd42c,0,catalog
ansurii-tr11-017,ansur-ii-2012,Measurer's Handbook NATICK/TR-11/017 (ODL copy),English,https://tools.openlab.psu.edu/publicData/ANSURII-TR11-017.pdf,https://tools.openlab.psu.edu/publicData/ANSURII-TR11-017.pdf,publisher/agency,reports/ansur-ii-2012/ANSURII-TR11-017.pdf,5.22,263,yes,d31d6333bbe5cc2a09aa2519c4af4c230735de4caac68fd2148dad3d00dfd42c,0,catalog
ansurii-mfr,ansur-ii-2012,Memorandum for Record (ODL),English,https://tools.openlab.psu.edu/publicData/ANSURII-MFR.pdf,https://tools.openlab.psu.edu/publicData/ANSURII-MFR.pdf,publisher/agency,reports/ansur-ii-2012/ANSURII-MFR.pdf,0.16,8,yes,0b7f419b43e8e65bed0725154e049ce4c7558776cf28efb9b97b6681297702cc,0,catalog
ada611869,ansur-ii-2012,NATICK/TR-15/007 (DTIC),English,https://apps.dtic.mil/sti/tr/pdf/ADA611869.pdf,https://archive.org/download/DTIC_ADA611869/DTIC_ADA611869.pdf,Internet Archive mirror of DTIC,reports/ansur-ii-2012/ADA611869.pdf,7.33,454,yes,c43cfc2142bb71efaa02581aef5c6ceb813217fcd232b426b68de24ca5e9a740,186,catalog
ansurii-tr15-007,ansur-ii-2012,NATICK/TR-15/007 (ODL copy),English,https://tools.openlab.psu.edu/publicData/ANSURII-TR15-007.pdf,https://tools.openlab.psu.edu/publicData/ANSURII-TR15-007.pdf,publisher/agency,reports/ansur-ii-2012/ANSURII-TR15-007.pdf,7.33,454,yes,c43cfc2142bb71efaa02581aef5c6ceb813217fcd232b426b68de24ca5e9a740,0,catalog
dst-group-tr-3564_0,asran-2015,DST-Group-TR-3564 (DST),English,https://www.dst.defence.gov.au/sites/default/files/publications/documents/DST-Group-TR-3564_0.pdf,https://www.dst.defence.gov.au/sites/default/files/publications/documents/DST-Group-TR-3564_0.pdf,publisher/agency,reports/asran-2015/DST-Group-TR-3564_0.pdf,14.23,149,yes,62a93c9aac61bfcd427b4a38696525d6d99f300f7e4fe457f3b613772d42e72b,168,catalog
dsto-tr-3006,awas,DSTO-TR-3006 (DST),English,https://www.dst.defence.gov.au/sites/default/files/publications/documents/DSTO-TR-3006.pdf,https://www.dst.defence.gov.au/sites/default/files/publications/documents/DSTO-TR-3006.pdf,publisher/agency,reports/awas/DSTO-TR-3006.pdf,7.75,135,yes,c928d31336cf0452e4388b8f9b173d6ef6489323b30b780490e4e5ef7ef8c60e,157,catalog
ada610792,awas,DSTO-TR-3006 (DTIC),English,https://apps.dtic.mil/sti/tr/pdf/ADA610792.pdf,https://archive.org/download/DTIC_ADA610792/DTIC_ADA610792.pdf,Internet Archive mirror of DTIC,reports/awas/ADA610792.pdf,7.84,133,yes,0fae081b3ca9b42f51b2fffb9c83a64f0da1938d752643665a5ae0f3c96d8d70,0,catalog
ada406674,caesar,AFRL-HE-WP-TR-2002-0170 (DTIC),English,https://apps.dtic.mil/sti/tr/pdf/ADA406674.pdf,https://archive.org/download/DTIC_ADA406674/DTIC_ADA406674.pdf,Internet Archive mirror of DTIC,reports/caesar/ADA406674.pdf,5.62,146,no (scan),eaddb30bb8d96a2f3621345594d88e3427aa3394d46fabac82ee0a4d5b8af55c,0,catalog
ada406704,caesar,"Vol. I, AFRL-HE-WP-TR-2002-0169 (DTIC)",English,https://apps.dtic.mil/sti/tr/pdf/ADA406704.pdf,https://archive.org/download/DTIC_ADA406704/DTIC_ADA406704.pdf,Internet Archive mirror of DTIC,reports/caesar/ADA406704.pdf,3.23,74,no (scan),86b16966bd6c359ac833d8b06c305bfcc06c3434ee42cf726687fcb55e573bcc,0,catalog
dod-hdbk-743a_anthro_handbook,dod-hdbk-743a-nasa-rp-1024,DOD-HDBK-743A (UMTRI),English,http://mreed.umtri.umich.edu/mreed/documents/DOD-HDBK-743A_anthro_handbook.pdf,http://mreed.umtri.umich.edu/mreed/documents/DOD-HDBK-743A_anthro_handbook.pdf,publisher/agency,reports/dod-hdbk-743a-nasa-rp-1024/DOD-HDBK-743A_anthro_handbook.pdf,14.56,541,no (scan),8ca9c8df90fc73c40d90e0d6ed1a238a7e34fe9f3f5803d97685173fc12fa10e,0,catalog
ada473152,dod-hdbk-743a-nasa-rp-1024,NASA RP-1024 Vol. II (DTIC),English,https://apps.dtic.mil/sti/tr/pdf/ADA473152.pdf,https://archive.org/download/DTIC_ADA473152/DTIC_ADA473152.pdf,Internet Archive mirror of DTIC,reports/dod-hdbk-743a-nasa-rp-1024/ADA473152.pdf,74.68,427,yes,500c330300112b01d0b722b46abea50ff87b8adca800c6b8ccc85be57078fae9,5832,catalog
19790005541,dod-hdbk-743a-nasa-rp-1024,NASA RP-1024 Vol. III (NTRS),English,https://ntrs.nasa.gov/api/citations/19790005541/downloads/19790005541.pdf,https://ntrs.nasa.gov/api/citations/19790005541/downloads/19790005541.pdf,publisher/agency,reports/dod-hdbk-743a-nasa-rp-1024/19790005541.pdf,5.53,136,yes,277cb6761c00663cf59de925915bacf9510088477102ba822b8d96cf999488e9,0,catalog
ada010674,german-air-force-1967-68,AGARD-AG-205 (DTIC),English,https://apps.dtic.mil/sti/tr/pdf/ADA010674.pdf,https://archive.org/download/DTIC_ADA010674/DTIC_ADA010674.pdf,Internet Archive mirror of DTIC,reports/german-air-force-1967-68/ADA010674.pdf,8.49,180,yes,f7548b99f110128b1629089fd2b0b75c375c34c2233bea965ce87835d35cc98b,109,catalog
dst-group-gd-0968,historic-australian,DST-Group-GD-0968 (DST),English,https://www.dst.defence.gov.au/sites/default/files/publications/documents/DST-Group-GD-0968.pdf,https://www.dst.defence.gov.au/sites/default/files/publications/documents/DST-Group-GD-0968.pdf,publisher/agency,reports/historic-australian/DST-Group-GD-0968.pdf,1.77,36,yes,9b0521a7f56e64b8c410b5719f9025af97e801b553615fc3397912a8e0907cd3,0,catalog
ad0728822,iran-1969-71,Phase III Technical Summary (DTIC),English,https://apps.dtic.mil/sti/pdfs/AD0728822.pdf,https://archive.org/download/DTIC_AD0728822/DTIC_AD0728822.pdf,Internet Archive mirror of DTIC,reports/iran-1969-71/AD0728822.pdf,3.75,90,yes,8aa539dec37df6cacfb5bd9b17cc73bcdcc3042efc5fd3e9395a8854cccbeef4,0,catalog
ad0661625,korea,AD0661625 (DTIC),English,https://apps.dtic.mil/sti/tr/pdf/AD0661625.pdf,https://archive.org/download/DTIC_AD0661625/DTIC_AD0661625.pdf,Internet Archive mirror of DTIC,reports/korea/AD0661625.pdf,4.68,127,yes,ce86ad8fd99efc9921cef829c9bc81648c00bc4c47792a7534084dc2292b282a,173,catalog
ad0759949,latin-american-armed-forces,USATTC 7209002 (DTIC),English,https://apps.dtic.mil/sti/pdfs/AD0759949.pdf,https://archive.org/download/DTIC_AD0759949/DTIC_AD0759949.pdf,Internet Archive mirror of DTIC,reports/latin-american-armed-forces/AD0759949.pdf,3.54,64,yes,4b86c4e159eb1ddb12ec2806e57e4eb9197ff6ccacc74100f0f7aa482c7981c5,48,catalog
ada581918,mc-ansur-2010,NATICK/TR-13/018 (DTIC),English,https://apps.dtic.mil/sti/tr/pdf/ADA581918.pdf,https://archive.org/download/DTIC_ADA581918/DTIC_ADA581918.pdf,Internet Archive mirror of DTIC,reports/mc-ansur-2010/ADA581918.pdf,7.43,458,yes,adddbd8f72c0175d3142f554e34509e5025063e33dec7d3b8016391bf4517067,188,catalog
ad0626322,naval-aviators-1964,NAEC-ACEL-533 (DTIC),English,https://apps.dtic.mil/sti/tr/pdf/AD0626322.pdf,https://archive.org/download/DTIC_AD0626322/DTIC_AD0626322.pdf,Internet Archive mirror of DTIC,reports/naval-aviators-1964/AD0626322.pdf,3.11,116,yes,665291194c6b26d0733e2b3bdb63888b01ea2121066fd3315adda4772f00948c,96,catalog
56,nzdfas,Monograph PDF (AUT Tuwhera),English,https://ojs.aut.ac.nz/tuwhera-open-monographs/1/catalog/download/7/12/56,https://ojs.aut.ac.nz/tuwhera-open-monographs/1/catalog/download/7/12/56,publisher/agency,reports/nzdfas/56.pdf,18.76,278,yes,6eb8c69eefe5785da8ecdf2d61b76dd1f138be6e9d20ae3c9a95613b30a02539,666,catalog
ad0743465,us-army-men-1966,TR 72-51-CE (DTIC),English,https://apps.dtic.mil/sti/tr/pdf/AD0743465.pdf,https://archive.org/download/DTIC_AD0743465/DTIC_AD0743465.pdf,Internet Archive mirror of DTIC,reports/us-army-men-1966/AD0743465.pdf,13.88,351,yes,8feb28dc71866b88701cd9c5532a2e1673998356332f426b44734ea239f3f40f,0,catalog
ada043715,us-army-women-1977,"Report 1, NATICK/TR-77/021 (DTIC)",English,https://apps.dtic.mil/sti/pdfs/ADA043715.pdf,https://archive.org/download/DTIC_ADA043715/DTIC_ADA043715.pdf,Internet Archive mirror of DTIC,reports/us-army-women-1977/ADA043715.pdf,5.8,204,yes,fa2f40c8007c434d05ea5106b5244d42c9967831f4df402caca5b867c34f335c,0,catalog
ada044806,us-army-women-1977,"Report 2, NATICK/TR-77/024 (DTIC)",English,https://apps.dtic.mil/sti/tr/pdf/ADA044806.pdf,https://archive.org/download/DTIC_ADA044806/DTIC_ADA044806.pdf,Internet Archive mirror of DTIC,reports/us-army-women-1977/ADA044806.pdf,12.27,279,yes,2df4e31c7ce2984544ce5d6e3bbf541b907fd9bb6dcb86b3e05cb8169063d7f3,0,catalog
ada048591,us-army-women-1977,Report 5 (DTIC),English,https://apps.dtic.mil/sti/tr/pdf/ADA048591.pdf,https://archive.org/download/DTIC_ADA048591/DTIC_ADA048591.pdf,Internet Archive mirror of DTIC,reports/us-army-women-1977/ADA048591.pdf,10.88,233,yes,9929b4c53b499736be5820506b909e44b576b514777888348a18cf26f49752f1,0,catalog
ada056493,us-army-women-1977,"Summary, White & DeSantis (DTIC)",English,https://apps.dtic.mil/sti/tr/pdf/ADA056493.pdf,https://archive.org/download/DTIC_ADA056493/DTIC_ADA056493.pdf,Internet Archive mirror of DTIC,reports/us-army-women-1977/ADA056493.pdf,0.66,12,yes,4dc4deec66378c2eae1c659bff3593b4e6671bf686dd7562fccd4715d7bd0f6b,0,catalog
ad0047953,usaf-1950,WADC TR 52-321 (DTIC),English,https://apps.dtic.mil/sti/tr/pdf/AD0047953.pdf,https://archive.org/download/DTIC_AD0047953/DTIC_AD0047953.pdf,Internet Archive mirror of DTIC,reports/usaf-1950/AD0047953.pdf,10.85,142,yes,5f6ef70dbc5f5123e1d54e11d6b6897d5f4b0cc847963e39f26b5034854f40b0,0,catalog
ada168485,usaf-1967,AAMRL-TR-85-062 survey history (DTIC),English,https://apps.dtic.mil/sti/pdfs/ADA168485.pdf,https://archive.org/download/DTIC_ADA168485/DTIC_ADA168485.pdf,Internet Archive mirror of DTIC,reports/usaf-1967/ADA168485.pdf,4.78,92,yes,a6040785d6ef63f4190f91dccd5b4b6b130856a18e698f2b7d88e56fc321bbf0,0,catalog
ada010674,usaf-1967,AGARD-AG-205 (DTIC),English,https://apps.dtic.mil/sti/tr/pdf/ADA010674.pdf,https://archive.org/download/DTIC_ADA010674/DTIC_ADA010674.pdf,Internet Archive mirror of DTIC,reports/usaf-1967/ADA010674.pdf,8.49,180,yes,f7548b99f110128b1629089fd2b0b75c375c34c2233bea965ce87835d35cc98b,0,catalog
anthropometry,usaf-1967,Anthropometry package manual (CRAN),English,https://cran.r-project.org/web/packages/Anthropometry/Anthropometry.pdf,https://cran.r-project.org/web/packages/Anthropometry/Anthropometry.pdf,publisher/agency,reports/usaf-1967/Anthropometry.pdf,0.29,82,yes,9a77d862249e1466698355a1aa0cf299e6045c3616284146e5208e7d86cdc9cb,0,catalog
ad0743113,usaf-women-1968,AMRL-TR-70-5 (DTIC),English,https://apps.dtic.mil/sti/tr/pdf/AD0743113.pdf,https://archive.org/download/DTIC_AD0743113/DTIC_AD0743113.pdf,Internet Archive mirror of DTIC,reports/usaf-women-1968/AD0743113.pdf,69.26,1158,yes,ba6b2819bd832c7cf94241cd0d65c2135301de6f353c42d78989d0d1f90b0eff,0,catalog
ada073824,usmc-1966,CEMEL-115 (DTIC),English,https://apps.dtic.mil/sti/tr/pdf/ADA073824.pdf,https://archive.org/download/DTIC_ADA073824/DTIC_ADA073824.pdf,Internet Archive mirror of DTIC,reports/usmc-1966/ADA073824.pdf,13.34,299,yes,54ba2993b29ae36b6c340e268153c11f988c19434cc5137c06e77c11888bd5f5,0,catalog
in-ijasm-joshi-fighter-stream-cadets,,(English) [original: Anthropometric Correlates Of Aircrew - Aircraft Compatibility In Fighter Stream Cadets],English,https://indjaerospacemed.com/anthropometric-correlates-of-aircrew-aircraft-compatibility-in-fighter-stream-cadets/,https://indjaerospacemed.com/anthropometric-correlates-of-aircrew-aircraft-compatibility-in-fighter-stream-cadets/,open access (license not stated),,,,,,0,web search
in-2024-kakkar-dipas-mechanized-forces,,(English) [original: Anthropometric Data for Combat Vehicle Seating Design Optimization of Indian Mechanized Forces],English,https://ijiset.com/vol11/v11s3/IJISET_V11_I03_05.pdf,https://ijiset.com/vol11/v11s3/IJISET_V11_I03_05.pdf,open access (license not stated),reports/openaccess/in-2024-kakkar-dipas-mechanized-forces.pdf,0.78,13,yes,37234491fea0fdb0d6d119279b75c58a437ef670d33a2adaceb0593e2abdf00e,5,web search
in-2013-sharma-iaf-helicopter-cadets,,(English) [original: Anthropometric Parameters for IAF Helicopter Pilots],English,https://indjaerospacemed.com/anthropometric-parameters-for-iaf-helicopter-pilots/,https://indjaerospacemed.com/content/110/2013/57/1/pdf/IJASM-57-051.pdf,open access (open access (IJASM)),reports/openaccess/in-2013-sharma-iaf-helicopter-cadets.pdf,1.37,5,yes,442f3cdb29e11e1dafe5a9da0a1adab4dfca3de96f761e5cece3942d73cf53d0,3,web search
in-2006-chadha-civil-aviators-lipid,,(English) [original: Anthropometric correlation of lipid profile in healthy aviators],English,https://indjaerospacemed.com/anthropometric-correlation-of-lipid-profile-in-healthy-aviators/,https://indjaerospacemed.com/anthropometric-correlation-of-lipid-profile-in-healthy-aviators/,open access (license not stated),,,,,,0,web search
il-2022-idf-officer-cadets-covid,,(English) [original: Association between SARS-CoV-2 infection and the physical fitness of young-adult cadets: a retrospective case-control study],English,https://europepmc.org/article/PMC/PMC9755906,https://europepmc.org/article/PMC/PMC9755906,open access (CC BY-NC 4.0),,,,,,12,web search
my-2017-fatimah-security-personnel,,(English) [original: Body Anthropometric Study of Malaysian Security Personnel],English,https://aimt.cz/index.php/aimt/article/view/1162,https://aimt.cz/index.php/aimt/article/download/1162/251,open access (CC BY-NC 4.0),reports/openaccess/my-2017-fatimah-security-personnel.pdf,0.36,8,yes,cad4c43d33cbc9289de16b49525b7460fed768baf2c53848ba6e4848d1ab6c29,0,web search
ng-2020-suleiman-paramilitary,,(English) [original: Body Composition as a Measure of Physical Fitness Level of Nigerian Para-Military Personnel],English,https://openaccessglobal.com/wp-content/uploads/2021/06/body_composition_and_physical_fitness.pdf,https://openaccessglobal.com/wp-content/uploads/2021/06/body_composition_and_physical_fitness.pdf,open access (license not stated),reports/openaccess/ng-2020-suleiman-paramilitary.pdf,0.31,13,yes,fc834cfbc6ff5ab1638e9ffb1048169afc88c7e3f4573b972a72fd3654b60e7c,0,web search
id-2020-iqbal-army-body-segments,,(English) [original: Body Segment Dimensions of Indonesian Male Army],English,https://iopscience.iop.org/article/10.1088/1757-899X/931/1/012013,https://iopscience.iop.org/article/10.1088/1757-899X/931/1/012013/pdf,open access (CC BY 3.0),reports/openaccess/id-2020-iqbal-army-body-segments.pdf,0.66,8,yes,b69203fe3f24b3634033f50408d52b29d0cf65d6a6f8ef412e8523b3ff97410b,8,web search
ir-2025-obesity-cvd-military,,(English) [original: Correlation between Obesity and Risk Factors of Cardiovascular Diseases in Military Personnel],English,https://europepmc.org/article/PMC/PMC11787832,https://europepmc.org/article/PMC/PMC11787832,open access (CC BY-NC),,,,,,0,web search
pk-2021-kamal-cutoff-heights,,(English) [original: Cut-off heights for induction into the Armed Forces of Pakistan: Adequacy of criteria for still-growing youth],English,https://anthropological-notebooks.zrc-sazu.si/Notebooks/article/download/453/361/1135,https://anthropological-notebooks.zrc-sazu.si/Notebooks/article/download/453/361/1135,open access (license not stated),reports/openaccess/pk-2021-kamal-cutoff-heights.pdf,0.42,14,yes,ff2b85b8c9162de9b19479a6c6fe3981201a6803d545b081650ac150326cffa8,0,web search
sa-2026-stress-fractures-military-cadets,,(English) [original: Epidemiology of stress fractures among military cadets: a retrospective cohort study at a tertiary military medical center],English,https://europepmc.org/article/PMC/PMC12959775,https://europepmc.org/article/PMC/PMC12959775,open access (CC BY),,,,,,2,web search
in-2019-singh-gorkha-soldiers-stature,,(English) [original: Estimation of Stature from Different Anthropometric Measurements of Gorkha Soldiers],English,https://publicationsdrdo.in/index.php/dlsj/article/view/11763,https://publicationsdrdo.in/index.php/dlsj/article/download/11763/7001,publisher page (abstract only),,,,,,0,web search
kw-2025-alkhezi-kuwait-armed-forces,,(English) [original: Evaluating health-related behaviours of armed forces personnel in Kuwait: a cross-sectional study],English,https://doi.org/10.1136/military-2024-002668,https://doi.org/10.1136/military-2024-002668,open access (license not stated),,,,,,0,web search
ir-2013-khoshdel-officer-trainees,,(English) [original: Evaluation of Physical Fitness and Body Composition Indices in Iranian Military Officer Trainees],English,https://brieflands.com/articles/jamm-20774.html,https://brieflands.com/articles/jamm-20774.html,open access (CC BY (Brieflands)),,,,,,10,web search
pk-2015-kamran-soldiers-cad,,(English) [original: Frequency of Coronary Artery Disease (CAD) Risk Factors in Armed Forces],English,https://www.pafmj.org/PAFMJ/article/view/880,https://www.pafmj.org/PAFMJ/article/download/880/732,"open access (open access (PAFMJ, CC BY-NC))",reports/openaccess/pk-2015-kamran-soldiers-cad.pdf,0.06,5,yes,3998341fc2e9cda3f5d635a8dc0a08a2bc3e4d235a1d73e268f7262b16757c52,2,web search
in-2025-chandran-iaf-iam-3dscanner,,(English) [original: Identification and comparison of analogous parameters from three-dimensional anthropometric scanner for aviation applications],English,https://indjaerospacemed.com/identification-and-comparison-of-analogous-parameters-from-three-dimensional-anthropometric-scanner-for-aviation-applications/,https://indjaerospacemed.com/content/110/2025/69/1/pdf/IJASM-69-009.pdf,open access (CC BY-NC-SA 4.0),reports/openaccess/in-2025-chandran-iaf-iam-3dscanner.pdf,2.33,10,yes,e0f1a2b84ed3497c6ae495dc803730a8f45f8253b579454e2f5554a9d552f6f3,16,web search
il-2025-idf-heat-tolerance-soldiers,,(English) [original: Integrating Cognitive and Mood Assessments into the Heat Tolerance Test for Male Soldiers After Exertional Heat Injury: A Prospective Observational Study],English,https://europepmc.org/article/PMC/PMC12638594,https://europepmc.org/article/PMC/PMC12638594,open access (CC BY 4.0),,,,,,10,web search
in-2011-tripathy-iaf-sitting-height,,(English) [original: Maximum Permissible Sitting Height with the Induction of A New Helmet: A Critical Analysis],English,,https://indjaerospacemed.com/content/110/2011/55/1/pdf/IJASM-55-026.pdf,open access (license not stated),reports/openaccess/in-2011-tripathy-iaf-sitting-height.pdf,1.33,6,no (scan),e6fe17ada2bcb69b9871b57273f40436b9cd48c08c0b41f12ec3523f9397e7c8,0,web search
za-2005-christie-sa-soldiers-marching,,(English) [original: Metabolic Responses of South African Soldiers during Simulated Marching with 16 Combinations of Speed and Backpack Load],English,https://academic.oup.com/milmed/article-abstract/170/7/619/4578163,https://academic.oup.com/milmed/article-abstract/170/7/619/4578163,publisher page (abstract only),,,,,,0,web search
pk-2015-kamran-soldiers-mets,,(English) [original: Metabolic Syndrome in Soldiers of Armed Forces],English,https://www.pafmj.org/PAFMJ/article/view/1162,https://www.pafmj.org/PAFMJ/article/download/1162/989,"open access (open access (PAFMJ, CC BY-NC))",reports/openaccess/pk-2015-kamran-soldiers-mets.pdf,0.07,5,yes,63067da4d661cdefca00b2834a853f73fa7c8c9322fc6bab659ddb70d30af4c7,2,web search
my-2013-nadiy-malaysian-army-nutrition,,"(English) [original: Nutritional status and random blood glucose, cholesterol and triglyceride test among Malaysian Army (MA) personnel in Kuala Lumpur]",English,https://www.osti.gov/etdeweb/biblio/22263667,https://www.osti.gov/etdeweb/biblio/22263667,publisher page (abstract only),,,,,,6,web search
pk-2013-younas-army-applicants,,(English) [original: Obesity/Overweight Among Healthy Adult Males Seeking Employment in Pakistan Army],English,https://pafmj.org/index.php/PAFMJ/article/download/2142/1852/,https://pafmj.org/index.php/PAFMJ/article/download/2142/1852/,open access (open access (PAFMJ)),reports/openaccess/pk-2013-younas-army-applicants.pdf,0.21,5,yes,429e74324f419d40de500b0faf851ad1578c15b3bfc65f65f2292be5157d5ba7,0,web search
in-2020-biswal-iaf-aircrew-helmet,,(English) [original: Optimizing sizing schedules of aircrew helmets using machine learning techniques],English,https://indjaerospacemed.com/optimizing-sizing-schedules-of-aircrew-helmets-using-machine-learning-techniques/,https://indjaerospacemed.com/content/110/2020/64/1/pdf/IJAM-64-018.pdf,open access (CC BY-NC-SA 4.0),reports/openaccess/in-2020-biswal-iaf-aircrew-helmet.pdf,0.92,5,yes,7794101e6d123219a34a130c3d8dcb13da7a69fa991aa23a9ac087f81a06c607,3,web search
za-2023-alcock-sandf-obese,,(English) [original: Perceived barriers affecting adherence to healthy eating and exercise guidelines among obese active-duty military personnel of the South African National Defence Force],English,https://scielo.org.za/scielo.php?script=sci_arttext&pid=S2224-00202023000100005,https://scielo.org.za/scielo.php?script=sci_arttext&pid=S2224-00202023000100005,open access (license not stated),,,,,,0,web search
il-2025-idf-infantry-recruits-asymmetry,,"(English) [original: Performance Asymmetry, the Risk for Ankle Sprain, and the Influence of an Intervention Program in New Male Infantry Recruits]",English,https://europepmc.org/article/PMC/PMC12525151,https://europepmc.org/article/PMC/PMC12525151,open access (CC BY 4.0),,,,,,3,web search
ke-2013-mundan-kdf-hypertension,,"(English) [original: Physiological, Behavioral, and Dietary Characteristics Associated with Hypertension among Kenyan Defence Forces]",English,https://europepmc.org/article/PMC/PMC4062863,https://europepmc.org/article/PMC/PMC4062863,open access (CC BY 3.0),,,,,,0,web search
ir-2021-military-personnel-cvd-risk,,(English) [original: Predicting the 10-year risk of cardiovascular diseases and its relation to healthy diet indicator in Iranian military personnel],English,https://europepmc.org/article/PMC/PMC8419937,https://europepmc.org/article/PMC/PMC8419937,open access (CC BY 4.0),,,,,,0,web search
jo-2018-atoom-military-obesity,,(English) [original: Prevalence of Obesity and Overweight among Military Personnel in North of Jordan and Some Associated Risk Factors],English,https://rmsjournal.org/Articles/636751962499573196.pdf,https://rmsjournal.org/Articles/636751962499573196.pdf,open access (license not stated),reports/openaccess/jo-2018-atoom-military-obesity.pdf,0.07,8,yes,190d5f83f30f060c90765b9f35d5f936768618fdd42d3891b1b9ec369c5a6af2,0,web search
bd-2018-rahman-army-overweight,,(English) [original: Prevalence of Overweight among Military Personnel of a Selected Bangladesh Army Unit],English,https://www.banglajol.info/index.php/JAFMC/article/view/45908,https://www.banglajol.info/index.php/JAFMC/article/download/45908/34929,open access (CC BY-NC 4.0 (BanglaJOL)),reports/openaccess/bd-2018-rahman-army-overweight.pdf,0.23,4,yes,efaefeb82a225a8406e2fca2314027fe516e63bea4be33be35ba837507324b08,0,web search
sa-2013-horaib-saudi-military-obesity,,(English) [original: Prevalence of obesity among military personnel in Saudi Arabia and associated risk factors],English,https://smj.researchcommons.org/journal/vol34/iss4/10/,https://smj.researchcommons.org/journal/vol34/iss4/10/,publisher page (abstract only),,,,,,0,web search
sa-2025-saudi-recruits-cholesterol,,(English) [original: Prevalence of very high cholesterol levels in asymptomatic military recruits: A single center study],English,https://europepmc.org/article/PMC/PMC12199605,https://europepmc.org/article/PMC/PMC12199605,open access (license not stated),,,,,,0,web search
in-2019-biswal-iaf-pca-aircrew,,(English) [original: Principal component analysis: The path ahead for aircrew-aircraft compatibility at the Institute of Aerospace Medicine],English,https://indjaerospacemed.com/principal-component-analysis-the-path-ahead-for-aircrew-aircraft-compatibility-at-the-institute-of-aerospace-medicine/,https://indjaerospacemed.com/principal-component-analysis-the-path-ahead-for-aircrew-aircraft-compatibility-at-the-institute-of-aerospace-medicine/,open access (license not stated),,,,,,0,web search
ir-2025-dietary-tac-military-staff,,(English) [original: Relationship between Dietary Total Antioxidant Capacity and Risk of Obesity and Overweight among a Group of Iranian Military Staffs],English,https://europepmc.org/article/PMC/PMC12543254,https://europepmc.org/article/PMC/PMC12543254,open access (license not stated),,,,,,0,web search
es-2022-palacios-ecuador-air-force-infantry,,(English) [original: Relationship of Body Mass Index to Body Composition and Somatotype of Infantry Personnel from the Ecuadorian Air Force],English,https://link.springer.com/chapter/10.1007/978-3-030-75123-4_15,https://link.springer.com/chapter/10.1007/978-3-030-75123-4_15,publisher page (abstract only),,,,,,0,web search
jo-2026-acl-jordanian-military,,(English) [original: Return to Preinjury Level of Military Duty After Anterior Cruciate Ligament Reconstruction in Jordanian Military Personnel],English,https://europepmc.org/article/PMC/PMC13428161,https://europepmc.org/article/PMC/PMC13428161,open access (license not stated),,,,,,0,web search
in-2007-sharma-iaf-trainee-pilots,,(English) [original: Static anthropometry: Current practice to determine aircrew aircraft compatibility],English,https://indjaerospacemed.com/static-anthropometry-current-practice-to-determine-aircrew-aircraft-compatibility/,https://indjaerospacemed.com/content/110/2007/51/2/pdf/IJASM-51-040.pdf,"open access (open access (IJASM, CC BY-NC-SA))",reports/openaccess/in-2007-sharma-iaf-trainee-pilots.pdf,0.15,8,yes,5bb10df32d6adb573a0fda7bed657c986fba68acb72a9142356a4d83c60ea8bd,12,web search
il-2020-hollander-idf-conscripts,,(English) [original: The Association between Increased Body Mass Index and Overuse Injuries in Israel Defense Forces Conscripts],English,https://pmc.ncbi.nlm.nih.gov/articles/PMC7250332/,https://pmc.ncbi.nlm.nih.gov/articles/PMC7250332/,open access (CC BY-NC-ND 4.0),,,,,,16,web search
ir-2023-military-staff-diet-mental-health,,(English) [original: The association between a priori dietary patterns and psychological disorders in military personnel],English,https://europepmc.org/article/PMC/PMC10053979,https://europepmc.org/article/PMC/PMC10053979,open access (CC BY 4.0),,,,,,4,web search
ir-2024-iranian-navy-suspension-training,,"(English) [original: The effect of a suspension training on physical fitness, lower extremity biomechanical factors, and occupational health in Navy personnel: a randomized controlled trial]",English,https://europepmc.org/article/PMC/PMC11099111,https://europepmc.org/article/PMC/PMC11099111,open access (CC BY 4.0),,,,,,8,web search
lk-2025-army-binge-drinking,,(English) [original: Unveiling binge drinking trends and triggers among army personnel: a cross sectional study],English,https://europepmc.org/article/PMC/PMC12487522,https://europepmc.org/article/PMC/PMC12487522,open access (license not stated),,,,,,0,web search
gh-2026-ayeltigah-ghana-military-mets,,"(English) [original: Work stress, dietary patterns and metabolic syndrome among military personnel in Ghana: a cross-sectional study]",English,https://europepmc.org/article/PMC/PMC13475364,https://europepmc.org/article/PMC/PMC13475364,open access (license not stated),,,,,,0,web search
cz-2024-novak-covid-body-composition,,(same) [original: Correlation between COVID-19 symptoms and certain physiological and body composition parameters related to obesity and overweight],English,http://mmsl.cz/doi/10.31482/mmsl.2023.006.html,https://www.mmsl.cz/pdfs/mms/2024/01/11.pdf,open access (open access (MMSL)),reports/openaccess/cz-2024-novak-covid-body-composition.pdf,0.39,8,yes,3dd1673ede60dadceb68197e34a8d516824865a878fe6113d53610a52ba6c055,0,web search
pl-2016-lenart-cadets-injuries,,(same) [original: Musculoskeletal injuries and the level of somatic constitution and physical fitness of officer cadets at the Military Academy of Land Forces],English,https://zenodo.org/records/243605,https://zenodo.org/records/243605/files/4166.pdf?download=1,open access (CC BY-NC 4.0),reports/openaccess/pl-2016-lenart-cadets-injuries.pdf,0.45,11,yes,6f88e27acd51bc31441dd7a2a2ba7490a97442cfb85df51570497f415affebb6,21,web search
rs-2013-maric-cadets-physical-education,,(same) [original: The effectiveness of physical education of the Military Academy cadets during a 4-year study],English,https://doiserbia.nb.rs/Article.aspx?ID=0042-84501301016M,https://scindeks-clanci.ceon.rs/data/pdf/0042-8450/2013/0042-84501301016M.pdf,open access (open access (VSP / SCIndeks)),reports/openaccess/rs-2013-maric-cadets-physical-education.pdf,0.29,5,yes,d46598698742bfe43a75eda1537af6880a6206dc3c64fc65258000cc0e1001cc,0,web search
es-2022-munoz-ecuador-esforse-cohort,,"(same, published in English) [original: Evaluation of anthropometric indices as predictors of metabolic syndrome: 3-year cohort in Ecuadorian military personnel]",English,https://www.medigraphic.com/pdfs/revcubmedmil/cmm-2022/cmm222m.pdf,https://www.medigraphic.com/pdfs/revcubmedmil/cmm-2022/cmm222m.pdf,open access (CC BY-NC),,,,,,0,web search
rs-2015-glavac-military-high-school,,(same; Serbian title: Promena komponenti strukture tela i motoričkih sposobnosti kod učenika Vojne gimnazije tokom jedne godine) [original: Changing body structure components and motor skills in Military High School students within one year],English,https://scindeks.ceon.rs/article.aspx?artid=0042-84501508677G,https://scindeks-clanci.ceon.rs/data/pdf/0042-8450/2015/0042-84501508677G.pdf,open access (open access (VSP / SCIndeks)),reports/openaccess/rs-2015-glavac-military-high-school.pdf,0.71,6,yes,2a7873574be9dfed8b404d6e5e90c2724dff8e5a4a6dd8cf05e7e9812c47742c,31,web search
kr-2011-jeong-pilot-face,,(same; body text in Korean) [original: Analysis of the Facial Anthropometric Data of Korean Pilots for Oxygen Mask Design],Korean,http://edt.postech.ac.kr/homepage_data/publication_proceedings_domestic/11_SP_ESK_MaskAnthropometry.pdf,http://edt.postech.ac.kr/homepage_data/publication_proceedings_domestic/11_SP_ESK_MaskAnthropometry.pdf,open access (author-posted conference paper (POSTECH lab site)),reports/openaccess/kr-2011-jeong-pilot-face.pdf,0.59,5,yes,3ee005b6c1eeea3fcab047732808e703fd13b549c78a59b6c43f796f212abfd5,9,web search
kr-2018-choi-kafa-cadets-actn3,,(same; body text in Korean) [original: Changes in Body Composition and Physical Fitness According to ACTN-3 Gene Polymorphism in Male Air Force Cadets During 8 Weeks of G-tolerance Exercise Program],Korean,https://doi.org/10.15758/ajk.2018.20.4.50,http://ajkinesiol.org/upload/pdf/ajk-2018-20-4-50.pdf,open access (open access (AJK)),reports/openaccess/kr-2018-choi-kafa-cadets-actn3.pdf,0.63,10,yes,baae10bd104d6430d39365351bd62ab85b6197d2b697d9bb67d1f858e854dd96,12,web search
by-2015-shirko-physical-development-method,,A method of assessing the physical development of servicemen [original: Способ оценки физического развития военнослужащих],Russian,https://www.bsmu.by/upload/docs/militarymedicine/754b990e9b8ba2b7377fcd195d8910be.pdf,https://www.bsmu.by/upload/docs/militarymedicine/754b990e9b8ba2b7377fcd195d8910be.pdf,open access (freely served by BSMU),reports/openaccess/by-2015-shirko-physical-development-method.pdf,0.21,2,yes,c35f52278175783a61f10c21fde966f08c3ea4f29ef5adeac28a69cd3f88a943,0,web search
tw-1998-wu-rocaf-student-pilots,,A study of anthropometry on ROCAF undergraduate pilots [original: 空軍官校飛行生人體測量],Chinese,https://www.airitilibrary.com/Article/Detail/10224831-199812-201101060071-201101060071-59-65,https://www.airitilibrary.com/Article/Detail/10224831-199812-201101060071-201101060071-59-65,publisher page (abstract only),,,,,,0,web search
th-2006-napradit-rta-fitness-survey,,A survey of physical fitness of Royal Thai Army personnel [original: การสำรวจสมรรถภาพกายกำลังพลในกองทัพบก],Thai,https://he02.tci-thaijo.org/index.php/rtamedj/article/view/11728,https://he02.tci-thaijo.org/index.php/rtamedj/article/download/11728/10573,open access (ThaiJO free access),reports/openaccess/th-2006-napradit-rta-fitness-survey.pdf,0.18,10,yes,c8c7ff8e672f0a66a4c889236bb72fb7d021978ef6c5c2a87ca1daa57976ad76,12,web search
kr-2019-song-kafa-female-cadets,,An analysis of body composition and physical fitness of KAFA female cadets [original: 공군사관학교 여생도의 신체조성 및 체력에 관한 연구],Korean,https://koreascience.kr/article/JAKO201908360550741.page,https://koreascience.kr/article/JAKO201908360550741.pdf,open access (KoreaScience free access),reports/openaccess/kr-2019-song-kafa-female-cadets.pdf,0.3,9,yes,77b6e8b8abc2679ad37894a41b256d5350dcb810a159da9114c9b40b79a542ce,3,web search
korea-helicopter-pilots-ergonomics2013,,An anthropometric analysis of Korean male helicopter pilots for helicopter cockpit design,English,https://www.tandfonline.com/doi/full/10.1080/00140139.2013.776703,https://www.tandfonline.com/doi/full/10.1080/00140139.2013.776703,publisher page (abstract only),,,,,,0,web search
kr-2022-kim-kafa-cadets-gtest,,"Analysis of G-test results according to fatigue, physical fitness and body composition of Air Force cadets using smart watches [original: 공군사관생도의 G-test 결과에 따른 피로도, 국방체력 및 신체조성의 관련성]",Korean,https://ksep-es.org/journal/scholar_xmls.php?doi=10.15857/ksep.2021.00563,https://ksep-es.org/journal/scholar_xmls.php?doi=10.15857/ksep.2021.00563,"open access (open access (KSEP, CC BY-NC))",,,,,,14,web search
pt-2013-elhage-brazil-pmmt-police-recruits,,Analysis of physical performance and anthropometric profile of students of the 28th soldier training course of the Mato Grosso Military Police after 12 weeks of physical training [original: Análise do desempenho físico e perfil antropométrico dos alunos do 28 curso de formação de soldados da PM/MT - CEsp após 12 semanas de treinamento físico],Portuguese,https://www.rbpfex.com.br/index.php/rbpfex/article/view/566,https://www.rbpfex.com.br/index.php/rbpfex/pt_BR/article/download/566/519,open access (open access),reports/openaccess/pt-2013-elhage-brazil-pmmt-police-recruits.pdf,0.47,8,yes,c356c9fc856e914fec6efb6ea1de9824b921c4aaedc228be36795311b2bc388e,5,web search
pmc7767597-iran-military,,Anthropometric Characteristics of Iranian Military Personnel and their Changes over Recent Years,English,https://pmc.ncbi.nlm.nih.gov/articles/PMC7767597/,https://pmc.ncbi.nlm.nih.gov/articles/PMC7767597/,open access (https://creativecommons.org/licenses/by-nc/4.0/),,,,,,35,web search
ethiopia-army-dsj2020,,"Anthropometric Measurement and Comparative Analysis of Ethiopian Army Personnel Across Age, Ethnicity...",English,https://publications.drdo.gov.in/ojs/index.php/dsj/article/view/15435,https://publications.drdo.gov.in/ojs/index.php/dsj/article/download/15435/7316,publisher page (abstract only),,,,,,0,web search
pmc4921355-india-armed-forces,,"Anthropometric Parameters of Armed Forces Personnel (Indian Armed Forces, Medical Journal Armed Forces India)",English,https://pmc.ncbi.nlm.nih.gov/articles/PMC4921355/,https://pmc.ncbi.nlm.nih.gov/articles/PMC4921355/,open access (PMC free access (Elsevier copyright)),,,,,,0,web search
pt-2024-moura-portugal-military-academy-cadets,,"Anthropometric and functional profile of newly admitted cadet-students at the Military Academy [original: Perfil antropométrico e funcional dos cadetes-alunos, recém-admitidos à Academia Militar]",Portuguese,https://repositorio.ulisboa.pt/entities/publication/457b38cd-a1cc-430b-89ba-afc8abe9c413,https://repositorio.ulisboa.pt/entities/publication/457b38cd-a1cc-430b-89ba-afc8abe9c413,publisher page (abstract only),,,,,,10,web search
ru-2022-gaivoronsky-male-applicants,,Anthropometric characteristics and physical development indicators of young male applicants to a military educational organisation [original: Антропометрическая характеристика и показатели физического развития юношей-абитуриентов военной образовательной организации],Russian,https://cyberleninka.ru/article/n/antropometricheskaya-harakteristika-i-pokazateli-fizicheskogo-razvitiya-yunoshey-abiturientov-voennoy-obrazovatelnoy-organizatsii,https://cyberleninka.ru/article/n/antropometricheskaya-harakteristika-i-pokazateli-fizicheskogo-razvitiya-yunoshey-abiturientov-voennoy-obrazovatelnoy-organizatsii/pdf,open access (CC BY 4.0 (journal policy)),reports/openaccess/ru-2022-gaivoronsky-male-applicants.pdf,0.78,9,yes,526b7b05e15111a98b4ce19c1266fae7e0ba7e02e0856f4a2dcbcc7005cb2eb1,6,web search
es-2020-barraza-chile-military-men,,Anthropometric characteristics of Chilean male military personnel [original: Características antropométricas de personal militar masculino chileno],Spanish,https://www.medigraphic.com/cgi-bin/new/contenido.cgi?IDPUBLICACION=9562,https://www.medigraphic.com/cgi-bin/new/contenido.cgi?IDPUBLICACION=9562,open access (CC BY-NC),,,,,,0,web search
kr-2008-cho-army-helicopter-pilots,,Anthropometric measurement and analysis of helicopter pilots for designing a helicopter cockpit [original: 헬리콥터 조종실 설계를 위한 육군 헬리콥터 조종사 인체측정 및 분석],Korean,http://edt.postech.ac.kr/homepage_data/publication_proceedings_domestic/07_FL_ESK_PilotAnthro.pdf,http://edt.postech.ac.kr/homepage_data/publication_proceedings_domestic/07_FL_ESK_PilotAnthro.pdf,open access (author-posted conference paper),reports/openaccess/kr-2008-cho-army-helicopter-pilots.pdf,0.36,4,yes,7a7e78a31e117261217306ecfb4e1cdcc97842e330b2a02b73744f4118b9fc93,0,web search
es-2016-martinez-carrion-spain-recruits-1858-1913,,Anthropometric parameters of Spanish recruits before the nutritional transition: territorial inequalities (1858-1913) [original: Parámetros antropométricos de los reclutas españoles antes de la transición nutricional. Análisis de las desigualdades territoriales (1858-1913)],Spanish,https://www.redalyc.org/articulo.oa?id=309249472033,https://www.redalyc.org/pdf/3092/309249472033.pdf,open access (open access),,,,,,0,web search
ru-2007-kazakov-nw-conscripts,,"Anthropometric parameters of conscription-age young men living in North-West Russia [original: Антропометрические параметры юношей призывного возраста, проживающих на северо-западе России]",Russian,https://cyberleninka.ru/article/n/antropometricheskie-parametry-yunoshey-prizyvnogo-vozrasta-prozhivayuschih-na-severo-zapade-rossii,https://cyberleninka.ru/article/n/antropometricheskie-parametry-yunoshey-prizyvnogo-vozrasta-prozhivayuschih-na-severo-zapade-rossii/pdf,open access (CyberLeninka open access),reports/openaccess/ru-2007-kazakov-nw-conscripts.pdf,0.24,4,no (scan),046516e7233e198948df80aa522f43c3f813058ec0b3afad53388cdf81701d77,12,web search
bg-2025-stoyanova-naval-cadets-anthropometric,,"Anthropometric profile analysis of cadets at the Nikola Vaptsarov Naval Academy [original: Анализ на антропометрични показатели сред курсанти от ВВМУ ""Н. Й. Вапцаров""]",Bulgarian,https://conf.uni-ruse.bg/bg/docs/sns/2025/FOZZG-HPSM.pdf,https://conf.uni-ruse.bg/bg/docs/sns/2025/FOZZG-HPSM.pdf,open access (open access conference proceedings (local PDF = whole book 8.5)),reports/openaccess/bg-2025-stoyanova-naval-cadets-anthropometric.pdf,5.84,168,yes,a21b76b35a9f2ff570cccbe48d70ea940bbe273b29cb8255f6309f09fe3fd064,0,web search
es-2017-maldonado-ecuador-esforse-soldiers,,Anthropometric profile and body composition in aspirants of the Army Soldiers Training School [original: Perfil antropométrico y composición corporal en aspirantes de la Escuela de Formación de Soldados del Ejército],Spanish,https://revibiomedica.sld.cu/index.php/ibi/article/view/3,https://www.medigraphic.com/pdfs/revcubinvbio/cib-2017/cib172p.pdf,open access (CC BY-NC (SciELO Cuba)),reports/openaccess/es-2017-maldonado-ecuador-esforse-soldiers.pdf,0.26,11,yes,b367845d33b7979cefa8da97b16304491df432011d9ad00bf680b17901495819,19,web search
ijasm2025-india-armed-forces-surveillance,,Anthropometric surveillance and obesity prevalence in Armed Force personnel: A cross-sectional study,English,https://indjaerospacemed.com/anthropometric-surveillance-and-obesity-prevalence-in-armed-force-personnel-a-cross-sectional-study/,https://indjaerospacemed.com/content/110/2025/69/2/pdf/IJASM-69-099.pdf,open access (CC BY-NC-SA 4.0),reports/openaccess/ijasm-2025-indian-armed-forces-anthropometric-surveillance.pdf,0.55,6,yes,ab1740d3afde500687a4136f9bae67af049efd0ac124e8ea30fd031d2ec82668,4,web search
se-1972-fm72-7-conscript-anthropometry,,"Anthropometric-morphological survey of conscripts (preliminary report) [original: Antropometrisk-morfologisk undersökning av värnpliktiga (Flygmedicinsk rapport FM 72:7, FMV Försökscentralen)]",Swedish,https://www.diva-portal.org/smash/get/diva2:1138137/FULLTEXT01.pdf,https://www.diva-portal.org/smash/get/diva2:1138137/FULLTEXT01.pdf,open access (license not stated),,,,,,0,web search
nl-1989-schuffel-dutchmil85,,Anthropometry for the armed forces [original: Antropometrie voor de krijgsmacht],Dutch,https://www.militairespectator.nl/sites/default/files/bestanden/uitgaven/1989/1989-0013-01-0010.PDF,https://www.militairespectator.nl/sites/default/files/bestanden/uitgaven/1989/1989-0013-01-0010.PDF,open access (license not stated),reports/openaccess/nl-1989-schuffel-dutchmil85.pdf,2.14,6,yes,27cc581e526a3bcb5a180b77866d62ffb3eb0e58204cb4c3b1c1fb45c4eaa059,8,web search
brazil-af-pilots-ergonomics2017,,Anthropometry of Brazilian Air Force pilots,English,https://pubmed.ncbi.nlm.nih.gov/28271959/,https://pubmed.ncbi.nlm.nih.gov/28271959/,publisher page (abstract only),,,,,,0,web search
ja-2006-nishi-jasdf-pilot-models,,Anthropometry of JASDF personnel: multivariate pilot body-shape models by principal component analysis [original: 航空自衛隊員の身体計測値―多次元尺度的男性女性操縦士マネキンモデルの検討―],Japanese,https://www.jstage.jst.go.jp/article/jasdfaml/46/3/46_61/_article/-char/ja/,https://www.jstage.jst.go.jp/article/jasdfaml/46/3/46_61/_pdf/-char/ja,open access (J-STAGE free access),reports/openaccess/ja-2006-nishi-jasdf-pilot-models.pdf,35.26,15,no (scan),bb44a6918fbff107ea0e1c2a1bc6619da0bd391aa14f0e4ceed7dbd1993d81eb,0,web search
pmc8909950-poland-armed-forces,,Assessment of Risk Factors for Development of Overweight and Obesity among Soldiers of Polish Armed Forces Participating in the National Health Programme 2016–2020,English,https://pmc.ncbi.nlm.nih.gov/articles/PMC8909950/,https://pmc.ncbi.nlm.nih.gov/articles/PMC8909950/,open access (license not stated),,,,,,4,web search
pl-2025-gawron-cv-risk-review,,Assessment of the prevalence of cardiovascular risk factors and associated health threats among soldiers of NATO countries [original: Ocena rozpowszechnienia czynników ryzyka sercowo-naczyniowego i związanych z nimi zagrożeń zdrowotnych wśród żołnierzy państw NATO],Polish,"https://lekarzwojskowy.wim.mil.pl/Ocena-rozpowszechnienia-czynnikow-ryzyka-sercowo-naczyniowego-i-zwiazanych-z-nimi,203553,0,2.html",https://lekarzwojskowy.wim.mil.pl/pdf-203553-133914?filename=Assessment-of-the-prevale.pdf,open access (open access (Lekarz Wojskowy)),reports/openaccess/pl-2025-gawron-cv-risk-review.pdf,0.3,6,yes,061c76b0529ed593a591f8a2767e7edbc06208eac2b90ad31e118c300e058daf,0,web search
vn-2025-do-mma-cadets-vo2max,,Assessment of the relationship between body-composition indices and VO2 max of Military Medical Academy cadets [original: Đánh giá mối liên quan giữa một số chỉ số thành phần cơ thể và thể tích oxy tiêu thụ tối đa (VO2 max) của học viên Học viện Quân y],Vietnamese,https://jmpm.vn/index.php/jmpm/article/view/1436,https://jmpm.vn/index.php/jmpm/article/download/1436/797,open access (free access (journal site)),reports/openaccess/vn-2025-do-mma-cadets-vo2max.pdf,0.45,9,yes,2c2a8f7a5216c17af2879826f60751e62143450e60d43ffbd166f424b3c17218,8,web search
es-2019-mexico-rsm-bmi-fitness,,"Association between BMI and physical fitness in military personnel [original: Asociación entre el índice de masa corporal y la condición física en personal militar (Revista de Sanidad Militar 73, 2019)]",Spanish,https://revistasanidadmilitar.org/index.php/rsm/article/view/22,https://revistasanidadmilitar.org/index.php/rsm/article/view/22,open access (license not stated),,,,,,0,web search
tr-2010-ulas-malatya-military-hospital,,Attitudes and behaviours regarding healthy nutrition of personnel serving at Malatya Military Hospital in 2007 [original: Malatya Asker Hastanesinde 2007 Yılında Görev Yapan Personelin Sağlıklı Beslenme Konusundaki Tutum ve Davranışları],Turkish,https://dergipark.org.tr/en/download/article-file/139319,https://dergipark.org.tr/en/download/article-file/139319,open access (license not stated),reports/openaccess/tr-2010-ulas-malatya-military-hospital.pdf,0.24,7,yes,904c31ac315544e5d8a6be84acc88290d4473e5a1c9bd460568020958380defa,4,web search
fi-2019-maki-avohilmo-conscription-age,,Avohilmo register as a data source for monitoring overweight in conscription-age men [original: Avohilmo tietolähteenä kutsuntaikäisten miesten ylipainon seurannassa],Finnish,https://www.laakarilehti.fi/tieteessa/alkuperaistutkimukset/avohilmo-tietolahteena-kutsuntaikaisten-miesten-ylipainon-seurannassa/,https://www.laakarilehti.fi/tieteessa/alkuperaistutkimukset/avohilmo-tietolahteena-kutsuntaikaisten-miesten-ylipainon-seurannassa/,open access (license not stated),,,,,,0,web search
kr-2022-lee-army-cbrn-suit,,Basic survey for the development of Army CBRN protective clothing [original: 육군용 화생방보호의 개발을 위한 기초 실태 조사],Korean,https://www.kjhe.or.kr/xml/32315/32315.pdf,https://www.kjhe.or.kr/xml/32315/32315.pdf,open access (open access),,,,,,0,web search
pmc10608823-poland-flying-personnel,,Body Composition and Cardiovascular Risk: A Study of Polish Military Flying Personnel,English,https://pmc.ncbi.nlm.nih.gov/articles/PMC10608823/,https://pmc.ncbi.nlm.nih.gov/articles/PMC10608823/,open access (https://creativecommons.org/licenses/by/4.0/),,,,,,9,web search
pt-2016-damasceno-brazil-ceara-shock-battalion,,Body composition and anthropometric data of military policemen of the Ceará State Shock Battalion [original: Composição Corporal e Dados Antropométricos de Policiais Militares do Batalhão de Choque do Estado do Ceará],Portuguese,https://revistas.unilasalle.edu.br/index.php/saude_desenvolvimento/article/download/2317-8582.16.35/pdf,https://revistas.unilasalle.edu.br/index.php/saude_desenvolvimento/article/download/2317-8582.16.35/pdf,open access (open access),reports/openaccess/pt-2016-brazil-ceara-shock-battalion.pdf,0.11,11,yes,27ed26cf4e4886cf0b135a3b999c3b155d5a28ad4ae45ba29c2334a3cb4ab61a,5,web search
pt-2017-silva-brazil-rio-military-police,,Body mass index and cardiorespiratory performance in military personnel [original: Índice de massa corporal e desempenho cardiorrespiratório em militares],Portuguese,https://www.medigraphic.com/pdfs/revcubmedmil/cmm-2016/cmm164f.pdf,https://www.medigraphic.com/pdfs/revcubmedmil/cmm-2016/cmm164f.pdf,open access (CC BY-NC),reports/openaccess/pt-2017-silva-brazil-rio-military-police.pdf,0.12,8,yes,e46127fa9b8cf849394ec43d5ad32f1964add05d381bc4e334f20de111834948,4,web search
pmc6192153-brazil-army-cadets,,"Can anthropometric, body composition, and bone variables be considered risk factors for musculoskeletal injuries in Brazilian military students?",English,https://pmc.ncbi.nlm.nih.gov/articles/PMC6192153/,https://pmc.ncbi.nlm.nih.gov/articles/PMC6192153/,open access (CC BY 4.0),,,,,,7,web search
chile-military-men-antropometricas,,Caracteristicas antropometricas de personal militar masculino chileno,English,https://www.researchgate.net/publication/348405425_Caracteristicas_antropometricas_de_personal_militar_masculino_chileno,https://www.researchgate.net/publication/348405425_Caracteristicas_antropometricas_de_personal_militar_masculino_chileno,publisher page (abstract only),,,,,,0,web search
hu-2017-juhasz-htp-body-composition,,Change in body composition of participants of the Honvéd Body-Shape Programme after the six-month diet and exercise programme [original: A Honvéd Testalkati Programban résztvevők testösszetétel változása a hat hónapos diétás és mozgásprogram hatására],Hungarian,https://real.mtak.hu/93501/,https://real.mtak.hu/93501/1/03%20A%20Honv%C3%A9d%20Testalkati%20Programban%20r%C3%A9sztvev%C5%91k%20test%C3%B6sszet%C3%A9tel%20v%C3%A1ltoz%C3%A1sa%20a%20hat%20h%C3%B3napos%20di%C3%A9t%C3%A1s%20%C3%A9s%20mozg%C3%A1sprogram%20hat%C3%A1s%C3%A1ra.pdf,open access (license not stated),reports/openaccess/hu-2017-juhasz-htp-body-composition.pdf,0.18,9,yes,f11d729c33e0cc4a2f149b94a81d4663d1ed1bb21c206fcda62b996c9fe1b562,14,web search
ee-2025-jurgenstein-conscript-fitness,,Change in conscripts' general physical abilities during service based on the Defence Forces physical fitness test [original: Ajateenijate üldkehaliste võimete muutus ajateenistuse jooksul kaitseväe kehaliste võimete kontrolltesti tulemuste põhjal],Estonian,https://dspace.ut.ee/server/api/core/bitstreams/b0b6e83f-05ff-49dc-baf8-39b3b112bcb2/content,https://dspace.ut.ee/server/api/core/bitstreams/b0b6e83f-05ff-49dc-baf8-39b3b112bcb2/content,open access (license not stated),,,,,,0,web search
lv-2017-plavina-combat-endurance-course,,Changes in anthropometric indicators under physical load in combat endurance course participants [original: Antropometrisko rādītāju izmaiņas fiziskās slodzes ietekmē kaujas izturības kursa dalībniekiem],Latvian,https://science.rsu.lv/en/publications/antropometrisko-r%C4%81d%C4%ABt%C4%81ju-izmai%C5%86as-fizisk%C4%81s-slodzes-ietekm%C4%93-kaujas,https://science.rsu.lv/en/publications/antropometrisko-r%C4%81d%C4%ABt%C4%81ju-izmai%C5%86as-fizisk%C4%81s-slodzes-ietekm%C4%93-kaujas,publisher page (abstract only),,,,,,0,web search
es-2018-cortes-colombia-combat-course,,Changes in body mass index and body composition in active Colombian Army personnel: a case study [original: Modificaciones en el índice de masa y composición corporal en personal activo del Ejército colombiano: un estudio de caso],Spanish,https://www.redalyc.org/journal/4762/476257752009/html/,https://www.redalyc.org/journal/4762/476257752009/476257752009.pdf,open access (CC BY-NC-ND),reports/openaccess/es-2018-cortes-colombia-combat-course.pdf,0.19,15,yes,30779f844240936ebcd24eed250552313804de4d8f192ed77cfa973281f64105,5,web search
fi-2021-conscript-fitness-trends,,"Changes in physical fitness, height and weight of young men starting conscript service from the 1970s to the 2020s [original: Varusmiespalveluksensa aloittaneiden nuorten miesten fyysisen kunnon, pituuden ja painon muutokset 1970-luvulta 2020-luvulle]",Finnish,https://puolustusvoimat.fi/documents/2035479/57064654/VM+kuntotilastot+2021+web.pdf/f8763257-235c-4c7a-d94a-77b2b8e320fa?t=1638859566230,https://puolustusvoimat.fi/documents/2035479/57064654/VM+kuntotilastot+2021+web.pdf/f8763257-235c-4c7a-d94a-77b2b8e320fa?t=1638859566230,open access (license not stated),reports/openaccess/fi-2021-conscript-fitness-trends.pdf,0.43,5,yes,61f31ab8ba58ef0baff9de563a2722f081c0f901e6102314df0ffc69e6373eb9,29,web search
es-2010-rodriguez-guiza-mexico-cadets-somatotype,,Changes in somatotype related to basic military training in Mexican cadets [original: Cambios en el somatotipo relacionados al entrenamiento militar básico en cadetes mexicanos],Spanish,https://revistasanidadmilitar.org/index.php/rsm/article/download/33/34,https://revistasanidadmilitar.org/index.php/rsm/article/download/33/34,open access (open access),,,,,,0,web search
pt-2013-madureira-brazil-army-police-battalion,,Changes induced by military physical training on the body composition of young adult military personnel [original: Alterações induzidas pelo treinamento físico militar sobre a composição corporal de militares adultos jovens],Portuguese,https://periodicos.uninove.br/saude/article/download/3820/2463,https://periodicos.uninove.br/saude/article/download/3820/2463,open access (open access),reports/openaccess/pt-2013-brazil-tfm-conscientiae.pdf,1.14,7,yes,c0ea27bd7b71fcb220ada6d7bab95614604dbbb65175abc7fc27aec462d63c5a,3,web search
pt-2023-santos-brazil-special-ops-courses,,Characterisation of physical performance and psychophysiological demand of military personnel undergoing special operations courses [original: Caracterização de desempenho físico e demanda psicofisiológica de militares submetidos a cursos de operações especiais: um estudo descritivo],Portuguese,https://revistadeeducacaofisica.emnuvens.com.br/revista/article/download/2918/3028,https://revistadeeducacaofisica.emnuvens.com.br/revista/article/download/2918/3028,open access (open access),,,,,,0,web search
pt-2018-pinho-portugal-air-base-11,,Characterisation of the military personnel of Air Base No. 11 through anthropometric and health indicators [original: Caracterização dos Militares da Base Aérea nº11 através de indicadores antropométricos e de saúde],Portuguese,https://repositorio.ipbeja.pt/bitstreams/e7fe6064-6af8-4b80-9fc1-6341128358dc/download,https://repositorio.ipbeja.pt/server/api/core/bitstreams/e7fe6064-6af8-4b80-9fc1-6341128358dc/content,open access (repository open access),reports/openaccess/pt-2018-pinho-portugal-air-base-11.pdf,0.49,57,yes,07ad2847b9f19911478ee1aba5f4901e1b8327d93542d075a8051731b2200260,11,web search
pt-2018-almeida-brazil-aman-cadets,,Classification of AMAN Basic Course cadets by body-fat percentage from anthropometric measures [original: Classificação dos cadetes do Curso Básico da Academia Militar das Agulhas Negras quanto ao percentual de gordura a partir de medidas antropométricas],Portuguese,https://www.aedb.br/seget/arquivos/artigos18/9226134.pdf,https://www.aedb.br/seget/arquivos/artigos18/9226134.pdf,open access (conference open access),reports/openaccess/pt-2018-almeida-brazil-aman-cadets.pdf,0.41,15,yes,1e07a302c408a92bdeb39d7d1efa11015ef0bc1608b0fc48578d9d675df8b5e6,4,web search
rs-2018-maric-cadets-two-classes,,Comparative analysis of morphological characteristics of two classes of Military Academy cadets in the 2004/05 and 2014/15 school years [original: Компаративна анализа морфолошких карактеристика две класе кадета Војне академије у школској 2004/05. и 2014/15. години],Serbian,https://scindeks.ceon.rs/article.aspx?artid=0042-84261806264M,https://scindeks-clanci.ceon.rs/data/pdf/0042-8426/2018/0042-84261806264M.pdf,open access (open access (SCIndeks / Vojno delo)),reports/openaccess/rs-2018-maric-cadets-two-classes.pdf,0.23,10,yes,2e86526a35469de15e90920ce925101711ec86317a687c50437da58bb92526ae,18,web search
th-2010-rangsipaht-conscripts-bone,,Comparison of bone mineral density between 2nd-year privates and new privates by calcaneal quantitative ultrasound [original: การเปรียบเทียบความหนาแน่นของมวลกระดูกของทหารกองประจำการปีที่ 2 และทหารกองประจำการใหม่ โดยใช้เครื่องอัลตราซาวด์วัดกระดูกส้นเท้า],Thai,https://he02.tci-thaijo.org/index.php/rtamedj/article/view/5644,https://he02.tci-thaijo.org/index.php/rtamedj/article/download/5644/4931,open access (ThaiJO free access),,,,,,0,web search
es-2021-cubides-colombia-army-schools,,Comparison of physical conditioning in students of three Colombian National Army schools [original: Comparación del acondicionamiento físico en alumnos de tres escuelas del Ejército Nacional de Colombia],Spanish,https://www.redalyc.org/journal/4762/476268663011/html/,https://www.redalyc.org/journal/4762/476268663011/476268663011.pdf,open access (CC BY-NC-ND),reports/openaccess/es-2021-cubides-colombia-army-schools.pdf,0.82,21,yes,2571fa825db9955e8ff8adbe36fe7acb243392c3d9b2721cb38572273a1e6511,15,web search
at-statistik-austria-stellungspflichtige,,"Conscription examination results, birth cohorts 1972-2006 (health status of men liable for military service) [original: Stellungsergebnisse Geburtenjahrgang bis 2006 (Gesundheitszustand der Stellungspflichtigen)]",German,https://www.statistik.at/statistiken/bevoelkerung-und-soziales/gesundheit/gesundheitszustand/gesundheitszustand-der-stellungspflichtigen,https://www.statistik.at/fileadmin/pages/392/Stellungsergebnisse_Geburtenjahrgang_bis_2006.ods,open access (license not stated),,,,,,104,web search
fi-2008-jallinoja-varu-conscripts,,"Conscripts' nutrition, health risk factors and health literacy – baseline results of the VARU intervention study in the Armoured Brigade and Kainuu Brigade in 2007 [original: Varusmiesten ravitsemus, terveyden riskitekijät ja terveystaju – VARU-interventiotutkimuksen palvelukseenastumisvaiheen tulokset Panssariprikaatissa ja Kainuun Prikaatissa vuonna 2007]",Finnish,https://www.julkari.fi/server/api/core/bitstreams/89b472e3-2f43-4c05-87a8-78b5ff3d1547/content,https://www.julkari.fi/server/api/core/bitstreams/89b472e3-2f43-4c05-87a8-78b5ff3d1547/content,open access (license not stated),reports/openaccess/fi-2008-jallinoja-varu-conscripts.pdf,0.38,67,yes,8e3b1cb00193d6b44ea86fd71b24b70192dfbd4acf59b28b8edb4d22367a160b,16,web search
fi-2022-vafyko-conscript-training,,Conscripts' physical training as part of the Training 2020 reform. Research report [original: Varusmiesten liikuntakoulutus osana Koulutus 2020 -uudistusta. Tutkimusraportti],Finnish,https://puolustusvoimat.fi/documents/1951253/2670014/VAFYKO-tutkimusraportti_WEB_FINAL.pdf/12486ca2-ee41-5545-9e70-b9f9b0084bf1?t=1652700504065,https://puolustusvoimat.fi/documents/1951253/2670014/VAFYKO-tutkimusraportti_WEB_FINAL.pdf/12486ca2-ee41-5545-9e70-b9f9b0084bf1?t=1652700504065,open access (license not stated),reports/openaccess/fi-2022-vafyko-conscript-training.pdf,1.89,44,yes,a48815e78860f45daa5aaafa81b29bb6af6898ffc5849dcd3da7956c55653e99,0,web search
es-2023-umbarila-colombia-army-officers,,Description of body composition in a cohort of active officers of the Colombian Army [original: Descripción de la composición corporal en una cohorte de oficiales activos en el Ejército de Colombia],Spanish,https://www.redalyc.org/journal/817/81776267002/,https://www.redalyc.org/journal/817/81776267002/81776267002.pdf,open access (CC BY-NC-ND),reports/openaccess/es-2023-umbarila-colombia-army-officers.pdf,0.63,10,yes,4998e73582a2b93231b3f9f4420bc6964d5570c67ec9c7b14fefe0d764ef04fe,8,web search
id-2018-salam-exoskeleton,,Design and analysis of an artificial exoskeleton for TNI soldiers [original: Desain dan Analisis Artificial Exoskeleton pada Prajurit TNI],Indonesian,https://josi.ft.unand.ac.id/index.php/josi/article/view/26,https://josi.ft.unand.ac.id/index.php/josi/article/view/26/21,publisher page (abstract only),,,,,,0,web search
pt-2004-salem-brazil-army-women-equations,,Development and validation of specific anthropometric equations for body density of Brazilian Army military women [original: Desenvolvimento e validação de equações antropométricas específicas para a determinação da densidade corporal de mulheres militares do Exército Brasileiro],Portuguese,https://www.scielo.br/j/rbme/a/8pNHrndDZGfYpS5yFvGsTth/?lang=pt,https://www.scielo.br/j/rbme/a/8pNHrndDZGfYpS5yFvGsTth/?lang=pt,open access (CC BY),,,,,,4,web search
pt-2013-vargas-brazil-army-soldiers-ponta-grossa,,Difference in performance-related physical fitness between elite and conventional soldiers of the Brazilian Army [original: Diferença da aptidão física relacionada ao desempenho entre soldados de elite e convencionais do Exército Brasileiro],Portuguese,https://periodicos.sbu.unicamp.br/ojs/index.php/conexoes/article/download/8637621/pdf,https://periodicos.sbu.unicamp.br/ojs/index.php/conexoes/article/download/8637621/pdf,open access (open access),reports/openaccess/pt-2013-brazil-army-elite-soldiers.pdf,0.13,20,yes,9e9a069079d2db4812bc6ee6165084ce0f6a6aff2bcabbbbc3aba83541317a33,4,web search
rs-2019-vajic-cadets-end-schooling,,Differences in anthropometric characteristics of two classes of Military Academy cadets at the end of four-year schooling [original: Разлике у антропометријским карактеристикама две класе кадета Војне академије на крају четворогодишњег школовања],Serbian,https://scindeks.ceon.rs/article.aspx?artid=0042-84261902206V,https://scindeks-clanci.ceon.rs/data/pdf/0042-8426/2019/0042-84261902206V.pdf,open access (open access (SCIndeks / Vojno delo)),reports/openaccess/rs-2019-vajic-cadets-end-schooling.pdf,0.23,9,yes,a347f8fa3a182bad0f5c66e1c0557d570c8dd975a32312b2236be6d86ef505ea,18,web search
il-2019-tsur-idf-recruits,,Differences in body measures of conscription candidates between first call-up and enlistment day: a retrospective cohort study [original: הבדלים במדדי הגוף בקרב מיועדים לשירות ביטחון - מיום הצו הראשון ליום הגיוס: מחקר עוקבה רטרוספקטיבי],Hebrew,https://ima-files.s3.amazonaws.com/252224_9b9035a4-3dd8-4f1f-80f0-e8fcc956383e.pdf,https://ima-files.s3.amazonaws.com/252224_9b9035a4-3dd8-4f1f-80f0-e8fcc956383e.pdf,open access (free PDF (Israeli Medical Association site); copyright not stated),reports/openaccess/il-2019-tsur-idf-recruits.pdf,0.3,6,yes,e4058e89b5878e514bde63dac813620e711d2c57f0825803fed033770545190f,20,web search
by-2007-lebedev-conscripts-bmi,,Distribution of conscripts by body mass index and category of fitness for military service [original: Характеристика распределения призывников по индексу массы тела и категории годности к военной службе],Russian,https://www.bsmu.by/upload/docs/militarymedicine/c541b96293406fb2e3ba01634999b15b.pdf,https://www.bsmu.by/upload/docs/militarymedicine/c541b96293406fb2e3ba01634999b15b.pdf,open access (freely served by BSMU),reports/openaccess/by-2007-lebedev-conscripts-bmi.pdf,0.6,3,yes,3ef0e947a52ad9eae3751bb3f2882ce3fa6a4cb27c113d486964d9c0d830582d,1,web search
ua-2026-fedyk-zhytomyr-cadets,,Dynamics of cadets' physical condition and somatic health indicators in the process of their functional training [original: Динаміка показників фізичного стану та соматичного здоров'я курсантів у процесі функціонального тренування],English,https://journals.uzhnu.uz.ua/index.php/health/article/view/1767,https://journals.uzhnu.uz.ua/index.php/health/article/download/1767/1829/3559,open access (open access (Uzhhorod National University journal)),reports/openaccess/ua-2026-fedyk-zhytomyr-cadets.pdf,0.76,8,yes,c229d94cc8ab5376d1c04558dddfaa2a04679f469db0553ebfd4456bd2d955b9,4,web search
oman-raf-recruits-cogent2016,,Eastern bodies in western cockpits: An anthropometric study in the Oman military aviation,English,https://www.tandfonline.com/doi/full/10.1080/23311916.2016.1269384,https://www.tandfonline.com/doi/pdf/10.1080/23311916.2016.1269384?needAccess=true,publisher page (abstract only),,,,,,0,web search
pt-2013-avila-brazil-espcex-cadets,,Effect of 13 weeks of military physical training on body composition and physical performance of Army Cadet Preparatory School students [original: Efeito de 13 semanas de treinamento físico militar sobre a composição corporal e o desempenho físico dos alunos da Escola Preparatória de Cadetes do Exército],Portuguese,https://scielo.br/scielo.php?pid=S1517-86922013000500013&script=sci_arttext,https://scielo.br/scielo.php?pid=S1517-86922013000500013&script=sci_arttext,open access (CC BY),,,,,,5,web search
tr-2017-basibuyuk-police-candidates,,Effect of anthropometric measurements on the shooting performance of police candidates [original: Antropometrik Ölçümlerin Polis Adaylarının Silah Atış Performansları Üstünde Etkisi],Turkish,https://dergipark.org.tr/en/download/article-file/386242,https://dergipark.org.tr/en/download/article-file/386242,open access (license not stated),reports/openaccess/tr-2017-basibuyuk-police-candidates.pdf,0.6,18,yes,91c154bc4324b619a62cc3f692a62e8027f0ba8f19e705f702851e29d754e5d1,0,web search
ee-2005-novikov-conscripts-health,,Effect of defence-force service on conscripts' health [original: Kaitseväeteenistuse mõju ajateenijate tervisele],Estonian,https://www.digar.ee/arhiiv/et/download/233636,https://www.digar.ee/arhiiv/et/download/233636,open access (license not stated),reports/openaccess/ee-novikov-conscripts-health.pdf,0.69,71,yes,7a3468e137d211d9f0c3dd23c83fcc019a2def28e1a36c50af1c06b109bbf903,0,web search
hu-2025-novak-basic-training,,"Effect of military preparation, basic training and basic marksmanship training on body-shape indicators and strength [original: A katonai felkészítés, alapkiképzés és lövészalapozó képzés hatása a testalkati mutatókra és az erőre]",Hungarian,https://real.mtak.hu/227621/,https://real.mtak.hu/227621/6/Nov%C3%A1kA%20HO2025%201-2%20p%2046-58%20(1).pdf,open access (license not stated),reports/openaccess/hu-2025-novak-basic-training.pdf,0.26,13,yes,bfe51f054709c3448b0a99d314a97a85a9f270d09d411acec461bded7e164cee,10,web search
ja-2005-jgsdf-smoking-copd,,Effect of smoking on the respiratory system: a study in male JGSDF members around age 50 [original: 喫煙が呼吸器に与える影響―50歳前後の男性自衛官における検討―],Japanese,https://www.jstage.jst.go.jp/article/jjars/43/8/43_43080443/_article/-char/ja/,https://www.jstage.jst.go.jp/article/jjars/43/8/43_43080443/_pdf/-char/ja,open access (J-STAGE free access),,,,,,0,web search
pmc10572769-finland-navy,,"Effects of 12-Month Training Intervention on Physical Fitness, Body Composition, and Health Markers in Finnish Navy Soldiers",English,https://pmc.ncbi.nlm.nih.gov/articles/PMC10572769/,https://pmc.ncbi.nlm.nih.gov/articles/PMC10572769/,open access (license not stated),,,,,,0,web search
pmc11270323-angola-military-cadets,,Effects of 34 Weeks of Military Service on Body Composition and Physical Fitness in Military Cadets of Angola,English,https://pmc.ncbi.nlm.nih.gov/articles/PMC11270323/,https://pmc.ncbi.nlm.nih.gov/articles/PMC11270323/,open access (CC BY 4.0),,,,,,3,web search
pmc8171865-chile-naval-cadets,,Effects of a period without mandatory physical training on maximum oxygen uptake and anthropometric parameters in naval cadets,English,https://pmc.ncbi.nlm.nih.gov/articles/PMC8171865/,https://journals.plos.org/plosone/article/file?id=10.1371/journal.pone.0251516&type=printable,open access (CC BY 4.0),reports/openaccess/pmc8171865-chile-naval-cadets.pdf,1.5,15,yes,cbbfbb0185f953d14199a6ef91659fca5ce3129d602746b074f8246c0445d36f,10,web search
pmc9132859-korea-enlisted-bmi,,Effects of military life on changes in body mass index of enlisted men: a cross-sectional study,English,https://pmc.ncbi.nlm.nih.gov/articles/PMC9132859/,https://pmc.ncbi.nlm.nih.gov/articles/PMC9132859/,open access (https://creativecommons.org/licenses/by-nc/4.0/),,,,,,0,web search
pt-2016-morgado-brazil-sergeant-course,,Effects of military physical training on anthropometric characteristics and physical performance of military personnel [original: Efeitos do Treinamento Físico Militar nas características antropométricas e no desempenho físico de militares],Portuguese,https://revistadeeducacaofisica.emnuvens.com.br/revista/article/view/191,https://revistadeeducacaofisica.emnuvens.com.br/revista/article/download/191/pdf_61,open access (open access),reports/openaccess/pt-2016-morgado-brazil-tfm.pdf,1.52,11,yes,ef1e1e2ba77f80cd997eadf60539ffc7a8c49a890316ed100e53de1eb5d67905,3,web search
es-2022-gomez-spain-navy-overweight,,Efficacy of an intervention programme promoting healthy habits in overweight and obese Spanish Navy personnel [original: Eficacia de un programa de intervención en la promoción de hábitos saludables en personal militar de la Armada con sobrepeso y obesidad],Spanish,https://scielo.isciii.es/scielo.php?script=sci_arttext&pid=S1887-85712022000400006,https://scielo.isciii.es/scielo.php?script=sci_arttext&pid=S1887-85712022000400006,open access (open access),,,,,,0,web search
pmc10691415-poland-armed-forces-branches,,"Evaluation of health behaviors of Polish Army soldiers in relation to demographic factors, body weight and type of armed forces",English,https://pmc.ncbi.nlm.nih.gov/articles/PMC10691415/,https://pmc.ncbi.nlm.nih.gov/articles/PMC10691415/,open access (CC BY-NC 3.0 PL),,,,,,24,web search
ir-magiran-1632061-military-students-fitness,,Evaluation of physical and motor fitness of military students based on international army norms [original: ارزیابی آمادگی جسمانی و حرکتی دانشجویان نظامی بر اساس هنجارهای بین المللی ارتش],Persian,https://www.magiran.com/paper/1632061,https://www.magiran.com/paper/1632061,open access (license not stated),,,,,,0,web search
kr-2023-lee-female-combat-uniform,,Evaluation of the fit and motion suitability for Korean female combat uniforms [original: 여군 전투복의 치수 및 동작적합성 평가],Korean,https://koreascience.kr/article/JAKO202326943313306.page,https://koreascience.kr/article/JAKO202326943313306.pdf,open access (KoreaScience free access (copyright KSCT)),reports/openaccess/kr-2023-lee-female-combat-uniform.pdf,1.08,15,yes,cc04a6302a2319fba0bda50cd00acea97edff26ba622a87f0967e808cbdda3a6,5,web search
pt-2016-campos-brazil-air-force-recruits,,Evaluation of the morphofunctional profile of recruits entering a Brazilian Air Force military unit [original: Avaliação do perfil morfofuncional de recrutas ingressantes em uma unidade militar da força aérea brasileira],Portuguese,https://online.unisc.br/seer/index.php/cinergis/article/view/7585,https://seer.unisc.br/index.php/cinergis/article/download/7585/5069,open access (CC BY 4.0),reports/openaccess/pt-2016-campos-brazil-air-force-recruits.pdf,0.29,5,yes,cf3a07638da4828f90bac831b638a186e1e3ef87f69463630434e9083a01ccce,10,web search
fr-2012-hal-candidats-engagement-militaire,,Evaluation of the physical fitness level of a population of candidates for military enlistment [original: Evaluation du niveau de condition physique d'une population de candidats à l'engagement militaire],French,https://hal.univ-lorraine.fr/hal-01770650v1,https://hal.univ-lorraine.fr/hal-01770650v1,open access (open access (HAL)),,,,,,0,web search
hu-2019-juhasz-htp-experiences,,Experiences of the Honvéd Body-Shape Programme [original: A Honvéd Testalkati Program tapasztalatai],Hungarian,https://real.mtak.hu/112903/,https://real.mtak.hu/112903/,open access (license not stated),reports/openaccess/hu-2019-juhasz-htp-experiences.pdf,0.25,8,yes,f39c16ad0e756c7220a2c8cfc558eb065ae03ba0d51c92dcc1ab8357a928d1ec,0,web search
hu-mhek-htp-guidance,,Fight against obesity: the Honvéd Body-Shape Programme (HDF Medical Centre information document) [original: Harc az elhízás ellen: a Honvéd Testalkati Program (MH EK tájékoztató)],Hungarian,https://www.mhek.hu/images/media/5fdb3c2d59ead627059279.pdf,https://www.mhek.hu/images/media/5fdb3c2d59ead627059279.pdf,open access (license not stated),,,,,,0,web search
fi-sotilaslaaketieteen-aikakauslehti-2020-2025,,"Finnish Annals of Military Medicine, six issues screened [original: Sotilaslääketieteen aikakauslehti issues 1/2020, 1/2022, 2/2022, 2/2023, 1/2025, 2/2025]",Finnish,https://puolustusvoimat.fi/documents/1948673/2015558/Sotilasl%C3%A4%C3%A4ketieteen+aikakauslehti+2_2023.pdf,https://puolustusvoimat.fi/documents/1948673/2015558/Sotilasl%C3%A4%C3%A4ketieteen+aikakauslehti+2_2023.pdf,open access (license not stated),,,,,,0,web search
bg-2020-nikolova-naval-cadets-varna,,"First results from the study of some anthropometric data and physiological parameters of the respiratory system in different categories of persons potentially related to work in a marine environment [original: Първи резултати от изследване на някои антропометрични данни и физиологични показатели на дихателната система при различни групи лица, потенциално свързани с работа в морска среда]",Bulgarian,https://journals.mu-varna.bg/index.php/vmf/article/view/7290,https://journals.mu-varna.bg/index.php/vmf/article/download/7290/6438,open access (open access (MU-Varna)),reports/openaccess/bg-2020-nikolova-naval-cadets-varna.pdf,0.8,6,yes,f3b60d1d3fd36c375f264b8668f946a95283735bde8c5b01e492792e24b851a9,4,web search
de-2020-scheit-medical-officers-hamburg,,Fitness evaluation of medical officers at the Bundeswehr Hospital Hamburg [original: Fitnessevaluierung von Sanitätsoffizieren am Bundeswehrkrankenhaus Hamburg],German,https://wmm.pic-mediaserver.de/index.php?a=202005_202005_wmm202005_S170_Praeventivmed_Scheit&f=artikel,https://wmm.pic-mediaserver.de/index.php?a=202005_202005_wmm202005_S170_Praeventivmed_Scheit&f=artikel,open access (license not stated),,,,,,2,web search
me-2013-idrizovic-air-base-fitness,,Fitness potential of air forces depending on motor and morphological factors [original: Kondicioni potencijal vazduhoplovnih vojnih snaga u zavisnosti od motoričkih i morfoloških faktora],Montenegrin,https://www.siz-au.com/sites/default/files/journal/838-1866-2-pb.pdf,https://www.siz-au.com/sites/default/files/journal/838-1866-2-pb.pdf,open access (open access),reports/openaccess/me-2013-idrizovic-air-base-fitness.pdf,0.42,10,yes,91e15125dd37d3e14794ff75a1b550ebb568e429b1080093d8e8336f1a6e7134,0,web search
fi-2016-reservists-fitness-2015,,Functional capacity of reservists in 2015 [original: Reserviläisten toimintakyky vuonna 2015],Finnish,https://puolustusvoimat.fi/documents/1951253/2670014/PEVIESTOS-Reservilaistutkimus2015-20160525/00312ea2-fa34-41e4-93f0-0aa7a81d51b5/PEVIESTOS-Reservilaistutkimus2015-20160525.pdf,https://puolustusvoimat.fi/documents/1951253/2670014/PEVIESTOS-Reservilaistutkimus2015-20160525/00312ea2-fa34-41e4-93f0-0aa7a81d51b5/PEVIESTOS-Reservilaistutkimus2015-20160525.pdf,open access (license not stated),reports/openaccess/fi-2016-reservists-fitness-2015.pdf,2.35,223,yes,90a9c4f7e254b3bb91ebfb21e55395ac3689adaf5f25234fd8a8c221481c54d8,22,web search
uz-2022-bobojonova-feet-servicemen,,Fundamentals of anthropometric studies of servicemen's feet [original: Основы антропометрических исследований стоп военнослужащих],Russian,https://zenodo.org/records/7298710,https://zenodo.org/records/7298710/files/EJAR11234.pdf?download=1,open access (open access (Zenodo)),reports/openaccess/uz-2022-bobojonova-feet-servicemen.pdf,1.16,6,yes,9596ec5e9c901e8d13fba713a77ccaba6194a672f7a871da28af211d79c7f5e8,0,web search
se-gih-diva-soldier-studies,,GIH/DiVA Swedish soldier physiology studies [original: GIH/DiVA soldier studies (Rapport 9 Studier av stridsvärde vid långvarigt arbete; En hållbar soldat; Reliabilitetsanalys av Försvarsmaktens fälttest)],Swedish,https://gih.diva-portal.org/smash/get/diva2:974911/FULLTEXT01.pdf,https://gih.diva-portal.org/smash/get/diva2:974911/FULLTEXT01.pdf,open access (license not stated),,,,,,0,web search
su-1991-gost-20881-servicemen-size-scales,,GOST 20881-91 Standard figures of servicemen. Scales of sizes [original: ГОСТ 20881-91 Фигуры военнослужащих типовые. Шкалы размеров],Russian,https://meganorm.ru/Data2/1/4294832/4294832689.pdf,https://meganorm.ru/Data2/1/4294832/4294832689.pdf,open access (freely served copy of a Soviet state standard (scanned)),reports/openaccess/su-1991-gost-20881-servicemen-size-scales.pdf,1.12,33,yes,a2b5c4e754b8248749794102bbf23c8bd7f3b2693168532b5b801ab14a1c90fa,0,web search
su-1991-gost-23167-servicemen-typical-figures,,GOST 23167-91 Standard figures of servicemen. Measurements for the design of military uniform [original: ГОСТ 23167-91 Фигуры военнослужащих типовые. Размерные признаки для проектирования военной одежды],Russian,https://meganorm.ru/Data/385/38507.pdf,https://meganorm.ru/Data/385/38507.pdf,open access (freely served copy of a Soviet state standard (scanned)),reports/openaccess/su-1991-gost-23167-servicemen-typical-figures.pdf,30.46,394,yes,83644c21dad67e79733593a676cf53d5378103bd81f09459154372cb509a505c,0,web search
fr-2020-these-musculo-squelettique-soldat,,Generic and specific musculoskeletal modelling to support the soldier's physical activity [original: Modélisation musculo-squelettique générique et spécifique en vue du support de l'activité physique du soldat],French,https://theses.hal.science/tel-03118904,https://theses.hal.science/tel-03118904,open access (open access (HAL)),,,,,,0,web search
pmc13346719-norway-conscripts,,"Health literacy, dietary behavior and body mass index in male and female Norwegian conscripts. A cross-sectional study",English,https://pmc.ncbi.nlm.nih.gov/articles/PMC13346719/,https://pmc.ncbi.nlm.nih.gov/articles/PMC13346719/,open access (https://creativecommons.org/licenses/by/4.0/),,,,,,0,web search
de-2020-ruether-leyk-young-adults,,"Health, resilience and physical performance of young adults [original: Gesundheit, Belastbarkeit und Leistungsfähigkeit von jungen Erwachsenen]",German,https://wmm.pic-mediaserver.de/index.php?a=202008_202008_wmm202008_S258_Ruether&f=artikel,https://wmm.pic-mediaserver.de/index.php?a=202008_202008_wmm202008_S258_Ruether&f=artikel,open access (license not stated),,,,,,0,web search
no-2017-kober-ffi-conscription,,"Healthier, faster, stronger? A quantitative analysis of medical and physical requirements for initial military service [original: Friskere, raskere, sterkere? – en kvantitativ analyse av medisinske og fysiske krav til førstegangstjeneste]",Norwegian,https://www.ffi.no/publikasjoner/arkiv/friskere-raskere-sterkere-en-kvantitativ-analyse-av-medisinske-og-fysiske-krav-til-forstegangstjeneste,https://www.ffi.no/publikasjoner/arkiv/friskere-raskere-sterkere-en-kvantitativ-analyse-av-medisinske-og-fysiske-krav-til-forstegangstjeneste,open access (license not stated),reports/openaccess/no-2017-kober-ffi-conscription.pdf,1.3,49,yes,a4813579423f5ce7607286cc58a855ac0554cf4f078fad65269639db5a173609,0,web search
pmc4691302-iran-military-dexa,,How Accurate Are the Anthropometry Equations in in Iranian Military Men in Predicting Body Composition?,English,https://pmc.ncbi.nlm.nih.gov/articles/PMC4691302/,https://pmc.ncbi.nlm.nih.gov/articles/PMC4691302/,open access (https://creativecommons.org/licenses/by-nc/4.0/),,,,,,4,web search
pmc8170814-spain-aeronautical,,"Hydration status, body composition, and anxiety status in aeronautical military personnel from Spain: a cross-sectional study",English,https://pmc.ncbi.nlm.nih.gov/articles/PMC8170814/,https://pmc.ncbi.nlm.nih.gov/articles/PMC8170814/,open access (https://creativecommons.org/licenses/by/4.0/),,,,,,0,web search
pt-2022-serra-portugal-army-courses-injuries,,Identification of musculoskeletal injury risk factors in the different training courses of the Portuguese Army [original: Identificação de Fatores de Risco de Lesões Músculo-Esqueléticas nos Diferentes Cursos de Formação do Exército Português],Portuguese,https://comum.rcaap.pt/server/api/core/items/a827b3b4-3636-4185-b9f1-dc6ab9848b82,https://comum.rcaap.pt/server/api/core/bitstreams/a07f76fc-ac12-4295-b104-d9ebf4467412/content,open access (repository open access),,,,,,0,web search
pmc6007356-swiss-conscripts,,"Increasing variability of body mass and health correlates in Swiss conscripts, a possible role of relaxed natural selection?",English,https://pmc.ncbi.nlm.nih.gov/articles/PMC6007356/,https://pmc.ncbi.nlm.nih.gov/articles/PMC6007356/,open access (https://creativecommons.org/licenses/by/4.0/),,,,,,12,web search
pmc7922340-australia-heat-tolerance,,"Individual Anthropometric, Aerobic Capacity and Demographic Characteristics as Predictors of Heat Intolerance in Military Populations",English,https://pmc.ncbi.nlm.nih.gov/articles/PMC7922340/,https://pmc.ncbi.nlm.nih.gov/articles/PMC7922340/,open access (https://creativecommons.org/licenses/by/4.0/),,,,,,0,web search
fi-2020-pihlainen-kritoky,,KRITOKY study: maintaining readiness in low-load crisis-management operations requires strength and endurance training [original: KRITOKY-tutkimus: valmiustason ylläpito matalakuormitteisissa kriisinhallintaoperaatioissa edellyttää voima- ja kestävyysharjoittelua],Finnish,https://jyx.jyu.fi/bitstream/handle/123456789/75963/1/Sotilaslaaketieteen_aikakauslehti_2_2020_KRITOKY.pdf,https://jyx.jyu.fi/bitstream/handle/123456789/75963/1/Sotilaslaaketieteen_aikakauslehti_2_2020_KRITOKY.pdf,open access (license not stated),reports/openaccess/fi-2020-pihlainen-kritoky.pdf,2.29,7,yes,1a7b958e18b1a0bea011c62a7f7f1be68e67fdae4fc36312f615b866d9904437,4,web search
es-2021-amau-peru-military-health-personnel,,Lifestyles and nutritional status in military health personnel during COVID-19 [original: Estilos de vida y estado nutricional en el personal militar sanitario durante la COVID-19],Spanish,https://www.medigraphic.com/pdfs/revcubmedmil/cmm-2021/cmm213s.pdf,https://www.medigraphic.com/pdfs/revcubmedmil/cmm-2021/cmm213s.pdf,open access (CC BY-NC),,,,,,0,web search
cz-2010-soumar-casri-monitoring,,Long-term monitoring of the current physical state of the population with emphasis on members of the Army of the Czech Republic [original: Dlouhodobé monitorování aktuálního tělesného stavu populace s důrazem na příslušníky Armády České republiky],Czech,https://www.mo.gov.cz/assets/multimedia-a-knihovna/casopisy/vojenske-rozhledy/vr4_10.pdf,https://www.mo.gov.cz/assets/multimedia-a-knihovna/casopisy/vojenske-rozhledy/vr4_10.pdf,open access (open access (Czech MoD journal); local PDF is the whole issue 4/2010),reports/openaccess/cz-2010-soumar-casri-monitoring.pdf,2.93,223,yes,ca6ef332a24b37a2edfeba87818aa5d6990e90571886dc904eefae055afcfd51,76,web search
pt-2014-lemes-brazil-pmesp-fire-recruits,,Military physical training modifies anthropometric and functional parameters [original: Treinamento físico militar modifica parâmetros antropométricos e funcionais],Portuguese,https://periodicos.uninove.br/saude/article/download/4744/2673,https://periodicos.uninove.br/saude/article/download/4744/2673,open access (open access),,,,,,0,web search
pt-2018-rosa-brazil-haiti-contingent,,"Military physical training, muscular strength and body composition of Brazilian military personnel [original: Treinamento físico militar, força muscular e composição corporal de militares brasileiros]",Portuguese,https://rbme.org/Content/pdf/volume24_n2_14.pdf,https://rbme.org/Content/pdf/volume24_n2_14.pdf,open access (CC BY (RBME)),reports/openaccess/pt-2018-rosa-brazil-haiti-contingent.pdf,0.12,4,yes,a8a5f3db7943f7e95c22f525ba85a65f1104d84c87f9d6d3298cedf779e24f54,6,web search
pt-2017-cascaes-brazil-pm-santa-catarina,,"Military policemen present anthropometric alterations, coronary risk and poor quality of life [original: Policías militares presentan alteraciones antropométricas, riesgo coronario y una baja calidad de vida]",Spanish,https://www.medigraphic.com/pdfs/revcubmedmil/cmm-2016/cmm164e.pdf,https://www.medigraphic.com/pdfs/revcubmedmil/cmm-2016/cmm164e.pdf,open access (CC BY-NC),,,,,,0,web search
ir-ebnesina-540-officer-cadets-norms,,"Monitoring body composition, physical and motor fitness of Army ground-force officer cadets and presenting national norms [original: پایش وضعیت ترکیب بدنی، آمادگی جسمانی و حرکتی دانشجویان افسری نیروی زمینی ارتش و ارائه نورم ملی]",Persian,https://ebnesina.ajaums.ac.ir/article-1-540-fa.html,https://ebnesina.ajaums.ac.ir/article-1-540-fa.html,open access (license not stated),,,,,,0,web search
es-2021-barraza-chile-conscripts-training,,Morpho-structural changes in conscript soldiers after four weeks of basic physical training [original: Cambios morfoestructurales en soldados conscriptos después de cuatro semanas de entrenamiento físico básico],Spanish,https://revmedmilitar.sld.cu/index.php/mil,https://www.medigraphic.com/pdfs/revcubmedmil/cmm-2021/cmm211p.pdf,open access (CC BY-NC),reports/openaccess/es-2021-barraza-chile-conscripts-training.pdf,0.3,15,yes,3f646a2a17ef16c3880d60c0aca061a687a2416980cf16ed7c3e396f0d4878df,27,web search
pmc12701076-korea-af-cadets,,Morphological perspective of ergonomic implications of hand function and cartilage thickness in Air Force cadets,English,https://pmc.ncbi.nlm.nih.gov/articles/PMC12701076/,https://pmc.ncbi.nlm.nih.gov/articles/PMC12701076/,open access (https://creativecommons.org/licenses/by-nc-nd/4.0/),,,,,,0,web search
no-brage-cadet-theses,,Norwegian military academy / sport-science theses on cadet body composition [original: Krigsskolen/NIH theses on cadet body composition (Gaare & Hovden 2021; Valnes 2018; Moving Soldiers 2012)],Norwegian,https://fhs.brage.unit.no/fhs-xmlui/bitstream/handle/11250/2788392/Bachelor-oppgave%20FHS%20KS%20Gaare%20og%20Hovden%202021.pdf?sequence=2&isAllowed=y,https://fhs.brage.unit.no/fhs-xmlui/bitstream/handle/11250/2788392/Bachelor-oppgave%20FHS%20KS%20Gaare%20og%20Hovden%202021.pdf?sequence=2&isAllowed=y,open access (license not stated),,,,,,0,web search
pt-2014-freitas-portugal-military-academy,,Nutritional assessment and motor activity of the Military Academy cadet-student [original: Avaliação Nutricional e Atividade Motora do Cadete-Aluno da Academia Militar],Portuguese,https://comum.rcaap.pt/handle/10400.26/5479,https://comum.rcaap.pt/server/api/core/bitstreams/27b9ce3d-f26a-4565-8c4d-72aa005ae451/content,open access (repository open access),reports/openaccess/pt-2014-freitas-portugal-military-academy.pdf,3.09,88,yes,4247c0b7144df25674805a613c783a8e6d4d4ed24bca6e17b62d46847f0e6a2c,24,web search
pt-2012-maria-brazil-air-force-sao-paulo-thesis,,Nutritional status and associated factors in Brazilian Air Force military personnel in the city of São Paulo [original: Estado nutricional e fatores associados em militares da Força Aérea Brasileira na cidade de São Paulo],Portuguese,http://www.teses.usp.br/teses/disponiveis/89/89131/tde-14092012-100639/,http://www.teses.usp.br/teses/disponiveis/89/89131/tde-14092012-100639/publico/Mestrado_Simone_Hernandes_Campos_Maria_original.pdf,open access (USP thesis open access),reports/openaccess/pt-2012-maria-brazil-air-force-sao-paulo-thesis.pdf,8.12,126,yes,82aa7821efe65a1151e95c5d9bb30ba68c176834430ccbf1510bb33a523a46da,6,web search
pmc13331485-czech-artillery,,Obesity and Health Risk Factors in Czech Artillery Soldiers,English,https://pmc.ncbi.nlm.nih.gov/articles/PMC13331485/,https://pmc.ncbi.nlm.nih.gov/articles/PMC13331485/,open access (CC BY (Military Medicine Open Access)),,,,,,14,web search
ja-2007-nittami-aeromedical-lab-reports,,"On the Reports of the Aeromedical Laboratory, 1958-2006 (annotated bibliography) [original: 航空医学実験隊報告について―1958年から2006年まで―]",Japanese,https://www.jstage.jst.go.jp/article/jasdfaml/47/2/47_141/_article/-char/ja/,https://www.jstage.jst.go.jp/article/jasdfaml/47/2/47_141/_pdf/-char/ja,open access (J-STAGE free access),reports/openaccess/ja-2007-nittami-aeromedical-lab-reports.pdf,1.57,139,yes,79567ac65c830f34a1aed997bd008c7e66d76be5c7f5fa8bff2a616edbe730ba,0,web search
ja-1963-kita-jgsdf-physique,,On the physique and physical fitness of JGSDF members [original: 陸上自衛官の体位と体力について],Japanese,https://www.jstage.jst.go.jp/article/joh1959/5/3/5_KJ00001654101/_article/-char/ja/,https://www.jstage.jst.go.jp/article/joh1959/5/3/5_KJ00001654101/_pdf/-char/ja,publisher page (abstract only),,,,,,0,web search
pt-2023-vey-brazil-army-entering-soldiers,,"Physical activity level, functional capacity and flexibility of soldiers entering the Brazilian Army [original: Nível de atividade física, capacidade funcional e flexibilidade de soldados ingressantes no Exército brasileiro]",Portuguese,https://periodicos.unicesumar.edu.br/index.php/saudpesq/article/view/12063,https://docs.bvsalud.org/biblioref/2023/12/1524121/12063-publicacao-68274-1-10-20231128.pdf,open access (CC BY-NC-ND),reports/openaccess/pt-2023-vey-brazil-army-entering-soldiers.pdf,0.77,14,yes,95596c0b9331009e5919edb319bb5cd79cb9f0554b0b58a42d8f9c843e453a37,6,web search
pmc12772597-finland-soldiers,,"Physical activity, physical fitness and cardiometabolic health among Finnish military workers",English,https://pmc.ncbi.nlm.nih.gov/articles/PMC12772597/,https://pmc.ncbi.nlm.nih.gov/articles/PMC12772597/,open access (CC BY-NC 4.0),,,,,,6,web search
es-2023-retos-grumetes,,Physical condition and military skills in the training of naval trainees (Grumetes) [original: La condición física y las habilidades militares en el proceso de formación de los Grumetes],Spanish,https://recyt.fecyt.es/index.php/retos/article/view/96020,https://recyt.fecyt.es/index.php/retos/article/view/96020,open access (CC BY-NC-ND),,,,,,0,web search
ru-2022-gaivoronsky-female-applicants,,Physical development indicators of female applicants to a military educational organisation according to anthropometric examination and body composition [original: Показатели физического развития девушек-абитуриенток военной образовательной организации по данным антропометрического исследования и компонентного состава тела],Russian,https://cyberleninka.ru/article/n/pokazateli-fizicheskogo-razvitiya-devushek-abiturientok-voennoy-obrazovatelnoy-organizatsii-po-dannym-antropometricheskogo,https://cyberleninka.ru/article/n/pokazateli-fizicheskogo-razvitiya-devushek-abiturientok-voennoy-obrazovatelnoy-organizatsii-po-dannym-antropometricheskogo,"open access (CyberLeninka open access (CC BY per journal policy, not verified))",,,,,,8,web search
at-2003-truppendienst-female-soldiers,,Physical performance of female soldiers [original: Die körperliche Leistungsfähigkeit weiblicher Soldaten],German,https://www.bmlv.gv.at/truppendienst/ausgaben/artikel.php?id=91,https://www.bmlv.gv.at/truppendienst/ausgaben/artikel.php?id=91,open access (license not stated),,,,,,0,web search
de-2010-leyk-bft-evaluation,,"Physical performance, body dimensions and risk factors of 18-35-year-old soldiers: results of the Basic Fitness Test evaluation study [original: Körperliche Leistungsfähigkeit, Körpermaße und Risikofaktoren von 18 bis 35-jährigen Soldaten: Ergebnisse der Evaluierungsstudie zum Basis-Fitness-Test (BFT)]",German,https://military-medicine.com/koerperliche-leistungsfaehigkeit-koerpermasse-und-risikofaktoren-von-18-bis-35-jaehrigen-soldaten-ergebnisse-der-evaluierungsstudie-zum-basis-fitness-test-bft/,https://military-medicine.com/koerperliche-leistungsfaehigkeit-koerpermasse-und-risikofaktoren-von-18-bis-35-jaehrigen-soldaten-ergebnisse-der-evaluierungsstudie-zum-basis-fitness-test-bft/,open access (license not stated),,,,,,0,web search
zh-2002-he-recruits-physique,,Physique and physical capacity of recruits and their correlation [original: 新兵的体格体能及其相关性研究],Chinese,https://www.cqvip.com/doc/journal/6745664,https://www.cqvip.com/doc/journal/6745664,publisher page (abstract only),,,,,,0,web search
zh-2007-zhang-armed-police-recruits,,"Physique, body composition and physical capacity of Armed Police recruits and their correlation [original: 武警新兵体格、体成分和体能及其相关性]",Chinese,https://www.cqvip.com/doc/journal/24871773,https://www.cqvip.com/doc/journal/24871773,publisher page (abstract only),,,,,,0,web search
rs-2018-pelva-nutrition-pilots-paratroopers,,"Possibilities for improving the nutrition of pilots, paratroopers and special-unit members of the Serbian Armed Forces [original: Могућности унапређења исхране летача, падобранаца и припадника специјалних јединица Војске Србије]",Serbian,https://scindeks.ceon.rs/article.aspx?artid=0042-84261805216P,https://scindeks-clanci.ceon.rs/data/pdf/0042-8426/2018/0042-84261805216P.pdf,open access (open access (SCIndeks / Vojno delo)),reports/openaccess/rs-2018-pelva-nutrition-pilots-paratroopers.pdf,0.31,20,yes,01494e5ad0fa1c03e5009739faef4f0bdb1b9fe6a56c79f86a9a5a4f8c6c3238,0,web search
pmc12535166-lithuania-volunteer-forces,,Prevalence and risk factors of low back pain among Lithuanian national defense volunteer forces,English,https://pmc.ncbi.nlm.nih.gov/articles/PMC12535166/,https://pmc.ncbi.nlm.nih.gov/articles/PMC12535166/,open access (license not stated),,,,,,0,web search
de-2024-scheit-bundeswehr-obesity,,Prevalence of obesity and associated health risk factors in soldiers of the Bundeswehr [original: Prävalenz von Adipositas und damit verbundene gesundheitliche Risikofaktoren bei Soldaten der Bundeswehr],German,https://opus4.kobv.de/opus4-fizbw/frontdoor/index/index/docId/367,https://opus4.kobv.de/opus4-fizbw/files/367/WMM_202411_478-485_Scheit.pdf,open access (CC BY 4.0),reports/openaccess/de-2024-scheit-bundeswehr-obesity.pdf,3.09,8,yes,f6e468fc14533d9bb94561e1335418caf9040c4597397fd59be3d7fc52daa72d,3,web search
pmc11020664-germany-bundeswehr,,Prevalence of obesity and associated health risks in soldiers of the German Armed Forces,English,https://pmc.ncbi.nlm.nih.gov/articles/PMC11020664/,https://pmc.ncbi.nlm.nih.gov/articles/PMC11020664/,open access (https://creativecommons.org/licenses/by/4.0/),,,,,,3,web search
cz-2016-fajfrova-acr-11-years,,Prevalence of overweight and obesity in professional soldiers of the Czech Army over an 11-year period,English,https://doiserbia.nb.rs/Article.aspx?ID=0042-84501500112F,https://scindeks-clanci.ceon.rs/data/pdf/0042-8450/2016/0042-84501605422F.pdf,open access (open access (VSP / SCIndeks)),reports/openaccess/cz-2016-fajfrova-acr-11-years.pdf,0.55,7,yes,7bb18cf3d4a92c7f945521546c151800eec36184773b17c20bd87a1c9d175483,110,web search
cz-2017-fajfrova-acr-metabolic-risk,,Prevalence of selected risk factors of the metabolic syndrome in the Army of the Czech Republic [original: Prevalence vybraných rizikových faktorů metabolického syndromu v Armádě České republiky],Czech,https://www.mmsl.cz/pdfs/mms/2017/02/02.pdf,https://www.mmsl.cz/pdfs/mms/2017/02/02.pdf,open access (open access (MMSL)),reports/openaccess/cz-2017-fajfrova-acr-metabolic-risk.pdf,0.49,6,yes,c891ad0ae5f9f9f14c2606fa6394c58eff3e88020073778b0a0824c1f763de91,10,web search
cz-2024-krutisova-metabolic-syndrome,,Psychological burden and metabolic syndrome in professional soldiers,English,http://mmsl.cz/doi/10.31482/mmsl.2023.010.html,https://www.mmsl.cz/pdfs/mms/2024/01/09.pdf,open access (open access (MMSL)),reports/openaccess/cz-2024-krutisova-metabolic-syndrome.pdf,0.9,16,yes,819b57af756420090aac625e82a6ee8e4a360ffcbb5f1dbd0a76b53f6ae3c162,0,web search
pt-2013-levandoski-brazil-soldados-rbqv,,Quality of life and body composition of soldiers entering the army [original: Qualidade de vida e composição corporal de soldados ingressantes no exército],Portuguese,https://periodicos.utfpr.edu.br/rbqv/article/view/1370,https://periodicos.utfpr.edu.br/rbqv/article/view/1370,open access (open access),,,,,,0,web search
pmc8620872-saudi-armed-forces-applicants,,Recent Trends of Metabolic Syndrome and Its Components in Military Recruits from Saudi Arabia,English,https://pmc.ncbi.nlm.nih.gov/articles/PMC8620872/,https://pmc.ncbi.nlm.nih.gov/articles/PMC8620872/,open access (https://creativecommons.org/licenses/by/4.0/),,,,,,2,web search
gr-2019-papanikolaou-handball-thesis,,"Relation of anthropometric, psychomotor and kinematic characteristics with throwing accuracy in handball [original: Σχέση μεταξύ ανθρωπομετρικών, ψυχοκινητικών και κινηματικών χαρακτηριστικών με την ευστοχία της ρίψης στη χειροσφαίριση]",Greek,https://pergamos.lib.uoa.gr/uoa/dl/object/2933125/file.pdf,https://pergamos.lib.uoa.gr/uoa/dl/object/2933125/file.pdf,open access (license not stated),,,,,,0,web search
rs-2021-golubovic-63rd-parachute-brigade,,Relations between speed and specific motor abilities of members of special units [original: Relacije brzine i specifičnih motoričkih sposobnosti pripadnika specijalnih jedinica],Serbian,https://sportnaukaipraksa.vss.edu.rs/pdf/SNP-11-01/01%20Golubovic%20SRPSKI.pdf,https://sportnaukaipraksa.vss.edu.rs/pdf/SNP-11-01/01%20Golubovic%20SRPSKI.pdf,open access (open access),reports/openaccess/rs-2021-golubovic-63rd-parachute-brigade.pdf,0.32,8,yes,e798410415f9bdad971e5ccc7a335ab0b7c35513b4503272e9252913aa5045bb,0,web search
ir-militarymedj-A-10-1434-1-anthropometry-fitness,,Relationship between anthropometric indices and cardiovascular fitness in military personnel [original: بررسی ارتباط بین شاخص‌های آنتروپومتری و آمادگی قلبی عروقی در نظامیان],Persian,https://militarymedj.bmsu.ac.ir/browse.php?a_code=A-10-1434-1&slc_lang=fa&sid=1,https://militarymedj.bmsu.ac.ir/browse.php?a_code=A-10-1434-1&slc_lang=fa&sid=1,open access (license not stated),,,,,,0,web search
es-2015-castaneda-colombia-esmic-cadets,,Relationship between body composition and physical performance at the José María Córdova Military Cadet School [original: Relación entre la composición corporal y el rendimiento físico en la Escuela Militar de Cadetes José María Córdova],Spanish,https://revistacientificaesmic.com/index.php/esmic/article/view/26,https://revistacientificaesmic.com/index.php/esmic/article/download/26/471,open access (CC BY-NC-ND),reports/openaccess/es-2015-castaneda-colombia-esmic-cadets.pdf,0.7,14,yes,b2ffbc8e48f804d97b4e0ed0619ddcd154d56d59e74459944b57c98669b7e4cb,16,web search
es-2023-yanez-chile-infantry,,"Relationship between body composition, physical condition and operational capacity in Chilean military personnel [original: Relación entre la Composición Corporal, Condición Física y Capacidad Operativa en Militares Chilenos]",Spanish,http://www.scielo.cl/pdf/ijmorphol/v41n5/0717-9502-ijmorphol-41-05-1323.pdf,http://www.scielo.cl/pdf/ijmorphol/v41n5/0717-9502-ijmorphol-41-05-1323.pdf,open access (CC BY (SciELO Chile)),reports/openaccess/es-2023-yanez-chile-infantry.pdf,0.12,7,yes,a12695d0e56d69c81c25cf104185813bb99579c8920670e0ea302424b755072b,6,web search
kr-2018-kwon-smoking-obesity,,"Relationship between smoking characteristics and obesity among military personnel in Korea: smoking cessation clinic data 2009-2017 [original: 군인, 의경의 흡연 특성과 비만 간의 관련성: 2009~2017년 금연클리닉 참여 군인, 의경을 대상으로]",Korean,https://www.ekhep.or.kr/xml/17884/17884.pdf,https://www.ekhep.or.kr/xml/17884/17884.pdf,open access (open access),,,,,,0,web search
pt-2003-salem-brazil-army-women-hydrostatic,,Reliability of anthropometric variables and body composition by hydrostatic weighing in female military personnel of the Brazilian Army [original: Fidedignidade de variáveis antropométricas e da composição corporal pelo peso hidrostático de militares femininas do Exército Brasileiro],Portuguese,http://rbafs.org.br/RBAFS/article/download/869/1143,http://rbafs.org.br/RBAFS/article/download/869/1143,open access (open access (scanned)),reports/openaccess/pt-2003-salem-brazil-army-women-hydrostatic.pdf,4.33,7,no (scan),2e3184eba3491542a4e88b8499844fbc74887ec30cd8462dd7a1118bfc6e44a1,24,web search
ja-1989-kakimoto-jasdf-pilots,,Results of the 3rd anthropometric survey of pilots and others (1): The 3rd anthropometry of JASDF pilots [original: 操縦者等を対象にした第3次身体計測調査結果について (1)],Japanese,https://www.jstage.jst.go.jp/article/jje1965/25/Supplement/25_Supplement_68/_article/-char/ja/,https://www.jstage.jst.go.jp/article/jje1965/25/Supplement/25_Supplement_68/_pdf/-char/ja,open access (J-STAGE free access),reports/openaccess/ja-1989-kakimoto-jasdf-pilots.pdf,0.26,2,yes,f80c641d649660db63047a460b9fd4e0e757d0b9dba5dea9ed488f296cd7cf5a,0,web search
ja-1990-kakimoto-jasdf-anthropometry,,Results of the 3rd anthropometric survey of pilots and others (2): The 3rd anthropometry of JASDF men and women [original: 操縦者等を対象にした第3次身体計測調査結果について (2)],Japanese,https://www.jstage.jst.go.jp/article/jje1965/26/Supplement/26_Supplement_230/_article/-char/ja/,https://www.jstage.jst.go.jp/article/jje1965/26/Supplement/26_Supplement_230/_pdf/-char/ja,open access (J-STAGE free access (copyright Japan Ergonomics Society)),reports/openaccess/ja-1990-kakimoto-jasdf-anthropometry.pdf,0.29,2,yes,fe1a116c4d0db51d1f210c19dcee015236d31d3064c527f3be4202a5fd95810c,38,web search
lv-cederstrema-dissertation,,"Riga Stradiņš University dissertation (children's anthropometry) citing Latvian soldier studies [original: Rīgas Stradiņa universitāte, Anatomijas un antropoloģijas institūts – disertācija (Cederstrēma Z.)]",Latvian,https://www.rsu.lv/sites/default/files/dissertations/ZCederstrema_disertacija.pdf,https://www.rsu.lv/sites/default/files/dissertations/ZCederstrema_disertacija.pdf,open access (license not stated),,,,,,0,web search
pmc7663089-taiwan-af-academy-student-pilots,,Roles of Physiological Responses and Anthropometric Factors on the Gravitational Force Tolerance for Occupational Hypergravity Exposure,English,https://pmc.ncbi.nlm.nih.gov/articles/PMC7663089/,https://pmc.ncbi.nlm.nih.gov/articles/PMC7663089/,open access (CC BY 4.0),,,,,,8,web search
zh-2001-xia-pla-clothing-database,,"Sample composition of the ""Chinese military clothing anthropometric database"" [original: “中国军人服装用人体尺寸数据库”样本组成特点]",Chinese,https://www.cqvip.com/doc/journal/5044713,https://www.cqvip.com/doc/journal/5044713,publisher page (abstract only),,,,,,0,web search
th-2014-naiyapatana-conscripts-heat,,"Screening of risk factors, knowledge and awareness of heat-illness prevention in training of conscripts [original: การคัดกรองปัจจัยเสี่ยง การสำรวจความรู้ และความตระหนักในการป้องกันการเจ็บป่วยจากความร้อนจากการฝึกของทหารกองประจำการ]",Thai,https://he02.tci-thaijo.org/index.php/rtamedj/article/view/61151,https://he02.tci-thaijo.org/index.php/rtamedj/article/download/61151/50391,open access (ThaiJO free access),,,,,,0,web search
no-ssb-sa108-conscripts-session,,Self-reported height and weight of persons liable for conscription session (table SÅ 108) [original: Egenrapportert høyde og vekt for sesjonspliktige (SÅ 108)],Norwegian,https://www.ssb.no/376924/egenrapportert-hoyde-og-vekt-for-sesjonspliktige-sa-108,https://www.ssb.no/376924/egenrapportert-hoyde-og-vekt-for-sesjonspliktige-sa-108,open access (license not stated),,,,,,15,web search
es-2013-pachon-colombia-esmic-cadets-smoking,,Smoking habit and anthropometric profile of students of the 'General José María Córdova' Military Cadet School [original: Hábito tabáquico y perfil antropométrico de los estudiantes de la Escuela Militar de Cadetes 'General José María Córdova'],Spanish,https://www.redalyc.org/articulo.oa?id=476248924012,https://www.redalyc.org/pdf/4762/476248924012.pdf,open access (CC BY-NC-ND),reports/openaccess/es-2013-pachon-colombia-esmic-cadets-smoking.pdf,0.71,12,yes,8742c6326b2b202515bad30182ea41e0ce6089865750f529ee5416e03cdd5842,8,web search
vn-2024-bui-military-pilots-mets,,Some characteristics of metabolic syndrome and related factors in military pilots undergoing health assessment at the Air Defence - Air Force Medical Institute [original: Một số đặc điểm của hội chứng chuyển hóa và các yếu tố liên quan ở phi công quân sự giám định sức khỏe tại Viện Y học Phòng không - Không quân],Vietnamese,https://yhqs.vn/tcyhqs/article/view/502,https://yhqs.vn/tcyhqs/article/download/502/328,open access (free access (journal site)),reports/openaccess/vn-2024-bui-military-pilots-mets.pdf,0.3,6,yes,812645cb2208348f2bc7769bd3dcfbc61678da0dd30fb64339076898c54105ba,20,web search
lt-2015-sporto-mokslas-rowers,,Sports Science 2015 article on elite rowers [original: Sporto mokslas 2015 Nr. 3(81) article on elite rowers],Lithuanian,https://portalcris.vdu.lt/server/api/core/bitstreams/2a2dcd36-1a0f-4f52-ad15-2398e41737fb/content,https://portalcris.vdu.lt/server/api/core/bitstreams/2a2dcd36-1a0f-4f52-ad15-2398e41737fb/content,open access (license not stated),,,,,,0,web search
zh-2003-guo-male-pilots-standing,,Standing linear anthropometric dimensions of Chinese male pilots [original: 中国男性飞行员立姿人体测量线性项目尺寸],Chinese,https://www.cqvip.com/doc/journal/7484646,https://www.cqvip.com/doc/journal/7484646,publisher page (abstract only),,,,,,0,web search
dk-2025-forsvarets-dag-statistics,,"Statistical information from Forsvarets Dag (conscription day) / session, October 2025 [original: Statistiske oplysninger fra Forsvarets Dag/session (oktober 2025)]",Danish,https://www.forsvaret.dk/globalassets/fps/dokumenter/2025/-statistik-fra-forsvarets-dag-okt2025-.pdf,https://www.forsvaret.dk/globalassets/fps/dokumenter/2025/-statistik-fra-forsvarets-dag-okt2025-.pdf,open access (license not stated),reports/openaccess/dk-2025-forsvarets-dag-statistics.pdf,1.73,20,yes,3eb170c63742b67bc9e5ca08de32009613903e3a5d4b14fb8905ac45ea0c3995,87,web search
cz-2015-kinkorova-military-students,,Status of anthropometric parameters and body composition of students of the Military Department at Charles University FTVS in Prague [original: Stav antropometrických parametrů a tělesného složení u studentů Vojenského oboru UK FTVS v Praze],Czech,https://journals.muni.cz/studiasportiva/article/view/7525,https://journals.muni.cz/studiasportiva/article/download/7525/6789,open access (open access (Masaryk University journal)),reports/openaccess/cz-2015-kinkorova-military-students.pdf,0.24,11,yes,306636562d4d6087a71c7d4cdee026481dec0ba861c1ea7fc4bea5a8e2717dcd,14,web search
th-2025-sakboonyarat-rta-ncd,,Status of risk factors for noncommunicable diseases among Royal Thai Army personnel [original: สถานะของปัจจัยเสี่ยงต่อการเกิดโรคไม่ติดต่อในกำลังพลกองทัพบก],Thai,https://he02.tci-thaijo.org/index.php/rtamedj/article/view/277038,https://he02.tci-thaijo.org/index.php/rtamedj/article/download/277038/188516,open access (ThaiJO free access),,,,,,0,web search
lt-2007-cesnaviciene-conscripts,,Study of the lifestyle of compulsory military service soldiers [original: Privalomosios karinės tarnybos karių gyvensenos tyrimas],Lithuanian,https://portalcris.lsmuni.lt/server/api/core/bitstreams/956a5a42-079e-4842-bdf0-2f40b578114a/content,https://portalcris.lsmuni.lt/server/api/core/bitstreams/956a5a42-079e-4842-bdf0-2f40b578114a/content,open access (license not stated),reports/openaccess/lt-2007-cesnaviciene-conscripts.pdf,0.57,62,yes,e265274d39e47c53f7bfa530b4a62988609cbd1ebbb07541779d9e2e4a72ba55,3,web search
pmc4592759-iran-recruits-mtss,,Studying the Relation Between Medial Tibial Stress Syndrome and Anatomic and Anthropometric Characteristics of Military Male Personnel,English,https://pmc.ncbi.nlm.nih.gov/articles/PMC4592759/,https://pmc.ncbi.nlm.nih.gov/articles/PMC4592759/,open access (license not stated),,,,,,0,web search
tw-2018-shih-pasgt-helmet,,Subjective satisfaction with the current ROC military PASGT helmet [original: 國軍現行PASGT軍用頭盔之主觀滿意度探討],Chinese,https://www.mnd.gov.tw/NewUpload/201805/%E7%9F%B3%E8%A3%95%E5%B7%9D%E3%80%81%E7%9F%B3%E7%A9%8E%E6%B5%A9_061144.pdf,https://www.mnd.gov.tw/NewUpload/201805/%E7%9F%B3%E8%A3%95%E5%B7%9D%E3%80%81%E7%9F%B3%E7%A9%8E%E6%B5%A9_061144.pdf,open access (MND Taiwan public website),reports/openaccess/tw-2018-shih-pasgt-helmet.pdf,2.36,20,yes,26619ca1acd9274e7d9540a7aeb83bc69e44445cc7ca561c17f7aa67a5af801e,8,web search
nl-tno-dtic-3d-scan-reports,,"TNO Defence and Security reports on 3D body scanning and clothing sizing [original: TNO Defensie en Veiligheid reports on 3D body scanning / clothing sizing (DTIC ADA494086, ADA455764, ADA218053)]",Dutch,https://apps.dtic.mil/sti/tr/pdf/ADA494086.pdf,https://apps.dtic.mil/sti/tr/pdf/ADA494086.pdf,open access (license not stated),,,,,,0,web search
pmc10625793-saudi-medical-officers,,The Impact of a 10-Week Military Training Course on Saudi Medical Recruits' Fitness and Physical Activity Levels,English,https://pmc.ncbi.nlm.nih.gov/articles/PMC10625793/,https://pmc.ncbi.nlm.nih.gov/articles/PMC10625793/,publisher page (abstract only),,,,,,0,web search
tr-2017-kaya-ozok-anthropometry-review,,The importance of anthropometry in design [original: Tasarımda Antropometrinin Önemi],Turkish,https://dergipark.org.tr/tr/download/article-file/303440,https://dergipark.org.tr/tr/download/article-file/303440,open access (license not stated),,,,,,0,web search
cz-2018-pravdova-preventive-care,,The system of preventive and enhanced preventive medical care in the Army of the Czech Republic [original: Program preventivní a rozšířené preventivní péče v podmínkách Armády České republiky],Czech,http://mmsl.cz/pdfs/mms/2018/03/05.pdf,http://mmsl.cz/pdfs/mms/2018/03/05.pdf,open access (open access (MMSL)),reports/openaccess/cz-2018-pravdova-preventive-care.pdf,0.5,5,yes,220b536effe054da59d8fb82d6c81e67cf7807a8db3133d2c6d05d217534e53d,0,web search
nl-1993-ellens-tall-soldier,,The tall Dutch soldier squeezed [original: De lange Nederlandse militair in de verdrukking],Dutch,https://publications.tno.nl/publication/34641090/BzaWjW/ellens-1993-lange.pdf,https://publications.tno.nl/publication/34641090/BzaWjW/ellens-1993-lange.pdf,open access (license not stated),reports/openaccess/nl-1993-ellens-tall-soldier.pdf,2.81,7,yes,884a888dd68849313afb6951f1d14e16c4615f5a8df8303aa5c23635762ae1ae,0,web search
ch-2020-matthes-gewicht-der-schweiz,,The weight of Switzerland. A quantitative synthesis study on BMI and waist circumference and associated cofactors in adult men and women in Switzerland [original: Das Gewicht der Schweiz. Eine quantitative Synthesestudie zum Body Mass Index und Bauchumfang sowie den damit verbundenen Kofaktoren bei erwachsenen Männern und Frauen in der Schweiz],German,https://www.bag.admin.ch/dam/fr/sd-web/AFCHHUqnla-K/schlussbericht-bmi.pdf,https://www.bag.admin.ch/dam/fr/sd-web/AFCHHUqnla-K/schlussbericht-bmi.pdf,open access (license not stated),reports/openaccess/ch-2020-matthes-gewicht-der-schweiz.pdf,1.75,39,yes,0fb18fbd56bbadb768c13813abfbda1dbb174b338e9f0c0e7e0f276a8341664d,18,web search
pmc13374411-swiss-conscripts-2006-2024,,"Trends in physical fitness performance and body mass index of Swiss military conscripts, 2006–2024: a cross-sectional study",English,https://pmc.ncbi.nlm.nih.gov/articles/PMC13374411/,https://pmc.ncbi.nlm.nih.gov/articles/PMC13374411/,open access (CC BY-NC 4.0),,,,,,0,web search
