Random ID,M01_Cervicale_Height_(mm),M03_Acromion_Height_(mm),M04_Suprasternale_Height_(mm),M07_Iliocristale_Height_(mm),M08_Crotch_Height_(mm),"M09_Eye_Height,_Sitting_(mm)","M10_Acromion_Height,_Sitting_(mm)","M11_Elbow_Rest_Height,_Sitting_(mm)",M12_Thigh_Clearance_(mm),"M13_Knee_Height,_Sitting_(mm)",M14_Popliteal_Height_(mm),M15_Interpupillary_Breadth_(mm),M16_Bizygomatic_Breadth_(mm),M18_Bideltoid_Breadth_(mm),M19_Chest_Breadth_(mm),M20_Chest_Depth_(mm),M21_Bicristale_Breadth_(mm),M22_Forearm-Forearm_Breadth_(mm),"M23_Abdominal_Extension_Depth,_Sitting_(mm)","M24_Hip_Breadth,_Sitting_(mm)",M25_Buttock-Knee_Length_(mm),M26_Buttock-Popliteal_Length_(mm),"M27_Foot_Breadth,_Horizontal_(mm)",M28_Head_Circumference_(mm),"M29_Neck_Circumference,_Base_(mm)",M30_Shoulder_Length_(mm),"M31_Biceps_Circumference,_Flexed_(mm)","M32_Forearm_Circumference,_Flexed_(mm)",M33_Chest_Circumference_(mm),M34_Chest_Circumference_Below_Breast_(mm),M35_Waist_Circumference_(Omphalion)_(mm),M36_Buttock_Circumference_(mm),M37_Thumbtip_Reach_(mm),M38_Stature_(mm),M39_Sitting_Height_(mm),M40_Weight_(kg),M41_Head_Breadth_(mm),M42_Head_Length_(mm),M43_Menton-Sellion_Length_(mm),M44_Bitragion_Submandibular_Arc_(mm),M45_Neck_Circumference_(mm),M46_Nape-Bustpoint_Thelion_Length_(mm),M47_Nape-Waist_over_Bust_(mm),M48_Biacromial_Breadth_(mm),M49_Scye_Depth_(mm),M50_Back_Width_(mm),M51_Back_Length_(mm),M52_Nape-Waist_Centre_Back_(mm),M53_Vertical_Trunk_Circumference_(Wide)_(mm),M54_Crotch_Length_(Omphalion)_(mm),M55_Waist_Circumference_Preferred_(mm),M56_Maximum_Hip_Circumference_(mm),M57_Waist-Hip_Distance_(mm),M58_High_Hip_(mm),M59_Hip_(mm),M60_Acromion-Radiale_Length_(mm),M61_Radiale-Stylion_Length_(mm),M62_Sleeve_Outseam_(mm),M63_Wrist_Circumference_(mm),M64_Hand_Circumference_(mm),M65_Hand_Breadth_(mm),M66_Hand_Length_(mm),M67_Thigh_Circumference_(mm),M68_Knee_Circumference_(mm),M69_Calf_Circumference_(mm),M70_Ankle_Circumference_(mm),M71_Foot_Length_(mm),M72_Ball_of_Foot_Length_(mm),M73_Seat_Angle_(°),M74_Outside_Leg_Length_(mm),M75_Chest_Level_(mm),M76_Bust_Level_(mm),M77_Waist_Level_Centre_Front_(mm),M78_Hip_Level_(female)_(mm),M79_Waist_Level_Centre_Back_(mm),M80_Seat_Level_(mm),M81_Trochanteric_Height_(mm),M82_Hip_Level_(male)_(mm),M83_Knee_Level_(mm),M84_Ankle_Height_(mm),M85_Torso_Length_(mm),M86_Hand_Depth_(mm),M87_Wrist-Centre_Thumbtip_Distance_(mm),M88_Wrist-Centre_Grip_Distance_(mm),M89_Ear_Length_(mm),M90_Overhead_Fingertip_Reach_(mm),M91_Index_Finger_Breadth_Distal_(mm)
1,1522,1444,1448,1092,854,818.5,615.5,250,174,559,435,62.1,138,469,309,239,243,508,236,335,606,489,102,588,432,144,399,313,1007,NODATA,888,943,899,1798.5,949,79.3,166.1,201,131.7,302.5,410.8,380.4,671.7,400.4,189.7,345.5,432.6,525.7,1783.4,776.6,902,969.3,108.3,NODATA,957.4,331.6,272.2,621.4,180.3,212.9,87.2,192.2,593,374.6,377.7,218.6,272,198.2800373369725,25.571582320795425,939.0999999999999,1307.6,NODATA,938.4,NODATA,1020.3,915.6,939.8,830.8,520.7,68.1,379.3000000000002,57.5,115.5,83.10000000000001,65.7,2264,18
2,1477,1404,1408,1017,819,776,568,209,187,529,389,60.9,144.70000000000002,527,344,282,308,623,321,409,620,488,100.8,572,425,150,392,325,1108,NODATA,1104.5,1055.5,740,1769,939,98.2,165.1,196.5,123.8,319,425.6,382.2,647.6,395.1,221.6,369,505.9,535.9,1855.4,824.7,1070,1128,89.1,NODATA,1120.2,321.9,244.4,574.9,178.8,208.2,87.9,178.7,677.9,410.2,409.4,241.3,267,189.9416352049093,20.88876303387782,924.8000000000001,1272.9,NODATA,923.7,NODATA,1010.7,899.6,946.7,835.7,494.7,81.1,411.4000000000001,53.9,117.89999999999999,77.5,68.10000000000001,2193,20.5
3,1449.5,1390.5,1386.0000000000002,1048,831.9999999999999,778.0000000000001,565,197,172,544,422,61.5,137.4,470,283,225,266,513,221,352,581,459,100,578,428,146,335,286,923,NODATA,786,927,730,1728,914,68.6,162.8,201.6,110.5,289.6,374.5,360.8,629.2,395.5,186.4,330.7,421.8,495.5,1695.6,780.3,827,945,124.8,NODATA,966.3,310.6,259.4,575.1,168,194.2,83.1,186.4,545.2,382.5,359.9,210.1,274.5,196.27788944049166,25.365082319585216,967.1999999999999,1232.4,NODATA,965,NODATA,971.9,867.7,899.8,842.4,486.7,61.3,352.70000000000005,51.7,118,76.6,67.8,2185,16.1
4,1579,1504,1493,1111,895,811,620,255,198,576,445,62.199999999999996,146.4,542,348,261,302,644,248.5,405,631.5,493,104.94999999999999,587,454.00000000000006,144,393,340,1098,NODATA,935,1077,805,1842,971,102.95,169,207.2,126,327.5,422.6,385.5,652.5,437.6,228.5,369.9,481.8,528.5,1831.8,888.1,981.4,1113.6,159,NODATA,1114.7,337.4,276.9,629.8,195.2,219.9,92.9,196.1,709.9,453.3,439.3,254.2,276.7,212.64081497116644,22.416577592318628,1029.2,1344.8,NODATA,1027.8,NODATA,1079.2,936.9,946.2,870.2,528.6,83.4,403.89999999999986,55.599999999999994,125.19999999999999,84.1,65.7,2330,18.400000000000002
5,1555,1474,1461,1136,920,805,574,183,173,582,468,66.10000000000001,144,486,314.5,243,275.5,545,223,341,631,516,105,567,437,146,346,291,989,NODATA,826,940,785,1827,917,74.7,169.7,190.10000000000002,133.1,319,394.4,351.6,637.1,412.9,201.6,356.4,458.1,524.8,1730.3,764.1,869.5,953,70.3,NODATA,943.4,345.7,284.3,638.3,193.2,223.2,92.6,193.2,561,385.3,400.3,228,282.2,209.25610465389275,14.287484039225419,1026.1,1345.4,NODATA,1025.8,NODATA,1067.3,960.1,968.1,955.8,540.9,70.5,350.70000000000005,52,101,68.5,62,2455,19.099999999999998
6,1447,1379,1366,1043,831,764,576,217,193,542,411,58,146.5,494,338,261,292,552,266,404,594,481,97,578.5,423,142,353,305,1036,NODATA,971.5,1084,780,1694,889,84.65,165.2,200,128.9,345.8,406.4,358.3,589.5,399.8,200.1,350.7,428.9,487.6,1728,794.2,1004.5,1109.1,144.8,NODATA,1072.5,315.9,254.1,576.7,189,215.2,88.8,190.8,667.4,413.7,409.2,238.6,255.9,187.31296069964864,28.834675402870296,934.2,1218,NODATA,932.8,NODATA,995.7,876,921.9,789.4,484.8,89.9,332.5999999999999,57.300000000000004,126.7,85.3,74.6,2140,18.700000000000003
7,1457,1402,1353.9999999999998,1051,837,785,562,201,136,540,429,71,141,456,277,195,287,483,199,334,572,468,97,585,410,147,276,255,892,NODATA,795,882,805,1713,892,59.6,162.2,201.6,136.3,301.4,360.3,342,559.3,372.7,198.3,359.1,452.6,512,1628.5,695.8,834.3,906.2,149.3,NODATA,912.6,338.5,257.6,603.8,167.4,203.5,84.8,198.7,514.6,369,335,199.2,266.3,195.35708493900339,15.09919740458216,994.5,1204.8,NODATA,993.1,NODATA,996.6,862.8,901.6,845.2,503.9,72.8,316.9000000000001,50.5,115,64.7,63.3,2130,17.5
8,1647,1555,1552.5,1174.5,953.5,851.5,644.5,257,185,593,456,70.19999999999999,144.60000000000002,521,364,261,289,628,297.8,382,658,533,96,572,440,169,350,297,1120,NODATA,1078,1072,NODATA,1891.5,977,101.6,164.2,191,121.5,356.3,434.2,424.6,707.4,441.3,218.6,369.2,503.4,575.1,1861,764.8,1112.2,1087.5,50.4,NODATA,1083.3,366.1,281,656.0999999999999,186.9,205.2,86.9,189.8,NODATA,415.7,402.5,227.5,274,209.98987723406296,23.127926397145423,1035.5,1378.6,NODATA,1035,NODATA,1110.7,1003,984.8,985.1,533.8,85,403,50.599999999999994,110.7,78.2,72.2,NODATA,17.5
9,1531,1478,1462,1121,899,801.5,601,226,178.5,586,444,65.4,141.7,501,341,282,288,579,239,395,611,479,109.9,575,459,144,355,319,1043,NODATA,914,1028,830,1802,928,87.85,165.5,196,111.9,299.2,397.2,396.2,617.7,420.1,219.5,382.3,428.4,472.5,1703.9,726.5,932.2,1071.3,191.3,NODATA,1037.4,340.9,267,614.1,191.8,224.5,95.1,208.1,643,409.7,422.5,246.7,279.2,208.8973342630507,23.523931375782606,1029.6,1295.2,NODATA,1026.6,NODATA,1085.7,928.8,954.7,838.3,523.1,77,350.70000000000005,54.5,119.39999999999999,75.1,66.39999999999999,2300,18.400000000000002
10,1469,1394,1406,1054,841,758,566,197,177,544,412,56.4,142,485,339,249,296,533,279.5,361.5,604.5,490.5,99.1,566,389,146,330,291,1027,NODATA,993,987,780,1716,876,76.55,160.7,197,113,303.1,383.9,357,609,398.2,193.1,363.2,435.6,493.9,1732.7,806,1010.7,1024.1,16.4,NODATA,995.1,330.2,262.9,600.3,172.9,203.1,82.8,190.1,561.8,389,358.6,214.7,261.8,185.69104512704644,15.795236955341217,945.1,1258.7,NODATA,945.3,NODATA,1009.8,858.5,908.8,928.7,495,65.9,357.5999999999999,52.800000000000004,127.8,86.7,72.4,2155,17.5
11,1532,1458.9999999999998,1451.5,1100,897,806,581,214,173,563,440,66.9,142.10000000000002,510,332,291,303,605,268,388,548,NODATA,102.8,570,450,144,409,327,1083,NODATA,989,1038,782.5,1799,940,91.2,160.4,199,121.7,304.2,426.4,414.7,647.5,415.3,217.5,384.5,473.5,524,1774.6,805.4,989.9,1064.8,105.3,NODATA,1046.2,341.1,276.9,630.3,181,217.9,93,190.9,638,400.7,387.9,218.3,259.3,195.1453658961966,23.03702581948862,964.5,1273.2,NODATA,963.8,NODATA,1050.9,935.2,949,859.2,493.5,77.7,361.9000000000001,48,109.5,79.4,69.4,2280,16.9
12,1581,1517,1516,1130,921,829,598,204,212,599,439,69,148.1,551,354,282,311,627,282,425,657,505,113,609,486,148,385,342,1148,NODATA,1055,1149,885,1861,961,107.55,164.6,215.95,136.8,350.9,440.6,412.8,690.2,430.8,201.6,430.3,462.1,519.5,1832.3,770,1073.4,1168.6,79.8,NODATA,1179,354.4,281.4,649.0999999999999,206.1,241.6,100.9,214.1,708.4,433.6,443.5,250.8,288,208.1803542295616,22.35554247920891,1032.2,1356.2,NODATA,1031.8,NODATA,1087.1,969.9,989.5,952.4,548.1,81.3,393.60000000000014,61.1,126.25,79.1,71.39999999999999,2372.5,21.099999999999998
13,1524,1475,1438,1078,899,776,604,253,191,571,442,65,143.3,506,357.5,271,325.99999999999994,578,308.5,410,658,540,91.6,554,473,127,350,300,1085,NODATA,1098,1092,800,1761,888,88.05,157,187,116.2,317.8,434.9,401.7,679.7,372.1,191.4,378.8,473,529.3,1777.7,744.6,1123.1,1114.7,49.3,NODATA,1113,328,266.2,602.2,171.7,201.4,85.7,190,643.4,391.4,352.7,213.8,260.8,190.0814184572543,30.04329411693708,941.5,1296.6,NODATA,941.5,NODATA,1027.7,947.3,931.3,892.2,524.5,81.4,363.20000000000005,53.6,109.5,81.6,70.7,2223,18.799999999999997
14,1537,1455,1458,1101,NODATA,778,566,184,159,559,443.49999999999994,63.75,144.60000000000002,498,291.5,262,251,534,244,356,618,500,105.5,579,421,162,335,304,985,NODATA,782,920,805,1802,922,75.45,165.9,202.8,124.8,300.2,384.2,352.3,586.5,412.2,201.5,335.4,449.6,467.8,1710,779.7,820.4,961.1,127.8,NODATA,955.6,349.2,279.5,636.3,198.4,217,91.4,183,560.9,392,372.5,243,286.9,214.70861390751597,21.944074876125395,1059.1,1326.8,NODATA,1057.8,NODATA,1101.6,942.5,973.7,931.3,516.9,79,367.60000000000014,55.300000000000004,112.6,73.8,60.9,2330,17.2
15,1516,1475.5,1440,1065.5,874.4999999999999,822,649.5,290.5,165,552,445,63,131.5,465,314,217,269,528,208,367,575,473,104.5,597,414,123,311,297,909,NODATA,816,945,794,1760,925,69.55,165,210.39999999999998,135.2,304.2,386.3,344.5,648.3,382.2,192.4,312.9,465.8,540.8,1766.9,728.5,863.7,978.8,134.6,NODATA,941.8,330.8,277.1,618.4,186.7,201.7,84.7,187.2,562.9,361,354.3,212.3,270.6,196.51417007323641,20.573501026755313,933,1303,NODATA,932.2,NODATA,1003,895.1,914.1,798.4,492.5,83.2,391.20000000000005,50.599999999999994,115.60000000000001,81.89999999999999,64.2,2268,18.3
16,1443,1359,1361,993,796,751,544,204,158,503.5,379.00000000000006,62.400000000000006,133.2,489,321,238,263,636,222,372,588,475,98.3,544,414,160,352,303,990,NODATA,909,1001,837,1715,924,75.75,152.8,186,117.4,284.3,371.5,375.8,629.1,413.8,215.2,358.8,466.9,532.6,1750.4,772.9,940.8,1032.6,114.6,NODATA,1027.8,319.8,252.8,577.2,185.4,207.9,87.1,191.5,604.9,393.9,381.3,229.7,268,191.6577397687817,25.674514923717414,919.5,1208.1,NODATA,918.4,NODATA,961.5,844.8,857,804.9,472.7,71.8,370.0999999999999,52.800000000000004,120.19999999999999,80.19999999999999,57.699999999999996,2181,17.6
17,1518,1425,1435,1042,868,815,601,225,178,554,445,65.1,141,499,316,231,273,559,231,363,579,468,95,582,454,169.5,354.5,297,983.0000000000001,NODATA,887.5,962.5,877,1779,927,78.65,164.7,199.3,116.2,322.7,409.8,370.9,664.2,437.1,197,360.8,488.6,548,1751.7,787,900.7,997.2,141,NODATA,989.3,331.3,265.7,602.4,171.5,207.3,88.9,199.8,602.3,376.3,391.3,215.5,267.8,191.36386369164845,19.570976862610085,954.3,1278.1,NODATA,952.2,NODATA,990.7,885.5,890.8,813.3,493.7,75.5,414.89999999999986,51.5,114.9,75.3,72.69999999999999,2247,17.3
18,1456,1387,1385,1038,854,800,564,214,171.5,537,434,62.85,136.20000000000002,464.5,307,252,256,517,256,367,589,467,103,571,420,137,357,302,1003,NODATA,861,979,835,1699.5,878,77.35,160.2,205,132.7,318,384.5,393.6,627.3,394.8,200.6,379.5,419.7,491.9,1638.1,750.3,872.5,986.9,127.1,NODATA,1011.6,309.8,249.7,564.9,180.5,204,85.5,185.8,617.3,405.2,392,234.2,253.3,187.94150289199047,25.93759227171539,954.4,1202.7,NODATA,952.7,NODATA,973.4,866.9,914,827.3,490.9,67.9,350.29999999999995,51.7,116.19999999999999,78.8,57.400000000000006,2156,17.3
19,1587,1502,1501,1124,922,835,626,225,200,575,442,71,156.7,508,318,264,321.50000000000006,575,254.5,398,622,498,100,598,457,164,355,326,1058,NODATA,978,1092,858,1851,985.5,95.8,165.9,210,125.7,327.4,410.8,389,685.6,429.9,211.2,377,462.2,555.1,1803.9,851,1012.6,1084.5,143.9,NODATA,1071.6,358.9,291.3,656.7,202.8,219.7,92.8,197.9,656.1,422.8,416.6,244.7,283.2,208.8218802697918,26.474572326882363,1020.5,1349.9,NODATA,1020.8,NODATA,1057.1,955.7,958.2,876.6,515.6,83.5,401.5,51.5,129.1,90,68.89999999999999,2364,17.3
20,1490.5,1430.5,1422,1059.5,867.5,783,599.5,233.5,198,532,396,66.9,140.39999999999998,529,390,282,329,653,338,416,646,524,98,564,437,154,377,286,1157,NODATA,1176,1117,765,1733,911,99.9,162.1,188,123.5,321.3,418.6,401.7,671.5,401.9,227.4,383.4,457.3,531,1831.3,773.7,1182.3,1135.6,50.3,NODATA,1133.5,336.3,253.8,595.8,180.5,211.5,89.5,195.5,694.3,418.8,391.4,222,268,199.90930667955035,23.696136546368813,919.0999999999999,1252.7,NODATA,918,NODATA,991.8,883.8,913.5,868.8,468.9,55.7,376.20000000000005,59.699999999999996,114.80000000000001,75.1,77.69999999999999,2227,18.400000000000002
21,1497,1445,1412,1066,836,791,614,255,215,557,393,57,145.2,549,378,314,354,641,307,474,663,512,103,574,474,140,423,333,1201,NODATA,1193,1224,775,1728,925,114.4,163.9,195.5,118.3,348.7,464.2,413.2,641.3,399.3,205.9,378.8,466.4,514.2,1871.1,790.3,1222.3,1245.7,67.4,NODATA,1245.7,320.3,266.9,592.4000000000001,182.9,205.9,87.7,176.7,NODATA,455.2,446.9,251.7,266,197.88926587327973,22.092715461896404,925,1238.9,NODATA,924.4,NODATA,1022.3,893.7,925.2,857.6,480.6,72.3,358.3000000000002,55.4,111.95,81.55,60.150000000000006,2165,17.15
22,1508,1440,1420,1032,835,793,597,233,188.5,536,416.5,63.900000000000006,144.25,485,308,248,287,525,259,372,606,479,104,574,429,150,342,305,1001,NODATA,891,997,820,1757,923,83.5,165.2,198.70000000000002,118.6,289,385.7,373.4,672.7,400.8,198.3,364.5,473.3,545.1,1759.3,786.1,909.8,1040.7,155.2,NODATA,1022,322.7,272.6,597,200.7,218.5,88.9,174.3,649.7,413.1,393.9,249.4,271.4,201.05442036175776,20.964306854996543,966.3,1274.2,NODATA,964.8,NODATA,982.3,882.6,853.7,811.1,486.9,72.4,401.70000000000005,56.7,107.4,68.8,59.400000000000006,2235,16.9
23,1493.9999999999998,1410,1396,1061.5,817,783,590,215.49999999999997,167,552,428,72,149,533,356,278,327,609,268,388,598,485,98,570,425,168,366,283,1093,NODATA,1005,1012,815,1745.5,921,87.55,169.1,194,133.7,312.6,403.5,451.8,608.5,447.7,223.3,391.8,484.3,502.1,1798.1,756.5,1051.6,1042.2,97.1,NODATA,1026.9,332.6,269.1,613.2,168.9,205.4,86.1,183.6,628.2,382.6,390.3,218.9,261.5,197.80826822208928,22.74493057099272,991.4,1201.4,NODATA,990.3,NODATA,1049.5,867.5,906.9,894.3,479.3,68.7,347.20000000000005,46.2,97.2,75,61.3,2225,14.399999999999999
24,1530,1438,1440,1015,878,807,601,218,167,547,433,59.35000000000001,135.04999999999998,495,334,277,291,531,291,363,607,487,105,561,421,149,346,310,1079,NODATA,948,972,745,1784,938,82.1,158.8,196,125.9,309,395.9,375.7,704.9,402.7,221.7,405.6,512.5,582.4,1803.4,824.8,953,1018.8,110,NODATA,1013.4,338.7,266,615.0999999999999,194.5,224.2,91.3,193.9,577.9,384.2,350.9,211.5,272.3,201.9811143850743,23.63309292838946,933.4,1285.5,NODATA,930.3,NODATA,964,883.1,913,823.4,496,69.5,434.5,58,114,76,68.4,2264,20.299999999999997
25,1517,1438,1436,1087,900,811,578,207,175,555,434,63,137.10000000000002,479,301,236,262,551,223,374,611,492,111.4,565,425,139,352,302,946,NODATA,822,973,840,1771,930,77.65,160.4,195.2,124.4,284.7,397.9,377.8,599,400.9,224.6,363.3,442.8,500.3,1690.4,806.8,872.9,1000,198.7,NODATA,988.7,330.6,270.7,609.3,190.1,226.6,95.9,204.6,601.8,387.3,372.7,221.6,280.4,200.56373010178314,20.854458039578354,1013.9000000000001,1258.7,NODATA,1012.1,NODATA,1042.5,908.1,936.8,815.2,497.2,69.9,348.60000000000014,53.6,118.2,81.85000000000001,63.849999999999994,2247,19.55
26,1643,1565,1568,1170,952,877,635,230,164,604,484,67,132.7,480,296,226.5,270.5,530.5,205,372.5,631.5,508.49999999999994,97,575,432,142,351,307,972,NODATA,806,952,885,1925,1010.5,76.5,149.2,198.5,137.1,297.2,369.6,382.3,642.2,397.8,209.8,329.5,488.1,525.6,1798,747.4,825.7,969.8,211.7,NODATA,982.7,363,281.4,655.7,185.7,207.1,87.7,192.9,563,376.5,364.7,216.1,282.9,206.73841015844238,18.6942039744234,1122.6,1390.1,NODATA,1120.9,NODATA,1138.2,972.7,1004.8,910.9,549.1,79.7,415.10000000000014,55.099999999999994,121.89999999999999,82.4,65.6,2395,18.2
27,1607,1532,1526,1137,927,866,650,276,175,587,454,65.5,140.8,532,328,266,291,640,243,396,663,542,100.39999999999999,576,417,140,412,327,1097,NODATA,905,1071,790,1860,971,95.05,155.8,203.35000000000002,139.5,347.1,381.8,380.9,643.7,416,221.8,389.1,483.2,511.4,1855.8,787,915.3,1088.6,105.5,NODATA,1085.2,352.2,271.1,637.2,187.6,198.5,83,195.7,644.8,422.7,413.9,243.1,276.8,210.65939888495944,23.617207854137813,1048.1,1351.3,NODATA,1047,NODATA,1102.9,954.7,1001.8,942.6,536.1,71.8,402.5,60.05,125,87,61.099999999999994,2340,18.55
28,1620,1512,1515,1128,911,868.5,625,250,175,583.5,455,68.60000000000001,143.7,487.5,320.5,228.5,277.75,509,211.5,369.00000000000006,620,505,99,604,465,156,338,286,952,NODATA,826,969,905,1876,988.9999999999998,79.9,166.3,208,121.3,306,403.7,382.6,663,431.5,209.1,358.3,475.8,539.6,1769.8,763.6,865.2,1005.1,124,NODATA,1014.5,345.3,277.6,627.4,176.2,213.6,87.5,199.8,583.4,405.5,383.4,238.3,295.5,216.41577131047836,25.173855710178373,1053.9,1355.2,NODATA,1053.2,NODATA,1079,937.3,998.5,929.9,525.8,74.3,385.5999999999999,50,118,79.1,67.6,2360,17.3
29,1622,1539,1541,1162,924,837,612,220,173.5,594.5,468,63.2,134.14999999999998,491,323,269,272,572,247,397,644,509,109.1,582,444,164,345,298,1038,NODATA,891,1043,880,1903,984,90.2,160.2,207.3,126.6,332.9,420.3,401.3,695.5,433.5,237.9,351.7,476.7,567.4,1806.1,807.8,942.7,1062.5,91.9,NODATA,1077.6,350.1,295.3,656.8,186.2,220,91.2,213.3,632.3,403.4,417.6,253.2,302.1,215.99830725210714,19.23836695738611,1022,1373.3,NODATA,1021.9,NODATA,1086.4,962.9,1003.3,930.1,541.1,77.4,395.29999999999995,55.9,129.1,92.8,71.10000000000001,2415,15.2
30,1429,1341,1351,982,781,791,580,244,167,516,424,60.74999999999999,126.8,484.00000000000006,305,258,299.5,525.5,306,404,596,499,103,571,408,164,328,292,1042,NODATA,1069,1098,695,1660,902.5,85.9,156.6,202.60000000000002,131,311.5,423.6,366.7,604.2,404.4,224.5,353.6,476.4,522.9,1750.1,738.2,1107,1120.5,76.3,NODATA,1120.3,306,248.9,564.6,189.4,209.5,83.8,183.3,615,397.5,373.6,222.2,259.5,196.37491370769732,20.266993564949605,896.9,1175.8,NODATA,897.3,NODATA,948.9,829.2,883.2,820.6,459.7,77.4,380.29999999999995,49.699999999999996,104.5,76,58.2,2120,14.6
31,1520.5,1457.5,1430.5,1072,856.5,818.0000000000001,621.5,253.5,180,553,415,64.1,133.7,540,404,281,313,640,272,406,637,491,101.5,576,430,151,370,300,1158,NODATA,985,1074,760.5,1766,940,89.7,156.7,197,128.2,316.4,416.6,400,695.2,398.1,223.1,395.7,477.1,568.7,1798.7,795.6,1013,1108.5,130,NODATA,1092.6,344.1,258,613.0999999999999,191.7,222.3,92.4,198.5,644.6,392.7,392.9,230.3,258.8,187.66254806791324,27.737691693283857,970.5,1260.9,NODATA,966.2,NODATA,988.1,908.8,903.1,840.5,483.7,73.1,381,53.4,104,68.2,68,2230,16.5
32,1512,1448,1423,1044,819,810,614,261,190,554,431,58.5,138.5,460,308,253,297,538,241.5,395,595,470,108,567,413,142,322,304,987,NODATA,895,1029,745,1765,949,84,163.6,193.6,119.5,300.3,372.6,352.6,600.5,377.5,219.4,332.5,485.6,501.3,1769.7,801.5,917.9,1062.4,168.4,NODATA,1065.9,320.4,264.1,593.9,197.9,223.6,94.3,195.6,683.2,416.9,415.5,250.1,280.7,203.92868701928631,25.27420305494728,1013.9,1279.1,NODATA,1012.4,NODATA,1038.3,853.4,859.3,845.5,489,71.8,382.60000000000014,54,110,72.2,66,2215,16
33,1623.5000000000002,1541.5,1529,1152,926,862,635,240,209,605,467,63.2,141.6,525,282,274,283,556,243,395,638,516,110,582,453,155,391,339,1099,NODATA,922,1019,855,1891,985,97.1,166,203.5,137.1,311.3,400,388,649.5,436.6,225.8,382.9,497.9,541.4,1786.1,759.5,965.8,1027.5,133.9,NODATA,1071.4,353.2,276.5,640.5,184.3,215.3,90.8,207,655.2,415.4,437.2,263.1,296.7,218.46251406222103,18.577771409146987,1069.4,1358.5,NODATA,1066.5,NODATA,1108.3,964,968.3,935.5,547.9,62.1,383.39999999999986,57.300000000000004,124.3,84,64.9,2365,18
34,1602,1511.5,1514.5,1146.5,930,856,605,225,170,586,454,69.5,141.6,478,306,230,267,536,221,360,656,528,104.60000000000001,578,439,145,356,308,953,NODATA,841,990,894.5,1887,976,81.65,162,198,112.9,293.7,377.4,376,634.4,400.3,201.9,329.6,483,539,1859.3,851.3,897.2,1014.9,117.4,NODATA,1013.3,343.8,284.9,637.3,182.1,212.9,90.2,201.6,533.9,408.7,380.6,226,281.1,215.60996670476635,20.688481080536466,1062.5,1343,NODATA,1061.5,NODATA,1094.2,966.3,996.1,945.1,534,92.6,380.6999999999998,50,117.89999999999999,81,61.6,2364,18.5
35,1558,1474,1478,1066,872,859,630,240,203,565,441,66,138,584,358,286,307,677,277,398,617,494,104,612.5,465.5,172,449.5,370,1168,NODATA,1018.5,1094.5,755,1837,1001,106.85,164.4,217,123.6,336.4,429,425.5,690.4,453.6,244.1,448.4,531.1,570.8,1878.3,859.1,1041.8,1136.7,105.6,NODATA,1136,352.4,276.5,658.3,203.9,228.8,93.8,203.1,683.4,405.1,399.3,232.3,287,206.85287190640418,26.16785976152355,977.8000000000001,1285.1,NODATA,977.6,NODATA,1031.8,916,929.7,872.2,503.5,79.8,421.0999999999999,57.599999999999994,128,85,68,2350,17
36,1572.75,1485,1465.5,1063,853.5,839.2500000000001,634.5,262,197,571,425,64.3,152.7,537.5,362,280.5,305,624,319,408,628,502,104.2,602,465,151,386,360,1107,NODATA,1092,1125,827.5,1816,962,107.2,172.7,205,131.6,330.8,450.8,400.9,648.1,412.8,262.2,412.1,520.7,549.8,1896.6,790.1,1102.4,1122.3,109.4,NODATA,1134.8,375.8,273.5,668.5999999999999,205.6,222.2,95.3,192.1,699.2,432,446.8,251.8,269.1,199.4869815205136,20.507560457355194,989.1999999999999,1289.7,NODATA,988,NODATA,1055.2,912.7,934.3,879.8,516.9,78.7,413.1999999999998,55.199999999999996,115.1,73.2,73.5,2313,16.4
37,1509,1428,1414,1051,867,796,573,230,165,538,436,NODATA,134.3,469,293,207,287.5,486,198.5,344,599,505,92.5,551,430,160,301,266,888,NODATA,797,930,709,1777,914,63.9,159.7,200,127.7,273.7,358.1,334,643.7,407.3,200.4,346,468,534.6,1658.2,737,838.5,941.5,79.7,NODATA,939.1,329.8,271.4,604.8,172.8,198.9,82.7,187.7,506.9,351.9,312.9,199.2,265,194.05130764964886,15.169555628193441,970.7,1293.3,NODATA,968.8,NODATA,995.5,887.8,882.1,891,488.8,71.4,389.5999999999999,45.4,115.3,74.2,61,2265,17.6
38,1489,1445,1414,1041,817,798,632,271,188,536,412,69.4,144.60000000000002,537,356,276,286,612.5,325,414.5,625,496,104.60000000000001,599,460,132,376,316,1153,NODATA,1094,1106,790,1719,917,96.7,173.1,204,120.9,323.7,472.1,383.4,689.1,414.4,197.9,394,445.1,514,1809.2,821.4,1098.1,1116.1,97.1,NODATA,1103.1,332.1,251.8,594.4000000000001,189.5,221.8,92.4,184.5,NODATA,388.1,399.4,225.9,261.1,191.92557963040497,32.919935403949665,901.5,1295.1,NODATA,901,NODATA,994.6,897.6,888.6,804.4,470.5,72.1,377.70000000000005,55.4,116.4,86.5,62.5,2280,16
39,1560,1499,1466,1093,909.5,781.9999999999999,614,232,177.5,576,437.5,67,155.5,453,336,316,304,550,312,364,632,512,106,598,452,133,338,299,1134,NODATA,1024,967,745,1814.5,911,88.3,175.1,201,124.8,334.5,414.7,378.9,644.1,368.1,224.1,367.9,506,536.1,1806.7,802.2,1029.1,1006.5,161.6,NODATA,989.3,339.3,250.5,594,189,212.9,89.4,177.1,568,390.2,378.2,216.4,255.4,184.4240665470216,16.843430892729767,1034.3,1332.5,NODATA,1032.5,NODATA,1070.5,943,994.2,872.7,541.3,84.9,384.20000000000005,56.5,101.4,72,71.39999999999999,2280,17.4
40,1574.5,1511.5,1468,1118.5,918,798,625,240,195.5,576,462,68.60000000000001,146.8,509,344,285,284,564,311,390,639,514,102.30000000000001,576,458,151,363,331,1085,NODATA,1061,1064,801,1802,916,93.35,160.6,199.5,109.7,311.6,425.5,378,645.4,399.8,248.1,376.4,484.9,527.2,1810.8,817,1060.2,1089.7,102.8,NODATA,1071.5,344.2,268.6,616.9,183.2,210.2,88.3,203.1,624.6,399.6,376.1,234.5,287.8,218.32575241829926,18.006383793726695,1008.0999999999999,1339.8,NODATA,1006.7,NODATA,1082.3,965.7,993.3,905.3,524,79.7,365.4000000000001,61,132.5,91.4,69.3,2310,19
41,1623,1543.5,1542,1138.5,913,856,620,233,187,588,436,68.7,145,516,356,298,316,620,324,408,671,521,111,584,436,151,367,324,1152,NODATA,1089,1107,NODATA,1891,983,103.3,161.3,198,141.8,331.2,403.3,379.9,630.4,397.9,240.3,376.3,501,526.4,1831.8,791.4,1124.8,1122.8,77.3,NODATA,1116.2,362.8,260.8,628.0999999999999,195.7,228.9,93.8,210,655.7,448.3,417.7,238.2,282.5,207.35325973350163,23.49578884315747,1018.8,1377.3,NODATA,1018.7,NODATA,1123.6,972.7,997.1,941.5,526.5,81.1,406.9000000000001,57.1,126.7,82.8,74,NODATA,16.4
42,1526,1472,1443.5,1087,884.5,811.5,609.5,218,176,569,451,55.099999999999994,136,525.5,331.5,285,289,570,257,405.5,624,493,103.9,568,457,132,391,312,1122,NODATA,929.2500000000001,1041,835,1788,924,90.9,156.4,205,141,324.9,409.1,387.4,658.4,416.1,213.2,372.9,467.2,540.1,1752.8,839.3,951,1064.6,119,NODATA,1095.1,331.9,256.9,595.9,192.8,208.1,87.8,204.9,660.5,401,393.3,229.7,273.2,202.45971639434308,25.53574607575085,992.8,1278.2,NODATA,991,NODATA,1021.6,929.5,912.4,873.8,505.3,76.4,357.70000000000005,47.800000000000004,109.80000000000001,74.5,67.85,2295,17.75
43,1443,1374,1374,1037,855,771,556,193,178,538,420,64.3,142,499,315,231,260,556,252,381,587,472,106.19999999999999,573,441,142,363,304,988,NODATA,886,991,760,1692,888,76.8,156.5,198.7,132.4,319.3,395.6,358.4,587.2,399.5,209.9,345.2,424.5,473,1643.9,674.1,888.2,1026.8,142.7,NODATA,1010.6,334.1,259.7,604.3,177.6,212.8,87.4,179.4,611.1,384.7,398.4,219.1,267.2,198.63918569548449,21.725671553581126,939.3,1222.1,NODATA,937.6,NODATA,998.1,867.6,927.1,796.6,489.5,63.7,353.29999999999995,58,111.8,87,61.5,2177.5,18.55
44,1426.4999999999998,1355,1339,968,755,733.5,543,188,178,508,396,63.3,135.6,479,373,299,295,576,321,407,567,472,90.7,568,418,142,345,289,1145,NODATA,1038,981,745,1685,887,84.2,166.9,189,125.7,334,403.4,371.8,627.8,386.5,229.1,375.5,486,504.3,1762.2,790.5,1037.9,1022.9,133.4,NODATA,994.7,316,237.9,559,182.2,194.1,81,182.2,616.9,384.3,372.2,214.2,257.6,184.35243053682075,18.571752030424054,899.3,1216.6,NODATA,897.6,NODATA,964.7,826.6,808.8,765.9,471.1,68.6,391,48.5,115,71.5,75.19999999999999,2227,16.4
45,1496,1403,1409,1059,850,776,575,223,175,543,419,65.19999999999999,144.60000000000002,446,271,209,268,479,226,328,576,473,101,562,404,155,308,271,875,NODATA,782,927,776,1726,911,65.95,163.4,195.05,116.1,288.4,368.9,348.6,604.1,382.6,202.7,337.2,478.8,526.1,1660.1,749.1,813.1,954.6,194.3,NODATA,927.3,325.3,265.6,594,176.4,197.5,84.6,193.5,552.9,374.2,356.6,228.8,262,196.99724169977085,17.509755787127354,984.2,1244.1,NODATA,982,NODATA,998.5,877.1,905.7,789.9,492.3,62.3,365.5,53.7,115.30000000000001,78.5,65.1,2184,16.9
46,1544,1472,1450,1083,865,819,614,252,173,554,450,61,137,527,339,270.5,280,578.5,233,369.5,603.5,471,100.1,564,425,169,355,289,1087,NODATA,910,984,708,1795,949,81,159.5,206,121.3,296.3,383,373.3,666.1,438.2,214.1,368.4,481.4,544.5,1794.3,784.2,922.1,1006.5,134,NODATA,1006.3,338.6,277.1,627.4000000000001,178,202.6,85.6,181.5,612.1,378.5,358.3,205.7,273.7,214.3301417766312,20.29176766799405,980.4,1312.4,NODATA,980.2,NODATA,1029.6,910.6,914.7,846.4,499.5,63.2,395.5,45,107.2,72.6,68,2265,17.9
47,1535,1448,1451,1065,871,801,590,216,165,547.5,431.5,61,135.9,482.5,305,246,279,495,259,354,611,505,96,575,422,156,310,288,1004,NODATA,918,989,790,1796,941,77.4,162.8,201.4,119.7,306.7,383.1,371.7,632.6,403.1,210.4,373,490.7,524.8,1715.4,739.2,916.7,984.9,120.8,NODATA,1018,343.6,254.9,606.7,174.6,203.8,88.4,189.9,586.2,379.4,388.6,228.6,267.6,193.81234322157508,22.215400415843998,985.0999999999999,1297.2,NODATA,984.4,NODATA,1044.2,918.1,954.3,864.3,489,76,395.8000000000002,49,107.69999999999999,77.30000000000001,62.5,2285,16
48,1508,1446,1426,1094,876,796,606,227,200,565,424,69,147.89999999999998,493,333,281,277,598,297,405.5,653.5,506.5,100,593,455.5,135,368,322,1103,NODATA,1039,1135,879,1745,916,99.6,164.4,208,137.4,348.4,447.1,394.7,659.8,398.2,206.2,387.2,448.6,559.6,1825.8,792.9,1063.6,1162,99.1,NODATA,1164.2,330.3,260.8,599.7,183.6,218.9,93.2,186.8,NODATA,417.6,415.1,242.4,269.8,203.65003037096432,24.73037825019423,964.3000000000001,1250.9,NODATA,960.9,NODATA,999.1,917.9,932.8,865.2,507.2,72.8,328.70000000000005,52,103.5,74.80000000000001,63.099999999999994,2271,17.3
49,1521,1423,1423,1041,830,805,568,223,165,546,439.75,54.3,139.5,475,293,243,280,464,239,332,585,472,91.5,567,445,157,319,296,918,NODATA,801,926,785,1765,955,69.6,158.1,200,136.6,347.5,388.2,408.8,651,399.9,218.2,348.9,497,526.2,1737.3,750.5,825.5,937.8,124.8,NODATA,954.9,324.9,264.7,600.7,171.4,205,85.6,193.1,553.5,376.2,349.7,212.6,275.8,203.33560049933095,21.95945693015074,970.0999999999999,1257.5,NODATA,968.4,NODATA,1018.6,875,904.6,845.3,502.9,73.2,387.89999999999986,46.1,114.39999999999999,71.8,68.60000000000001,2215,18.2
50,1741,1673,1654,1214,988,959,746,345,220,634,494,70,152.89999999999998,611,411,321,322,722,371,500,717,576,116,588,472,163.5,431.5,375.5,1237.5,NODATA,1335,1281,877,2023,1063,146.3,174.4,225,129.9,349,451.5,428,715.8,451.3,263.3,418.4,557.8,566.8,2149.2,879.2,1316.4,1340.1,114.4,NODATA,1315.8,350.5,303.8,661.3,214.7,236,99.4,222.4,NODATA,461.1,456.9,263.8,295.8,214.50650850999153,26.01169161183353,1068.9,1475.6,NODATA,1068.2,NODATA,1194.7,1032.4,1013.7,954.5,564.3,81.4,459.29999999999995,58,128.5,90,65.5,2523,19.9
51,1460,1392,1377,1031,831.5,772,588,214,176,543.75,423.75,64.95,139.95000000000002,487.25,285,247,258.5,495,222,335,563,458.5,96.8,556,420,140,352.5,302.5,997,NODATA,830,903.5,768,1695,903,70.6,160.7,186,118.1,317.1,400.6,353.2,591.5,398.6,183,358,419.9,458.3,1663.3,723.6,832.3,915.5,157.9,NODATA,918.9,329.3,276.9,616,181.4,198.5,85.3,191.5,568.3,368,366.2,211.4,265.3,197.06521406705136,21.890165985144836,965.9,1228.3,NODATA,964.4,NODATA,1002.3,857.7,881.4,808,479.8,65.7,341.9000000000001,55,114.9,68.8,59.5,2173,15.4
52,1705,1607,1600,1238,1032,843,622,181.5,218,654,511.50000000000006,68.5,144.70000000000002,502.5,303,272,289,535,251,409,694,572,114,595,478,172,353,329,1068,NODATA,1018,1082,NODATA,1962.5,980,105.35,160.9,217.5,131.9,337,428.7,371.9,593.7,420,229.5,370.1,500.1,513.2,1863.8,819.1,1027.6,1138,137.3,NODATA,1137.6,385.7,310.5,700.2,205.9,227.2,95.1,224.9,683.8,447.9,435.5,254.3,305.1,224.00484558871347,22.840761071891645,1154.7,1455.2,NODATA,1153.5,NODATA,1240.3,1060.1,1071.6,1017.4,611,92.8,372.5,53.8,143.7,89.5,69.1,2550,19.9
53,1545,1443,1459,1109,897,799,586,206,175,576,449,60.7,146.2,494,326,253,278,547,247,356,626,500,99,572,441,165,334,284,1035,NODATA,883,956,775,1805,886,77.9,162.8,196.89999999999998,133.6,292.9,410.4,376.6,622.4,419.5,208.6,380.6,450.2,492.5,1708.6,744.4,886,992.7,152.8,NODATA,991.7,318.8,270,591.8,173,205,86.3,194.1,594.9,388.2,385.2,221.3,269.6,202.52791147131768,16.344789669211327,1031.5,1309.6,NODATA,1029.5,NODATA,1068,922.4,965.3,878.7,527.5,64.8,369.9000000000001,54.6,113.69999999999999,72.1,68.2,2270,16.8
54,1566,1487,1476,1117,905,783,595,203,173,563,450,63.5,144.2,461,293,208,284,503,209,334,608,492,98,589,419,143,287,270,894,NODATA,776,901,810,1815,939,64.3,160.8,207.40000000000003,129.1,309.1,375.6,325,568.3,390.5,222.8,328.5,483.2,504,1667,721.1,779.8,924.6,146.5,NODATA,924.2,355.9,279.6,643.9,175.7,208.6,88.8,199.1,521.2,378.9,339.1,213.9,269.6,193.43453975250546,20.79330179381009,1063.6,1339,NODATA,1061.6,NODATA,1098.3,942.4,979.2,917.1,514.2,76.8,374.29999999999995,51,121.35,78.4,60.099999999999994,2292.5,15
55,1508,1425,1432,1044,840,787,568,182,180,543,407,60.7,136.5,521,326,249,277,631,275,361,602,500,102.30000000000001,575,443,156.5,402.5,335,1042,NODATA,912,985,792,1800,949,88,162.4,195.3,127,299.6,403.5,399,647.8,406.1,197.6,376.4,492,534.4,1803,762.9,933.3,1009.1,69.7,NODATA,1026.4,331.1,268.1,607.8,187.4,205.6,89.2,195.7,637.6,394.8,403.4,236.1,262.7,198.0257960618792,21.668984962103934,958.5,1262.8,NODATA,957.6,NODATA,1022.7,910.7,946.3,888.8,502.3,87.4,400.89999999999986,54.3,115.3,85,64,2258,19.7
56,1586,1529,1518,1120,895,851,638,269,171,585,477,58.9,139.4,490,285,238,302,585,247,388,625,512,109.80000000000001,582.5,459,153.5,365,302,998,NODATA,911,1038,780,1874,988,88.75,165.1,202.60000000000002,137.3,328.2,403.5,384.5,681.7,415.8,184.2,367.8,480.9,537.2,1820.4,838.7,962,1064.1,138.4,NODATA,1060.7,347.7,287.3,642.5,192.8,217.5,91.8,197.1,615.8,425.4,396,238.5,295.8,213.04073635820743,23.377081461201783,1049.4,1354,NODATA,1048.2,NODATA,1066.4,954.2,972.2,911,523.9,90,419.60000000000014,52,113.4,79.80000000000001,62,2342.5,18
57,1418,1347,1337,1003,813,741,520,187,175,523,429,61.2,144.5,464,275,255,270,581,234,363,581,471,98,595,432,130,374,324,1005,NODATA,845,978,680,1661,875,76.65,168.5,210.95,124.4,300.5,410.3,360.9,593.5,392.2,195.2,345.9,431.5,487.1,1694.4,797.4,903.7,1002.7,108.1,NODATA,1002.5,302.3,238.4,550.0999999999999,176.6,193.1,82.3,176.4,591,382.8,377.8,232.7,242,181.665644648451,23.296343934710375,905.8000000000001,1178.7,NODATA,905.3,NODATA,955.2,842.1,874,797.7,466.3,78.1,347,53.2,107.30000000000001,77.5,61.3,2095,14.299999999999999
58,1537,1457.5,1454.5,1108,890,809.5,592,216,180,566,432,61.4,134.70000000000002,476,319,272,290,542,268,359,619,511,102,574,409,148,324,293,1023,NODATA,911,989,820,1801.4999999999998,939,78.9,156.2,201,133.6,335.5,391.2,380.4,604.2,388.6,231.8,350.5,444.9,555.3,1709.7,785.5,937.7,1015.8,152.8,NODATA,976.6,333.5,257.7,597,179.2,209.3,89.1,197.4,600.9,396.7,385,231.2,279.7,209.92346426495448,15.512678706884913,990.4000000000001,1305.9,NODATA,988.7,NODATA,1019.9,916.5,974.3,837.6,519.5,67.9,350.29999999999995,49.6,119.60000000000001,82.8,68.2,2255,16.5
59,1543,1446,1457,1074,875,831,594,220,157,544.5,453.5,59.5,137.7,448.5,283,236,277,497,214,353,603,494,102,571,411,168,317,285,955,NODATA,833,907,780,1808,944,69.35,164.5,194.5,120,317.3,369.5,384,642.3,406.6,218,317.7,478.9,523.2,1730.7,700.9,856.2,938.1,97.7,NODATA,935.9,329.7,256.8,593.7,186.2,226.7,93.2,180.5,540.4,376.7,366.1,203.9,261.5,200.13857685285666,23.231563335356203,1017.2,1305.3,NODATA,1017.2,NODATA,1052.9,927.1,943.7,919.5,499.4,78.7,395.60000000000014,51.2,107.8,74.1,63.470000000000006,2255,15.5
60,1528,1461,1444,1120,NODATA,765,584,199,203.5,591.5,434.5,71.7,147.65,505,333.49999999999994,263,313,603,273,475,674,535,108.69999999999999,590,450,152,395,315,1092,NODATA,1019,1172,825,1761,906,105.2,162.9,204.7,133.9,307,425.4,379.5,602.1,408.7,202.3,358.9,431.4,474.3,1860.7,852,1064.6,1218.7,137.1,NODATA,1215.8,345.5,285,635,181.2,196.4,85.3,189.8,778,NODATA,458.7,261.9,264.3,194.24771564453619,23.27833142377633,1007.9,1287.9,NODATA,1002,NODATA,1081.3,899.3,958.7,870.8,516.7,79.4,344,57.9,113.5,75.9,63.5,2315,16.1
61,1516,1435,1426,1052,877,822,610,247,174,540,432,68.3,130.29999999999998,491,300,258,248,523,218,335,600,494,89,579,430,160,358,291,1019,NODATA,795,917,878,1776,943,74.15,152.5,209.24999999999997,114,284.5,372.6,367.5,631.5,420.9,190.2,390.8,489,516.8,1724.6,783.1,840.4,960.5,190.4,NODATA,907.9,313.3,254.8,575.3,170.1,203.9,86.6,193.3,558.1,364.4,356.4,207.4,256.8,186.79119302121126,24.04855385244511,985.6999999999999,1285.6,NODATA,985.5,NODATA,1028.3,892.5,913.4,795.3,493.1,72.5,391,48.80000000000001,122.30000000000001,93,60.9,2258.5,16.9
62,1532,1443,1448,1038,834,807,591,231,159,524,409,66,140.7,458,301,217,262,507,223,362,582,486,90.7,586.5,417,159.5,355.5,284.5,925,NODATA,837.5,963,847,1782,972,72.5,167.1,208,123.8,321.3,389.5,352.6,671.2,384.1,218.2,328.2,511.4,583.8,1756.5,691.3,836.4,923.7,166.3,NODATA,989.4,314.2,256.4,573.3,162.9,201.8,84.7,179.8,620,390.7,370,223.4,252.4,186.1159329374566,14.630987983144989,965.3,1291.8,NODATA,963.2,NODATA,979.4,864.1,892.2,799,491.2,79.6,417.29999999999995,53.2,110.7,79.1,64.1,2215,14.2
63,1566.4999999999998,1490,1457,1076,891.5,836,634,254,174,559,441,68.3,141,517,323,261,295,514,270,417,633,516,107,586,476,145,353,295,1089,NODATA,961,1048,859.5,1838,964,94.95,159.4,209.89999999999998,133.6,333.9,428.3,405.7,680,427.3,199,397.2,494.6,535.8,1861.7,813.3,996,1063.2,182.7,NODATA,1075.5,342.4,277.4,634.1,185.3,215.9,90.6,187.9,687.3,433.2,416.1,242.8,280,198.65832925641615,24.928474135461272,1032.2,1339.1,NODATA,1030.2,NODATA,1071,929,954.5,849.5,520.2,74.1,401.70000000000005,50.7,122.2,92.30000000000001,67.1,2257,18.700000000000003
64,1467,1389,1368,1024,820,774,568,208,183,544,412,70,140.2,499,325,252,285,574,279,360,589,470,86,583,427.5,137.5,348.5,287,1002.5,NODATA,917,991.9999999999999,767,1713,885,78.3,157,202.3,131.2,322.2,421.4,363.4,610,408,217.8,388.5,482.2,518,1714.5,789.9,934.9,1022,171.9,NODATA,1006.5,322.7,262,597,164.7,194.8,84.4,187.5,604.7,384.4,386.8,214.5,259,194.06600562585257,20.36807104095694,967.1999999999999,1223.8,NODATA,964.2,NODATA,991.6,871.2,903.4,795.3,471.5,63.6,363.0999999999999,57.9,113.69999999999999,66.8,56.4,2166,13.200000000000001
65,1530,1454,1421,1049,843,825,630,278,166,544,419,63.05,133.70000000000002,463.5,311,243,277,498,291,362,599,479,91.4,560,447,134,344,306,982,NODATA,958,997,785,1783,966.0000000000002,79.2,152.6,195,114.9,296.8,395,370.4,639.3,374.8,219.1,345,507.6,540,1806.4,748.1,942.5,1023.3,178.3,NODATA,985.9,319.4,252.2,580.4,189.3,226.5,90.7,201.6,604.9,376.1,369.4,235.9,273.2,206.65633315417466,23.047414665223286,988.4000000000001,1286.2,NODATA,987.4,NODATA,1022,889.2,933.5,810.1,495.2,68,405.10000000000014,63.4,121.4,91.5,68,2215,19.3
66,1652,1570,1568,1154,946.5,889,656.9999999999999,245,200.5,616.5,476,51.1,147.10000000000002,529,347,269,316,598,253,410,655,532,103.80000000000001,588,448,160,398,318,1049,NODATA,984,1089,820,1928,999,100.1,167.8,201,134.7,315.1,384.6,380.2,698.7,418,245,323.1,523.7,593.8,1895.2,813,929.9,1109.8,131.8,NODATA,1079,361.2,302.8,674.2,192.7,211.1,89.9,197.4,667,426.9,409,232.6,276.2,192.53639794842354,27.178835456774255,1034.8,1417.1,NODATA,1034.1,NODATA,1109.9,1002.2,1043.3,903,571.7,91,426.5,49.800000000000004,121.5,76.7,70.19999999999999,2465,17
67,1553,1476,1443,1079,906,743,623,243,172,569,449,70.4,143.5,487,303,257,299,498,241,369,628,512,95,578.5,434.5,138,309.5,273,999,NODATA,957,977,790,1798,920,78.2,159.1,201,121.7,333.4,401.5,368.9,712.6,401.6,204,354,471.2,599.7,1749.4,771.2,927.4,1016.8,158.3,NODATA,997.2,338.6,283.3,627.5,187.1,198.2,82.5,178,609.9,382.7,371.6,235.3,261.4,193.60964112200082,16.152821388780698,994.5999999999999,1318.2,NODATA,991.3,NODATA,981.7,916.1,966.5,836.3,513.5,67.6,373.20000000000005,47,102.30000000000001,61.2,69.2,2312.5,15.2
68,1634,1578,1557,1128,898,874,664,264,200,563,465,70.5,150,569,400,304,307,611,292,417,643,510,116,594,454,149,424,323,1192,NODATA,1051,1138,857,1888,991,111.95,161.5,214.50000000000003,144.6,349,435.1,391.2,654.9,428.9,247.5,395.2,523.6,525.4,1962.7,870,1090.9,1168.1,143.1,NODATA,1162.2,361.8,272.8,649.6,204.6,227.5,93.7,209,NODATA,449.6,432.4,245.4,288,211.10165879688196,24.034687066228756,1031,1378.3,NODATA,1026.6,NODATA,1125.8,963.9,978.7,887.9,525.4,73.3,433.4000000000001,58.2,123.44999999999999,81.89999999999999,79.55,2405,20.45
69,1464,1388,1379,1030,825,816,594,255,169,534,425,60,133.2,503,297,281,271,607,228,357,573.5,453.5,93.50000000000001,564,446,141,381,310,1094,NODATA,858,974,755,1730,928,81,159,196.1,122.2,302.8,398.5,395.4,626.4,408.7,209.2,397.3,462.5,509.9,1744.1,782.5,878.3,1003.4,141.8,NODATA,977.4,320,251.8,583.8,186.7,205.9,84.9,195.2,587.1,401.8,411.5,228.3,251.3,188.60025650920596,23.271340421331107,932.2,1211.3,NODATA,931.2,NODATA,992.4,859.4,907.8,790.4,488.4,78.6,358.5999999999999,51.1,110.3,73.1,65.9,2165,15.600000000000001
70,1575,1496,1487,1125,938,788,588,183,200,606,466,68.5,140.39999999999998,522,310,258,269.5,582,252.5,365,645.5000000000001,513,111.44999999999999,551,433,162,399,340,1086,NODATA,866,1002,820,1832,934.5,88.95,155.3,188,136.2,333.1,410.2,402.1,646.5,429.8,214.9,378.8,474.2,509.2,1726.4,752,873.8,1032.8,163.6,NODATA,1025.6,353,285.5,647.5999999999999,185,220.4,92.7,214.7,651.9,412.4,392.6,222.5,302,219.8576946033886,23.396018062116415,1043.3999999999999,1337,NODATA,1042.1,NODATA,1099.4,966.5,1014.8,879.8,564.2,70.5,384.5,63,140.39999999999998,88.3,61.1,2342,19.6
71,1459,1360,1359,1013,837,748,530,176.5,170.5,517.5,406.50000000000006,62.75,131.64999999999998,464.5,299,234,251,574,208,336,592,478,100.8,560,416,140,345,301,952,NODATA,796,942,735,1704,895,68.2,153.7,196.70000000000002,118.3,308.9,385.3,355.4,635.2,384.2,213,334.9,451.5,516,1646.3,739.9,840.7,964,145.2,NODATA,942.8,316.9,264.2,585.0999999999999,178.8,208,88,188.9,586.6,365.5,365.6,232.4,257.3,191.93050167991345,23.03576334169061,931.9000000000001,1232.7,NODATA,930.8,NODATA,961.8,855.5,889.8,786.7,473.2,57.4,367.29999999999995,51.6,101.1,75.1,66.10000000000001,2145,16.8
72,1669,1590,1558,1197,969,851,657,233,205,634,477,67,143.8,508,324,281,343.5,576,292.5,420,683.5,545,102,568,462,151,364,319,1094,NODATA,1056,1139,945,1911,974,107.30000000000001,161.2,198.79999999999998,112.9,302.6,410.9,373.6,644.9,404.1,248.4,367.3,512,585,1912.7,788.7,1108.7,1164.5,76.3,NODATA,1156.9,378.9,287.7,669.4000000000001,188.7,204.4,88.1,205.6,723.5,455.5,411.4,249.2,293,218.03826187798938,20.96571184055742,1063.2,1411.6,NODATA,1063,NODATA,1144,1004.9,1039.1,986.9,571.2,97.2,373,60.7,113.5,79.1,66.3,2455,19.2
73,1547,1474,1458,1091,855,849,606,224,180,556,441,65.1,141.5,488,294,253,268,534.5,234,369,613,502,95.39999999999999,594,430,135,390,314,1005,NODATA,857,998,803,1798,948.5,80.3,163.4,206,120.2,346.7,395.2,373.5,674,412.9,222,376.9,482.4,553.2,1740.4,757.5,873.8,1009,131.7,NODATA,1014,325.5,281.6,616.0999999999999,189.3,204.2,88.1,185.4,600.6,366.7,371.2,233.9,276.6,210.60593809393802,21.087682448249115,997.2,1303.3,NODATA,996.7,NODATA,1014.8,892.4,938.3,865.5,498.6,71.4,390.79999999999995,58.099999999999994,113.5,67.2,68.8,2266,16.299999999999997
74,1429,1344.5,1347.5,1022,795,761.5,554,208,175,539,401,67,144.4,486,306,285,291,566,274,339,587,450,92,569,410,162.5,324,302,1073,NODATA,1001,938,775,1668,875,79.35,171.9,190.5,105.9,326.4,413.4,356.8,608.4,391.7,224.9,362.7,434.7,498.8,1708.4,710.2,987.6,962.7,3,NODATA,971.8,318.2,235.2,564.1,184.4,212.5,87.4,185,571.2,393.3,404.3,228.3,258,183.1103316912119,23.603416799260298,905.7,1215.4,NODATA,900,NODATA,973.2,857.4,870.1,902.7,490.8,64,335.29999999999995,57.800000000000004,122.8,76.9,66.5,2115,19.099999999999998
75,1584,1503,1494,1127,911,818.5,614.5,237,186,585.5,458.75,60,136.4,525,354,306,326,567,283,427,643,497,102.30000000000001,555,430,144,406,322,1142,NODATA,1085,1128,853,1825.5,965,98.95,157.4,191,129.7,313.2,401,402.3,626.9,415.6,252.8,375.9,484.2,511.5,1834.7,794,1115.4,1141.7,110.3,NODATA,1143.9,355.1,265.2,630,187.7,217.4,91,195.3,684.4,417.7,427.5,238.4,271.4,200.14234690564055,19.012758926718647,1045.1,1308.6,NODATA,1043.7,NODATA,1098.3,947.1,968.3,934.8,515.1,83.6,374.70000000000005,53.4,127.30000000000001,88.6,70.3,2321,18.400000000000002
76,1508,1419,1420,1067,865,793,584,227,176,554,422,67,142.79999999999998,471,306,237,289,461,240,368,611,504,90,585,418,152,317,276.5,941.5,NODATA,921.5,971.5,740,1768,935,74.7,162.3,204,127.7,326.1,395.2,364,620.8,409.2,213.4,332.2,473.3,527.6,1682.2,710.2,930.8,1037.2,126.4,NODATA,996.6,314.3,262.1,577.5,173.7,204.4,87.7,199.8,599.4,382.4,367.7,233.8,265.9,196.83832651841996,20.15664542517911,949.6,1258.7,NODATA,947.2,NODATA,1005.6,873.2,953.6,823.2,491.4,66,381.5,52,115.5,78,58.6,2215,16
77,1550,1468,1445.5,1095.5,883,830,624,243,194,559,421,69.9,146.1,509.5,357.5,281,332,562,301,420,634,515.5,99.9,575.5,500,147,373.5,309,1109,NODATA,1091,1099.75,825,1795,955,97.9,164.6,200.25,143.8,340,451.5,424.6,675,415.1,240.7,374.3,495.5,564.8,1855.6,807.8,1085.8,1121,63.7,NODATA,1120,325.9,282.2,609.4,186.3,201.3,85.2,176.1,NODATA,403.6,377.9,226.9,262.7,193.725746925514,16.363879381113712,970,1277.5,NODATA,968.4,NODATA,1031.3,910.4,937.9,906.3,505,82.9,370.70000000000005,50.199999999999996,109.5,87.89999999999999,72.75,2235,19
78,1534,1424,1446,1101,887,805,583,211,169,563,442,59.400000000000006,137.20000000000002,497,323,247,259,495,209,345,617,497,104,542,413,173,325,292,983,NODATA,829,945.5000000000001,865,1785,926,72.9,153.9,190.25,123.9,295.8,378.4,367,600,425.4,220.1,384.2,454.1,492.4,1694.3,736.1,855.6,977.6,127.3,NODATA,956.4,328.1,272.8,611.4000000000001,182.5,200.6,85.1,175.7,579.4,377.7,348.4,216.2,258.8,197.2453713890098,27.977348937595874,977.4,1295.5,NODATA,976.8,NODATA,1064.4,933,955.1,850.1,509.2,70,361.70000000000005,53.550000000000004,106.1,76.3,69,2285,17.450000000000003
79,1456,1369,1378,1018,840,760.5000000000001,553,182,161.5,529.5,420,62,132.20000000000002,472,281,242,265,504,232,356,571,470,99.80000000000001,562,405,150,371,315,948,NODATA,835,954,805,1695,890,69.65,154.8,198.6,116.2,281.8,379.2,341.6,562.3,403.8,211.5,328.6,465.3,474.1,1643.7,758.6,856.6,975.7,117.3,NODATA,974.7,328.4,271.6,608,173,213.1,91.6,182.6,564.4,367.7,367.6,207.2,273.9,203.33172250734142,19.425026953328892,947.3,1220.3,NODATA,945.9,NODATA,1004.7,864.9,884.3,830,480.4,68.1,370.4000000000001,53.5,109,71,62,2175,16.7
80,1565.5,1448.5000000000002,1458,1076.5,893,799,587,205,178,585,467,64.4,143.2,498,311,241,278,550,232,355,597,489,100.5,583,421,163,359,298,971,NODATA,835,953,795,1800,927,76.1,165.8,206,123.7,288.6,382.5,352.8,617.3,430.1,250.3,363.7,506.2,545.9,1679.8,801.3,849.5,972.2,160.8,NODATA,956.2,337.1,279.5,624.8,174.7,206.5,88.1,206,577.3,384.2,394.7,213.9,276.9,201.32994049928044,24.866594249365992,1013.4000000000001,1304,NODATA,1011.6,NODATA,1046.7,927.6,914.9,852.6,526.6,91.1,376,50.599999999999994,130.1,88.4,67.69999999999999,2285,18.1
81,1599,1530,1491,1119,911,861,661,282,192,597,457,66.5,148.7,543,351,270,300,613,256,394.5,630,491,113.75,594.5,473,138,414,341,1129,NODATA,995,1066,940,1883,999,103.45,162.3,209,143.1,347.9,426.3,427.6,716.5,425.8,204.9,435.4,493.5,560,1871.1,846.2,992.2,1061.6,158.2,NODATA,1091.1,344.4,274.7,633.3,189.6,226.8,93.9,200.4,672.6,424.8,444.6,252.5,289.8,213.64383315014413,20.134670511595807,1045.5,1327.9,NODATA,1043.7,NODATA,1068.6,965.5,976.2,887.3,535.2,88.7,391.0999999999999,55.8,133.2,96.89999999999999,66.6,2385,20.099999999999998
82,1517,1424,1425,1067,885,776,572,193,181,554,424,63,138,477,319,254,262,524,281,380,611,489,98.5,549,415.99999999999994,148.5,338,301,1018.5,NODATA,971,1006,825,1750,895,79.95,153.1,188,116.9,323.9,380.9,355.1,585.1,396.6,245.4,360.4,471.3,493.4,1724.7,784.9,959.4,1047.3,167.2,NODATA,1029.7,337.9,262.6,606.9000000000001,184.5,210.2,87.7,190.1,615,399.9,370.8,223.1,259.5,187.89726012448259,19.6358981205817,1007.5,1284.1,NODATA,1006.7,NODATA,1056.9,894.9,946.9,840.3,504.3,79.2,376.39999999999986,55.7,112.30000000000001,78.5,59.800000000000004,2235,16.5
83,1610,1562,1521,1145,921,821,625,226,213,604,455,71.7,151.24,522,346,275,320,590.5,295,392.5,664.5,510,102.5,577,455.5,150,388,324,1102,NODATA,1050,1065,850,1880,960,103.8,169.6,196,131.4,324,441.9,403.1,688.1,416.8,217,385.9,510.3,544.5,1852.7,808.9,1073.1,1096,135.8,NODATA,1095.7,357.9,304.7,671.3,190.8,218.3,92.3,206.1,NODATA,442.6,429.4,235.5,285.2,205.7309747905686,20.57676514617795,1071.7,1376.4,NODATA,1069.9,NODATA,1096.5,975.3,964.1,935.9,549.2,83.3,404.4000000000001,58.7,124,80.8,65,2445,17.5
84,1452,1372,1370.5,1003,792.5,762.5,567.5,231,189,520,408,60.099999999999994,135.39999999999998,503,327,262,311,531,324,381,597,518,104,548,434,149,340,292,1044,NODATA,1041,998,725,1670,878,82.4,158.6,188,118.7,304.8,426,365.3,605.6,389.2,214.7,351.5,472.6,498,1744.4,769.5,1059.9,1053.6,107.6,NODATA,1051.1,313.6,256.5,580.2,184,219.7,91.9,179,NODATA,370.6,361.9,215.7,258.7,189.3619287847239,8.498558879493677,923.1,1230.9,NODATA,921.6,NODATA,996.2,874.4,888.9,815.5,473.3,62.9,371.4,51.7,101.6,74,63.7,2115,16.9
85,1536,1435,1448,1066,896,818,594,222,173,557,429,68.4,145.29999999999998,494,305,241,271,513,255,382,599,487,100,574,425,148,335,300,1007,NODATA,941,1004,965,1805,951,81.65,156.7,203.05,125.6,330.1,400,374.4,624.7,409.1,199.4,355.7,485.8,518.7,1754.6,743.1,940.1,1044.9,57.8,NODATA,1024.1,325.3,269.4,600.2,172.2,219.7,93.6,200.6,568.7,398.8,379.1,232.9,285.9,214.8203584616595,22.696172067420704,1012.3,1286.7,NODATA,1012.1,NODATA,1050,900.8,906,954.5,490.5,75.4,393.89999999999986,57.599999999999994,125.35,77.69999999999999,74.95,2262.5,19.35
86,1479,1411,1398,1068,864,790,579,218,176,532,446,63.5,139.1,502,293,243,270,535.5,270,344.5,603.5,504.00000000000006,96,580,442.5,147,347,300,1017,NODATA,888,974,780,1732,900,77.3,168.5,203.5,117.9,305.6,393.5,380.1,615.9,402.5,197.8,400.7,424.5,475.2,1686,755.6,900.1,996.7,95.7,NODATA,996.4,328,284.3,621,178.3,204.2,83.4,199.1,589.6,380.1,367.8,220.5,267,194.3660397446193,20.291162998296652,960.5,1262.8,NODATA,960.7,NODATA,1032.1,892,927.3,864.8,485.5,65,341.20000000000005,50.099999999999994,120.1,77.1,61.7,2255,14.6
87,1539,1451,1444,1099,898,774,599,222,180,545.5,433.5,69.45,139.05,490,332.5,261,296,553,243,366,639,518,102,561,430,148,354,298,1006,NODATA,934,994,765,1775,911,82.2,160,194.8,117.2,312.6,410.9,395,632.9,402.6,215.4,375.3,463.1,530.8,1707.6,717.8,938.1,1026.8,111.4,NODATA,1036.4,336.4,275.5,620.4000000000001,182.7,213.6,89.5,188.5,620.6,370.3,378.3,218.1,268.6,193.74430706350603,17.757098285019854,984.6999999999999,1265.2,NODATA,984.5,NODATA,1037.8,920.7,941.3,873.3,500.4,70.1,351.0999999999999,52.5,105.5,69.80000000000001,61.8,2255,17.5
88,1543,1471,1465,1110,899,818,594,220,165,569,445,69.80000000000001,129.60000000000002,448,283,217,260,431,216,351,617,487,91,579,445,143.5,285.5,265.5,890,NODATA,801,936.5,877,1829,960,68.725,157.5,204.3,133.1,313.1,356.5,361.8,614,415,200.3,346,461.8,512.2,1647.7,712.3,833.2,949,112.9,NODATA,974.6,340.2,287.1,629.4,165.4,186,81.1,184.5,565.7,373.9,357.9,202.4,266.2,198.78607181654846,21.526479832949448,1027.4,1316.3,NODATA,1026.9,NODATA,1066.1,940.1,978.9,914.5,531.2,65.4,362,44.699999999999996,104.60000000000001,69.80000000000001,63.2,2303,14.8
89,1617,1529,1504.5,1143,914,848.5,645,268,175,586,467,62.800000000000004,143.2,481,297,214,288,541,247,373,619,507,104,577,439,148,323,299,926,NODATA,914,1004,785,1869,979,82.55,160.8,200.7,142.4,314.5,397.2,367.9,688.5,404.2,222,334.4,506.1,613.9,1841.3,800.8,908.3,1020.4,112.9,NODATA,1017.3,342,278.7,625.4,199.8,221.1,93.4,183,620.2,415.4,400.5,245.7,284,209.08324283111222,20.391971647544175,1010.8,1362.6,NODATA,1009.8,NODATA,1049.9,938.8,989.3,897.9,536.3,79.3,378.79999999999995,55.8,120.7,74.7,60.199999999999996,2375,15.700000000000001
90,1514,1422,1409,1062,852,788,583,229,184,555,424,62.199999999999996,145.2,503,337,261,305,531,288,386,601,465,103.3,564,486,149,354,323,1031,NODATA,969,1029.5,860,1761,941,85.45,156.5,194,114.3,340.5,434.7,403.3,619.8,423.8,222.7,417.1,472,516,1740.1,789.6,958.6,1052.9,151.5,NODATA,1046.9,296.4,266.3,571.5,188.6,223.7,90.6,197.3,601.2,406.2,409.5,238.7,277.7,205.5521633427256,19.90971764042639,981,1228.4,NODATA,979.9,NODATA,1020.5,888.8,906.7,829.5,503,76.9,352.60000000000014,58.7,117.5,86.30000000000001,76.4,2208,18.95
91,1504,1430.5,1408.5,1055.5,848.5,788.5,583,226,187,542,421,64,141.3,461,291,260,262,534,231,347,601,466,99,576,429,121,373,309,998,NODATA,807,979,745,1756,935,77.95,163.5,196,121.4,308,413.9,361.4,608.6,375.2,220.9,324.2,467.2,513.3,1720.4,763.7,827.3,1002.6,148.3,NODATA,993.4,325.1,255.1,585.3,180.1,208.2,86.6,188.2,609.2,392.8,370.2,227.2,270.9,198.30493587955095,23.361854101122212,979.9000000000001,1259.9,NODATA,979.2,NODATA,1019.8,880.2,947.3,831.6,490.3,69.5,372.5,58.3,114.9,80.8,65.19999999999999,2210,17.4
92,1461,1362,1364,1008,805,780,567,224,185,514,394.5,63.550000000000004,141.95,471.5,301,265,271,550,250,353,587,468,107.6,602,445,156,353,295,983,NODATA,837,964,755,1728,946.0000000000002,74.1,172.1,209.89999999999998,134.8,298.5,383.8,355.6,611,402.8,222.4,347.5,483.1,528.4,1741.3,710.9,866.1,977,119.8,NODATA,974.1,305.9,235.3,548.3,168.7,194.7,83.8,179.1,580.1,388.7,400.6,237.6,252.2,182.40375940709512,22.848042871616354,910.6999999999999,1221.5,NODATA,911.2,NODATA,970.8,846.2,857.2,790.9,451.7,69,369.6,52.300000000000004,112.30000000000001,79.5,56.4,2137,16.200000000000003
93,1479,1414,1406,1056,848,783,577,238,175,524,431,58.7,127.6,483,310,251,302,556,273,387,606,491,94,584,439,134,335,288,993,NODATA,969,997,740,1736,906,78.45,169.2,207,119.6,301.8,398.1,371.3,577.7,368.6,180.9,289.5,442.1,435.7,1738.4,718.3,973.5,1007.8,27.1,NODATA,1020.1,318.3,267.8,592,174.9,196.9,84.3,180.9,609.6,359.9,375.2,214.3,264.2,193.55746926793472,20.710712515044055,974.3000000000001,1267.7,NODATA,973.9,NODATA,1068.2,885.7,905.4,947.2,492.6,64.8,364.5,46.349999999999994,106.89999999999999,68.2,62.800000000000004,2195,16.150000000000002
94,1465,1384,1392,1030,824,803,607,258,163,525,418,65.9,137.20000000000002,449,289,258,268,533,237.00000000000003,356.50000000000006,582,473,94,576.5,428,146,311,272,975,NODATA,865,967,715,1708,917,71.05,163.1,198,124.7,298.7,382.3,346.5,612.4,387.8,211.5,344.9,450.5,506.7,1653.5,747.2,869.4,987.9,124.9,NODATA,980.7,320,242,567.6,177,205.6,89.4,183.9,568.5,372.6,370.2,216.6,268.6,201.1495738010592,23.039435979903534,922.3,1237,NODATA,921.7,NODATA,976.4,845.9,899.7,797.4,480,65.7,353.79999999999995,52.9,114.5,73.2,68.2,2153.75,16
95,1562.2500000000002,1487,1480.5,1127.75,870.5,804.4999999999999,590.5,223.5,185,582,451,61.3,139.2,523,344,278,309,588,281.5,420,647.5,521.5,104.5,568.5,428,150,369,310,1076,NODATA,1008,1063.5,827,1813,951,94.4,163.1,195,121.4,284.1,407.9,397,653.7,414.4,223.5,384.5,467,541.1,1848.2,744.2,1035,1080.1,93.2,NODATA,1106.3,342,269.3,622,186,212,84.8,198.4,693.5,419.9,389.4,230.3,266.5,195.11457105113465,29.058801284588125,984.3000000000001,1287.3,NODATA,982.1,NODATA,1049.9,934,944.4,891.1,517.7,73.2,373,53.099999999999994,125,69.6,67.30000000000001,2295,14.5
96,1562.5,1490.5,1477.5,1123.5,921.9999999999999,798,609,225,184,583,473,62.400000000000006,138.2,509,322,255,301,567,252,391,634,518,97,583,420,147,367,317,1036,NODATA,943,1055,785.5,1809,923,86.2,160.2,207.5,123.2,301.3,377.2,375.9,603.1,401.6,229.9,348.3,450.6,492.3,1707.5,738.2,961.5,1062.2,152.9,NODATA,1032.6,337.4,282.3,625.2,174.1,198.7,84.3,175.1,623.3,395.1,408.1,231.7,267.9,200.56982921203075,22.031538187212224,1033,1317.3,NODATA,1031.3,NODATA,1095.3,945.3,966.9,880.1,518.8,79.9,380.29999999999995,54,104,71,68,2290,19
97,1422,1337,1344,1005,807,783,565,209,174,528,399.00000000000006,63.6,145.95,471.50000000000006,302,276,266,516,257,387,586,472,96,585,441,164,387,316,1058,NODATA,896,1018,775,1673,914,82.6,172.1,203.2,137.4,307.6,411.2,359.1,606,423.2,215,358,450.9,500.1,1736.5,798.6,913.1,1065.8,156.3,NODATA,1051,298.6,251.8,553.7,186,212.6,89.8,198.3,638,400,397.9,240.3,264.2,191.22979971081278,32.64899744931031,920.8,1200.6,NODATA,919,NODATA,967,835.9,884.4,764.5,476.2,70.5,348.20000000000005,52.9,119.7,81.5,67.1,2155,17.6
98,1576.0000000000002,1511.4999999999998,1502,1108,886,845.5000000000001,646.5,263,208,573,423,62.1,141.3,502,342,271,301,570,307,431,656,534,100,563,428,149,354,302,1096,NODATA,1087,1136,775,1826,987,102.2,155,198.1,120.3,330.8,417.8,373.6,679.2,402.4,211.6,353.8,486.8,538.2,1903,802.1,1130.7,1152.4,144.7,NODATA,1155.8,342,266.8,616.3,172.2,200.9,86,197.7,751.2,429.4,423.1,238.1,280.2,207.20237546013513,22.739148147350157,990.7,1370.5,NODATA,989.9,NODATA,1069,936.1,943,846,531.4,76.1,413.5,56.2,115.7,79.2,72.4,2320,17.7
99,1487,1396,1412,1045,862,787,579,217,170,527,420,69.3,135.39999999999998,448,279.5,246,261.5,497.5,224,357.5,591,473,101,577,375,152,311,284,913,NODATA,789,915,775,1738,911.4999999999998,65.8,161.6,202,111.4,305.3,376.1,330.1,569.6,373.6,214.8,327.4,457.3,481.5,1628.5,706.1,813.8,940.8,140.8,NODATA,945.1,315.7,263.7,585.6,176.2,205.9,87.1,185,559.7,388.4,389.1,226.1,268,191.54958283327286,19.357135250917196,976.2,1259.5,NODATA,973.7,NODATA,1023.8,875.5,902.7,835.4,473.3,74.1,383.20000000000005,52.5,115.39999999999999,79,66,2188,17
100,1522,1455,1445,1091,869,776,598,241,189,568,419,71,144.8,513,356,276,296,596.5,334,433.49999999999994,644.5,512,109.75,585,436,146,370,323,1140,NODATA,1138,1124,850,1748,906,103.32499999999999,160.6,208,121.1,342.3,444,371,638.5,410.4,228.2,412.8,455.9,528.6,1761,763.6,1144.8,1140.2,72.6,NODATA,1144.8,335.7,267.5,608.5999999999999,201.9,236,97.1,207.5,704.2,444.8,432.7,253.3,284.8,211.18483055493647,15.45805449970571,944.8000000000001,1288.3,NODATA,944.6,NODATA,1032.1,924.7,915.9,872.2,504.6,78,367.4000000000001,52.9,130.6,83.2,82.10000000000001,2253,19
101,1479,1404,1391,1059,853,761.5,565,213.5,159.5,539.5,420,62.400000000000006,133.35000000000002,498.25,322,215,272,587.5,212,367.5,602.5,481,94.9,582.5,431,143,320,269,926,NODATA,868,942,845,1729.5,908,71.3,162.3,195,127.8,303.1,369.9,367.5,576.9,413.6,192,373,429.7,472.1,1657.5,745,887,960.6,124.7,NODATA,975.7,332.8,272.5,612.5,168.4,191.3,83.2,183.3,595.9,364.2,350.1,211.5,255.7,196.6462142320422,24.561493692961644,936.7,1230.2,NODATA,936.2,NODATA,1027.4,884.3,899.7,812,493.3,77.8,342.60000000000014,51,106.89999999999999,80.9,61.5,2250,15.5
102,1479.5,1387,1381,1033.5,841.5,793.5,578,207,164,524,406,65.4,137.5,486,309,232,276,538,211,355,584,462,98.10000000000001,551,419,150,347,287,979,NODATA,787,939,760,1733,923,70.65,154,200.7,116,300,372.7,356.4,610.1,403.5,225.3,369.8,469.7,518.8,1723,759,845.7,981.1,181.6,NODATA,965.2,337.7,254.7,601.4,174.1,208.4,87.7,189.8,567,379.6,354.4,209.1,262,188.56671767492023,20.269883966452532,968.3000000000001,1243.1,NODATA,965.9,NODATA,997.6,867.9,916.3,786.7,475,73.7,355.29999999999995,53.8,119.3,77.9,62.1,2190,18.400000000000002
103,1521,1457,1436,1054,865,827,625,255,190.5,549.5,431.5,66,144.85,507,319.5,253,284,558,256,383,599,490,105,574,451,156,398,320,1060,NODATA,887,1019,813,1785.5,945,88.2,162.1,198.9,132.5,327.5,391.1,397.3,648.5,413.2,196.3,405.9,497.6,540,1791.8,741.3,919.9,1057.6,117.9,NODATA,1054.8,335.8,263.8,608,193.6,240.8,100.8,188.9,628.4,400.4,385.6,233.1,282.4,210.79164057900164,21.770459709746657,950.6999999999999,1269.8,NODATA,950,NODATA,1022.8,895.1,929.5,832.8,493.2,72.8,398.20000000000005,56.1,125.5,88.4,66.7,2241,18.700000000000003
104,1483,1400,1389,1063,842,789,587,249,167,545,456,59,129.9,468,282,238,277,505,253,338,583,488,95.5,560,435,147,316,273,924,NODATA,886,945,745,1732,910,69.1,162.7,198.29999999999998,123.4,280.4,371.1,358.1,636.5,400.1,195.2,331.7,538.9,441.6,1683.8,736.6,900.8,971,123.2,NODATA,951,315.5,256.5,576.2,171.1,192.1,79.4,183.1,580.2,361.6,350.1,217.8,262.2,192.717424766215,22.507388100941306,937,1254.5,NODATA,935.6,NODATA,981.6,891.1,924.5,813.8,494.6,74.8,346.1999999999998,50,111.8,79.7,58.8,2215,14.5
105,1503,1428,1432,1058,855,804,596,218,188,550,420,70.3,143.5,493,331,276,290,550,287,396,617,498,102.39999999999998,581,413,158,345,294,1067,NODATA,995,1075,752,1753,906.4999999999998,85.5,163.2,194,118.6,308.7,385.4,380.3,645.7,400.5,229.4,345.8,466,547.5,1721.3,777.2,1008.6,1089.2,124.3,NODATA,1073.5,344,265.4,614.7,183.9,206.4,87.6,196.1,679.1,402.3,394.2,239.5,273.6,200.56420917048393,21.04232215812635,961.6999999999999,1248.9,NODATA,960.1,NODATA,993.2,913.4,921.2,837.4,494.1,78.2,379.5,49.5,116.7,72.2,60.7,2263,13.4
106,1503,1444,1410,1078,864,779,590,244,184.5,553,425,72.9,133.55,431,294,260,282,547,241,410,622,486,107,597,406,144,316,298,947,NODATA,912,1029,755,1743.5000000000002,900,78.55,159.8,215,124.7,292.1,362.1,353.4,627.5,373,200.5,346.6,432.1,508.8,1720.1,736.5,947.4,1059.7,169.7,NODATA,1064.1,325.5,267.4,600.5999999999999,178.3,218.9,89.4,181.8,NODATA,401,408.6,234.3,274.1,206.7304573768604,20.644299694637205,985,1281.2,NODATA,980.9,NODATA,1015.5,880.4,887.3,815.3,501.6,70.4,348.60000000000014,55.7,108.4,72.4,72.5,2245,16.4
107,1484,1410,1401,1030,851,796,602,221,163,529,422,64.2,133.6,507,311,260,271,544,230,379,585,486,97,567,427,146,336.5,280,1043,NODATA,923.0000000000001,1018,910,1730,919,78.35,154.4,201.5,118,288.9,361.9,358.7,655.3,397.8,182,372.8,467.7,532.1,1697.1,746.1,959.9,1042.1,109.8,NODATA,1043,332.1,259.7,598.2,172.9,203.4,85.5,184.1,613.1,396.5,381,215.1,266.4,188.41114106235915,23.2125446730199,931.4,1253.8,NODATA,929.4,NODATA,967.1,868,879.5,821.6,481.8,70.2,384.5999999999999,54.400000000000006,116.8,78.3,60.4,2207,17.1
108,1580,1502,1491,1095,871,819,632,275,209,556,444.5,59.39999999999999,132.20000000000002,506,293,315,337,575,364,456,636,543,101,578,441,157,402,336,1156,NODATA,1194,1184,775,1807.5,965,113.15,162.1,201,130.9,337.9,429.1,399.4,690.6,402.9,229,356.2,527,588.2,1978.3,813.8,1230.2,1215.9,80.5,NODATA,1205.4,326.9,275.5,605.6,196.3,223.4,91.3,193,NODATA,444.6,467,241.1,285.5,209.89142813770172,21.124719146072483,942.1,1318.8,NODATA,941.5,NODATA,1036.8,926.8,957.4,861.6,487.2,59.2,407.20000000000005,53.099999999999994,114.3,78.7,65.19999999999999,2290,15.700000000000001
109,1531,1457,1460,NODATA,879,804,587,232.5,172.00000000000003,550,411.5,69.1,147.45000000000002,487.5,322,268,296,563,292,419,643,514,99,555,430,157,349,291,1096,NODATA,1061,1065,765,1774.5,915,89.25,162.8,185,113,325.9,407.7,381.9,693.3,398.2,232.5,383.1,469.3,567.9,1768.2,796.2,1050.3,1084.9,144.9,NODATA,1056.7,325.4,249.7,582,180.4,215.2,87.9,177.5,649.2,429.9,402.7,247.4,265.3,192.54678318276103,21.94071071434207,965.5,1281.9,NODATA,962.3,NODATA,988.1,896,908.2,820.6,493.8,64.8,379.39999999999986,46.900000000000006,108.5,72.1,64.5,2249,17.5
110,1421,1353,1358,1017,803,755,543,174,164,529,411,58.7,134.4,499,331.50000000000006,271.5,285.5,560.5,286.5,347,585.5,485,100.3,551,425,152,333,282,1078,NODATA,939,953,760,1685,875,72.35,152.6,192,119.8,293.6,381.3,379.2,625.7,402.1,197.5,380.6,425.5,462.1,1698.3,793.3,938.8,976.2,115.4,NODATA,963.8,334.7,256.2,609.1,171,197.2,81.3,178.9,554.4,360.7,356.1,205.1,242.3,177.17853156677188,20.842891146484313,915.8,1228.8,NODATA,915.3,NODATA,991.4,847.2,910.5,800.4,474.1,57.9,346.9000000000001,46.6,107.89999999999999,72.1,69.80000000000001,2150,18
111,1425,1333,1340,1007,806,784,559,201,160,509,390,71.8,136.4,463,306,232,268,469,232,328,578,467,92,577,428,155,307,272,957,NODATA,859,915,695,1684,895,67.05,159.1,204,124.4,288.8,380.8,369.9,587,390.7,217,347.2,423.9,477.5,1574.2,645.3,869.7,942.9,126.1,NODATA,945.4,314.9,236.8,554.4,175.2,188.4,80.6,176.5,585.9,369.1,367,209,248.7,185.45140223815713,22.216239503144,917.9,1175.5,NODATA,916,NODATA,964.6,862.5,888.2,791.8,467.1,68.5,352.5,50.099999999999994,99.39999999999999,73.9,75.8,2091,16.599999999999998
112,1713,1642,1608,1187,959,904,701,287,214,625,465,64,150.5,538,363,290,332,635,307,414,654,510,107,584,477.5,132,387.5,320.5,1203,NODATA,1114.5,1121,825,1972,1050,117.85,166.9,205.9,127.4,342.6,439.5,412.8,736.6,417.1,249,376.2,546.2,624.4,2011.3,879.9,1119.7,1174.6,115.7,NODATA,1168.4,365.6,299,679.7,200.4,218.2,91.2,207,NODATA,443.8,437.5,262.1,294.5,213.4103626859756,23.606507194078553,1069.3,1436.1,NODATA,1067.4,NODATA,1118.5,1000.2,1034.9,953.6,581.9,78.5,438.5999999999999,54.1,131.1,93.5,73.3,2465,19.4
113,1370,1298.5,1312,946.5,737.5,730,555,235,152,473,336,65.4,148.7,463,298,214,251,506,232,346,543,405,103.4,541,381,150,301,278,900,NODATA,846,944,771,1634,887,69,164.1,178,117.6,310.7,361.6,338,546.1,393.5,202.5,351,435.9,463.7,1687.1,717.2,859.5,973.5,198.3,NODATA,974.2,288.8,231.5,528.1,171.2,192.7,77.6,163.2,604.2,391,423.4,248.8,245,179.57492632027544,22.04949531206805,967.5,1160.5,NODATA,966.5,NODATA,953.6,794.6,815,769.2,432.4,69.5,336.29999999999995,47,106.89999999999999,73.5,69.80000000000001,1990,17.4
114,1584,1508,1505,1114,949,816,635,277,191,580,450,60.9,143.3,518,345,271.2,288,637,258,395,645,505,102,585,463,156.5,401.5,323.5,1127,NODATA,964,1038,891.0000000000002,1827,950,97.5,158.7,204.8,124.8,321.1,437.1,401.3,686.3,420,168.8,397.5,493.2,558.8,1849.1,838.1,1039.5,1087.6,117,NODATA,1086.8,306.7,272.2,586.9000000000001,187.6,218,90.7,191.9,703.7,419.9,415.1,252.9,268.1,191.42290084924838,23.449824964670615,1004.4,1334.7,NODATA,1002.6,NODATA,1062,963.1,975.9,887.4,523.2,86.7,393.29999999999995,55.4,112.5,78.89999999999999,62.5,2327,17.4
115,1555,1474,1478,1107,886,814,608,229,175,566,429,62.9,141.2,514,355,309,310,648,315,392.5,646,507,104.39999999999999,583.5,471.50000000000006,154,381,323,1168,NODATA,1105,1167,865,1818,949,100.15,162.7,202,132.5,352,442.1,372.5,668.1,410.2,243.6,419.4,485.4,562.3,1795.3,863,1104.7,1102.6,76.7,NODATA,1110.9,341.2,279.3,630.9000000000001,188.4,212.2,89.9,196.6,632.5,414.9,428,241.3,285.6,208.7529495549909,14.679726289893255,993.2,1333.9,NODATA,992.6,NODATA,1044.3,929.4,967.5,916.5,514.3,71,373.4000000000001,56.2,124.39999999999999,84.39999999999999,77.2,2315,19.2
116,1559,1484,1475,1104,908,815,614,236,172,575,446,64.6,144.70000000000002,521,342,281,288,627,239,363,613,495,99,598,445,159,365,311,1099,NODATA,920,981,808,1823,952,85.95,166.3,209.85,126.2,304.3,414.7,389.9,661.4,431.3,232.4,404.5,499.8,553.3,1801.4,761.5,916.7,1002.5,102.9,NODATA,998,334.3,282.6,625.0999999999999,192.6,217.9,89.7,188,605.2,408.4,399.6,237.7,277.5,195.13420360029318,18.476658919543027,966.6999999999999,1302,NODATA,966.4,NODATA,1045,921.4,951.4,863.8,520.3,76.1,387.20000000000005,54.95,118.25,77.1,64.25,2345,16.15
117,1625.5,1533,1526,1152.5,926.5,814,615,221,214,601,458,64.4,154.8,553,343,319,331,607,302,432,683,553,104,593,456,170,404,323,1172,NODATA,1089,1158,800,1848,952,112.2,170.5,204.5,117.3,321.9,442.6,392.7,724.3,420.2,234.6,380.3,493.6,599.4,1894.7,857.8,1102.1,1184.1,89.6,NODATA,1182.5,359.8,276.4,644.5999999999999,188.9,218.2,90,201,745.6,423.6,406.5,238.3,290.5,218.53740457352754,14.978640261084324,1028.3999999999999,1384.8,NODATA,1024.9,NODATA,1068.4,992.9,997.8,938.8,540.7,66.6,381.5,52.599999999999994,113.4,70.3,66.10000000000001,2415,16.299999999999997
118,1488.5000000000002,1417,1404,1048,870,770,579,210,168,547,432,65.19999999999999,138.3,464,292,242,270,538,237,339,593,473,95,550,435,140,340,287,996,NODATA,864,921,926.5,1743,904,68.8,152.9,192.5,111.7,291.8,371.4,352.5,597.5,401.1,184.5,372.3,467,513.8,1669.4,730.1,853.3,968.2,65.9,NODATA,935.6,318.2,278.3,598.7,171.7,197.4,84.2,175.1,554.9,367.1,342,205.2,259.3,187.25230527817735,12.456737584252124,984.1,1249.8,NODATA,983.8,NODATA,1011.8,885.5,914,918.2,511.2,67.9,359.70000000000005,47.800000000000004,110.39999999999999,71.10000000000001,64.2,2176,16.299999999999997
119,1525,1446,1441,1004,831,850,629,250,224,559,403,61.8,149,497,405,308,341,643,364,464,639,525,109.14999999999999,593,447,144,407,323.49999999999994,1200.5,NODATA,1224,1177,740,1775,939,114.5,157.6,213,125.4,337.1,413.8,404.1,704.8,375.8,235,378.4,546.4,581.1,1944.5,807.4,1274.5,1223.7,96.4,NODATA,1192.9,338.2,250.1,594.9,188.5,204.4,85.1,189.5,NODATA,457.4,409.7,255.2,262.8,189.55489202174027,24.890501042838686,890.5,1267.4,NODATA,888.6,NODATA,978.6,884.2,860.7,794.1,498.4,88.8,457.5999999999999,54.5,126.89999999999999,83.5,65.6,2239,20
120,1591,1511,1490,1088,878,870,648,262,219,560,422,72.5,148.2,561,352,283,304,625,302,426,646,510,103,616,515,146,419.5,348,1176,NODATA,1074.5,1205.5,927.5,1849,994,115.4,168.6,212.89999999999998,133.6,344.2,457.3,428.6,733.5,435.7,224.5,422.7,513.6,572.5,1958.6,836.6,1118.7,1213,93.2,NODATA,1211,342.4,261.4,616.4,207.9,227.6,92.5,197.6,720.9,441.4,457.4,266.5,283.4,205.50264205880467,24.127002637492193,969.5,1329.2,NODATA,967.3,NODATA,1032.5,926,916.6,876.3,493.8,80.6,424.70000000000005,59.699999999999996,129.9,82.8,65.7,2304,20
121,1616,1544,1511,1117,931.5,864,636.5,248,203.5,577,457,69.4,145,539,354,320,311,629,285,410,663,527,102.30000000000001,575,495,164,427,327,1185,NODATA,1059,1096,810,1881,985,107,165.5,199,130.5,338.9,423.1,408.2,714.6,442.9,245.8,394.9,544.1,616.3,1870.6,744.8,1064.3,1120.5,117.7,NODATA,1095.3,362.3,277.8,648.5999999999999,184.9,212.8,88.1,190,691,413.3,429.4,254.9,274.9,201.5289525603498,17.173668816640596,995.9000000000001,1351.9,NODATA,995.3,NODATA,1056.8,971.7,969.5,878.2,523.3,78,422.9000000000001,52.599999999999994,117,78.5,78.7,2366,17.4
122,1558.5000000000002,1486.4999999999998,1488.9999999999998,1068.5,870,867.5,654.5,282.5,184,559,426,62,140.8,518,315,256,316,584,284,399,610,485,106,582,439,160,357,313,1041,NODATA,997,1044,876.5,1832,996,95.25,162.3,204.7,125.7,369,407.5,392.7,685.5,415,209,360.1,501.1,545.6,1890.2,840.1,1019.4,1082.5,150.6,NODATA,1076.6,319.5,273.5,597.3,199.7,233.2,98,203.7,639.1,433.1,406.6,264.9,274,201.63373385076702,23.339777235896534,987.5,1322.3,NODATA,986,NODATA,1034,901.9,908.8,836.9,510.5,84,438.0999999999999,52.599999999999994,121.89999999999999,84.1,72.8,2300,18.2
123,1603,1543,1540,1104,875,829,627,249,207,599,447,69,147.5,588,433,299,355,719,331,431,659,508,107,584,492,158,401,338,1260,NODATA,1128.5,1113.5,791,1878,978,114.15,169.8,198.55,128.6,346.9,458.5,432.6,679.6,453.4,225.4,426.2,519.3,513.5,1906.4,783,1165.2,1153.5,104.1,NODATA,1150.5,357.4,273,644.3,192.4,219.2,92.9,199.3,NODATA,440.8,437.3,227.8,278.5,206.51271150012178,17.145550918861733,1022,1344.2,NODATA,1021.7,NODATA,1116.9,966.5,963.7,917.9,527.5,90.3,428.5999999999999,59.3,126.5,88.1,71.5,2377,16.200000000000003
124,1585,1523,1505,1106,913,827,636,246,186.5,564.5,451,66.10000000000001,145.5,489,306.5,262.5,304,567,239,377,632,504,102,565,460,151,344,311,1037,NODATA,919,1000,836,1834,960,84.05,157.7,196.56,121.7,294.9,398.8,403.8,678.4,403,236.6,371.9,524.3,553.5,1823.8,810.8,939.7,1018,77.4,NODATA,1017.5,354.4,290.3,651,180.5,203,89.5,194.5,601.9,390.1,389.3,230.2,278.9,207.10525751075556,25.97883735574313,1013.1999999999999,1336.4,NODATA,1011.7,NODATA,1077.1,943.5,955.8,935.8,502.5,80.3,420.39999999999986,57.199999999999996,114.5,77,65.4,2335,15.600000000000001
125,1625,1536.5,1528,1141.5,955,852,635,240,185.25,586.75,448.75,67.30000000000001,141.7,504.5,321,232.5,290,548,238.5,384.5,656.5,525.5,97.5,581,430,140,339,301,962,NODATA,855.5,1023.5,812,1873.25,973.5,84.05,162.7,205,121.7,295.9,399.9,378.1,658,408.9,224.5,374.8,514.4,566.6,1812,785.8,922,1047.1,105.4,NODATA,1044.6,351.6,284.7,647.3,183.6,210.8,87.6,186.3,588.6,408.2,395.5,230.3,265.4,199.774139273356,28.685471174156056,1027.2,1368.1,NODATA,1026.3,NODATA,1091.5,968.5,980.2,921.8,520.9,83.2,390.5,52,120.8,70,70.8,2367,14.9
126,1540,1485,1450,1093,906,794,595,231,180,572,427,64.4,146.4,507,358,243,290,632,250,394,625,502,93.4,578,460,141,346.50000000000006,296.5,1062,NODATA,1012,1024.5,775,1793,927,88.35,165,195.5,122,323.1,412.9,401.6,615.7,417.7,199.3,373.5,467.3,497.1,1769.8,751.3,1029.6,1059,131.5,NODATA,1057.4,324.8,269,603,174.9,205.2,84.7,194.7,NODATA,416.5,416.2,231,281.5,206.06047892097143,17.62626731046854,1028.8,1273.7,NODATA,1024.8,NODATA,1067.4,928.6,954.9,897.3,514.9,81.3,381.5999999999999,53,121,86.4,65,2285,16
127,1656,1557,1564,1169,969,872,641,234,193,604,481,65,135.6,507,314,238,286,549,230,360,659,525.5,97.54999999999998,564.5,447,164,350,314,1027,NODATA,840,982,865,1931,1009,82.4,154.3,201.70000000000002,113.4,306.5,422.4,381.1,715.7,445.2,227.9,409.4,513.4,602.7,1833.7,851.7,898.4,1011.9,97.3,NODATA,1009.9,363.4,295.6,667.3,181.9,205.3,87,207.9,581.9,377.5,380,224.8,285,209.76711027789804,12.773796535636707,1062.6,1401.7,NODATA,1062.1,NODATA,1077.4,963.6,995.9,965.3,554.2,83.1,407.4000000000001,51,135.2,89.9,67.8,2464.5,18.5
128,1399,1357,1341,963,776,754,579,229,152,484,384,68.2,148.4,476,290,231,266,496,231,357,568,439,99.5,540,411,145,334,262,938,NODATA,858,975,798,1677,897,69.25,164.6,178.95,120.6,315.2,353.9,343.7,585.7,411.1,199.8,343.9,446.4,442,1652.2,693.6,858.2,986.2,177.5,NODATA,928.4,304.3,262.2,569.9,168.6,195.7,81.1,186.7,587.4,379.1,361.1,208.4,261.1,187.35241829249355,22.713595499078245,928.4,1225.9,NODATA,928,NODATA,986.7,847.9,858.9,750.9,455.6,73.6,395.0999999999999,38.3,106.89999999999999,71.85000000000001,63.5,2088.5,15.4
129,1511,1430,1431,1061,857,831,585,223,160,554,453,64,144.5,488,314,225,282,514,210,357,582,NODATA,100,562,421,158,308,272,942,NODATA,769,903,750,1799,949,65.85,161.9,197.2,129.2,291.7,364.3,343.5,606.2,424.2,199.1,367.2,485.7,510,1634.1,711.7,817,934.4,102,NODATA,926.3,328.4,272.5,615.0999999999999,190.4,215.7,89.1,163.6,536.5,360.7,346.9,213,262.1,193.4355831868445,19.87929696375098,996.8,1295.3,NODATA,996.6,NODATA,1038.5,909.9,908.9,894.8,502.8,82,374.79999999999995,50.4,102.6,65.3,65.8,2260,17.3
130,1515,1432,1435,1054,844,779,580,231,179,561,413,68.1,146,525,362,291,335,638,290,427,638,504,115.8,584.5,479.5,141,421,334,1133,NODATA,1063,1108,805,1795,946,105.75,161.9,203.2,132.9,347.6,435.2,424.6,675.8,417.9,192.1,400.3,455.6,527.5,1877.4,820.6,1105.7,1148.5,161,NODATA,1130.7,311.9,271.5,586.8,192,217.5,91.9,202.4,NODATA,434.8,452.1,248,281,203.9454284448127,25.28085795027799,979.7,1282.2,NODATA,974.8,NODATA,1041.2,916.7,947.9,818.7,515.4,74.9,374.70000000000005,53.9,125.1,79,65.9,2272.5,18.700000000000003
131,1630,1542,1520,1130,908,846,642,249,224,587,446,65.1,146.4,585,384,292,307,609.5,349,433.49999999999994,659,510,104.35,586,478,156,409,337,1158,NODATA,1159,1166,837,1880,989,118.15,163.4,200.79999999999998,121.5,339.5,465,396.3,679.5,419.4,241.5,395.5,529.7,552.9,1970.7,846.9,1186.5,1189.6,107.6,NODATA,1167.9,364.7,275.6,647.1,206.7,220.1,92.8,203.6,749.1,452.7,421.5,264.4,277.6,199.4864173756767,21.87839402788139,980.1,1391.9,NODATA,979.4,NODATA,1112.7,958.8,1009.3,872.5,529.3,86.9,413.70000000000005,55,131.1,90.60000000000001,68.8,2400,18.5
132,1546,1469,1479,1107,875,828,629,268,179,581,446,73.8,144.4,526,331,255,298,585,259,378,628,508,100,598,437,145,379,324,1064,NODATA,934,1037,871,1825,967,89.7,170.9,213.14999999999998,125,294.5,393.8,374.2,659.8,424.6,190.6,408.8,449,521.7,1759.8,772.4,977.9,1051.3,170.7,NODATA,1025.8,319.5,270.2,599,194.4,212.9,88.9,183.1,654,417.9,387.6,242.3,268.8,198.6934278684396,23.454425458256186,1000.8,1316.4,NODATA,999.7,NODATA,1044.4,925.7,958.3,830.1,518.2,84.9,373.0999999999999,48,119.55,77.2,72.10000000000001,2283.5,16.8
133,1593,1489,1486,1100,883.0000000000001,816,592.5,223,191,552,448,59.5,133.4,524,324,256,280,546,294,393,658,557,98,564,437,161,353,302,1030,NODATA,988,1100,785,1828.5,991,92.5,161.2,199.7,114.9,319.5,409.6,363,600.7,434.7,224,356.6,509.9,523.9,1862.8,758.3,1001.1,1114,182.4,NODATA,1094.3,340.9,278,623.9,187.8,213.7,89.5,188.8,669,411.4,392.7,235.1,274.6,200.05941760596136,24.31572238972509,1020.9,1331.6,NODATA,1020.6,NODATA,1101.2,922.6,973,838.5,492.1,72.8,399.4000000000001,50,114.3,75.7,59.2,2330,15.1
134,1699,1627,1611,1236,995,879,636,226,194,635,504,68,144.65,522.5,320,278,307,572,248,374,692,586,112.10000000000001,570,487,155,405,334,1075,NODATA,964,1021,968,1980,1001.4999999999998,101.15,160.1,197,138.8,336.9,457.9,414,706.4,440.7,235.4,420.7,522.3,612,1792.1,862.8,976.6,1061.2,100.6,NODATA,1066.3,391.8,310,712.5,186,221.7,94.2,211.3,647.1,410.1,384.1,226.4,304.5,223.71318477362288,28.947575992843333,1111.2,1424.4,NODATA,1109.7,NODATA,1144.9,1063,1070.2,1010.6,585.8,71.7,381.5,57.400000000000006,131,85.5,71.9,2572,20.5
135,1572.5,1490,1472.5,1093.75,869,848.5,638,215,162.5,551.5,428,61.900000000000006,152.7,542.5,382.5,280.5,296,634.5,298,394,608,474,97.30000000000001,576,472,140,412,324,1105,NODATA,1021,1071,780,1831,967,99.8,172.4,197.5,124.2,310.6,444,408.3,740.6,432.9,234.3,385.5,487.1,582.7,1930.1,863.8,1038.4,1053.9,54.1,NODATA,1062.8,345.4,274.5,634,201.8,215.8,91.3,200.9,641,416.6,397.7,239.4,267.4,194.4,18.732905222855916,980.9,1340,NODATA,980.4,NODATA,1014.2,916.3,928.2,926.8,515.8,82,415.5999999999999,56.900000000000006,123.10000000000001,86.5,61.8,2288,15.700000000000001
136,1479.5,1419.5,1405.5,1027.5,821,767.5,587.5,230,190.5,531,401,64.5,149.5,534,349,275,303,636,260,399,603,481,109.7,566,451,132,384,324,1108,NODATA,983,1063,763,1723,910,94.55,164.3,194.20000000000002,121,306.9,431.5,373.3,712,378.8,207.4,330.9,471,560.8,1827.1,806,1008,1095.2,124.9,NODATA,1081.1,333.7,259.8,602.8,192.4,211.5,88.5,195.9,NODATA,419,416.9,231.4,261.1,193.42843335841326,28.786074913015643,927.6999999999999,1286.7,NODATA,925.8,NODATA,957.8,868.8,898.4,802.8,474.9,82.6,380.70000000000005,55.599999999999994,118.6,86.30000000000001,67.30000000000001,2206,19.4
137,1536,1465,1468,1098,898,799,601,225,178,570.5,443,61.4,138.5,488,314,268.5,274,581,232,370,640,528,100,580,406,155,383,293,1031,NODATA,877,990,795,1801,918,83.25,160.5,210.39999999999998,123.8,292.9,389.4,379.1,649.8,404.3,204.1,344.7,473,533.4,1767.6,788.7,917.9,1018.9,116.5,NODATA,1036,347.9,273.7,624.5,178.5,214.1,85.2,179.2,641.8,400.3,370.3,223.6,268.6,196.36786249565768,20.91332044447997,995.2,1305,NODATA,992.9,NODATA,1044.7,939.5,921.5,878.7,517,75.8,375.9000000000001,48.5,102.30000000000001,67.1,63.8,2265,15.600000000000001
138,1520,1443,1447,1058,868,787,598,238,201,558.5,423.49999999999994,58.05,144.75,525,355,275.5,317,594,285,416,634,515,97,561,430,149,383,315,1099,NODATA,1076,1115,750,1766,929,96.7,162.9,190.7,114.2,323.5,431,405.4,670.8,403.8,215.4,382.5,492.6,553.3,1852,806.4,1121.1,1138.5,92.4,NODATA,1117.5,327.9,265.5,597.2,187.9,215.2,89.1,196.5,658.2,403.2,415.3,240.1,266,188.0715940500667,21.36857064262036,936,1260.2,NODATA,936.1,NODATA,1007.9,902.6,921.2,843.6,488.3,76.1,398,55.9,113.3,76.39999999999999,64.3,2260,16.200000000000003
139,1571,1495,1476,1081,881,854,627,250,183,580,439,66.5,142.20000000000002,489,308,232,291,547,267,362,605,490,103,583,449,134,355,302,985,NODATA,949,1006,795,1833,982,83.85,168.5,201.5,131.2,331.2,404.8,381.2,630.4,397.4,230.9,385.4,519.9,542.6,1788.3,785.1,972.3,1040.8,99.2,NODATA,1040.9,344.3,270.8,622,186.3,214.2,89.9,205.6,614.3,407.1,393.8,223.9,279.9,204.93097378038806,18.883146560826525,992.6,1298,NODATA,992.5,NODATA,1059.5,921.8,939.3,893.4,520,76.4,413.70000000000005,56.449999999999996,137,93,70,2285,18.85
140,1589,1523,1509,1136,913,847,639,257,164,574,456,64.4,141.8,473,314,252,275,539,223,360,632,515.5,100.39999999999999,592,421,138,370,303,1025,NODATA,826,975,845,1857,963,79.85,162.3,211,130.6,318.3,390.1,332.9,634.8,400.9,225.5,395.6,490.5,546.4,1785.6,785.3,846.8,1006.4,127.5,NODATA,1003.3,356.2,274,640.9,182.2,219.3,89.9,206.9,609,381.5,370.5,216.8,270.7,199.46879060517256,25.563410084007785,1018.9,1357.7,NODATA,1016.1,NODATA,1064.9,947.2,985.5,891.4,530.2,74,383.20000000000005,54,128,80.8,67.30000000000001,2330,17.7
141,1454,1389,1381,1020,842,790,583,219,196,536,398,63.7,137.5,477,326,254,275,535,242,381,601,458,103.10000000000001,567,432,159,355,317,1018,NODATA,958,995,755,1722,929,85.1,156.2,201.85000000000002,131.9,301.6,377.9,366.6,634.6,390.6,210.2,337.7,445.5,519.4,1760.1,735.2,974.7,1025.2,153.9,NODATA,1022.8,334.4,249.9,596.7,190.8,208.9,88.3,180,NODATA,437.8,429.6,248,249.7,182.30567129890287,23.722325611250398,933.1,1227.1,NODATA,931.6,NODATA,964,850.9,886,779.2,470.7,67.2,364.9000000000001,53.35,117.30000000000001,82,65.25,2167.5,15.700000000000001
142,1541.5,1449.5,1445.5,1050.5,886.5,834.4999999999999,634,265,175.49999999999997,554,432,67.30000000000001,148.7,520,354,257,303,586,272,386,620,494,99.39999999999999,609,470,150,375,324,1084,NODATA,1018,1030,747,1790,957,88.4,173.5,215.5,121.9,303.5,412.4,405.2,658.3,431.9,244.5,390.8,504,532.5,1798.4,720.1,1038.3,1050.3,141.7,NODATA,1044.8,325.4,258.7,588.1,186.3,206,86.8,190.6,598.8,398.2,378.8,222.3,266.1,198.6566106540759,22.83926297965319,985.3,1280.5,NODATA,984.1,NODATA,1035.1,898.1,904.4,843.6,501,56.8,406.4000000000001,52.300000000000004,108.5,72,67.1,2340,17.8
143,1558.5000000000002,1481.0000000000002,1478.5,1138,915.5,767.5,570,204,163,570,457,63,145.2,456,274,220,285,496,197,329,624,512,93,567,404,144,316,300,907,NODATA,773,874,793,1816,912,66.6,164.9,193,117.9,297.2,393.5,356.9,620,397.5,197.4,346.9,446.6,536.9,1677.5,754.8,829.4,894.1,72.5,NODATA,891.6,329.2,277,609.8,173.4,200.2,82.2,207.3,523.6,361.1,345.3,202.7,277.5,203.59176081115743,23.14882374907092,1024.2,1310.9,NODATA,1023.6,NODATA,1057.5,960.2,1001,951.7,527.1,79.2,341.9000000000001,51.1,131.9,92.2,67.5,2315,17.9
144,1591,1530,1507,1132,901,862,657,272,182.5,581.5,446.5,66.5,140.39999999999998,486.50000000000006,319,246,284,560,244,374,598,481,100,588,446,152,345,300,1032,NODATA,899,970,835,1857.5,982,85.4,167.6,193,125.6,310.9,415.5,375.4,701.2,400.5,197.2,341.6,478.6,591.5,1850.3,853.3,965.4,1020,123.2,NODATA,1030.4,343.8,280.2,634.1,184.3,215.5,92.4,193.9,626.8,412.6,391.9,230.6,285.7,202.56530775030905,15.28187575879312,1003,1358.2,NODATA,1001.8,NODATA,1038.3,929.6,952.3,879.8,540.8,85.3,385,57.800000000000004,120.9,73.60000000000001,67.1,2370,20.099999999999998
145,1478,1408,1380,1012,817,771,608,236,192,550,403,67.8,141.4,556,403.49999999999994,316.5,313,627.5,337,400.5,606.5,457,106.19999999999999,589,461,140,379,319,1197,NODATA,1114,1084,767,1702,878,99.6,160.2,204,135.5,340.1,449.2,385.2,628,392.7,232.1,402.9,487.3,517.7,1820.5,768.7,1135.8,1103.1,96.9,NODATA,1075.7,345.3,251.2,605,207,232.8,96.4,197.4,NODATA,419.1,465.8,258,258.1,197.83991103846762,24.227745317954163,901.1,1222.2,NODATA,900.9,NODATA,991.2,877.2,864.2,804.2,473.7,62.4,374.4999999999999,60.9,115,88.2,72.4,2173,16.7
146,1512,1436,1421,1035,837,781,593,235,191,548,411,69,147.7,534,350,272,307,611,271,406,608,485,103.4,574,446,140,352,300,1125,NODATA,1011.5,1079,881,1750,938,95.75,168.4,195,107.2,316.1,428.9,403.5,690.2,414.9,217.4,391.1,491.3,575.5,1852,791.7,1050.9,1115.6,114.8,NODATA,1110.2,320.7,255.9,583.8,179.1,210.3,88,186.1,NODATA,421.8,416.7,242.5,257.5,190.96785638305738,19.443192838398055,927.5,1243.7,NODATA,922.8,NODATA,967,872.1,872.8,812.7,500.8,79.1,396,52.5,123.6,85.35,64.5,2240,17.1
147,1485,1414,1402,1034,851,805,599,226,176,537,415,67.5,140,480,312,252,283,517,221,380,585,472,101.8,588,430,133,368,330,990,NODATA,818,989,809,1744,934,80.75,158.7,210.85000000000002,138.4,322,404.2,372.7,664.8,386.2,201.5,348.5,457.6,533.9,1705.9,720.1,876.1,1022.2,86.7,NODATA,1032.1,329.7,262.1,600.4,180.8,218.8,90.7,183.6,616.5,402.2,398.2,223.6,262,189.6670589983243,20.401842288226348,914.9000000000001,1250.1,NODATA,913.9,NODATA,966.9,865,898.7,828.2,477.2,65.7,381.79999999999995,56.2,110,74.80000000000001,69.35000000000001,2183,18.2
148,1560.5,1481.5,1472,1110.5,889,775,591,195,188.5,566,426,71.5,143,480,339,266,297,580,275,375,635,502,102.30000000000001,561,395,130,322,304,1048,NODATA,954,979,788,1771,880,81.35,167.5,189,122.3,315,387.2,363.9,620.3,367.4,237.2,370.8,475.3,526.6,1747.2,766.3,959.4,1002.8,78.8,NODATA,1004.7,376.6,262.6,651.3,186.2,212.4,88.5,191.5,580,385.8,389.4,227.1,264.9,196.22572170261935,21.566329278190405,1005.5,1313.9,NODATA,1005.5,NODATA,1063.8,924.9,970.4,926.7,529,67.1,372.0999999999999,55.599999999999994,117.2,76.3,72,2314,14.6
149,1439,1367,1355,994,802,785,586,242,175,511,395,58.4,130.9,450,291,211,232,444,221,341,566,446,95.5,566.5,403,140.5,302,282,902.5,NODATA,798.5,938,700,1688,912,67.4,156.4,198,128,310,384.1,351.7,611.9,397.9,193,325.8,460.6,505.7,1625.4,707.8,818.2,951.3,165.5,NODATA,934.4,301.5,252.2,560.4,166.4,191.2,82.4,177.1,583.6,377.6,381.5,223.4,252.5,188.5087202939569,22.110910604923617,917.7,1215.1,NODATA,916,NODATA,960.6,855.5,880.8,752.2,458.7,72.5,371.9,54.900000000000006,99.80000000000001,68.5,62.5,2115,17.3
150,1516,1474,1446.5,1086.5,889.4999999999999,804,622,257.5,176,577,448,68.4,144.3,491,324,255,297,584,232,410,616,497,105.60000000000001,577,443,138,380,309,1030,NODATA,895,1048,825,1786,929,85.4,163.3,197,140.9,310.5,394.4,384.6,642.1,398.8,189.3,366.2,459.8,550.8,1744,780,979.2,1050.8,131.1,NODATA,1042.3,332.7,267.9,607.4,180.9,209.1,86.9,195.9,NODATA,406.7,397.4,235.6,276.7,202.80162756873776,23.336507874569218,969.7,1261.4,NODATA,967.5,NODATA,1015.2,900,951.2,838.6,518.4,71.6,351.89999999999986,54.900000000000006,124.1,84.3,69.2,2270,17.4
151,1602,1515,1498,1101,903,817,625,211,218,583,438,68.4,150.1,587,398,316,332,697,389,457,684,512,106.19999999999999,603.5,484.00000000000006,158,420.99999999999994,362,1251.5,NODATA,1264.5,1225.5,840,1858,988,125.5,170,213.2,137.8,344.2,463.5,437.9,708.9,461.9,262.4,441.9,517.6,584.4,1922.5,804.7,1256.3,1259.7,92,NODATA,1253,338.5,280.5,629.5,213.4,237.5,97.6,190.2,756,442.7,459.8,272.7,286.8,218.6162391068671,12.747086950189368,993.7,1304,NODATA,992.3,NODATA,1053.3,945,983.1,901.7,526.1,76.5,398,62.1,117.8,81.19999999999999,68.7,2365,19.3
152,1668,1563,1600,1183,952,890,636,233,199.5,606,461,62.300000000000004,141,563,368.5,315.5,343.5,673.5,358,485,718,583,110.19999999999999,608,434,185,420,326,1203,NODATA,1167,1236,847,1941,1010,123.1,166,217.5,133.5,348.9,423.2,441.8,680.3,456.8,239.7,391,503.5,556.9,1950.4,820.6,1299.2,1261.3,157.1,NODATA,1194.6,370.4,293.2,675.4000000000001,201.3,233.6,99.5,190.5,768.3,447.4,426.5,234.9,287.2,212.59703274058663,15.51302606818318,1044,1365.8,NODATA,1043.5,NODATA,1135.8,1002.5,984.4,886.9,543.8,70.4,416.70000000000005,52.9,113.2,75.5,73.5,2465,17
153,1594,1515,1495,1092,899,844,633,236,179,577,459,64.5,138.6,495,321,253,292,515,256,387,618,505,96,592,433,151.5,337,292,1020,NODATA,947.5,1019.4999999999999,801.5,1851,980,84.45,163.6,209,125.2,321.5,388.6,369.3,668,395.5,212.3,340.7,517.5,574,1777.9,776.4,957.1,1055.9,129.3,NODATA,1028.5,361.4,275.5,643.7,180,208.2,88.6,198.5,638.1,404.2,399.4,229,280.5,204.89690830306094,25.28005019668906,980.8,1341.1,NODATA,979.9,NODATA,1051,939.2,962,851.5,530.8,82.7,412.10000000000014,45,123.10000000000001,84.2,71.5,2395,15
154,1599,1517,1525,1120,898,867,656,281,184,584,460,67.8,137.89999999999998,524,335,270,284,581,270.5,395.5,636,517,106,583,440,150,368,320,1074,NODATA,971,1058,794,1873,976.4999999999998,97.4,155.9,204,120.5,316.3,400.4,380.6,662.9,412.3,230.9,394.5,510.2,556,1839.2,857.3,992.6,1080.4,150.2,NODATA,1088.9,336.5,280.2,619.3,201.9,220.7,95.2,199.1,638,404.1,426.7,239.2,296.4,216.3919591038337,16.326479992656918,1033.2,1356.1,NODATA,1031.4,NODATA,1084.6,941.9,983.8,883,532.9,93.8,417.70000000000005,54.5,129.1,82.30000000000001,67.5,2383,15.600000000000001
155,1613,1549,1533,1148,958,793,596,208,174,596,473,66.2,136.9,498,304,248,301,535,257,383,674,546,100,585,454,172,351.5,291,1009,NODATA,908,1030.5,865,1889,964,85.4,161.2,219,116.5,296.5,391.3,377.4,680.9,435.8,206.7,389.3,481.6,562.3,1770.6,849.6,986.8,1046.6,126.7,NODATA,1046.3,346.7,273,624.3,172,199.1,84.7,201.6,620.3,392,375.8,227.5,278,210.48337699089896,15.313513343697418,1052.7,1376.3,NODATA,1049.7,NODATA,1080.2,988.9,997.9,926,549.5,81.8,396.20000000000005,51.4,114,70.7,70.89,2385,16.200000000000003
156,1490,1406,1409,1064,841,827,588,231,153,536,439,50.8,133.3,483,305,235.5,277,558,232,356.5,596.5,484,93,573,437,139,350,309,939,NODATA,867,973,765,1742,913.5000000000002,75.4,164,189,133.9,287,383.9,372,622,401.6,209.7,361.6,448.5,518.6,1715.1,755,907.7,1001.5,103.3,NODATA,997.8,328.6,266.3,606,187.1,212.7,88.9,193.9,582.9,391,374.9,209.5,265.2,188.99904671987056,20.5920932515511,959.1999999999999,1243.5,NODATA,958.9,NODATA,1002.8,880.9,931.8,855.9,482.3,72,351.79999999999995,54.900000000000006,119.60000000000001,70,71.2,2245,17
157,1523,1469,NODATA,1104,858,789,578,231,180,565,424,68,146.7,490,304,227,279,576,256,362,614,497,99,566,454,141.5,339.5,287,983,NODATA,878,959,845,1775,919,77.9,163,195.5,121.3,304,401.8,357.5,622,385.6,211,344.9,446.2,521.8,1795.8,817.7,927.5,1041.2,132,NODATA,1030.3,324.8,264.7,596.5,182.5,208.3,87.6,199.5,621.4,395.9,384.7,237.3,268.5,193.14078175436617,19.941018542560467,973.3,1293.4,NODATA,970.4,NODATA,1032.5,901.3,941,841.3,528.5,79.3,342.79999999999995,61.4,119.39999999999999,84.1,60.4,2250,18.700000000000003
158,1494,1433,1434,1055,847,831,609,243,192,543,417,68.7,138,494,300,238,256,559,252,381,607,477,103,559,417,150,375,306,986,NODATA,895,1038,814,1762,945,82.45,157.1,200.5,131.1,309.9,375.8,351.5,641.4,409,216.3,327.6,450.9,526.1,1782.6,815.2,862.8,1059.5,118.6,NODATA,1055,312.3,272.4,590.7,187.6,210.1,90.8,178.7,623.1,405.4,394.3,233,272.8,203.70585750848545,26.255033075707352,946.9,1286.9,NODATA,946.2,NODATA,1000.5,881.9,886.2,828.3,483.6,66.2,382.79999999999995,46.349999999999994,111.1,77.30000000000001,63.75,2169.5,17.5
159,1647,1561,1537,1147,920,856,634,246,194,594,457,68.2,147.4,542,389,294,316,608,343,395,658,541,108.80000000000001,589,438,163,322,311,1169,NODATA,1151,1094,835,1884,960,107.9,161.9,204.3,135.5,322.1,445.7,392.6,682.9,436.2,251,408.3,546.9,587,1898.9,798.8,1204.9,1117.9,23.4,NODATA,1105.9,344.7,276.6,627.2,180.5,207.8,87.7,207.1,615.3,419.6,416.2,226.3,272.2,197.8,20.638047878841114,957.6,1388.7,NODATA,958.3,NODATA,1106.1,976,NODATA,934.2,535.4,86.7,413,55,129.3,99.2,74.7,2386,19
160,1465.5,1392.5,1400.5,1043,848,750.5,554,192,204,562,422,68,143.5,509,300,279,299,572,312,377,613,475,106,569,469,153,323,301,1071,NODATA,1041,1021,825,1721,883,87.9,164.6,199,120.3,335.6,428.5,377.8,625.8,436.3,202.2,390.1,431.5,476.2,1727.5,822.8,1054.8,1053.3,86.9,NODATA,1053.3,307.3,259.1,570.7,175.1,208.6,89.3,193.4,NODATA,399.4,422.1,236.9,268.1,200.21769248351706,21.792878250632672,935.1,1251.9,NODATA,934.1,NODATA,1012.2,896.4,901.2,848.2,508,72.5,371.79999999999995,56.5,121.8,70.9,74.80000000000001,2225,16.1
161,1472,1375,1376,1046,874,753,558,192,161,543,434,67.1,139.3,495,302,226,257,556,209,349,576,466,100,558,412,153,359.5,278,953.5,NODATA,804,906,854,1694,861,68.6,154.8,198,124.9,296.7,379.7,353,613.2,402.9,233.1,325,448.5,530.7,1615.7,694,830.9,951,126.3,NODATA,957,339.7,271.8,619.3,184.8,208.4,88.3,190.4,583,367.9,351.8,203,275.3,200.7727786923215,21.503111748280013,958,1217.8,NODATA,955.2,NODATA,972.2,882.6,928.5,831.7,500.1,82.5,345.4000000000001,47.400000000000006,119.60000000000001,78.4,63.9,2195,14.1
162,1644.5,1572.5,1543,1156.5,921.5,882.5,673,273,208,602,475,65.1,152.79999999999998,550,351,293,322,623,297,442,681,551,106,602,510,138,379,333,1198,NODATA,1113,1176,837,1901,1000,121.9,174.6,205,130.2,346.8,455.5,422.5,747.1,435.5,213.8,401.4,503.9,601.2,1960.2,860.7,1138.8,1191.3,126.9,NODATA,1172.5,348,286.9,642.6,216.3,255.5,105,204.7,753.7,456.9,465.7,288.3,292.6,215.7369793399194,28.160157331739114,1011.3,1392,NODATA,1010.4,NODATA,1077.5,982.6,1017.5,884.4,544,88.6,404.4000000000001,59.1,126.1,81.89999999999999,71.6,2426,16.599999999999998
163,1488,1433,1423,1063,843,808,593,248,161.5,529,438,61.5,120,480.5,300.5,259,298,541,244.5,340.5,568,474,90,570,455,142,338,305,1000,NODATA,975,960,845,1750.5,932,77.95,160.1,200.5,119,327,421.6,381.6,632.6,407.5,198,378.5,460.9,507.4,1752.1,794.6,971.8,975.1,175.5,NODATA,941.9,334.9,264.4,607,186.5,214.6,92.8,181.2,575.1,366.2,374,223.8,257.3,196.806045199024,13.195988476782771,952.1,1255.3,NODATA,950.9,NODATA,1006.6,848.8,894.2,776.6,484.2,68.2,364.6999999999998,51.7,119.39999999999999,78,63.6,2245,17
164,1482,1429,1410,1034,860,785,597,266,191,543,411,65.19999999999999,142.3,526,361,264,284,632,274,379,617,497,92.30000000000001,564,421,143,388,325,1066,NODATA,940,1034,700,1732,922,86.45,157.4,197.75,117.4,284.5,389,366.9,644.1,382,189,382.1,483.5,535.3,1810.9,823.6,1003.5,1075.7,105.1,NODATA,1080,321.6,243.4,581.5,174.7,205.2,85.7,183.6,636.6,389.9,377.8,222.3,244.8,177.82203073826423,20.34475706165178,938.5,1255.3,NODATA,937.6,NODATA,988.6,902.3,922.9,833.4,497.5,77,377.79999999999995,51.3,101.29999999999998,70.8,68.05,2293,18.15
165,1543,1440,1457,1089,869,803,570,206,184,552,436,65.3,141,452,290,182,286,463,205,339,612,498,93,556,381,177.5,292.5,258,837.5,NODATA,782.5,889.5,829,1800,926,62.65,155.5,194.4,116,282.4,334.2,379.8,619.5,409.7,201.1,351.2,459.2,498.9,1690.9,727.4,807.2,917.2,116.2,NODATA,917,339.2,258.3,604.2,162.8,184.6,82.2,196.4,534.2,370,360.1,227.8,264.6,185.4080488950287,20.158672576304184,1016.3000000000001,1299.8,NODATA,1015.7,NODATA,1063.6,943.2,949.5,900.1,502,77.6,386,49.3,114,75.4,61.8,2267,15.9
166,1557,1479,1455,1126,896,788,596,232,207,580,452,59.3,138.15,516.5,351.50000000000006,279.5,309.5,522,334,402,660,534,102,573,449,135,381,314,1136,NODATA,1087,1072,765,1793,907,98.3,164.9,201,138.5,298.5,403,383.1,640.1,403.1,230,393.7,441.7,516,1756.4,736.1,1105.2,1134.9,84.4,NODATA,1121.8,321.8,280.8,611.3,199.1,202.1,87.1,175.4,NODATA,418.8,405.5,238.4,264.9,192.06256828089676,21.53210110765634,984.5,1317.8,NODATA,984,NODATA,1068.5,965.6,941.9,900.1,517,78.2,351,55.5,108.5,60.5,66.6,2245,16.9
167,1477,1403,1384,1045,839,721,553,188,132,521,405,59.400000000000006,145.2,503,323.49999999999994,249,295,577,220,356,597,488,100.3,564,450,140,359,301,1025,NODATA,877,945,805,1765,905,77.6,162.4,191,130,326.1,404.3,363.3,657.1,419.7,211.4,351.1,442.1,523.3,1729.3,808.9,890.9,959.5,131.3,NODATA,974.8,341.4,261.6,610.5,181.9,205.7,87,198.9,569.7,379.2,368.8,217.7,267.2,201.81561997538927,15.338504334770859,989.3,1299.7,NODATA,986.6,NODATA,1011.2,912.4,921.4,858,504.9,73.2,360,50.5,116.1,83.80000000000001,62.9,2265,17.9
168,1471,1397,1400,1047,885,783,561,207.00000000000003,171.5,543.5,422.5,61.89999999999999,136.64999999999998,451.50000000000006,286,280,247,510,213,344,588,475,97,571,419,127,355,299,955,NODATA,852,919,846,1734,892,70.1,160.4,199.4,125.6,322.9,386.2,344,633.5,374.6,164.2,350.5,433.3,542.4,1681,754.7,884,948.3,102.8,NODATA,940.3,320.3,258.1,589.1,176.1,208.9,88.1,204.5,562.1,384,370.7,222.8,266,192.03694671170916,17.047102016129227,936.0999999999999,1259.3,NODATA,935.2,NODATA,982.6,910.2,900.8,833.3,495.8,77.6,356.60000000000014,50.199999999999996,119.3,78.89999999999999,65.5,2165,15.9
169,1554.5,1473.5000000000002,1461.5,1091,897,794.5,609,230,200,570,429,63.5,147.20000000000002,512,362,279,306,621,258,375,634,503,107.30000000000001,578,449,165,356,310,1092,NODATA,942,1027,847.5,1826,950,94.2,164.9,201.9,118.2,325.4,428.5,375,643.5,429.9,234.4,392,480.8,532,1820.3,787.9,982,1061,94.9,NODATA,1065.2,346.6,279.2,630.4,191.2,221.1,93.7,183.5,NODATA,415,438.6,268.7,284.3,207.9241317691553,22.130956216012816,989.3,1328.3,NODATA,988.7,NODATA,1065.8,937.2,949,894.4,519.3,78.4,381.70000000000005,53.6,108.9,71.7,62.9,2310,17.4
170,1531,1476,1436,1077,NODATA,776,589,237,201,567,437,67.4,151.4,504,348,269,322,619,312,390,625,502,103,607,470,138,359,316,1101,NODATA,1039,1051,830,1778,923,95.45,174,212.89999999999998,120.9,320.7,445.2,402.9,655.2,400.4,228.1,387.5,497,542.5,1844.3,754.5,1081.2,1094.9,66.7,NODATA,1094.5,346.1,276.8,633.7,185.5,203.3,87.8,190.9,654.1,399.8,416.6,244.6,258.3,184.1839562405761,22.323765364371635,941.3000000000001,1267.9,NODATA,940.8,NODATA,1022.4,915,928.5,874.6,514.1,80.3,386.5999999999999,60.9,118.97999999999999,83.35000000000001,71.44999999999999,2265,17.450000000000003
171,1528,1458,1461,1084,900,772,589,208,225,545,428,64,142.5,547,368,291,340,625,337,401,666,524,116,584,440,159.5,394,332,1177,NODATA,1119.5,1136,838,1778,911.5,114.45,163.1,205.5,138.2,338.4,417,403.6,667.3,423.1,234.3,391,476.1,563,1821,801.2,1113.9,1173.4,101,NODATA,1189.5,344.8,274.2,636.1,218.7,230.5,96.8,199.2,NODATA,465.8,501.9,299.1,291.2,208.56411925084925,18.169282506525274,970.5,1268.7,NODATA,969.5,NODATA,1017,919.8,940.8,869.5,513,97.5,377.20000000000005,62.5,120.9,77.8,64.4,2297,18.700000000000003
172,1522,1447,1449,1099,901,768,573,232,174,565,446,63.5,139.4,510,338,243,283,572,268,376,602,487,110.9,568,434,162,352,305,1011,NODATA,943,1015.5000000000001,775,1762,902,85.8,164.4,190.5,108.5,298.4,416.2,384.5,645.1,439.9,206.3,367.3,435.9,510.4,1742.5,814.9,979.1,1022.2,113.3,NODATA,1037.3,316.6,261.5,587.8,181.8,215.3,91.3,202.3,665.5,403.6,397.7,241.1,271.8,199.2053413262829,17.952807781328747,986.5,1284.5,NODATA,983.6,NODATA,1035.4,906.7,916.8,873.2,501,71.6,366.60000000000014,53.75,115.24999999999999,76.5,63.24999999999999,2274,17
173,1562.5,1474.5,1471.5,1120,908,779,598,214,175,572,459,58.8,132.79999999999998,455,301,226,277,498,195,325,595,483,98.4,547,394,148,286,269,911,NODATA,760,866,835,1816,922,62.1,154.2,188.5,136.6,293.1,360.3,322.6,611.9,382.7,207.6,356.3,473,545.1,1677.6,737.6,806.6,892.8,176.2,NODATA,861.8,347,285.6,639.7,168.8,188.3,79,184,533.5,360.3,345,205.6,286.5,215.77388751196094,13.337828311625556,1048,1345.1,NODATA,1047,NODATA,1064.7,946.6,960.1,871.8,537,75.9,357.0999999999999,50.4,114.1,86.89999999999999,63.5,2293,15.2
174,1580,1503,1515,1135,901,821,608,224,204,583,450,70.19999999999999,151.9,522,355,288,300,640,265,341,651,510,114.39999999999999,604,474,148,413.5,349.5,1140,NODATA,951.5,1074.5,861,1860,973,101.8,168.8,211.5,121.2,340.6,444.2,419.1,692.9,417.4,208.6,369.3,475.3,547.6,1938.7,890.8,992.1,1099.8,108.4,NODATA,1098.6,349.2,282.4,642,201,219.7,91.1,202.1,632,420.3,414,257.7,288.4,212.01243138432244,21.143496438227324,1005.6,1329.8,NODATA,1003.4,NODATA,1073,946.3,976.2,897.2,526.8,82.5,382.5,61.1,133.8,88.9,65.5,2325,18.400000000000002
175,1542,1436,1435,1079,861,863,662,270,164,560.5,436,70.7,140.75,489.00000000000006,307,229,256,565,264,379,594.5,482,109.60000000000001,589,415,172,323,299,946,NODATA,909,1026,836,1790,963.9999999999998,80.4,165.8,202,118.4,308.8,379.9,360.1,646.7,422.5,235.1,325,485.8,546,1788,771.6,921.6,1051.1,162.8,NODATA,1053.3,331.3,277.7,610.4000000000001,189.6,220.5,91.6,199.6,615.6,386.7,392.2,233.2,276.3,198.8470141963265,21.706965979284107,987.9000000000001,1310.1,NODATA,985.9,NODATA,1026.8,901.2,886.7,825.1,510.7,79.2,387.0999999999999,55.8,120.60000000000001,92.30000000000001,69.2,2320,18.6
176,1587,1510,1474,1118,895,844,625,234,171,578,453,61.5,136.3,486,290.5,267,282.5,555,239,401,641,530,105,577,434,158,346,292,1026,NODATA,877,1030,825,1853,981.0000000000002,82.7,157.5,200,139.7,287.7,374.7,381.3,656.8,403.6,230.9,356.9,511.1,587.9,1826.2,760.3,919.4,1064.3,73.1,NODATA,1045.2,341.2,280.9,629,170.8,213.8,91,197.5,639.6,403.8,394.2,227.4,287,213.52891759585685,15.758987992807235,1003.7,1316.9,NODATA,1003.4,NODATA,1048.5,926.6,990.5,930.6,514.5,75.5,372.70000000000005,52.400000000000006,124.5,79.3,70.8,2365,15.4
177,1660,1531,1517,1151,932,817,598,220,152,592,471,67,138.6,441,264,218,281,424,192,330,619,498,92.8,601,386,168,256,256,869,NODATA,718,836,865,1870,953,60.05,164.7,214.89999999999998,138.2,319.8,340.9,332.5,605.7,410.5,207.7,313.4,493.2,560.3,1725.9,761.9,779,871.1,192.6,NODATA,840.8,338.4,272.5,617.2,175.4,196.5,83.6,185.9,475,346.6,340.7,216.5,276.4,200.37419578274083,11.318718822596193,1068,1362.3,NODATA,1067.6,NODATA,1092.3,966.9,1021.3,875.4,554.1,71.9,380.20000000000005,49.900000000000006,111.9,77.2,68.55000000000001,2380,19.8
178,1433,1371,1362,1013,811,764,569,207,184,528,398,67,138.1,512,341,270,261,573,284,383,586,459,90,594.5,468,140,337.5,306,1090,NODATA,1044,1022,798,1665,871,85.55,170.8,202.8,116,NODATA,444.3,389.5,603.5,410.1,200.7,368.9,431.6,465.9,1706.9,742,1063.8,1053.9,58.5,NODATA,1050.7,308.2,264.9,579.0999999999999,186.8,211.6,88.9,186.5,608.6,394.8,412.1,219.1,243.4,170.95770639684045,23.732193998340595,914,1205,NODATA,913.7,NODATA,1009.9,843.4,846.8,855.5,472.6,74.3,360.0000000000001,52.699999999999996,110.7,76.9,62.1,2129,18.3
179,1596,1498,1493,1107,897,862,632,253,199,568,445,61.2,151.95,524,308,266.5,302,591,259,398,642,514,112.2,576,472,179,412,324,1045,NODATA,910,1062,821,1869,1002,98.05,162,199.60000000000002,129.4,331.5,443.5,416.3,666.2,419.3,239.1,388.8,532.2,564.3,1869.8,778.5,946,1100.3,160.9,NODATA,1094.3,335.1,254.8,595.7,199.3,232.3,96,201.3,670.6,432.7,434.4,241.7,291.2,216.58971560702156,17.765815441063456,1017.9,1311.7,NODATA,1016.9,NODATA,1078.7,921.4,969,857,522.4,83.8,400.20000000000005,64.9,120,83.4,70.4,2310,19.099999999999998
180,1510,1435,1438,1086,858,803,597,236,181,547,431,59.1,148.2,498,286,254,254,555,227,369,606,498,98,581,439,145,390,309,1008,NODATA,856,987,785,1771,931,80.225,168.6,198.6,117.6,290.4,427,365.8,650.6,385.5,211,339.3,426,512,1720.7,739.2,868.4,1024.9,143.3,NODATA,1005.4,333.1,263.3,605.2,183.8,212,87.4,182.5,625,366.3,387.9,224.6,265.3,195.35206400408413,29.70505701017787,964.3,1301.1,NODATA,962.6,NODATA,1019.9,911.4,940.6,821,484.1,64.3,370.10000000000014,57.1,115.04999999999998,76.8,58.45,2220,16.75
181,1659,1578,1560,1153,975,851,658,269,220,626,467,72.5,157.5,580,382,315,294,645,313,442,671,519,111,653,500.5,173,434.5,376,1233.5,NODATA,1139,1194,825,1932,1029,129.4,180.6,225,129.8,357.9,488.4,419.7,765.8,456.7,262.9,451.7,538.9,644.8,2012.9,935.5,1141.1,1218.1,97.3,NODATA,1218.7,352.7,279.9,636.1,218.7,250.2,103.2,214.4,NODATA,472.9,482,292.8,310.1,230.5019352905099,13.585535071248701,1027.6,1393.8,NODATA,1027.4,NODATA,1061.2,962.3,1016.7,930.3,560.4,85.5,417.1999999999998,63,128.2,94,70,2445,18.400000000000002
182,1422.5,1383,1355.5,1018.0000000000001,799,761,578,235,125,492,377,67.30000000000001,126,449,308,231,283,470,218,334,587,471,101.6,551,415,128,309,278,928,NODATA,767,885,810,1736,924,65.1,148.4,199,120.9,325.2,364.8,350.7,645.4,369.5,182,303.2,431.1,479.8,1727.5,760,808.1,906.7,23.7,NODATA,909.4,333.2,250.4,594.5999999999999,178.3,202.7,87.2,186.7,519.2,387.8,357.9,213.2,268.9,201.309036097594,14.036243467926484,937.9000000000001,1280,NODATA,937.3,NODATA,996.5,842.1,892.7,914.2,466.8,72.1,388.5,51.1,117.10000000000001,76.9,66,2155,19
183,1628,1536,1544,1158,940,849,619,241,202.5,598,463.49999999999994,64.7,141.25,523.5,335,282,318,606,253,431,672,550,104,598,439,152,408,316,1089,NODATA,950,1116,865,1889,987,102.5,160.5,211.70000000000002,112.5,328.9,411.1,380.8,672.7,373.7,206,338.9,501.2,553.8,1935.7,840.3,1019.5,1164.7,136,NODATA,1156.5,367.8,287.1,672.7,182.5,214.5,89.9,180.6,703.5,434.8,427.7,264.5,283.7,210.49773620629276,21.409189471478744,1043.2,1385.7,NODATA,1039,NODATA,1100.9,972.1,994.7,907.2,549.7,81.2,406.60000000000014,56.3,128.3,87.8,64.5,2396,17.3
184,1469,1420,1394,1026,836,786,620,250,194,534,414,62.800000000000004,143.1,476,321,263,278,539,266,406,601,479,91.15,555.5,438.49999999999994,130.5,353,283.5,990.5000000000001,NODATA,968,1073,746,1703,910,82.25,160.6,194,120.4,305.2,418.9,357.2,625.3,345.7,205.9,316.8,471.5,524.5,1750.1,773.5,992.8,1090.1,160.2,NODATA,1071.6,331.8,265.4,609.9,169.4,199.2,84.9,191.5,687,396.6,387.8,230.1,254.8,194.832524590817,19.380435422744462,936,1249.2,NODATA,934.4,NODATA,984.6,868.9,890.4,775.8,475.1,72,378.6999999999998,49.6,111.7,73.7,65,2255,17
185,1463,1407,1385,1061,827,772,600,235,191,547,401,66,148.2,514,336,295,306,566,307,400,605,467,107,563,432.5,131.5,359.5,301,1154.5,NODATA,1110,1075.5,795,1700,896,96.17500000000001,165.3,192.5,139.2,306.8,405.1,378.7,621.1,384,220.2,376.4,437.5,486.9,1814,772.1,1138.1,1103.5,173.1,NODATA,1094.1,325.6,250.1,584.9000000000001,185.3,221.8,91.6,180.4,640.7,436.2,468.1,251.4,265.7,195.52254955581756,18.104470529561326,972.2,1244.3,NODATA,971.6,NODATA,1008.2,867.5,895.7,799.1,488,72.1,334.6999999999998,59.6,105.39999999999999,79.1,72.4,2125,19.099999999999998
186,1431,1344,1351,967,769,830,580,249,165,503,409,62.599999999999994,143,472,278,248,264,530,212,357,539,454,108,571.5,424,139,368.5,316,977.5,NODATA,795,978.5,725,1685,956,73.07499999999999,161.7,199.8,114.7,317,411.1,353.2,645.6,381.2,206.1,337,469.3,532,1665.2,786,854.8,989.3,119.8,NODATA,981.4,300.2,244.8,551.1,184.5,214.1,90.6,173.8,615.5,393.8,386.7,241.9,251.8,183.83445156214356,27.96270547679873,859.4,1202.3,NODATA,858.7,NODATA,917.2,800.6,843.7,739.6,453.8,75.6,386.9,54.2,100.8,65.4,57.800000000000004,2075,17.8
187,1471,1401,1390,1037,NODATA,761,577,225,190,551,429,64.6,144,502,330,265,288,577,248,385,593,453,101,599,430,132,358,302,1040,NODATA,952,1026,730,1686,870,83.6,162.9,207.65,125,323.7,412.2,372.5,616.7,381,224.9,350.9,454.7,505.9,1659.5,759.9,996.5,1052.5,94.4,NODATA,1052.6,341,253.4,610.8,181.7,207.2,89,194.3,640.1,395.4,393.6,229.9,273.9,202.83489124127004,24.322623643732467,940.5,1226.4,NODATA,940.3,NODATA,987.5,877.1,907,846.1,495.1,65.2,358.89999999999986,57,122,80.5,65.35,2175,15.049999999999999
188,1463.5,1384.5,1386.4999999999998,1038,825,758,550.5,171,164,526,409,71.7,146.4,502,301,256,309,563,241,362,611,486,104,594,443,151,379,313,1044,NODATA,907,1057,825,1726.4999999999998,904,87.8,160.6,210.39999999999998,116.2,345.2,426.8,381.1,622,408.8,223.3,349.5,449.5,544,1675,721.6,954.5,1060.2,55,NODATA,1079.8,336.3,265.2,611.7,186.3,202.5,85.7,184.2,666,400.6,416.9,241,272.5,202.7094314514136,22.03622694014545,915.4,1259.8,NODATA,914.4,NODATA,979.4,903.8,914.3,860.4,495,68.7,353.79999999999995,51.2,108,71.6,59,2205,17
189,1458,1358,1367,1013,824,793,563,217,172,515.5,403,57,132.35,499.5,339,251,272,571,244,351,582,478,97,552,410,172,330,299,1034,NODATA,887,980,780,1716.4999999999998,910,77.1,158.1,192.39999999999998,117,315.1,388.7,389.3,626.8,411,229,392.4,475.2,530.5,1685,703.2,908.1,1024.8,109.3,NODATA,1036.2,321.7,243.4,573.4000000000001,169.1,203.1,86.9,181,608.4,372.9,382.5,213.7,252.5,183.98808086376488,15.288482850072068,937.4,1184.5,NODATA,935.6,NODATA,957.9,856.2,866.7,828.1,467.3,70,381.9,54.5,110.9,74.2,67.30000000000001,2165,17.3
190,1614.5,1560,1536.5,1130.5,942.5,787,607,226,177,606,482,64.1,150.39999999999998,516,380,279,318,641,290,406,650,525,103,584,440,166,332,293,1190,NODATA,1104,1064,853,1866,940,96.85,173,198.29999999999998,121.9,311.4,421.6,385.9,684,421.6,237.6,398.8,501.6,555.5,1770.7,757.5,1052.1,1082.7,100,NODATA,1087,359.8,280.8,649.5,193.4,219.4,92.9,215.1,631.4,424.6,404.8,232.7,283,205.66173469862716,13.609110608041396,1052.6,1373.6,NODATA,1051.7,NODATA,1086.5,994.8,1017.4,952.6,559.5,84,412.29999999999995,55.8,134.4,80.39999999999999,73.8,2415,18.2
191,1655,1626,1551,1170,962,832,641,240,203,603,484,68.2,145.1,547,383,293,296,612.5,296,411.50000000000006,688.0000000000001,555.5,114.35,608,495,145,373,331,1189,NODATA,1073,1160,860,1926,967.5,116.55,164.8,215,140.2,363,442.5,419.4,687.7,403.2,226.3,377.5,518.4,575.8,1920.8,809,1100.5,1089.3,106.3,NODATA,1176.1,370.5,299.7,673.9,191.9,212.4,89.4,185.9,721.7,455.5,468.8,268.6,285.5,209.7509022018421,15.695277498253319,1071.4,1372.2,NODATA,1069.7,NODATA,1110.9,986.7,1008.6,965.1,562.2,69,399,55.9,109.5,69,69.7,2441,14.5
192,1484,1415,1410,1057,878,787,571,190,182,545,421,61,135.2,496,303,257,270.5,531,220,354.5,605.5,490.99999999999994,93.70000000000002,590,406,155,371,313,990,NODATA,825,965,760,1753,918,76.3,162.8,204,114.2,308.2,386.6,338.9,588.1,401.3,217,351.6,443.4,494.2,1650.1,795.4,849.9,964,174.7,NODATA,975.4,340.7,259.4,609.9000000000001,176.4,201.3,83.5,184.7,577.7,392.9,383.9,222,270,201.36063657509413,17.73494123519638,1000.8,1263,NODATA,999,NODATA,1022.8,894.6,934.3,826.1,491.7,74.3,378.20000000000005,51,114,71,61,2215,15.5
193,1588,1496,1481,1135,916,782,575,200,185,588,486,60.099999999999994,135.5,510,302.1,267,299,567,283,363,647,541,100,579,436,150,388,322.5,1070.5,NODATA,945,1012,835,1832,932,90.35,160.4,203.5,119.6,308.9,407.2,365.5,639.8,420.8,225.6,364.6,476,542.9,1770.5,771.6,946.7,1042.7,153.1,NODATA,1032.5,335.9,284.6,626.7,194.5,226,94.3,195.9,619.6,397.7,399.7,237.5,283.9,213.63023763080275,20.627635077596477,1036.6,1336.5,NODATA,1036.4,NODATA,1079.3,947.8,995.6,883.5,540.1,70.6,376.9000000000001,52.9,114.39999999999999,73.7,62.300000000000004,2345,15.4
194,1654,1561,1567,1160,979,839,609,207,194,608,474,67.5,145.29999999999998,502,324,278,287,539,253,387,682,547,109.39999999999999,606,459,144,416,335,1047,NODATA,955,1033,845,1925,995,102.25,169,213.95,131.4,313.2,416.6,405.3,670.7,412.1,245.4,360.9,520.2,561.1,1867.2,838.6,999.6,1090.8,105.9,NODATA,1090,363.6,304.6,674.8,190.6,224.3,97.2,190.9,671.3,431.7,409,245.2,281.6,212.49358130678917,17.3084915760351,1060.7,1392.5,NODATA,1059.4,NODATA,1133.6,1004.6,1026.9,954.8,549.1,78.4,419.79999999999995,52.9,109.05000000000001,81.25,60.9,2460,16.549999999999997
195,1626.5,1560,1559.5,1145,907.5,874,655.5,263.5,197.5,594,443,66,154,572,400.5,332,332,652,388.5,409,673.5,526,108.05,598.75,515,161,397,355.5,1257,NODATA,1254.5,1142,895,1916,1016,128.9,170.9,206,122.3,348.6,450.5,417.7,781,435.7,238,391.8,504.5,611.7,2014.5,763.2,1220.2,1200.5,NODATA,NODATA,1140.6,361.7,280.7,653.9000000000001,222,242.1,102.3,213.1,NODATA,465.9,468.7,267,284.9,216.8387340193645,3.667788055531432,NODATA,1405.8,NODATA,977,NODATA,1051.8,981.6,975.5,984.2,531.9,80,425.5,62.300000000000004,132.20000000000002,92.4,81.89999999999999,2420,20
196,1526,1442,1433,1070,845,853,617,268,182,531,422.5,58.9,146.9,536.5,353,252,293,613.5,273,402,627,508,104.5,582,465,155,372,319,1052,NODATA,909,1042,845,1782,966,89.4,159,208.5,122,324.9,411.9,358.8,635.7,450.6,222,402.5,474.6,522.8,1746.5,784.5,976.9,1064.8,180.7,NODATA,1034.6,305.4,259.6,570.5,196.4,219.8,91.9,187.6,641.9,415.8,429,253.6,267.2,201.8267156789144,19.76220976832875,969.2,1296.1,NODATA,968.4,NODATA,1024.7,880.8,921.7,788.5,491.7,75.7,367.20000000000005,52.5,107.35,67.1,64.25,2265,18.650000000000002
197,1518,1469,1431,1088,871,769,617,265,200,564,430.99999999999994,67.1,146.5,539,383.5,294,317,677,280,406,625,495,101.1,589,445,145,375,311,1186,NODATA,1054,1063,830,1753,920,98.9,168.8,200.10000000000002,125.4,333.5,437.1,392.5,640,419.9,216.4,384.7,446.8,495.8,1822.6,805.2,1090.5,1084,62.2,NODATA,1082.7,357.4,266.9,637.3,184.5,208.3,86.8,179.1,NODATA,413.9,403.2,230.5,261.2,190.63513836008377,21.21615037438162,971.8000000000001,1293,NODATA,971,NODATA,1049.1,920.3,931.4,909.6,513.9,70.3,364.39999999999986,51.5,117,85.39999999999999,65,2380,17.3
198,1543,1470,1454,1071,879,843,627,275,195,556,448,52.199999999999996,133,512,321,277,303,566,274,386,614,507,98.9,592,486,139.5,379.5,310,1087.5,NODATA,1035,1094,795,1810,968,96.75,170,205.10000000000002,135.8,344.5,466.3,376,682.5,412.5,218.2,374.6,493.2,556.6,1853.2,854.5,1043,1148.6,169.5,NODATA,1091.2,322.6,257.8,583.5999999999999,204.5,215.5,90.3,187.1,673,403.3,398.6,238.1,270.7,199.09452724386944,22.67408806703853,1001.7,1324,NODATA,998,NODATA,1020.8,908.3,912,832.2,487.4,80.3,399.0999999999999,49.3,104.5,63.3,70,2215,16.5
199,1538,1476,1469,1104,905,816,612,266,191,582,477,59.45,124.7,520,296.5,273.5,298,631.5,268,398,635,533,97,558,427,151,390,318,1090,NODATA,1010,1093,780,1800,948.5000000000002,96.9,153.5,202.5,136.1,314,378,389.9,641.9,411.1,195.4,406.3,446.6,502,1796.2,790.3,1028.1,1144,126.1,NODATA,1120,333.5,286.8,631.3,184.7,211,87.4,176.3,695.2,414.9,435.5,249.3,285.9,214.01700048790426,23.83393066588991,988.5,1302.5,NODATA,986.8,NODATA,1066.6,950.7,973.3,862.4,523.2,75.3,367.29999999999995,49,110,77.30000000000001,64,2285,16.1
200,1491.0000000000002,1426.5,1407.5,1035,831.9999999999999,811,600.5,268,146,560,450,60.7,146,487,323,201,301,533,218,342,570,448,94,575,462,170,335,277,931,NODATA,843,984,745,1762,930,67.85,168.2,200,122.6,266.8,379.6,391.7,643.5,419.1,176.7,389.9,471.5,499.9,1716.3,705.8,864.2,907.5,70.8,NODATA,910.2,303.2,253.9,568.2,197.5,215.5,88.7,190.2,525.4,380.6,361,221.3,263.4,196.849725324212,18.146241429201254,960.5,1255.3,NODATA,959.2,NODATA,1010.8,879.6,870.7,889.7,516.7,74.8,392.70000000000005,52.9,104,67,70,2195,15.600000000000001
201,1657,1595,1572,1154,933,861,644,245,231,601,464,66,129.2,535,338,281,329,654,291,428,661,511,104,577,464,153,391,321,1117,NODATA,1079,1088,920,1929,1015,109.9,169,202.15,128.5,326.6,411.8,413.9,748.1,412.1,222.6,382.4,503.2,594.9,1859.6,807.1,1097.1,1145.4,92.1,NODATA,1156.9,359.4,293,660.3,186.3,217,92.4,211.3,715.1,448.4,436.8,254.6,295.2,222.6663284057321,20.77592560589481,1024.7,1394.8,NODATA,1021.6,NODATA,1072.1,978,997.6,932.6,545.3,71.2,429.5999999999999,57.95,128.6,84.5,68.1,2445,17.95
202,1609,1563,1532,1104,917,890,685,288,185,579.5,452,64.9,151.8,488.49999999999994,325,214.5,317,507,236,386,639,529,105.19999999999999,601,435,153,328,296,935,NODATA,839,1025,811,1906,1017,82.8,167.7,205.5,128.6,326.5,376,380.8,714.3,390.9,179.5,318.3,514,596,1886.1,789.7,928.8,1042.5,152.9,NODATA,1047.7,349.8,279.4,635.5,192.9,223,93.8,203,609.1,403.4,382,233.4,286.6,211.22823772805455,18.150074702938177,1035.2,1372,NODATA,1033.3,NODATA,1041.6,944.9,984.5,882.3,529.3,92.8,442.9000000000001,58.4,110.3,85.5,65.4,2419,18.700000000000003
203,1488.5000000000002,1427,1395,985.5000000000001,796,790.5,597.5,235,153,495,380,64.80000000000001,139,462,319,226,261,448,252,348,593,469,99.2,565,424,142,327,304,960,NODATA,833,948,764.5,1765,962,75.15,154.8,194,123.9,311.9,398.7,377.9,654,386.1,194.9,364,514.3,537.7,1807,834.8,834.9,991.4,153.9,NODATA,938.8,327.4,246.9,578.5,175.5,200.5,87.4,179.1,581.4,384.3,385,218.8,254.6,191.42067466611203,23.635524027512993,911.1999999999999,1262.1,NODATA,910.1,NODATA,989,842.3,907.3,757.3,454.7,64.6,430,49.6,113,78,63,2185,18.400000000000002
204,1533,1462.5,1462.5,1070,846,839,633,242,172,552,422,59.3,130.1,481,314,237,291,488,237,376,599,483,105.60000000000001,570,392,146,320,294,997,NODATA,878,983,820,1796,965,79.05,153.7,205.2,122.7,341.6,372.4,352.6,631.1,406.6,215,343.8,479.5,514,1771.4,784.7,942.8,1022.8,202.6,NODATA,1013,358.1,262.6,632.6,189.5,229,94.6,206.5,586.9,392.7,379,225.9,271,201.99803029404538,21.653515041933932,1010.6,1308.2,NODATA,1008.4,NODATA,1035.4,888.3,907.1,808,501.3,78.4,397.9000000000001,45.9,129.1,82.89999999999999,70.1,2295,20.299999999999997
205,1508.9999999999998,1442.5,1413.9999999999998,1058.5,861.9999999999999,796,600,227,179,551,430,64.6,141.7,487,309,260,277,545,233,367,619,493,107,570,407,135,343,296,1013,NODATA,826,975,791,1765,911,76.85,158.6,196.70000000000002,115.2,328,380.7,342,613.9,377.2,228.9,389.9,475.7,533.2,1692.2,792.4,861.6,996.7,165.2,NODATA,990.4,337,268.1,616.3,180.6,209.7,87.1,200.2,604.4,396.7,377.4,225.3,280.7,199.85434255830052,22.078272843158857,1001.0999999999999,1285.3,NODATA,999.8,NODATA,1021.1,892.9,941,835.9,497,85.5,363.29999999999995,61.120000000000005,116.3,78.8,71.9,2230,18.6
206,1620,1541,1512,1158,934,802,611,212,188,603,473.5,63.949999999999996,140.5,486.50000000000006,327,218.5,319,494,264,354,640,514,104,553,448,147,322,298,998,NODATA,943,973,876,1872,956,83.9,161.3,193,123.1,301.9,426,391.2,628,402.8,217.7,368.4,493.7,542.4,1834.5,796.8,949.4,996,104.3,NODATA,995,365.1,282.9,658.6,194.2,215.1,90.9,209.6,589.3,399.2,386.1,232.8,286.2,217.40401220685555,23.74505651454976,1050.4,1352.4,NODATA,1050.2,NODATA,1118.2,988.4,996.7,946.1,546.5,81.1,380,57.199999999999996,122.6,84.1,62.400000000000006,2425,16.299999999999997
207,1382,1307.5,1304.5,951,763,731.5,542.5,197,168,481,380,61.5,128.5,494,343,295,314,555,354,363,571,456,93,552,440,142,319,287,1083,NODATA,1075,951,755,1628,870,77.75,155.5,196,108.5,318.6,418.3,383.3,632.4,408.7,218.3,378,453.4,498.6,1692.4,748.8,1046.6,987.1,40.8,NODATA,993.6,308.7,233.7,550.5999999999999,181.6,208.2,83.3,184.3,548.4,372.9,401.8,207.6,240.3,176.537484663126,21.835821361801546,826.4,1144.2,NODATA,826.3,NODATA,908.1,822,821.5,785.6,446.4,62.2,363.89999999999986,53.5,114.5,71.39999999999999,61.6,2055,19.8
208,1587.5,1510.5,1508.5000000000002,1147,921,817,596,214,171,584,468,54.3,125,502,312,253.5,304,528,210,347,632,498,103,564,407,165,322,274,1067,NODATA,880,972,880,1845,936,78.5,162.3,199,138.4,321,387.4,385.3,700.9,418.4,241.5,356,458.9,557.5,1779.6,729,924.4,998.6,113.5,NODATA,990.1,354.2,283.4,640.6,176.3,209.7,85.4,189.2,572.1,394.2,384.9,225.5,273.8,198.34266706887055,13.82789609712029,1047.2,1351.9,NODATA,1042.1,NODATA,1047.8,937.7,989.9,933.7,539.1,82.5,381.70000000000005,47.1,104.7,68.1,67.9,2365,15.600000000000001
209,1641,1578,1540,1155,983,836,660,259,205,599,467,67.15,146.8,560.5,390.5,295,326,694,279,385,670,532,101,610,470,153,476,358,1180,NODATA,1044,1090,896,1885,957,117.8,171.4,211.8,132.8,341.1,446.6,412,761.1,440.5,232.2,434.5,516.9,620.8,1939.6,889.1,1043,1118.7,144.8,NODATA,1116.3,380.7,286.7,681.1,196.5,223,95,193.6,688.2,NODATA,469.7,253.1,282.1,206.44429930120674,24.635405692730828,1038.4,1383.3,NODATA,1036.7,NODATA,1049.1,965.8,983.7,893.6,547.2,86.4,391.1999999999998,56.4,119.39999999999999,77.1,60,2476,17.1
210,1400,1347,1316,954,769,777,603,264,147,501,395,62,136.1,481,306,244,241,484,222,326,534,425,98,569,474,138,355,294,995.5000000000001,NODATA,831.9999999999999,883,802,1638,878,67.25,157.2,194.4,114.8,317.4,449.8,383.4,621.8,397,179.3,357.7,456.1,475,1682.5,663.1,830.7,902.9,66.7,NODATA,885.5,282.8,264.7,549.7,176.4,217.2,90.5,170.3,537.5,343.5,354.5,197.4,254.9,189.03985919186601,26.09611051522526,897,1178,NODATA,897,NODATA,946,808.6,830.2,830.3,465.2,68.4,375.79999999999995,53.3,98.4,72.1,64.1,1996,15.700000000000001
211,1545,1457,1476,1107,908,782,566,199,167,552,436,64.4,138.4,476,316,249,284,479,238,353,626,522,104.39999999999999,564.5,417.5,168,314.5,289.5,991,NODATA,850,933.5,770,1818,929,73.75,156.2,198.5,116.1,332.2,390.8,394.4,667.8,427.2,201.9,368.2,455.6,527.7,1756.8,770.5,908.8,951.5,70.7,NODATA,942.2,332.5,278.3,620.5,176.5,200.6,86.6,196.1,561.6,363,361.3,219.5,282.1,210.83648443745966,16.372013329530066,1010.3000000000001,1308.2,NODATA,1009.7,NODATA,1045.9,922,954,939.6,501.3,70,378.5,55.099999999999994,111.89999999999999,68.7,61.4,2345,12.3
212,1502,1408.5,1400.5,1043,858,742,537.5,152,165,541,422,62.800000000000004,140.5,476,333,250,283,531,248,359,619,502,95,571,414,155,342,294,989,NODATA,923,943,810,1770,902,75.8,167.3,190.5,124.5,329.8,400.7,368.3,610.6,378,226.6,369,475.7,508,1721.6,730.2,931.9,979.1,89.9,NODATA,982.5,355.6,272.9,632.5,177.6,198.4,85,195.6,571.5,363.1,390.3,225,269.3,198.2473728311749,22.39555550053153,981.6999999999999,1280.5,NODATA,981.5,NODATA,1048,917.2,NODATA,891.8,511.8,88.8,372,52.699999999999996,121.4,80,61.4,2256,18.5
213,1694,1612,1601,1197,974,891,664,245,212,634,489,63,143.6,548,325,269,321,581,248,426,667,534,122,589,467,162,410,347,1105,NODATA,987,1102,840,1956,1022,110.1,163.9,200.5,131.2,337.2,438.5,421.1,725.5,442.3,237.5,372.4,518.3,605.6,1900.5,859.9,997.1,1095.9,167.1,NODATA,1148.8,374,296.9,676.6,197,249.2,107.2,215,732.2,448.7,438.4,265.8,310.6,231.93415468421466,26.157344265528863,1103.3999999999999,1411.7,NODATA,1098.5,NODATA,1115.9,1020,1056.4,936.3,574.2,79.1,431.9000000000001,64.5,130.6,90.9,65.05,2522.5,19.25
214,1536,1461,1467,1066,862,851,614,263,198,546,413,64,140,490,309,223,291,521,219,352,608,489,101,580,416,149.5,334.00000000000006,299,953.0000000000001,NODATA,875.5,981.5,805,1800,961,79.5,159.9,201.29999999999998,128,297.8,393.9,356.1,647.2,399.3,209.2,342.8,492.1,529,1812.4,778,910.1,997.6,45.5,NODATA,972.8,325.4,250.8,581.3,182.2,208.8,87.9,175.6,616.2,385.8,392.1,233.6,267.1,194.49615905624978,23.060528661551306,995.5,1316.5,NODATA,995.3,NODATA,1033.7,888.3,935.6,950,501.7,72.9,419.20000000000005,50.199999999999996,105.1,69.3,65.19999999999999,2240,17.9
215,1475.5,1389.5,1405.5,1046.5,851.5,804,572,229,177,544,415,69,147,506,346,280,282,566,301,379,611,492,98,607,466,153,349,297,1070,NODATA,1056,1021,864,1744,922,89.6,166.1,212.39999999999998,141.8,340.6,448.5,378.4,640.3,417.3,193.3,372,466.9,524.6,1737.3,729.5,1065.3,1046,79.5,NODATA,1034.8,318.5,274,599.8,180.8,215.2,91,196.2,625,399.4,391,222.3,263.2,192.80529869178218,18.11927279116545,920,1256.3,NODATA,919.8,NODATA,1000.2,891.1,868.2,840.5,511.4,79,375.70000000000005,57,118.9,84.60000000000001,72.9,2170,17.2
216,1569,1475,1473,1104,936,804,594,220,166,573,467.5,65.05000000000001,132.25,443,282,193,278,438,204,324,611,502,105,564,400,158,297,254,875,NODATA,730,868,836,1814,921,60.65,159.4,194.60000000000002,123,303,368.9,333.3,589.6,388.2,174.8,314.8,494.4,519.6,1680.5,721.1,780.9,889.9,129.6,NODATA,888.1,331.9,280.8,616.4,163.4,202.3,87.9,187.3,507.1,353.4,342.7,220.2,271.1,202.43385179246343,19.847983184147576,1076.8999999999999,1329.3,NODATA,1075.6,NODATA,1075.8,939.5,946.2,947.3,537.1,74.2,384.20000000000005,50.099999999999994,111.7,80.7,62.1,2277,17.05
217,1496,1436,1430,1048,815,841,632,264,165,537,423,61.3,133.7,486,292,252,276.5,558.5,219,354,583.5,467,99.5,596,434,155,362,325,1008,NODATA,815,982,765,1770,967,78.85,160.4,211.1,127.3,329.1,411.5,358.4,624.4,418.4,202.8,367.1,499.9,527.1,1778.5,786.5,869.5,1010.1,171,NODATA,979.5,322.4,273.9,604.4,200.7,229.4,94.8,182.7,584.6,401.3,405.9,237.1,268.7,198.76332702269144,16.332824537988706,946.8,1253.6,NODATA,945,NODATA,996.4,826.8,898.1,775.8,489.3,69,407.79999999999995,58.9,103.4,69.3,58.099999999999994,2230,16.4
218,1503,1440,1419,1041,857,788,616,234,168,534.7,419,63.2,141.9,505,346,278,291,597.5,297.5,381.50000000000006,597.5,478,101.29999999999998,579.5,447.5,162,372,321,1092,NODATA,1051,1034,765,1740,916,91.55,169.8,204.1,125.7,313.5,428.7,395.7,677.7,426.3,207.2,378.3,476,530.4,1816.3,801.1,1051.4,1040.9,65.3,NODATA,1040.9,337.8,266.5,609.9000000000001,175.5,192.7,81.1,175.2,613.8,381.4,413.4,224.6,263.1,194.9202578803659,19.983106521899995,925.9,1271.1,NODATA,926,NODATA,999.4,881.7,878.5,860.6,479.1,74,382.79999999999995,52.400000000000006,109.7,73.89999999999999,57.1,2220,16
219,1626.0000000000002,1529.5,1529.5,1122,898,866,644.4999999999999,249,184,571,444,74.5,149.8,561,397,268,308,638,286,402,642,514,104.1,589,463,167,359,329,1186,NODATA,1033,1103,807.5,1892,1001,102.4,163.9,201,134.6,322.2,417.6,421.9,721.6,444.3,230.6,419.3,508,569.5,1919.7,844.3,1029,1096.2,174.1,NODATA,1073.8,369.6,281.5,670.4,189.9,214.8,91.7,196,646.6,434.4,428.6,247,284.7,216.16205492257046,18.069846385025155,1024.5,1354,NODATA,1023.4,NODATA,1063.9,931.8,951,850.4,531.7,77.6,427.29999999999995,54.800000000000004,122.30000000000001,80.19999999999999,72,2372,18
220,1576,1469,1470,1120,946,806,567,179,174,573,473,68.89999999999999,147.3,523,296,262,286,582,224,372,643,528,95,584,447,172,379,315,1002,NODATA,849,991,826,1850,950,80,165.3,198.95000000000005,129.8,322.8,378.6,400.1,630,442.8,235.4,398,482.9,535.6,1671.1,766.6,873.8,989,114.2,NODATA,1015.7,349.6,281.2,636.4,185.6,212.2,90,202.8,610.2,365.1,365.2,211.9,274.4,205.57152719682782,17.778292423093845,1037,1300.1,NODATA,1035.9,NODATA,1074.5,969.4,980.3,922.8,519,77.5,365.29999999999995,48.35,124.80000000000001,81.85,64.3,2376,16.75
221,1458,1378,1379,1014,836,799,573,203,189,532,412,66,130,482,279,261,288.5,531,252.5,370,582.5,458,91,557,460,146,372,308,1048,NODATA,939,997,820,1709,915.5,80.1,158.1,194.3,106.1,271.5,386.8,389,614.8,383.8,211.6,377.8,455.4,486.5,1675.1,749.3,949.2,1025.3,95.1,NODATA,1025.2,318,267.7,596.5,188.6,202.6,84.5,187.8,604.8,382.2,404.3,223.6,256.3,186.86683531836525,23.791222410674226,935.3000000000001,1213.4,NODATA,934.7,NODATA,992.6,877.6,875.7,840.2,477.7,71.7,366.1,52.800000000000004,108.5,69.6,61.1,2135,17
222,1499,1431,1447,1113,868,785,569,200,158,556,457,60,128.1,468,264,240,268,508,248,362,599,511.50000000000006,95.25,543,431,139,310,268,910,NODATA,891,951,725,1749,888,71.45,160.3,189.1,125.4,299.5,416,354.2,591.4,396.9,191.3,330.2,405.4,450.2,1646.2,724.3,919,984.7,175.1,NODATA,975.4,333.1,283.1,621.2,187.8,194.1,80.3,172.3,574.9,363.1,330,201.5,269.5,207.40009938847314,26.214979487404563,1031.8,1302.6,NODATA,1030,NODATA,1066.9,929,934.4,856.7,513.8,75.1,350.39999999999986,52.199999999999996,100.5,66.6,62.699999999999996,2227.5,14.5
223,1479,1410,1429,1061,852,813.5,574,215.5,180,542,425.75,64.5,135.75,451.25,261,221,282,476.5,202.5,349,592.5,470.79999999999995,90,579,436,144,325,278,896,NODATA,749.5,733,767,1776.4999999999998,938,67.25,160,203.9,113.7,281.5,367.2,349.5,626.9,388.6,187.1,326.5,439.1,491.8,1685.6,753.9,796.2,924,89.6,NODATA,943.1,316.8,253.7,576.2,164.5,199.8,85.4,187.1,557.6,389.5,376.3,221.2,255.9,186.91102322276518,22.593094348650776,986,1283.9,NODATA,984.9,NODATA,1010.7,889.1,920.1,896.4,493.2,79.4,381,47.199999999999996,111,75.5,68,2230,16.5
224,1574.5,1517.5,1499.5,1076,879.4999999999999,817.5,623,245,185,557,439,66.8,148.7,529,362,268,320,566,294,403,646,519,103,576,462,140,357,312,1092,NODATA,1061,1088,815,1840.5,951,100.9,166.2,197.39999999999998,117.1,315.3,428.1,396.4,693.4,412.1,238.3,361.5,531.6,567.7,1882.8,850.6,1086.5,1091.2,76,NODATA,1091.5,336.9,286.7,637.4,203,220.6,93.3,191.3,679.5,410.1,416.4,226.8,277.5,206.21805527735205,14.867574932015627,1013.6,1354.4,NODATA,1013,NODATA,1068.3,934.2,926.7,937.6,526.7,81.3,426.5999999999999,55.199999999999996,115,78.2,69,2360,17.3
225,1515,1429,1424,1055,842,820,596,242,170,543,430,63,133.69,456,280,241,272,520,248,370,618,487,100,553,447,134,334,287,912,NODATA,847,1002,760,1779,945,76.25,159.3,194.8,127.9,299.6,387.5,370.7,623.9,360.5,197.6,345.3,482.2,510.9,1752.2,783,883.9,1029.8,156.3,NODATA,1012.1,328.2,266.9,607.8,191.3,206.1,85.8,183.7,620,402.2,377.8,223.2,270.7,191.6701333467626,28.416778110655166,979.5999999999999,1281.2,NODATA,977.6,NODATA,1031.5,890.3,848.3,823.3,500.4,81,382.5,55.199999999999996,106,70.3,60.9,2195,16.599999999999998
226,1700,1637,1612,1207,1004,878,664,255,171,637,499,64,142.4,478,280,225,274,555,224,348,667,548,99,569,415,145,365,296,954,NODATA,796,953,919,1975,1009,82.3,166.1,194.3,124.7,292.6,360.9,339.3,624.9,400.3,217.6,338.5,514,550.4,1808.7,779.6,830.3,976.6,127.4,NODATA,970,372.2,299.5,681.2,186.5,218.8,92.1,210.6,571,412.1,382.7,230.1,293,212.07839640629555,21.03035650564467,1141.7,1462.5,NODATA,1140.2,NODATA,1181.5,1020.5,1064.1,1014.3,576.9,79.3,419.4000000000001,49.699999999999996,124,70,63.5,2519,17.1
227,1439,1377,1367,1038,812,746,575,239,184,532,415,63.24999999999999,146.7,475.99999999999994,368,281.5,278.5,590.5,327,379,605,490,90.5,579,421,145,361,295,1094,NODATA,1091,1055,789,1674,893.5,87.9,167.7,197,113.7,289.9,410.7,376.8,661.1,398.8,199.6,358.4,426,515.2,1730.3,751.3,1110.6,1083.7,89.7,NODATA,1066,308.7,247.8,563.3,173.8,193.1,79.8,176.9,NODATA,385.7,386.1,219.5,233.5,170.894083511217,25.14579636999321,879.4000000000001,1214.4,NODATA,878.9,NODATA,946.5,851.7,892.6,789.7,484.5,80.8,351.3000000000002,47.599999999999994,98.5,73.8,68.8,2125,17
228,1525,1424,1432,1042,817,845,599,234,176.5,531,415,62.650000000000006,140,492,303,219,275,508,242,345,594,488,94,585,433,165,327,292,946,NODATA,845,946,825,1784,982,74.65,165.5,201,125.3,339.6,410.7,356.2,638.9,419.6,235.4,359,498.9,538.9,1748.2,770.2,865.2,975.3,140.4,NODATA,965.7,332.1,249.7,588.8,180.5,214.4,92,188.8,556.4,380.4,352.9,212,262.1,187.86531086031164,22.25211788302957,949.3,1279.5,NODATA,948.8,NODATA,1003.7,859.5,915.7,808.9,468.9,63.7,406.0999999999999,55.599999999999994,113.10000000000001,81,64.3,2245,17.5
229,1693,1613,1609,1206,986,857,641,229,203,632,497,71.39999999999999,136.6,542,357,287,285,568.5,267,414.5,691.5,547.5,102.5,572,452,172,388,325,1126,NODATA,984,1132,884,1956,990,108.05,153.8,209.60000000000002,141.4,343,411.4,400.7,683.6,420,249.9,377.6,493.2,554.6,1902.9,815,1037.6,1148.9,149.2,NODATA,1138.3,382,291.1,652.5999999999999,201,223.1,94.4,196.5,704,440.4,425.3,241.5,303.2,218.57761003539386,28.072486935852957,1097.8,1452.6,NODATA,1096.3,NODATA,1172.3,1049.3,1032,948.6,581.9,81.1,419,54.800000000000004,119.9,74,73,2458,18.700000000000003
230,1665,1553,1521,1137,938,902,641,244,185,599,472,63.7,145.6,510,335,256,295,524,266.5,388,643.0000000000001,520.5,107.30000000000001,572,446,172,361,316,1034,NODATA,976,1066,887,1943,1025,95.95,163,199.7,137,325.2,408,383.2,746.9,415,243.1,401.4,539.3,643,1957.4,914.7,1003.8,1085,131.5,NODATA,1062.9,357.9,295.7,657.0999999999999,191,217.8,92,202.2,632.5,417.7,404.1,246.7,298.4,215.29692030904988,20.463741927864554,1011.4,1407.2,NODATA,1009.7,NODATA,1051,948.9,992,879.9,534.2,85.2,448.39999999999986,56,128.9,86.7,71.3,2441.5,18.799999999999997
231,1498.9999999999998,1428,1405.5,1066,830,780,587,228,180,529,397,67,145.1,462,330,229,283,558,250,354,621,514,95,568,418,142,340,282,971,NODATA,943,967,835,1746,921,77.15,164.1,199,123.2,297.5,394.1,370.6,619.9,395.6,196.3,378.6,450.1,533.2,1738.9,741.1,978.2,1005.9,98.7,NODATA,1001.7,327.6,247.6,583,177.7,197.6,84,179.6,605.1,379.4,358.6,229.2,253.3,191.4977867258748,21.54211522614444,929.5,1243.7,NODATA,928.6,NODATA,999.9,885.4,911.4,830.8,489.4,75.5,349.70000000000005,48,100.39999999999999,81,64.6,2184,16.1
232,1571,1509,1478,1115,858,834,637,233,197.5,570.5,443.49999999999994,60.8,139.65,509,297,297,326,565,287,421,652,525,107,594,439,146,381,302,1096,NODATA,1046,1081,805,1829,966,101.65,164.7,207,131.1,312.3,426.6,386.9,656.8,380.6,232.9,374.6,490.4,575.8,1864.1,784.4,1087.6,1140.9,91.3,NODATA,1142.2,352.4,265.3,630.0999999999999,197.8,237.7,97.7,198.1,699,438.4,427.6,258.1,285.8,216.531670233952,22.156262087671756,1000.5,1303.7,NODATA,997.9,NODATA,1039.2,930.9,959.5,909.2,512.2,71.3,376.0999999999999,53.2,117,80.3,65.8,2267,18.3
233,1402,1325,1337,968,802,745,564,228,170,512,402,62.400000000000006,134.1,450,309,269,252,543,321,365,577,472,102,535,397,140,333,300,1054,NODATA,1047,993,735,1640,873,76.19999999999999,164.5,181.55,119.6,284.7,377.4,356.9,598.5,366,206.4,364.8,457.3,479.8,1744.1,745.9,1062.4,1011.5,81.6,NODATA,988.8,299,244.2,546.1,186.2,212.7,87.4,174.5,NODATA,400,363.2,225.4,257.9,188.27694606034316,22.992367842636025,860.6,1180.5,NODATA,860.2,NODATA,952.4,831.5,830.3,779,467.8,71.4,375.0000000000001,60.7,116.55000000000001,74.35000000000001,70.35,2006,17.15
234,1468,1419,1405,1064,860,749,563,205,178,544,414.5,64.05,140.8,484,335,264,289,574,254,392,602,484,100,573,401,145,356,290,1039,NODATA,929,1003,765,1717.5,883,82.5,167.4,193.4,106.1,276.3,369.9,378.5,642.3,387.2,203.1,365.1,427.5,530.8,1714.7,740.1,1002.5,1031.6,86,NODATA,1031.8,320.3,253.1,583.5,170.5,204.3,86.2,179.5,632.5,392.9,402.7,245.4,268.9,202.54028536950472,16.999753200142525,924.2,1215.8,NODATA,921.9,NODATA,965.3,867.5,911,838.2,477.5,72,348.39999999999986,55.300000000000004,109.39999999999999,72,67.2,2190,17.4
235,1474.5,1396.4999999999998,1376.5,1046.5,856,775.5,576,217.00000000000003,171,542,429,65.19999999999999,142.6,511,333,253,279,556,261,359,606,500,101.19999999999999,579,446,170,349,301,1010,NODATA,877,970,774,1732,899,79.7,164.3,203.2,125.3,301.2,385.4,362.2,628.1,424.8,208.6,365.6,448.5,513,1664,774.1,921.4,1010.3,134.1,NODATA,1010.9,319.8,257.2,580.3,177,209.1,87.4,193.4,632.2,398,407.5,230.3,269.6,199.46660210747908,23.354487789966768,959.1,1239.3,NODATA,956.6,NODATA,981.3,879.4,893.3,825,493.1,72.5,348.20000000000005,54,115.60000000000001,86.6,64.1,2209,17.5
236,1554,1477,1483,1118,896,801,592,212,184.5,576.5,440,66.65,144.65,520,333,265.5,268,569,266,386,634,506,101.6,584,428,150,373,320,1027,NODATA,892,1016,800,1820,939,87.85,159.2,209.5,137,317.3,401.2,385.3,635.3,420.4,211.9,381.6,447.8,518.9,1720.3,768,919.9,1041.2,165.9,NODATA,1035.8,348.8,285.6,642.1,194.6,216.6,91.2,200.3,632.1,406.5,407.7,237,275.7,205.29468698033168,19.976390336312043,1026.9,1306.2,NODATA,1025,NODATA,1061.8,924.8,983.6,861,522.4,69.3,365.5,54.5,114.60000000000001,82.4,65.3,2350,18.700000000000003
237,1617,1512,1501,1143,917,843,620,236,189,582,467,69.1,146.1,506,315,266,329,618,276,427,657,527,108,574,476.5,157.5,356.50000000000006,324.00000000000006,1075,NODATA,1043.5,1151,865,1855,960,103.375,165.7,197.3,114.9,329,435.5,394.5,671.8,421.7,229.8,404.1,490.7,563,1908.9,861.5,1075,1164.7,158,NODATA,1155.9,376,272.3,656.1,186.6,214.5,90.9,200.3,680.8,431.2,425.7,244.8,285.9,215.59657292097296,23.854960049862814,1050.8,1351.4,NODATA,1046.8,NODATA,1085.3,961.6,993.9,892.8,517.8,79.3,366.9000000000001,63,111.1,71.6,65.9,2375,17.4
238,1633.5000000000002,1586.5,1554.5,1168,969,821,632.5,238,207.5,621,469,65,147.20000000000002,545,386,346,329,655,397,475,693,544,111.19999999999999,605,505,135,450,342,1285,NODATA,1324,1185,922.5,1908,972,133.8,168,206,127.4,333.4,437,444.7,753.4,379.8,217.7,402,490.9,588.4,1939.9,803.1,1327.6,1212.9,97.2,NODATA,1175.7,372.3,294.6,681.7,197.1,214.8,89.7,202.5,NODATA,NODATA,471.4,263.3,280,201.2405013846056,2.995303287602744,1014.1,1381,NODATA,1012.2,NODATA,1085.3,1016.5,1034.2,916.9,553.4,90.4,398.9000000000001,58.2,123.5,80.9,69.1,2445,17.5
239,1508,1421.0000000000002,1408.9999999999998,1081,890,784,578,197.99999999999997,160,547,444,61.1,141,469,287,234,259,526,214,326,601,493,92,576,455,144,338,289,971,NODATA,793,897,823,1760,899,69.05,161.9,200,121,301.7,402.4,332.2,546.5,394.5,212.9,361.8,464.3,480.5,1660,701.9,795.4,924.1,112.9,NODATA,920.9,349.7,269.5,625.3,171.2,196.1,84,193.1,538,361,361.8,207.7,257.5,190.15674527809577,25.93814079178654,990.1999999999999,1275.9,NODATA,989,NODATA,1068.4,917.7,954.1,877.3,512.3,68.5,339.29999999999995,47.800000000000004,113.80000000000001,76.7,58,2260,16.1
240,1529,1439,1445,1053,833,813,587,228,176,549,418,63,136.1,460,288,255,260,522,233,369,614,512,98,581,414.5,151.5,343.49999999999994,294,948,NODATA,805,961,783,1772,943,75.45,162.3,216,137.6,291.2,364.9,357.7,665.5,379.7,224.5,322.4,481.8,569.1,1775,793.9,886.1,981.4,81.7,NODATA,983.5,321.5,261.3,585.7,168,204.2,87.9,194.9,596.1,374.3,384.3,224.3,267,198.80529357241016,23.847194272539188,960,1283.6,NODATA,959.3,NODATA,981.4,889.1,914.4,878.3,487.9,70.6,398.70000000000005,50.8,128.4,79.4,59.1,2246,14.399999999999999
241,1572,1475,1476,1080,896,854,637,256,203,526,446,68.60000000000001,142.79999999999998,553,374,283,299,619,292,435.99999999999994,630.5,492,108,587,459.5,178,393,330,1191,NODATA,1074,1122,828,1825,979,107.9,158.4,206,135.5,353.1,429.9,389.4,655.9,432.9,240.8,384.9,527.1,556.9,1894.5,815.9,1098.5,1165.5,94.1,NODATA,1163.8,332.6,274.5,611.1,186.4,214.2,92.1,191.6,735.5,436,451.8,247.6,273.7,198.117906627992,19.885977485780586,954.3000000000001,1300.4,NODATA,952.4,NODATA,1043.4,910.7,922.2,860.2,524.8,72.3,415.39999999999986,59,119.80000000000001,74.1,69.7,2318,17.1
242,1531,1446,1446,1035,838,833,611,220,188,553,408,67,153.8,505,339,238,298,536,272,401,614,484,111.7,599.5,432.5,160.5,321,310,986.9999999999999,NODATA,988.0000000000001,1074.5,800,1803,985,92.4,164.6,207.3,137.5,354.9,441.3,379.3,698.7,419.4,227,388.2,512.7,599.4,1885.9,865.5,997.9,1117,123.6,NODATA,1093.7,337.2,259.5,603.8,203.1,233.6,98.2,204.6,622.3,451.7,417.7,251.9,287.2,207.97515376492606,26.037100202788388,927.3000000000001,1275.3,NODATA,925.8,NODATA,962.1,861.8,923.9,803.7,483.8,80.1,400.0999999999999,59.6,129.9,90.39999999999999,73.8,2257,20.2
243,1543,1491,1466,1067,900,807,625,263,204,565,419,66.9,151,487,369,272,294,564,319,392,612,487,107.2,574.5,460.99999999999994,145,329.5,290.5,1084,NODATA,1054,1066,805,1805,959,93.9,166,203,129.6,300.6,421.4,402.1,680,392,213.6,371.6,512.8,550.2,1854.2,808.8,1061.6,1084.9,102.1,NODATA,1076.2,334.4,259.1,606.1,171.4,200.1,82.8,195.5,671.9,393.8,414.7,233.5,272.5,202.81830897513896,16.662363820290302,940.8000000000001,1295.6,NODATA,939.7,NODATA,1025.2,896.9,910.9,838.7,492.2,70.3,414.79999999999995,57.9,117.6,81.6,69.5,2280,19
244,1588,1500,1480,1065,889,830,590,215,177,565,433,64,137.10000000000002,490,313,254,302,583,248,388,645,509,102.4,577,433,160,344,317,987,NODATA,886,1017,796,1831,973,84.75,168.5,192.5,132.7,314.6,402.5,404.1,674,404.2,244.6,330.5,531.2,563.9,1815.8,853,929.5,1049.1,162.4,NODATA,1046.4,352.1,269.2,629.5,197.9,232.3,95.7,200.9,601.3,412,391.5,236.8,280.4,200.96024130913094,21.793942292400473,1016.5,1309.1,NODATA,1015.7,NODATA,1049.5,917.2,923.6,854.1,502.7,75.9,429,57.400000000000006,125.15,89.3,70.75,2327,17.5
245,1594.5,1549,1510.5,1135,926,843.5,656.5,275,182,592,463,64.6,135,477,280,271,295,514,246,388,627,510,105,582,456,143,325,287,1009,NODATA,877,1017,974,1870,974,83.95,163.5,204.7,125.8,310.4,392.8,370.1,642.9,407.3,171.4,383.3,484.3,526.8,1814.9,813.3,943.7,1041.2,109.9,NODATA,1041,338.2,288.5,632.2,176.5,226.7,95.3,201.1,613.8,407,402.3,236,274.2,199.0015382854588,17.765237230603415,1064.2,1371.2,NODATA,1063,NODATA,1103.8,972.4,940.2,954.3,546.3,90.2,386.70000000000005,56.4,120.8,77.4,63.9,2370,17.9
246,1457,1364,1359,1010,817,798,577,225,165,528,412,68.7,140.8,460,287,222,236,507,230,350,574,465,92,545,406,160,344,271,892,NODATA,792,902,750,1694,887,68.95,163.3,180.7,122.4,292.1,393,357.2,579.2,419.8,189.4,359,459.5,472.3,1651.2,686.3,814.7,956.1,193.2,NODATA,934.2,315.3,268.9,590.9,165.3,191.6,80,182.3,571.5,375,379,211.7,250.5,181.5552893254665,21.293756499099402,966.7,1213.7,NODATA,966,NODATA,997.5,856.9,852.4,773.5,468.9,69.6,364.9,50.8,95.85000000000001,73.6,63.80000000000001,2160,14.6
247,1518,1451.75,1444.75,1081.75,834,843.5,619,277.5,191.5,539.5,407.5,63.2,135.39999999999998,514,334.5,265,281.5,605,280,405,619.5,496.5,99.1,540.5,469,150,384,310.5,1050,NODATA,1049,1095.5,855,1781,968,92,152.4,177,122.2,334.1,411.9,415.7,701.2,403.8,188.8,361.9,436.6,527.3,1864,775.4,1113.3,1106.3,113,NODATA,1084.1,310.9,249.1,571.2,184.4,215.3,91.1,193.8,NODATA,415.2,390,238.5,275.2,205.7881602157263,26.272087728346747,946.9,1291.9,NODATA,947,NODATA,1012.6,902.8,903.3,833.9,486,77.3,382.70000000000005,49.900000000000006,111.6,78.4,66.8,2225,17.5
248,1468,1400,1371,1026,832,774,591,230,184,520,425,64.2,136.7,496.5,301,268,295,607,257,379,603,485,104,571,471,140,375,302,1069,NODATA,940,1038,790,1726,921.4999999999998,89.3,163,197,132,322.8,424.9,376,658.5,400.8,193.4,353,467,539.7,1788.2,821.7,963.9,1072.6,140,NODATA,1044.4,331.3,254.9,595.8,195.4,211.1,88.7,181.5,665.8,390.8,395,237,259.1,191.94001432187187,29.45425816030137,927.2,1228,NODATA,925.3,NODATA,956.6,869.3,894.1,787.2,455.1,70.3,360.39999999999986,53.2,106.19999999999999,71.7,61.8,2190,15
249,1568,1515,1497,1137,875,842,627,236,199,588,442,62.3,154.5,516,320,263,297,582,287,398,630,489,102,604,453,132,364,304,1082,NODATA,1016,1047,815,1829,969,94.2,167.8,209.4,130.9,306,407.9,375.2,680.4,420.6,225.3,389.8,470.8,568,1826.6,769.8,1037.4,1052.6,104.2,NODATA,1071.1,316.9,280.9,600.6,186,201.2,84.3,213.9,NODATA,409.8,402.3,235,279.7,206.07513182137677,18.514415872538958,986.5,1332.5,NODATA,986.2,NODATA,1033.5,925.4,951.7,882.3,517.1,79.7,386.29999999999995,53.5,138.55,95.3,69.65,2285,19
250,1511,1416.4999999999998,1415,1084.5,870.5000000000001,768,568,209,173,541,438,64.2,133.2,467.5,291,255,279.5,540,220,361,611,512,95.5,566,455,168,338,295,953,NODATA,805,952,902.5,1765,914,72.9,157.8,192,113.1,316.4,395.7,385.1,606.6,388.3,237,364.8,452.3,511.1,1635.9,707.1,824.7,1005.5,178.1,NODATA,986.6,335.1,249.5,595.1,173.1,209.6,87.3,193.9,572,386.1,364.7,211.5,272.5,199.56558316319433,17.78829705379308,1045.3,1251.9,NODATA,1040.1,NODATA,1035.4,902,923.1,867.2,502.7,69.6,343.20000000000005,53.8,122.30000000000001,87.89999999999999,71.9,2200,18.700000000000003
251,1541,1464,1457,1108,913,816,596,259,170,558,433,65.4,141,489,356,269.5,295,551,283.5,363,635,515,94.1,572,443,155,385,311,1082,NODATA,981,1007,850,1801,937.5,90.3,163.9,201,131.1,311.9,413.5,397.9,669.9,423.4,220,374.2,468.5,548.7,1834.7,796.6,1008.8,1027.7,113.3,NODATA,1045.6,335.6,271.6,614.0999999999999,191.1,232.9,95,194.1,601.2,394.6,389,233.7,277,197.16535184383036,20.549683263190207,990.9,1288,NODATA,990.4,NODATA,1030,931.3,943.8,877.6,522.8,76.6,361.70000000000005,60.599999999999994,128.4,86.5,67.2,2304,20.4
252,1449,1346,1363,979,807,787,571,227,173,502,396,68.2,141,478,282,234,269,530,239,352,598,493,97.5,602,446,150,385,314,940,NODATA,822,968,737,1713,946,71.2,163.1,207.00000000000003,127,294.1,399.5,362.5,623.5,405.8,228.3,346.3,487.2,533.2,1706.1,777.9,829.8,987.6,174.1,NODATA,934.1,307.6,244,560.3,179.8,204.1,87.2,180.2,569.8,364.7,353.6,218.8,258,190.97768743779335,15.826539664857838,902.1,1194.1,NODATA,902.1,NODATA,943,834.7,841.5,728,440.8,68.1,387,52.9,110.94999999999999,74,68.10000000000001,2100.5,17.15
253,1538,1440,1455,1044,847.5,841,597,224,162,528,420,64.5,144.4,444,272,221,286,530,233,354,611,504,96.4,583,391,165,285,270,845,NODATA,830,934,795,1823,997,68,162.3,198,115.3,307.5,349.6,346.2,627,376.4,222.4,290.5,513.3,547.7,1729.5,725.9,829.7,953.7,214.3,NODATA,905.4,340.2,261.9,607.2,170.3,208.3,90.1,192.1,556.2,366.8,362.5,209.6,263.1,191.80861021675022,23.03902133093725,1001.5999999999999,1296,NODATA,999.2,NODATA,1021,886.5,898.1,787.3,492.4,68.3,432.29999999999995,50.099999999999994,109.1,78.7,66.39999999999999,2303,18.1
254,1542,1466,1465,1095,875,834,622,239,184,570,441,61.2,139.9,485,313,264,297.5,548,253,421,632,488,107.10000000000001,602,467,133,347,311,1005,NODATA,972,1106,855,1829,976,92.55,161.1,210,135.8,333.4,407.3,383.5,620.8,413.2,208.6,371.5,469.2,503.6,1803.9,810.5,993.6,1113.6,129.1,NODATA,1118.2,340.3,282.8,631.2,187.6,205.1,89.5,199.4,NODATA,411,414.1,241.6,280.1,205.75157866100386,25.30723032839212,1010.7,1296.9,NODATA,1009.7,NODATA,1069.9,924.4,938.5,881.6,503.6,79.4,375.5999999999999,54.3,121.1,83.2,69.3,2305,17.5
255,1560,1477,1474,1099,895,820,601,233,184,566,445,64.2,139.95000000000002,498,322,238,267,544,212,374,534,NODATA,104,584,429,147,366,301,1016,NODATA,820,1011,773,1820,947.5,78.65,161.1,205.9,129.9,280.3,386.2,377.6,650.8,406.8,214.9,363.6,477,529.1,1735.8,737.5,853.4,1025.5,129.3,NODATA,1037.1,331.8,272.2,608.9,186.4,201.4,84.9,180.8,615.7,395.9,372.2,218.4,280.8,206.697555508322,16.954311000913215,1005.0999999999999,1307.9,NODATA,1002.5,NODATA,1046.3,918.7,951.2,875.8,509,72.6,389.60000000000014,50.199999999999996,111.6,74.80000000000001,66.5,2249,17.1
256,1452.5,1372.5,1366.5,989,807,764.4999999999999,556,194,164,499,399,62,136.8,494,312,256,266,530,274,366,592,488,104.7,557,441,166,375,317,1037,NODATA,945,1003,764.5,1728,917,84.95,158.3,195.5,137.1,327.6,391.6,356.1,629.4,401.6,230.7,357.6,487.8,520.3,1769.5,775.5,937.8,1039.3,141,NODATA,1031.5,312.4,251.9,569.6,182,202.5,87.4,182.2,631.2,381.8,410.5,243.1,257,191.02414748578596,22.126740136166536,936.1,1256.3,NODATA,935.3,NODATA,986.4,853.1,862.8,795.1,466.7,72.5,398.10000000000014,55.5,115.9,80,63.6,2193,17.9
257,1490,1424,1416,1067,868,771,586,221,184,559,434,62.5,137.10000000000002,486,314,276,285,546,264,367,617,501,96,563.5,407,146.5,351.50000000000006,298,1054,NODATA,917.5,1002.5,745,1731,903,80.75,156.4,201.9,NODATA,NODATA,400.8,358.9,621.4,394.6,207.4,362.6,459.3,527.1,1738.3,718.8,929.9,1039.7,116.5,NODATA,1014.6,327.8,256.4,590.7,172.9,205.7,87.8,184.7,625,381.1,387.5,219,271.2,196.47064770457257,23.798952988794095,937.2,1259.9,NODATA,937,NODATA,1008.2,907.3,928.8,820.7,504.5,72.1,356,54.6,114.3,75.6,62.1,2215,18.9
258,1538,1481,1438,1033,893,797,609,234,180.5,582,467,64.5,140.5,479.5,299,247,282,552,225,354,605,481,108,547,420,142,326,293,962,NODATA,867,970,808,1776,919,76.7,161.3,188.6,131.5,288,374.2,367.5,660.3,397.3,197.1,389.2,517.9,525.3,1718.4,764.7,871,978.8,154.9,NODATA,1013.6,354.7,265.2,626.8,179,217.2,88.5,201.8,605.5,395.9,385.4,219.7,280.6,195.9706557324015,25.968027293128717,1030.9,1319.7,NODATA,1027.6,NODATA,1035,923.1,922.9,876,526,81.1,437.0999999999999,47.400000000000006,126.4,74,68.7,2270,16.8
259,1555,1483,1473,1119,872,837,633,255,180,562,432,65.3,137.89999999999998,496,312,283,289,571,251,367,612,492.5,103,599,463,149.5,377,316,1039,NODATA,924,979,777,1821,959,84.95,162.2,209,141.1,338.1,421.8,407.7,653.8,408.3,217,358.8,473.9,529.5,1818.8,770.4,925,1004.1,141.6,NODATA,998.9,337.5,274.5,614.9000000000001,191,223.9,92.3,197.3,564.1,388.7,386,224.4,285.9,214.98111813154722,18.584937431909474,1014,1306.8,NODATA,1013.3,NODATA,1063.5,926.1,967.8,872.4,518,69.5,363.4000000000001,58.2,118.3,78.89999999999999,65.4,2287.5,17.9
260,1599,1524,1497,1104,912,866,643,256,164,555,429,68,135,480,292.5,226,263.5,498,216,357,614.5,507,91,580,433,151,317,290,932,NODATA,800,954,800,1862,989,75.85,164.6,199,130.8,308.8,385.7,373.1,650.1,418.7,216.4,367.1,511.1,542.7,1728.8,755.2,841,981.8,121.2,NODATA,980.7,347.3,292.5,646.7,173.8,214.2,91.8,195.5,571.5,380,374.9,233,271.7,202.76668884512083,16.70330949434674,1038.9,1340.8,NODATA,1038.4,NODATA,1067.7,938.4,976.6,917.7,502.1,78,416.89999999999986,59,121,80,62.599999999999994,2375,12.5
261,1499,1405,1418,1038,866,785,555,188,171,546,431,60.74999999999999,137.2,495,322,262.5,276,550,283,382,616,496,95,577,429,159,363,303,1056,NODATA,1032,1011,817,1753,901,82.35,163.8,197.5,120,325.4,431.8,383.5,599.6,387,224.2,347.9,476,490,1731.2,778.2,1045.9,1031.2,55.8,NODATA,1023.3,324.3,264.5,594.9000000000001,166.6,200.1,84,180,NODATA,380.2,399.5,214.1,252.8,185.23417590270816,18.92152548628458,964.5999999999999,1249.5,NODATA,964,NODATA,1038.9,898,917.3,908.8,494.3,76.8,389.89999999999986,49.5,105.3,70,68.89999999999999,2182,15.4
262,1629,1590,1537,1143,921,856,667,261,185,596,459,66.8,152,520,372,288,324,598,308,390,648,517,111.19999999999999,575,484,130,353,317,1136,NODATA,1040,1026,830,1883,974,99.6,165.6,195,121.2,330.9,455.1,413.1,693,399.8,230.7,361,514.1,562.2,1896.4,774,1045.6,1042.4,79.5,NODATA,1042.4,377,285.8,675.4,201.8,239,97.3,211.8,621.8,425,429.7,250.8,296.7,221.40703998431047,20.461137604692258,1034.7,1367.7,NODATA,1034.5,NODATA,1091.5,959.1,981.6,955.2,532.6,81,394.20000000000005,57.9,126.4,84.7,77.30000000000001,2400,17.3
263,1400,1327,1329,957,757,776,577,248,181,499.5,390,66.6,143.75,497.5,300.5,245,255,584,268,392,564,462,96,590,418,125,384,316,1034,NODATA,967,1031,737,1644,906,78.656,164.6,204.3,134,338.7,418,358.5,589.9,398.9,197.6,348,462.3,473.6,1708.5,733.6,936.4,1064.8,156.7,NODATA,1045.8,285.4,249.2,542.9000000000001,185.2,200,84,167.8,NODATA,389.7,383.2,217.7,255.7,180.94417221324773,32.68597842561842,881.9000000000001,1172.6,NODATA,880.2,NODATA,946.4,805.2,819,725.2,454.8,69.3,388.9999999999999,50.5,102.5,67.8,68.60000000000001,2035,14.399999999999999
264,1535,1451,1444,1093,886,798,588,214,180,576,423,61.349999999999994,143.5,496.5,332,262.5,274,559.5,258,405,619,472,107.8,581,492,142,362,312,1018,NODATA,974,1034,865,1790,923.5000000000002,88,167,206,135.9,308.6,436.5,402.7,625.9,409.5,224.8,389.1,465,512.1,1762.2,749,1000.9,1067.9,96.1,NODATA,1066.4,338.5,279.3,628,196.2,228.8,96,210.9,653,438.6,414,242,275.5,198.6479695895863,30.42956139147261,966,1268.1,NODATA,965.9,NODATA,1056.4,931.1,935.8,869.9,524.2,81.8,346.70000000000005,56.3,128.9,93.69999999999999,72.2,2320,19.099999999999998
265,1621,1586,1543,1179,943.0000000000001,876,670.75,273.75,196,609.5,471.50000000000006,68.2,150,529.5,336.5,274,299,584,293,412,672,537.5,108,584,461,142,385,329,1079,NODATA,1015,1166,855,1890.5,992,104.9,170.9,196.8,126,353.4,422.3,366.6,674.1,437,230.2,419.3,486.3,570.4,1822.5,802.8,1060.1,1161.5,141.8,NODATA,1122.3,363.3,290.1,664.9,198,222.8,90.3,209.6,691.2,432.6,429,251.9,290.1,215.130310916279,27.16324523650429,1038,1393.6,NODATA,1037.3,NODATA,1093.2,990.3,1025.1,896.2,541,79.1,368.70000000000005,59.6,143.3,99.39999999999999,60.5,2485,18.5
266,1457,1386.5,1375,1047.5,852,741.9999999999999,545,176,159.5,538,448,56.5,124.9,479,317,226,265,512,233,352,584,466,94.2,561,445,149,315,276,944,NODATA,819,924,815,1750,869,67.4,163.9,192,109.4,300.8,387.7,363.6,591.4,409.2,187,354.4,431,488,1638.7,713.6,834.5,962.3,64.7,NODATA,939.4,340.3,262.6,609.2,164.4,185.5,77.3,201.5,573.6,358.8,356.5,208.1,261.1,192.9621309018326,27.32051125866834,951.7,1228.7,NODATA,951.8,NODATA,1005.7,894.2,906.8,887,497,70.7,342.6999999999998,45.8,118.69999999999999,83.2,55.099999999999994,2225,14.6
267,1484,1416,1420,1062,877,776,588,257,192,553,418,61.4,133.1,516,348,289,309,616,333,414.5,624.5,486.5,98.75,546,455,140,380,324,1125,NODATA,1106,1105,765,1746,908,98.7,151.9,190,126,343.2,416.3,397.8,674.7,402.2,191.9,374.6,431.3,489.4,1782.9,745.5,1113.5,1120.4,72.1,NODATA,1120.2,315.2,267.1,590.9,190.7,204.8,86.3,203.8,NODATA,407,454.1,260.4,273.5,203.27770025250874,16.62806386280141,960.3000000000001,1282,NODATA,959.4,NODATA,1023.8,905.6,897.6,888.2,494.2,67.4,362.70000000000005,58.7,119.9,87.6,60.5,2235,17
268,1448,1388.9999999999998,1385,1053,823,756,584.5,242,175,529,417,53.5,132,488,303,278,252,541,220,340,593,481,95,535,397,134,335,286,995,NODATA,782,954,677.5,1702,886,71.4,154,188.5,131.2,267.5,361.3,338.2,579,377.1,204.9,352.8,427.6,475.3,1608.8,778.6,872.8,987.8,159.9,NODATA,952.7,305.7,259.8,572.5,179.5,213.2,89.1,169.2,607.4,382.1,351.2,216.4,257.7,191.59184508518905,25.071481213905304,940.6,1244.3,NODATA,938.4,NODATA,1008.9,876.8,873.3,780.7,467.9,64.3,347.5999999999999,44.5,99.5,65,66,2145,17.3
269,1570,1517,1504,1130,910,842,627,254,212,556,432,64.7,140.85000000000002,590,418,346,326,718,384,451,676,525,102,613,523,153,469,373,1324,NODATA,1295,1206,853,1837,941,130.8,164.4,213.1,130.8,381.9,NODATA,439.9,673.2,420,232.6,416.8,473.1,526.2,1923.5,751.4,1388.1,1227.2,24.1,NODATA,1224,353.9,279.8,645.3,206.2,219.7,91.2,180.3,NODATA,433.2,429.7,264.1,269.4,203.47082862400904,13.934835114501345,939.2,1298.3,NODATA,939.7,NODATA,1078.7,959,943.2,915.1,510.2,77.2,366.20000000000005,67,114.7,80.1,70,2311,18.400000000000002
270,1567,1479,1475,1054,886,790,612,230,193,587,425,64.4,149.8,516,379,300,353,637,317,409,632,492,107.69999999999999,582,442,158,418,339,1217,NODATA,1162,1088,897,1812,945,110.75,165.2,203,127.3,337,442.4,432.4,702,416.4,245.4,389.9,514.2,589.4,1893.9,794.6,1188,1127.1,76.4,NODATA,1116.9,338.9,278,625.8,202.9,224,95.4,205.1,NODATA,446.8,433.5,263.5,283.3,207.89248787792778,1.9402693256913432,949.3,1283,NODATA,948.5,NODATA,1023.3,943.6,900.9,872.9,513.8,74.3,423.70000000000005,56.95,118.80000000000001,87.10000000000001,67.15,2332.5,19.5
271,1598,1511,1496,1112,896,840,626,244,184,580,437.5,65,140.2,507.5,313,261,305,587,247,379,636,494,108,592,472,141,366,304,1012,NODATA,916,1002,815,1845,960,89.95,166.6,207.8,135.7,330.2,438.2,420.2,714.3,427.4,229.2,409.8,497.1,587,1823.2,785.5,963.2,1036,91.7,NODATA,1035.8,343,262.8,613.8,200.9,238.6,99.8,209.1,613.9,411.4,396,244.3,287.7,204.17579889772577,19.812164899979688,1015.1,1320,NODATA,1014.5,NODATA,1036.2,944.6,956.3,923.4,528.8,81.4,410,55.7,124.80000000000001,82.2,70,2315,21.299999999999997
272,1437,1380,1356,1002.5,812,733.5,547,197.99999999999997,171,515,403,57.9,138.7,486,306,226,274,585,273,336,585,467,103,575,426,137,338,294,932,NODATA,886,952,755,1687,893,71.35,NODATA,199.7,NODATA,NODATA,NODATA,NODATA,NODATA,NODATA,NODATA,NODATA,NODATA,NODATA,NODATA,NODATA,NODATA,NODATA,NODATA,NODATA,NODATA,NODATA,NODATA,NODATA,NODATA,NODATA,NODATA,NODATA,NODATA,NODATA,NODATA,NODATA,NODATA,NODATA,NODATA,NODATA,NODATA,NODATA,NODATA,NODATA,NODATA,NODATA,NODATA,NODATA,NODATA,NODATA,NODATA,51.8,111.5,84.60000000000001,62.699999999999996,2134,17.9
273,1519,1437,1417,1070,851,806.5,600.5,235,163.5,530,429,60.599999999999994,146.8,509,344,233,301,577,216,358,607,501,101.4,569,455,141,328,295,1002,NODATA,883,946,825,1758,925,74.5,162.9,196.8,126.7,324.5,393.4,392.7,641,414,198.7,365.7,445.5,500,1706.5,706.6,891,976.7,113.3,NODATA,975.7,340,275.3,623.6,171.8,210.3,85.9,178.2,571.3,362.9,345.7,211.8,261.8,194.6048825250597,20.007684928076586,999.8,1272.4,NODATA,999.7,NODATA,1031.9,900.9,927.8,886.5,478.8,68.1,363.60000000000014,47.699999999999996,108.6,74.4,60.599999999999994,2245,18.2
274,1409,1333,1331,982,788,759,551,221,169,518,391,61,139.60000000000002,471,338,238,304,530,254,376,572,473,107,550,384,155,308,254,991,NODATA,906,999,695,1647,843,68.9,163.7,187,130.6,289.3,355.6,339.6,581,391,219.7,373.5,448.5,493,1644.6,745,954,1018.7,115.8,NODATA,1004,293.8,258.8,561.8,166.1,196.8,77.1,178.4,589.1,384.6,378.8,222.6,260.9,192.10594929475158,16.094015041336558,876.6999999999999,1182.5,NODATA,876.2,NODATA,945.6,818.4,869.1,760.9,455.7,53.8,361.0999999999999,50.099999999999994,110.7,76.2,64.7,2065,16.85
275,1535,1470,1435,1097.5,868.5,800,618.5,261,197,555,409,64,146.3,509,338,281,290,577,279,407,632,498,91,571,485,144,351,294,1142,NODATA,1014,1079,755,1793,942,92.05,166.3,194.1,128.9,324.3,453,402.6,653,407.6,215.2,386.1,479.2,531.5,1837.7,784.1,1027,1112.6,142.9,NODATA,1112,321.6,255.7,586.3,172.7,201.5,83.4,187.4,NODATA,419.2,399.1,236.8,270.2,201.93071486204195,20.776042331905654,992.5,1285.5,NODATA,990.7,NODATA,1041.2,904.4,927.8,849.6,489.6,73.4,351.10000000000014,49.3,111.5,77.8,69.3,2215,17.2
276,1591,1514,1496,1128,923,791,593,216,138,568,456,66.10000000000001,128.2,437,254,224,270,449,205,339,638,512,95,537,405,130,307.5,289,886.5,NODATA,778,896,922,1843,921,67.6,155.6,195.3,124.9,301.9,403.9,331.9,600.5,388.7,208,334.5,483.4,542.9,1731.1,770.6,813.5,926.4,58.9,NODATA,910.7,331.1,271.2,608.5,172.2,197.3,82.6,199.1,541.1,377.7,374.1,218.8,274.9,195.38006433192749,20.414111850792086,1044.2,1349.1,NODATA,1043.4,NODATA,1086.2,975.5,988.8,985.3,520.1,81.8,379.70000000000005,45,118.3,72.1,58.8,2333,14.5
277,1535,1474,1452,1080,862,840,617,272,197,553,434,57,141.1,492,325,249,268,568,250.5,394.5,602,480.5,103.2,596,440,143,369,311,1001,NODATA,932,1034,823,1791,951,87.15,166.4,207,137.3,304.2,390.5,372.8,628.4,402.5,213.6,344.3,478.6,527.9,1774,778.6,958.8,1059.2,143.2,NODATA,1088.1,320.5,250.2,576.9,191.6,213.4,91.4,193.7,641.9,416.4,402.6,237.8,271.5,199.04217151115972,20.21762922368382,990.3,1287.1,NODATA,988.6,NODATA,1037.9,891,947.5,847.1,497.5,83.6,384.20000000000005,54,115,75.5,66.3,2207,19.099999999999998
278,1425,1343,1341,962,800,771,572,241,191,508,384,69.3,148.3,550,398,321,306,670,386,415,593,456,102.5,588,467.5,168.5,391,324,1251,NODATA,1206.5,1112,780,1666,910,105.8,161.6,205.7,124.9,347.3,463.9,423.8,652.8,422.9,240.1,431.4,492.4,523.7,1797,705.7,1240.1,1135.1,2.1,NODATA,1136.8,295.5,249.4,553.7,194.2,220.2,90.9,194.3,679.7,404.2,450.5,245,264.6,191.0590110854476,17.752888429749355,808.9,1154.5,NODATA,804.8,NODATA,934,832.8,820,806.8,452.2,68.4,377,61,116.1,79,74,2067.5,19.7
279,1409,1350,1328,953,746,756,565,206,174,481,354,61.2,144,507,357,253,300.5,585,289.5,393.5,576,455.99999999999994,101.5,567,407,135,372,315,1059,NODATA,1005,1077,745,1677,920,85.85,162.9,196.1,108.9,285.6,405.4,366.4,644.7,376.4,210.7,354.7,485.8,543.7,1833.4,797.4,1028.6,1098.9,99.2,NODATA,1092.4,316.6,248.4,571.3,177.5,196.5,84.7,188.1,655.3,393.4,381.4,228.3,243.4,183.40684900132158,21.700536739317464,857.9000000000001,1199.1,NODATA,856.6,NODATA,922.1,824.1,NODATA,758.7,437.3,73.1,396.19999999999993,51,115.9,77,64,2113,18.799999999999997
280,1541,1451,1419,1074,891,800,603,238,192,545,418,67.1,153.2,481,324,275,309,577,334,412,623,517,113,593,484,130,365,309,1062,NODATA,1058,1088,790,1779,922,94.4,163.1,211.5,121.1,355.5,446,399.4,635.9,389.2,221.3,372.8,472.5,512.3,1862.7,802.9,1085.1,1116.3,135.7,NODATA,1116.3,337,269.4,613.8,203.4,223.1,93.6,188.5,NODATA,405.9,409.4,234.2,268.5,196.3766501840014,19.312752142084666,1021.3,1278.8,NODATA,1019.2,NODATA,1049.3,903.2,927.9,885.6,481,71.7,369.0999999999999,50.099999999999994,113.9,79.45,71.35,2215,18.75
281,1566.4999999999998,1506,1463,1085.5,878,820,637,277,178,566,446,58.4,133.2,492,329,234,300,547,210,362,608,492,97,567,415,144,358,300,977,NODATA,879,943,770,1814,947,78.5,155.2,206.9,131.5,292,375.3,383.5,620.1,423,198.8,386,508.7,521.5,1797.6,806.7,900.5,982.1,154.7,NODATA,981.4,337.9,272.6,618.3,192.2,220.9,90.9,195.3,589.6,385.6,381.4,230,272,195.26234351336763,22.79607139387119,1042.9,1308,NODATA,1041.8,NODATA,1077.4,920.6,912.6,888.2,508.6,72.8,396.39999999999986,53.099999999999994,123,84.39999999999999,63.5,2245,16.4
282,1497,1418,1431,1071,860,775,581,210,162,547,431,69.4,143.05,506.50000000000006,310.5,251,231,545,269,342,605,481,90,578,437,128,327,284,974,NODATA,937,955,813,1749,905.5,74.55,163.4,200.9,115.3,299.1,404.2,366.8,597.5,427.8,199.7,356.8,438.4,474.8,1691.3,742.6,963.3,975.5,71.3,NODATA,962.7,328.2,256.7,590.6,169.1,196.4,84.1,189.3,567.8,366.9,353.4,206.8,255.4,193.55127031764326,22.809087815549894,987,1269.9,NODATA,986.9,NODATA,1044,898,920,915.7,504.5,75.4,374.8000000000002,47.800000000000004,116.4,78.4,62.300000000000004,2216,18.1
283,1489,1451,1441,1064,880,767,574,198,191.5,557,423.49999999999994,68,142.35,512.5,355,297,321,558,343,416,669,572,99,601,458,140,360,305,1140,NODATA,1105,1116,805,1756,909,97.6,166.9,209,126.9,318.7,414.2,404,677.4,388.8,202.1,390.7,447.8,519.8,1819.5,836.7,1152.1,1136,40.3,NODATA,1136.1,365.4,264.2,634,185.6,217.1,89.6,186.3,657.8,416.1,380.3,235,273.8,200.4804976723684,10.672867036582481,934.0999999999999,1272.5,NODATA,932.9,NODATA,1005.5,901.5,926.9,893.8,513.8,66.4,379.6999999999998,54,122.30000000000001,85,66.39999999999999,2255,18.3
284,1559,1482,1495,1089,895,863,636,267,181,555.5,440.99999999999994,61.150000000000006,144.5,507,315.5,248,287.5,590,242,372,613,498,100.5,567,451,135,381,305,1012,NODATA,918,996,805,1825.5,981,85.9,163,193.70000000000002,125.9,319.9,408.9,393.6,674.5,389.8,212.7,341.8,474.4,533.8,1802.9,799.3,931,1030.8,148.2,NODATA,1036.4,342.1,257.6,610.9000000000001,184.9,211.6,88.3,182.4,614.4,390.8,394.4,223.2,268.4,196.91853394903305,24.426289436118093,1024.8,1322.6,NODATA,1024,NODATA,1044,921.8,945.2,876.6,492.2,80.5,413.5999999999999,53.2,113.10000000000001,75.6,61.5,2266,16.7
285,1507,1400,1408,1053,847,806,585,234,189,550,413,61,145,505,316,276,289,509,294,411,624,506,94.7,580,421,157.5,392,318,1014.4999999999999,NODATA,1062,1114,805,1728,928,89.4,162.6,202,124.2,333.7,417,374.7,611,396.2,248.4,346,485.6,552.2,1768.7,709.7,1096.6,1129.2,172.7,NODATA,1091.2,304.4,264.9,577.1,183.4,198.1,79.9,175.4,701.3,428.6,403.1,236.3,255.4,183.44427956029455,25.528497425209416,969.2,1224.9,NODATA,966.9,NODATA,999.3,883.3,872.7,796.5,485.2,77.9,354.20000000000005,51,113.69999999999999,73.7,64,2185,15
286,1553,1461,1454,1097,886,800,583,213,187,570,438,69.2,157.6,507,314,274,301,575,286,377,633,512,88,573,441,168.5,350.5,314.5,1085.5,NODATA,983,1013,775,1785,911,88.35,174.4,202,138.1,340.8,420.2,367,626.8,413.9,230.7,376.6,489.9,537.2,1791.6,815.7,975.8,1036.3,107.2,NODATA,1026.5,343.8,269.7,616,177.8,209.3,86.3,193,585.9,411.3,397.3,218.1,256.1,196.80318178386713,22.877802916472938,991.9000000000001,1306.3,NODATA,991.6,NODATA,1052.8,942.6,997.2,884.7,492.6,78.8,361.5999999999999,58.3,128.6,83,69.80000000000001,2235,17.3
287,1625,1567,1554.5,1209.5,963,815.5,621,230,189,629,487,69.2,140,507,312,295,321,564,274,405,655,540,106,574,422,164,414,324,1148,NODATA,968,1042,795,1873,926,100.15,160.7,201,121.7,316.5,400.3,388.8,680.3,433.7,225.7,384,483,554.8,1821,820.4,1059.7,1090.1,123.4,NODATA,1097,349.4,295.4,654.8,194.3,227.9,94.4,189.9,684,460,411.2,242.5,281.7,208.68354623848967,15.12756465300558,1050.6000000000001,1380,NODATA,1048.1,NODATA,1102.7,981,999.2,927.2,569.2,88.2,404.4000000000001,52.699999999999996,131.8,80,68.3,2434,17
288,1532,1499,1475,1049,NODATA,835,642,260,187,545.5,403.49999999999994,64.80000000000001,149.14999999999998,504.5,372.5,286,299,558,280,398,618,487,112,578,451,134,348,306,1060,NODATA,998,1035,783,1810,975,94.2,163.3,197.8,120.3,304.6,413.1,434,755.3,400.6,216.5,380.9,505,591.8,1823.9,773.8,1007.7,1075.9,57.6,NODATA,1073.9,346.5,262.4,611.5,173.2,196.3,83.9,182.8,647.1,415.4,418.1,241.6,279.6,211.9706609398547,14.94915763979986,936.2,1276.1,NODATA,936.1,NODATA,960.7,900.4,928.9,878.6,493.1,73,431.60000000000014,51.7,111.30000000000001,78.60000000000001,60.4,2265,16.4
289,1516,1439,1425,1052,847,808,601,237,177,533,421,63.5,137.3,490,304,226,271,567,259,361,615,494,90.75,560.5,415.5,141.5,355,283,922,NODATA,893,956,765,1758,921,73.45,155.8,196,110.3,292.7,403.1,356.1,596.1,407.6,200.4,347.1,479,494,1707.3,744.9,895.7,990.4,213.5,NODATA,978.8,326,273.7,613.9000000000001,177.5,196.3,82,182.8,NODATA,385.4,365,222.1,261.7,185.36533636652663,13.777842745041776,1038.8,1271.5,NODATA,1033.3,NODATA,1036.7,900.9,908.2,825.3,493.5,70.5,390.79999999999995,50,109,80,70,2237,16.9
290,1550.5,1507,1482.5,1107.5,892.5,829.4999999999999,621.5,242.00000000000003,168,559,429,64.3,139,499,331,278,306,547,252,400,631,508,97,582,430,154,341,291,1070,NODATA,990,1015,855,1820,961,83.9,166.1,201.29999999999998,118.4,312.3,379.5,373,678.2,409,213.3,362.6,471.5,554.8,1782.8,803.8,990,1046.3,142.9,NODATA,1037.5,337.2,262.6,605.5,177.1,204.1,86.4,190.5,598.2,402.4,380.8,231.2,259.6,197.8573309390033,16.35763162235824,1079.1000000000001,1315.1,NODATA,1078.1,NODATA,1029.4,903,949.3,936.2,511.7,80.1,387.5,53.9,121.89999999999999,72,74.1,2315,17.5
291,1516,1464,1455,1088,891,798,584,221,201,566.5,420,69.25,140,523.5,326,267,287,602,256,425,647,498,104,599,460,155,368,329,1081,NODATA,995,1102,865,1788,932,96.65,160.2,210,129.5,347.6,407.8,372.4,625.8,408.4,174.2,360.8,460.6,470.5,1790.5,793.1,1045.9,1148.4,105.5,NODATA,1139.7,320.3,279.2,603.4,188.8,220.8,93.5,197.5,701.9,436.6,420.4,243.1,278.3,209.7094429823156,26.78857063943858,987.6,1305.7,NODATA,987.2,NODATA,1055.6,932.8,941.8,882.1,520.3,76,386.0999999999999,56,120.39999999999999,88.10000000000001,65.3,2265,17.8
292,1555,1495,1479,1108,899,806,622,239,192,562,436,67,139.70000000000002,512,324,268,289,541,288,396.5,653,507.5,99,610,467,169,330,293,1088,NODATA,995,1026,890,1828,962.5,89.75,165.9,223.4,123.5,310.7,412.1,383.9,669.5,434.2,205,409.1,481.6,519.2,1802.4,775,993.1,1074.2,86.1,NODATA,1073.6,351.6,262.4,620,183,206.9,86.9,184.7,599.6,395.8,399.2,227,267.4,201.47236523873426,19.99832553462741,999.6,1344.3,NODATA,998.8,NODATA,1065.5,944.6,974.9,913.5,511.9,73.3,390.70000000000005,56.3,118.4,76.8,69.4,2325,18.1
293,1545.5,1433.5000000000002,1440,1081,864,822,598.5,231,154,546,429,58,129.4,451,255,232,275,456,210,347,586,469,97,558,406,168,327,289,912,NODATA,803,937,822.5,1796,960,67.45,153.9,197.5,107.9,289.7,367.6,378.4,639.4,395.8,243.7,323.6,494.4,561.6,1723.6,752.1,832.6,963.2,110.1,NODATA,973.5,338.3,260.3,601.8,171.4,210.8,89.8,187.8,548,369.8,354.1,213.5,271.4,201.17195386692953,23.13630730934326,970.6,1273.9,NODATA,969,NODATA,1019,874.6,922.8,860.5,486.2,67.5,377.70000000000005,55.4,113.69999999999999,71.7,57.300000000000004,2230,18.6
294,1465,1354.5,1355.5,1023.5,814.5,772.5,550.5,200,174,531,404,68.2,145.2,511,338,266,284,586,271,343,572,449,104,587,441,163,337,304,1047,NODATA,955,945,761,1712,918,77.35,165.1,200.5,118.8,314.6,437.9,374.2,618.6,416.8,246.9,352.5,473.9,556.1,1694.6,749.3,937.5,977.8,72.2,NODATA,977.2,309.9,255.1,570.3,186,224.4,94.7,204.6,562.1,375,391.9,216.1,262.2,190.2325776535458,16.39918338238913,905.9000000000001,1193.4,NODATA,905.7,NODATA,955.9,859.4,885.4,833.7,483.1,61.7,333.79999999999995,58.4,127.8,81.6,75.1,2171,19.5
295,1536,1468,1459,1115,888,797,616,252,218,583,436,61,137,562,367,296,299,641,345,449,664,531,105.60000000000001,574.5,472,172.00000000000003,408,324.5,1201.5,NODATA,1200.5,1209.5,815,1804,939,112.4,162.8,206,105.7,327.1,439,399.9,691.4,430,197.7,419.3,452.4,549,1900.1,778.8,1245.6,1219.9,20.4,NODATA,NODATA,315.3,281.1,605.2,190.2,214.6,87.7,203.6,NODATA,449.1,468.4,247.7,275.4,195.14995723524544,13.438188158350654,980.1999999999999,1315.8,NODATA,939.3,NODATA,1039,937.3,959.1,959.8,540.9,75.3,360.5,61,129,85.9,65.9,2285,17.4
296,1528.9999999999998,1480.5,1466,1080.5,887.5,803.5,616.5,244,193,557,431,73,160.10000000000002,528,358,297,307,586,270,381,624,491,108.2,601,453,140,360,341,1139,NODATA,987,1041,790.5,1782,928,94.05,174.7,199.20000000000002,128,334.9,425.6,375.6,636.9,432,239.1,412,485.3,516.7,1796,816.9,1001.8,1073.5,86.2,NODATA,1059.4,333.9,274,603.3,206.1,230,95.3,203.1,613.8,413.8,438.4,244.7,288,210.14720616606309,15.316501534154225,1019.9000000000001,1312.5,NODATA,1018.8,NODATA,1054.8,865.3,938.4,933.7,510.1,76.1,381.4000000000001,60.5,122.30000000000001,79.6,73,2288,18
297,1501,1427,1423,1032,831,811,601,252,180,540,430,56.5,135,485,344,263,301,570.5,278,385,589.5,490,101.49999999999999,563,450,134,332,301,1031,NODATA,1003,1002,730,1754,932,85.75,158.3,199.1,115.6,302.2,406.6,378.1,640.5,390.2,207.6,355.3,492,528.3,1737.5,750.6,1015.2,1036.5,121.9,NODATA,1032.4,315.7,257.2,579.4,187.3,215.4,89.7,185.8,646.9,393.8,404.7,250.7,257.1,194.9083893655722,20.235590987422643,941.3,1253.7,NODATA,940.8,NODATA,996.4,872.7,868.3,819.4,479.3,78.8,397.29999999999995,53.6,107,71.3,66.39999999999999,2190,17
298,1564,1489,1491,1091,871,875,651,280,170,549,430,68,143,464,301.5,251,264.5,498,246,378,631,516,105.9,578,436,148,356,299,958,NODATA,954,1053,866,1839,996,86.2,157.5,203,123.4,328.7,412.9,381.4,604.8,387.8,217.9,321.6,483.9,491.6,1812.3,765.2,932.2,1066.9,1.2,NODATA,1030.9,323.1,264.1,593,189.8,221.8,92.8,200.2,599.2,403.8,364,249.2,289.2,217.57083070847818,24.885266865969818,966.2,1317.3,NODATA,966,NODATA,1096.6,915.3,997.4,965,497.2,75.5,406.79999999999995,53.8,124,87.10000000000001,67.4,2270,20.7
299,1522,1453,1435,1007,848,817,624,260,183,537,417,74.2,153,533,366,288,283,620,273,379,594,478,105.19999999999999,585,498,147,376,322,1136,NODATA,1038,1009,808,1760,951,97.9,168.6,196.34999999999997,122.9,328.7,478.6,432.1,715.4,414.7,238.5,397.5,546.9,591.7,1827.1,760.2,991.7,1059.9,86.2,NODATA,1062.9,332.7,258,597.8,182.2,202.2,87.9,183.5,644.4,401.5,443.5,230.2,261,189.78887668208299,17.26345854528619,942.8000000000001,1250.3,NODATA,942,NODATA,972.3,882.2,875.3,856.6,489.9,68.8,427.29999999999995,54,105.75,73.55000000000001,69.75,2200,16.65
300,1589,1499,1509,1144,887,854,611,259,205,594,450,63,143,558,360,289,314.5,631.5,279.5,438,655,543,108,573,435,167,395,326,1121,NODATA,1044,1099,768,1844,972,105.35,168.6,193.29999999999998,127.5,299.3,390.4,408.7,679.3,446.8,227.7,409.6,483.9,561.4,1830.7,804.4,1066.4,1159.7,90,NODATA,1160.9,322.7,281.9,612.9,184.9,219.5,95.1,199.7,736.8,425.3,437.9,253.5,294,219.28456303009995,19.56604190765646,1013.9,1323.3,NODATA,1011.8,NODATA,1063,951.3,976.3,923.9,521.8,93.9,368.79999999999995,60.5,123.3,79.1,61.5,2355,16
301,1565,1480,1487,1097,893,841,610,230,186,573,436,65,137,509,290,261,293,555,265,391,629,508,97,577,443,144,401,329,1055,NODATA,907,1046,770,1837,976,91.8,161.7,204.95,141,319.8,408.5,384,655.3,411.1,248.3,379.8,505.8,557.9,1751,756.1,925.9,1071.8,160.4,NODATA,1030.2,334.4,274.7,616,186,223,93.6,199.9,639,414.2,411,247.6,280,207.12532839712372,20.93213042933214,989.6,1314.5,NODATA,987.8,NODATA,1054.6,919.7,965.1,829.2,504.6,84.5,398.70000000000005,58.24999999999999,112,83.3,66.5,2330,16
302,1531.4999999999998,1461,1446,1105,871.5,766.5,585,222,157,571,456,61.8,138,471,265,262,291,526,260,369,600,501,103,577,392,154,353,302,1022,NODATA,977,977,790,1760,875,81.15,158.3,203.4,121.6,299.9,411.6,359.4,593.9,389,233.7,352.4,453.8,498.2,1730,736.4,1002.5,1003.5,43.5,NODATA,990.8,311.6,272.9,589.7,195.3,232.6,99.2,193.3,585.8,402.3,395.8,233.5,275.5,206.01956901418686,23.329552067323597,1001.6,1290.8,NODATA,1001.4,NODATA,1069.7,943.1,934.8,958.1,512.4,70.6,343.20000000000005,54.1,118.4,79.9,64.2,2220,17.1
303,1542,1454,1467,1096,888,843,615,267,165,562,444,66.9,142,502,319,249,269,544,239,360,604,478,102.69999999999999,577,456,159,362,312,1023,NODATA,857,945,740,1802,959,79.2,163.9,199,114.1,308.8,411.4,391.2,646.7,418.3,211.4,349.9,469,517.9,1749.6,771.4,870.7,974.3,198.4,NODATA,977,308.8,257.1,572,180.5,214.1,91,193.5,596.2,421.7,388.5,234.8,276.9,201.5365828931936,16.840569611133937,1035,1284.3,NODATA,1033.8,NODATA,1040.5,906.7,936.3,836.6,518.8,88.9,367.89999999999986,56.050000000000004,119.2,79,65.25,2235,16.5
304,1619,1558,1519,1131,916,821,640,253,202,601,453,72.8,150.1,534,386,320,318,656,334.5,435,678.5,545.5,113.55000000000001,601,455,138,372,301,1232,NODATA,1179,1117,860,1876,971,113,165.1,212.7,127,332.5,414.9,427.7,703.6,412.8,225.5,388,514,552.8,1911,842.1,1209.1,1140.5,61.6,NODATA,1139.9,347.5,284.8,637.5,177.9,201.5,84.9,198.5,694.7,430.6,417.4,247.8,275.9,210.08075500813476,13.404106899662079,1015.5,1337.1,NODATA,1014.6,NODATA,1097.8,986.6,968.7,953.9,527.8,65,404.29999999999995,52.300000000000004,119,83.2,69.1,2370,17.3
305,1482,1409,1409,1029,838,811,627,244,171.5,528.5,428.5,62.1,143,563.5,337.5,264.5,296,593,229,397,601,475.5,102.10000000000001,594,495,147,342,290,1076,NODATA,884,1029,880,1734,942,83.15,164.1,208,116.7,279,420,390.2,687.3,413.1,211.4,394.4,462.6,518.9,1752.1,809.2,930.9,1055.9,156.6,NODATA,1058.5,352.7,255.5,623.5999999999999,178.9,207.9,86.2,193.1,640.3,388.6,407.7,226.7,265.9,195.34830387256528,19.283496383507206,959.9,1264.5,NODATA,958.2,NODATA,982.4,865.5,862.3,803.3,481.4,61.2,390.10000000000014,49.2,102.8,68.8,69.7,2215,19
306,1542,1488.5,1468,1066,869.5,788.5,614.5,246.5,177,581,441,70.1,155.1,539,372,297,295,616,308,370,612,466,102.30000000000001,587,446,155,362,328,1146,NODATA,1024.5,1021,775,1795,927,98.1,165.6,203.9,125.2,329.9,443.6,396.4,667.3,419,214.1,373.9,491.1,517.3,1851.5,777.6,1030.7,1044.9,72.8,NODATA,1044,337.3,271.6,611.3,196.1,217.2,91,200.3,618,424.3,413.9,242.7,269.3,194.32169830428353,22.344767291320224,988.8,1328,NODATA,988.5,NODATA,1061.8,915.1,965.9,916,519.7,62.9,413.79999999999995,56.7,121.4,86.5,72,2298,19.3
307,1510,1450.5,1432.5,1077,874,789.5,605,245,176,554,422,63,135.2,517,344.5,270,293,633,249,375.5,613.5,478.5,100,570,453,159,381,309,1080,NODATA,913,1014,835,1766,909,84,159.8,199.5,NODATA,338.4,413.5,395.3,705.5,434,197.5,386.4,438.1,547.6,1750.1,843.2,926.9,1036.3,125.8,NODATA,1024.2,326.9,268.7,600.3,179.4,205.2,84.3,180.1,610.5,397.6,401.7,218.2,256.6,189.67951025908394,18.008345204663172,957.6999999999999,1286.2,NODATA,955.6,NODATA,989.6,896.7,936.9,831.9,503.3,74.2,361.79999999999995,51.89999999999999,101.7,66.65,70.5,2272.5,18.05
308,1488,1410,1394,1061,875,769,563,210,184,553,421,70.6,147.7,513,331,269,286,594,245,364.5,607,474,105.5,556.5,430.5,149,418,339,1079,NODATA,931,942,780,1725,890,83.75,169.9,187,124.5,317.8,408.9,402.3,579.1,416.9,237,350.8,468.7,463.8,1723.7,749.9,926.7,968.5,51.8,NODATA,966.7,334.9,257.5,603.5999999999999,180.7,207.6,89.3,194.5,NODATA,393,403.1,232.7,281.7,212.29061161447294,16.893123979428307,966.4,1223.7,NODATA,966,NODATA,1060.3,868,937.6,914.6,501.6,65.2,350.29999999999995,55,113,74.1,68.60000000000001,2145,15.5
309,1592.2500000000002,1513.5,1497,1122,876,840,643,271.5,181,569,449,66.10000000000001,135.29999999999998,479,326.5,276.5,274.5,512,295,368,631.5,512,101.6,574,449,153,321,292,1044,NODATA,1020,1040,930,1856,997,90.9,156.7,197,123,321,408.8,384.6,617.4,416.8,221.9,369.2,509.3,534.7,1877.4,803.2,1025.5,1059.6,163.9,NODATA,1084.4,334.9,273.6,614.5999999999999,189.1,225.4,97.7,197.7,623.9,388.7,397.9,234.2,295.5,216.3863943988857,19.82770079154136,1004.8,1336.2,NODATA,1004.5,NODATA,1107.3,938.4,968.5,840.9,522.3,85.9,385.8000000000002,53,119.39999999999999,85,67.1,2335,18.9
310,1502,1427,1440,1017.5,857,827.5,598,242.5,178,547,405,62,130.5,502,299,231,289,624,231,331,593,471,101.7,552,429,154,354,295,966,NODATA,831,980,865,1780.5,944,78.95,161.5,182,114.6,311.8,382.1,366.5,581.6,411.3,203.4,366.1,475.6,518.6,1749.7,741.7,890.9,1016.3,147.2,NODATA,1029.8,318.9,247.4,577.1,187,217.8,90.4,184.1,622.6,405.8,388.2,224.1,255.4,183.48045314276467,24.294684077903764,983.5999999999999,1266.2,NODATA,981.7,NODATA,1008.4,883.9,910.5,836.4,493.4,85.9,396.5,56.4,110.5,71,60.300000000000004,2220,17.6
311,1632,1567,1571,1161,938,873,661,270,204,610,466,62.800000000000004,135,528,303,285.5,321.5,569,320,435,683.5,556,111,584,417,176,378,315,1107,NODATA,1062,1198,882,1900,988.5,109.5,160.9,206,132.9,308.8,406.9,399.7,739.8,425.9,235.2,390.2,505,601.2,1913,904.3,1096.6,1199.8,86.6,NODATA,1199.3,334.4,285.3,629.3,196.3,228.1,94.6,190.7,712.4,448.6,427,250,301.5,225.59001645723424,23.004884197045527,1031.3999999999999,1391.6,NODATA,1027.9,NODATA,1059.2,959.1,1016.9,944.8,540.9,96.6,433.8000000000002,54.6,124.60000000000001,73,65.4,2430,16.5
312,1631,1561.0000000000002,1547,1158,961.9999999999999,854,629.5,218.5,191,608,475,67.30000000000001,146,512,353,268,311,556,312,423,665,530,110.60000000000001,578,457,154,360,324,1093,NODATA,1144,1057,854.5,1903,987,101.55,163.5,198.5,126.2,322.5,422.7,394.7,671,426.7,230.6,395.4,502.2,535.2,1847.1,771.4,1150.3,1095.9,175.5,NODATA,1071.7,372.7,289.3,664.4,180.3,222.8,92.3,202.9,655,430.9,411.6,228.6,295.1,212.37586571826014,17.77183283580844,1085.7,1390.7,NODATA,1082,NODATA,1123.1,993,989,910.2,555.5,79.6,415.20000000000005,58.099999999999994,120,80.60000000000001,69,2400,17
313,1619,1552,1514,1147,923.5,799.5,606,230.5,195,606,478.49999999999994,72.30000000000001,156.4,553,362,283,285,622,337,388,659,525,105.60000000000001,618,489,140,402,332,1098,NODATA,1077,1062,826,1863.5000000000002,937,103.85,170,224,136.4,332.4,464.5,419.6,707.8,414.4,223.3,388.1,466.9,552.4,1904,833.8,1090.2,1081.8,128.2,NODATA,1048.4,341.4,282.1,631.6,205,208.6,88.9,209.1,646.4,425,445.4,248.5,293,214.0995987725716,16.65855763710699,1020.0999999999999,1370.5,NODATA,1020.5,NODATA,1089.8,973.5,1004.3,891.9,541.8,82,377.79999999999995,59.400000000000006,124,86.5,69.1,2388,18.400000000000002
314,1628,1545,1543,1176,922,835,626,212,218,607,456,71.5,151.8,545,356,281,321.50000000000006,573.5,314,381.50000000000006,662.5,530.5,105,594,400,155,361,312,1126,NODATA,1046,1076,885,1880,976,102.1,168,219,127.4,325.7,428,420.3,656.8,446.1,205.5,417.6,477.1,510.8,1848.8,836.7,1072.2,1098.4,104.2,NODATA,1095.3,370.6,278.1,652.0999999999999,200.3,216.8,92.4,207.1,656.5,420.4,422.7,259.2,281.6,207.50142384463288,21.83898459049371,1040.7,1362.8,NODATA,1040.3,NODATA,1136.9,979.2,983.8,936.5,564.1,65.3,377.89999999999986,64.7,116.19999999999999,76.39999999999999,66.9,NODATA,NODATA
315,1513.5,1440,1434,1072,888.5,778,566.5,190,204,562,447,62.300000000000004,143.6,535,307,283,300,625,306,400,625,511,103,579,455,156,379,321,1125,NODATA,1031,1074,795,1766,925,101.85,163.3,199.89999999999998,135.6,320.3,453.9,373.7,645.9,424.3,197.3,380.1,453.5,490,1773.9,767.9,1040.9,1110.9,140.9,NODATA,1103.9,345.1,262,612.5,189.8,219,87.5,185.6,NODATA,420.4,438.2,246.9,274.1,202.59532988626577,26.259567095705197,978.4,1317.5,NODATA,977.8,NODATA,1050.8,915.4,961.6,837.5,505.9,74,391.10000000000014,57.1,120.5,80.9,64.3,2290,15
316,1454,1366,1379,1034,826,821,579,222,167,534,421,60.9,132.89999999999998,512,293,262,261,552,207,364,573,458,99,560,409,167.00000000000003,363,314,1017.5,NODATA,763.5,949,710,1733,932,74.6,153.4,193,129.8,287.2,362.7,361.2,599.1,410.5,214,359.1,458.8,492,1663.2,717.6,818.3,971.6,181.8,NODATA,988.6,318.4,251.7,579,178.1,207.9,87.7,184.8,602.8,384.5,395.8,230.3,254.8,188.2365184380443,22.473939453271004,964.4000000000001,1234.5,NODATA,962.4,NODATA,1000.5,847,891.9,782.6,502.6,71.5,375.9000000000001,55.199999999999996,110.3,73.1,61.3,2180,16.9
317,1501.5,1450.5,1426.5,1083,879.5,771.5,587,220,182,556,434,62,144.8,504,308,244,300,578,253,363,620,491,99,580,430,142,372,316,1013,NODATA,913,986,787,1743,892,83.35,161.2,199.4,128.5,306.3,399.2,401.8,640.4,396.3,219,383.8,458.3,525,1731,773.7,946.4,1016.9,119.6,NODATA,1004.8,335.8,256,599.7,173.6,208.1,89,186.3,618,389.5,395.3,234.1,273.8,203.07153148476579,16.3487874985393,968.6,1239.9,NODATA,967.2,NODATA,1011.8,897.6,929.3,849,504,69.1,356.20000000000005,48.099999999999994,107.6,75.3,60.7,2225,15.5
318,1562,1484,1478.9999999999998,1032.5,855,829,638,256,208,549,400,62.800000000000004,150.1,556,397,298,334,625,333,464,642,491,107.10000000000001,586,451,160,410,344,1200,NODATA,1227,1178,825,1806,994,117.2,165.3,191.5,124.2,325.8,451.2,415.4,684.1,408.9,244.9,374.7,564.8,554.9,1951.3,876.3,1248.9,1235.4,71.2,NODATA,1226.1,338.8,271,615.3,195.2,216,91.2,201.9,NODATA,430.8,434.5,256.1,275.3,195.77744547292394,18.71301721282078,937.3000000000001,1315.3,NODATA,937.2,NODATA,1055.3,925.7,929.3,866.1,499.4,77.7,451,56.900000000000006,122,87.5,65,2285,17.8
319,1543,1501,1470,1097,883.5,802.5,631,265,207,565.5,454,61.2,135,517,336,303,315,566,340,399,633,539,106,578,463,146,372,328,1163,NODATA,1139,1162,755,1793,960,110.45,169,190.10000000000002,136.9,331.6,436.6,399.9,648.5,400.1,199.3,363.2,453.2,475,1884.3,708.3,1146.5,1164.8,135.1,NODATA,1147.7,333.3,273.4,615.2,204.6,224.9,94.3,176.3,NODATA,433.5,443.3,270,276.8,204.26007500470396,27.111776790075623,1008.5,1341.8,NODATA,1007,NODATA,1100.2,937.5,962.4,873.4,502.8,71.1,386.9000000000001,58.3,96.5,75,64,2335,16.7
320,1644,1587,1554,1146,929,858,651,265,201,589,453,71.3,140.9,508,332,259,309,593,273,389,659,537,101,581,448,142,350,308,1055,NODATA,989,1089,867,1905,990,96.05,161.9,206.5,137.2,340.1,396.7,381.6,695,420.4,210.1,399.9,512.4,569.6,1894.7,797.4,999.7,1100.6,100.7,NODATA,1091.5,349.8,284.8,647.3,207.8,229.4,97,189.7,608.8,419.5,414.4,243.9,284.3,205.03165835861768,21.82897872734362,1071.4,1412.9,NODATA,1070.5,NODATA,1106.8,963.5,999.5,970.7,536.5,85.9,420.20000000000005,48.949999999999996,113.6,83.80000000000001,71.75,2398,18.9
321,1647.5,1537.5,1529.5,1161.5,933.5,854,624.5,240,156,592,481,66.3,136,499,319,251,280,534,238,374,637,504,105,576,425,192,326,303,1026,NODATA,858,986,905.5,1902,994,83.2,150.9,208,112.4,323.4,373.8,385.7,651.8,449,243.7,398.8,515.2,558.5,1764.7,787.2,886.6,1013.1,115.3,NODATA,1002,359.3,283.1,645.7,183.7,216.5,92.7,203.8,588,412.6,383.5,218.9,286.5,211.11637009491864,14.16149950092588,1079.5,1377.6,NODATA,1078.4,NODATA,1117.8,967.2,991.9,964.2,541.3,81.7,384.10000000000014,55.9,131.4,84.7,65,2437,19.6
322,1553.5,1476.0000000000002,1465,1114.5,888.5,816.5,619,254,158,563,445,58.5,134.4,502,324,257,271,563,286,387,620,508,94,564,414,161,321,289,1038,NODATA,946,995,769.0999999999999,1786.5,925,81.9,154.6,191,112.4,307.7,391.3,370,650.1,401.7,193.1,357.9,462.2,552.8,1860.7,894.1,983.1,1054.2,48.2,NODATA,1043.8,325.7,256.3,588.1,176.6,194.5,82.3,185.5,612,378.2,394.6,221.8,261.4,196.9415984999519,24.740394800190654,947.4000000000001,1302.3,NODATA,947.4,NODATA,1026.3,921.7,954.4,899.2,507.4,83.3,360.89999999999986,51.4,113.2,77.4,64.80000000000001,2265,17.1
323,1638.5000000000002,1537,1536.0000000000002,1162.5,927.5,842.5,624.5,236,201,595,455,71,149.1,529,381,294,339,651,318,431,672,538,106,585,469,158,376,333,1203,NODATA,1153,1119,850,1881.4999999999998,984,110.8,168.5,198,130.4,352,435,439.3,654.8,428.5,278.4,408.2,510.3,561.1,1860.4,749.1,1152.3,1143.8,17.6,NODATA,1164.2,350.8,288.9,648.9,192.6,222.4,95.4,215.6,693.1,427.2,415.6,225,288.5,220.04278806043797,18.044845216749312,1040.8999999999999,1327.9,NODATA,1040.8,NODATA,1120.3,983.4,1080.3,1023.3,542.1,71.8,383,63.9,124.60000000000001,83.4,69.80000000000001,2361,18.3
324,1578,1511,1496,1103,893,812,632,259,201,586,454,65.3,160.5,548,391,313,340,645,342,422,645,510,107,593.5,484,155.5,381.5,349,1245.5,NODATA,1190,1161,810,1826,931,120.4,181.9,190.5,119.3,334.8,469.3,407,688.8,430.4,217.7,410.4,509.6,551.6,1925.2,856.4,1206.8,1187.9,105.7,NODATA,1188.1,342.9,295.8,645.1,221.6,232.8,90.8,182.1,NODATA,433.3,478.7,266.3,275.9,197.66493313123976,16.50610783158265,998.6,1326.4,NODATA,997.3,NODATA,1056.7,945,918.3,892.9,520.8,89,396.29999999999995,60,110.5,74.6,65.19999999999999,2332.5,19.3
325,1489,1426,1425,1040,815,778,609,277,203,546,418,66,143,530,335,261,291,626,268,385,589,460,99,564.5,443.49999999999994,142,395,312,1046.5,NODATA,959,1034,794,1735,928,90,161.9,190.79999999999998,121.7,327.7,406.8,389.5,667.3,415.6,181.7,367.9,458,501.9,1834.6,872.2,960.3,1076.5,136.5,NODATA,1071.9,327.3,269.6,605.5,193.3,223.6,94.5,186.6,648.9,394.7,440.7,243.3,269,199.7924199043366,25.002634412267007,954.6,1259.7,NODATA,952.9,NODATA,999,889,898.9,818.1,486.2,74.5,380.70000000000005,53.5,116.7,74.4,68.7,2178,16.9
326,1515.5,1437.5,1439.5,1088.5,879.5,775.5000000000001,555.5,185.49999999999997,183,550,452,58.2,130.5,478,271,260,287,566,256,367,629,537,97,564,428,161,375,312,994,NODATA,923,1006,740,1765,901,85.2,159.7,197.3,125.6,272.1,403.1,384.8,651.5,418,197,363,449.8,516.9,1714.6,772.9,969.3,1022.4,161.4,NODATA,996.3,331.2,270.9,604.5,187.2,203.7,83.1,176.2,635.4,405.5,400.8,235,259,190.3736437692824,23.4582634338743,993.1999999999999,1294.7,NODATA,992,NODATA,1035,915.4,954.5,831.8,496.9,80.1,352.3000000000002,54,99.39999999999999,63,70.5,2275,12.2
327,1597,1523,1531,1140,933,839,620,221,187,596,453,71.39999999999999,145,526.5,360,277,304.5,594,304.25,407,667.5,545,97.5,599,482,165,346,309,1099,NODATA,1081,1060,895,1876,955.5,101.2,164.2,206,134.8,357.9,414.5,404.2,692.3,448,214.8,342.1,475.6,559,1877.6,774.3,1099.6,1110.3,132.5,NODATA,1079.6,358.9,276.5,640,182.2,198.4,83.8,186.2,657,408.9,389.2,223.3,272.1,204.35067549239835,21.820241294880923,1011.9,1350.9,NODATA,1011.2,NODATA,1069.2,964.3,991.1,879.4,532.5,74.9,392.5999999999999,53.3,113,75.5,63.099999999999994,2385,18.700000000000003
328,1586,1506,1498,1128.5,915,799,602,224,175,594,454,63.6,142.3,480,311,245,289,543,271,371,638,511,100.60000000000001,593,419,145,336,298,1004,NODATA,929,994,765,1830,933,84.45,159.5,208.5,118.5,304.3,366.2,362.2,623.3,414.9,231.7,344,487.2,533.1,1750.2,776.6,935.6,1019,148.5,NODATA,1012.8,333.1,271.2,611.2,177.3,203.1,87.3,208.2,602.5,416.8,415.6,233.2,273.4,206.3305793419181,25.11011461927054,1040.7,1328.5,NODATA,1039.4,NODATA,1075.7,951.3,991.4,892.2,527.6,73.8,382.20000000000005,54.400000000000006,125,83.6,62,2335,17
329,1440.5,1375.5,1365.5,1031,845,730,523,180,158,542,428,60.7,131.4,483,290,253.5,277,551,266,336,597,484,93,562.5,447,138,354,302,1020,NODATA,889,927,735,1699,864,71.85,157.2,193,122.9,311.7,425.9,365.8,610,369,190.5,347,436.4,472.7,1703.9,781.9,869.8,947.5,60.6,NODATA,946.4,317.2,259.8,587.2,180.9,220.3,90.4,183.7,544.4,371.4,376.7,210.8,253.8,186.23881193301278,24.735867545655232,933.5,1239.4,NODATA,933.5,NODATA,1001.1,899.3,899.8,872.9,504.8,83.9,354.5,53.7,112.2,75.5,66.9,2120,17.5
330,1649,1607,1577,1175,979,833,659,268,201,626,484,68,145.1,491,302,230,283,507,238,370,663,537,102.5,565.5,470.5,151,313.5,290.5,945,NODATA,890,1017,1012,1915,971,85.05,156.6,193,130.4,315.1,409.6,395.6,646.4,435.3,181.9,378.8,489.1,519.3,1830.8,845.5,907.6,1031.7,156.5,NODATA,1067.3,352.5,292.3,647.2,182.9,216.8,91.7,210.9,637.7,409.7,365.5,226.5,294.7,210.54351654579295,21.268204684722082,1132.8,1406.4,NODATA,1131.6,NODATA,1164.2,1008,1032.2,976.3,591.3,85.3,409,54.1,132.79999999999998,92.69999999999999,63.8,2517,16
331,1604,1496,1493.5,1162.5,961.5,803,566,174,192,603,462,68,146.7,512,320,250,312,561,260,370,657,521,104.39999999999999,581,458,157,366,301,1054,NODATA,947,1035,867.5,1851,938,86.45,158.1,207,119.2,338.9,406,405,659.1,434.1,249.3,368.8,465.8,533.4,1698.1,761.2,971.7,1050.2,88.5,NODATA,1050.6,353.7,291.5,652.1,175.1,216.6,92.1,200,598.5,410,404.8,230.6,288.4,207.5729546659351,18.59074118811987,1049.9,1350.1,NODATA,1049.6,NODATA,1104.9,961.6,NODATA,961.4,552.9,81.8,368.4000000000001,55,131,88,62.1,2375,12.5
332,1611.0000000000002,1556.0000000000002,1523,1143.5,946.5,835,643,245.5,203,617.5,465,68.2,145.5,530.5,364,299.5,315,570,312.5,445,664.5,534.5,110.39999999999999,602,450,157,387,316.5,1152,NODATA,1103,1141,879,1850,961.5,104.6,163.8,211,140.7,325.5,415.6,449.2,712.2,419.6,225.4,359.2,465.1,535.2,1884.8,764.5,1108.1,1165.3,98,NODATA,1164.5,373.2,302.1,687.1,195.7,227.8,96.2,208.1,712.2,434.7,421.9,251.2,300.6,225.10830958565475,14.036243467926495,1044.5,1335.6,NODATA,1040.7,NODATA,1091.1,980.7,981.5,946.5,549.3,78.7,394.3000000000002,51.5,128.3,87.8,71.5,2435,NODATA
333,1511.4999999999998,1430,1431.5,1103.5,891,779.5,582.5,205.5,174,566,439,69,150.1,475,305,235,242,567,287,387,606,484,99.80000000000001,571,412,148,320,299,963,NODATA,1014,989,785.5,1745,911,82.95,166.2,192,116.7,316.2,393.3,360.2,601.3,396.5,213.7,341.5,437.5,505.2,1743.9,795.1,1035.9,1036.7,116.9,NODATA,1037.1,341.7,249.4,594.8,180.2,205.1,86.3,195.2,624.4,399.8,383,227.5,269,191.05697663704424,23.14311436956579,993.9,1276.7,NODATA,991.2,NODATA,1040.6,915.9,930.5,877,514.2,89.6,338.89999999999986,53.4,120.60000000000001,84.3,62.5,2171,19.6
334,1554,1463,1453,1123,898,882,616,234,199,585,437,68,151.5,497,305,289,292,557,254,373,639,517,107.30000000000001,576,426,144,394,340,1055,NODATA,917,1006.5,870,1824,943,88.6,169.4,201.8,134.6,329.1,408.6,375.5,654,391.1,233.5,394.6,463.5,561.1,1741.4,750.4,948.8,1037.7,89,NODATA,1034.6,360.8,276.1,645.8,176.4,212.1,89.3,190.8,631.2,400.4,391.3,229.3,283.7,205.66248332684162,24.15343176752038,994.5,1295.4,NODATA,992.9,NODATA,1030.3,946.9,965,905.5,530.9,72.6,340,65.1,116.1,70.4,66.9,2297,20.4
335,1582,1483,1492,1116,891,850,623,253,183,566,438,62.300000000000004,146.4,516,322,271,327,623,270,419,636,524,97,588,445,155,365,314,1105,NODATA,1024,1104,847,1840,974,96.85,167.4,204.1,134.2,332.6,406.2,414.7,666.1,413,224.3,381.7,495.8,551.1,1829.3,771.1,1061,1087.2,130.4,NODATA,1134.4,336.7,264.6,606.8,172,205.4,87.3,193.2,663.9,409.3,383.8,231.6,275.4,205.45225817680068,16.983829544194645,1019.6,1301.4,NODATA,1016.1,NODATA,1062.7,917,954.5,889.2,517.5,75.7,397.4000000000001,45.35,117.65,77.9,64.95,2299,15.9
336,1395,1334,1300,993,773,763,587,246,156.5,509.5,393.5,64.2,147.25,445,323,240,257,531,265,355,554,442,96.7,579,393,136,298,275,977,NODATA,867,933,710,1643,887,67.35,174.2,198.5,126.4,299.7,373.5,359.3,565.4,355,212.9,318.9,425.5,458.3,1623.7,658.6,908.1,958.5,103.3,NODATA,934.4,302.2,267.3,579.3,175.1,199.7,85.5,180.6,570.4,364.4,359.8,209.6,261.7,189.8315707585831,15.567531183789834,841.6999999999999,1163.1,NODATA,840.9,NODATA,968.6,812.1,836.3,738.4,458.3,73.9,318.9,53.9,103.80000000000001,62.9,66.2,2070,17.5
337,1579,1523,1494,1143,898,832,618,237,197,588,439,76.5,143.9,566,380,283,313.5,619,302,424.5,668.5,523,105,598,511,165,416,332,1178,NODATA,1109,1162,858,1835,962.5,111.95,165.9,210.3,130.1,335.1,457.7,440.9,727.8,484.5,222.7,419.8,433.4,553.1,1901.7,856.9,1127.1,1160.7,68.6,NODATA,1183.8,344.8,281,630,198.4,208,90.6,186.3,729.9,451,446.5,257.8,279.8,212.2852001338122,19.580348139182586,990.2,1328.6,NODATA,989.6,NODATA,1048.2,954.3,961.9,921.6,512.1,75.9,350.5,53.4,101.5,71.3,61.4,2338,18.9
338,1561,1479,1465,1102,887.5,856,623.5,251,185,576,434.5,63.2,137.10000000000002,502,338,236,296,582,271,388,609,477,106.1,578,457,145,370,322,1052,NODATA,977,1033,845,1815.5,954,93.2,157.2,203,125.1,303.1,397.6,403.5,641.7,399.1,224.2,379.9,481.9,539.1,1771,798,980.9,1044.3,78,NODATA,1040.9,329,274.5,614.7,189.4,216.4,91.3,190.2,661.8,407.7,423.6,265.7,272.8,198.32957953018905,22.654159419023113,1008.1,1286.9,NODATA,1007.7,NODATA,1054.1,935.5,950.6,930.1,515.6,79.7,359.60000000000014,56.900000000000006,122.2,79.80000000000001,59.3,2275,18.400000000000002
339,1535,1454,1455,1096,886,807,610,248,173,558.5,435,63.2,134.45,467,318.5,241.5,246,524,233,377,621,501,105.8,572,406,155,321,287,981,NODATA,903,994,747.5,1786,937,77.8,155.9,207.3,129.4,294.8,396,366.6,638.7,398.1,217.8,345.3,469,530.1,1735.8,749.1,942.1,1015.4,68.7,NODATA,1025.4,332.8,267.9,608.5999999999999,189.1,213,89.5,198.8,602.5,384.6,378.5,219.6,256.4,188.62573012279182,24.26185591633087,985,1313.3,NODATA,984.5,NODATA,1049.7,931,987,916.3,514.7,76.9,379.29999999999995,57.5,108.5,68.4,68.89999999999999,2255,20.7
340,1442,1375,1364,1009,NODATA,758,574,229.5,174.5,527,412,64,135.85000000000002,452.5,274,250,266,521,231,349,575,466,102,546,384,122,349,293,976,NODATA,835,943,755,1670.5,849,69.7,157.5,191.8,115,286.4,372,354.6,603.5,363.1,200.1,338.2,453.5,496.2,1671.1,782.4,884.8,987.4,156.5,NODATA,955.2,312,255.3,577.9000000000001,168.8,191.6,82.4,179,591.6,364.7,368.3,213.1,252.3,186.20834079554265,23.652965946497087,919.3,1217.6,NODATA,918.2,NODATA,976.2,848.8,864.1,762.8,462.8,71.1,372.30000000000007,48.2,111.19999999999999,79,61.4,2110,17.1
341,1608,1540,1535,1166,951,834,628,226,176,600,473.49999999999994,58.849999999999994,127.85,515.5,286,259,283,609,227,336,644,514,101.5,559,432,150,381,323,1034,NODATA,774,941,825,1881.4999999999998,962,80.4,156,202.89999999999998,124.3,315.3,384.5,387.1,664.4,422,218.3,380.1,463.6,516.7,1794.1,827.9,827.7,974.8,167.1,NODATA,969.6,345.5,292,647.4,189.8,210.6,87.4,200,560,389.3,378,225,296.8,220.04617772241426,15.802513953935529,1079.5,1367.8,NODATA,1078.7,NODATA,1102.8,954.4,1004.3,912.4,543.8,86.1,397.79999999999995,55.5,122.10000000000001,77.2,58.5,2410,18.3
342,1529,1455,1443,1093,866,791,576,199,193,584,432,71.3,140.8,519.5,315,290,274,553,309,402,671,534,107,574,458,141,383,326,1089,NODATA,1008,1114,885,1784,925,99.6,158.5,202.89999999999998,135.1,317.7,422,384.2,645.8,426.1,219,369.1,470.4,542.5,1811.3,790.8,1056.5,1161,140.4,NODATA,1129.8,335.3,255.4,596.7,176.7,199.8,84.5,186.1,NODATA,445.1,418.5,243.9,289.2,210.65108745110325,18.228318880713864,968.4,1282.3,NODATA,966.3,NODATA,1030.4,913.8,939.6,828,517.8,84.1,358.6999999999998,45.8,109.1,80.8,67.1,2277,17.8
343,1463,1394,1393,1008,823,777,589,267,188,532,404,57.300000000000004,138.8,452,328,263,271,573,297,374,599,468,100.8,577,413,122,352,287,1029,NODATA,968,1006,705,1726,930,81.65,155.9,207.15,105.7,292.9,393.7,362.9,644.8,384.1,223.5,344.9,490.6,552.6,1723.9,782,991.9,1040.5,95.9,NODATA,1040.4,280,250.7,530.5999999999999,185.6,205.7,86.2,174.2,619.7,386.1,396.4,230.4,251.5,182.98526033188494,19.11972632993115,929.6,1235,NODATA,928.4,NODATA,955.8,865.8,873.5,833.7,479.8,86.1,404.19999999999993,49.1,103.14999999999999,73.5,62.2,2132.5,16.7
344,1589,1497,1491,1099,870,791,592,219,174,559,416,66,141.9,532,339,247,316.5,615,237.99999999999997,394.00000000000006,654.4999999999999,512,111.35,585,445,156,382,314,1081,NODATA,932,1033,905,1864,981,90.4,163.5,210.9,117.3,310.2,388.2,383.9,686.1,403.6,233.2,397.9,510.9,575.6,1858.7,840.8,965.4,1058.3,101.7,NODATA,1057,361.1,268.1,637.5,178.2,222.5,93.2,187.9,NODATA,416.9,389,226.2,267.4,203.0524521542642,23.129244571001173,1034.4,1356.7,NODATA,1033.9,NODATA,1062.9,933.2,957.8,932.7,529.9,72.4,410.0999999999999,51.6,120.1,86.1,59.699999999999996,2355,17.4
345,1453,1377,1369,1023,815,757,561,206,186,528,405,65,140.8,508,350,287,301,572,310,375,605,479,102,560,465,142.5,353,294,1113.5,NODATA,1014.4999999999999,1028,792.5,1680,882,89.15,157.6,195.7,111.9,297.7,436.3,399.1,616.1,412.1,216.7,369.3,444.7,473,1702.8,742.9,1026.7,1059.2,112.3,NODATA,1047.6,333.3,270.7,613.4,184,208.7,86.8,182.2,NODATA,394.6,413.4,221.7,252,182.84250553914018,23.64737334217707,920.4,1210.3,NODATA,920.3,NODATA,1005.9,872.3,841.3,808.1,468.3,74.7,355.0999999999999,56.120000000000005,111,73.1,60.5,2170,17.6
346,1501.4999999999998,1417.5,1425,1065,857.5,776,576,225,193,560,407,56.5,154.3,552,391,337,353,621,366,446,631,499,115,601,461,159,377,301,1267,NODATA,1208,1172,777,1752,934,109.6,169.3,208,133.6,350.6,449.7,410.5,646.7,438.5,245.6,404.6,459.3,516.8,1861.1,833.1,1224.1,1206,138.7,NODATA,1201.7,299.4,262.5,565.7,190.9,214.9,88.8,208.3,679.2,439.2,419.9,254.9,291.4,210.96535828722227,9.214679909396366,993,1244.4,NODATA,986.6,NODATA,1018.3,894.4,952.5,854.3,503.7,64.7,360.8000000000002,61.6,127.4,81.89999999999999,75.1,2215,19.4
347,1486,1389,1421,1062,824,832,583,276,193,544,411,61,147.7,479,316,241,264,547,248,367,588,469,101,587,438.49999999999994,156.5,347,304.5,988.5,NODATA,879.5,1000,750,1771,958,79.65,164.5,198,122.6,331.9,403.3,371.1,630.9,401.8,218.5,336.3,440.3,513.5,1782.2,763.5,878.7,1024.8,152.3,NODATA,1016.1,328,261.1,592.5,179.5,215.8,91.4,182.1,599.5,381.8,376,223.4,267.8,203.09337971320147,23.57041631127126,957.0999999999999,1256.9,NODATA,956.1,NODATA,1001.5,879.1,948.3,804.8,478.2,66.9,369.20000000000005,54.800000000000004,115.7,80.39999999999999,68.1,2185,18.400000000000002
348,1469.5,1405.5,1375,1045,845.75,765,564.75,202,160.5,530,410,62.300000000000004,137.4,477,320,239,279,507,214,351,600.5,477.5,95.5,562,448,131,345.5,299,993,NODATA,850,981.5,790,1726,902,72.95,158.4,191,126.6,310.5,413.9,373.1,662.4,378,216.4,347.2,433.7,522.7,1706.5,807.1,854.8,986.8,131.3,NODATA,981.9,342.8,260.9,611,170.1,218.1,89.7,191.3,576.3,379.3,363.5,223.5,271.2,196.74218955793276,16.492709131578906,946.5,1248.7,NODATA,945.4,NODATA,968.8,851.6,915.9,815.2,477.1,61.6,360.5999999999999,48.7,107.8,78.1,68.60000000000001,2195,16
349,1558.5000000000002,1485,1464,1102,877,826,625,234,187,569,435,68.1,151.2,543,325,261,290,565,256,408,641,508,108.2,586,465,140,404,333,1065,NODATA,935,1092,769.5,1802,927,91.2,167.7,204,139.6,344.1,433.9,382.2,632.3,414.4,220.2,370,460.8,496.4,1794.6,822,962.7,1110.8,128.4,NODATA,1106.5,343.5,260.1,618.5,184.2,223.1,92,193.4,646,405,412.9,247.8,261.3,190.86891182956063,25.098130307158595,1005.3,1320.2,NODATA,1004.3,NODATA,1078.4,920.2,951,876.9,497.6,73.7,378.8000000000002,60.599999999999994,112.69999999999999,77.9,64.4,2267,14.299999999999999
350,1486,1395,1385,1037,850,747,570,218,178,538,426.50000000000006,65,146.75,472,320,240.5,285,539,269,373,605,477,97.69999999999999,575,432,158,326,294,969,NODATA,952,967,765,1715.5,890,76.8,161.5,200,128.8,308.5,407.5,362.2,612.2,394.2,231.4,342.1,468.1,521.1,1707,802.9,977.3,1010.3,144,NODATA,973,319.1,270.8,596.3,178.6,200.9,85.3,181.4,617.6,374.8,370,217.6,255.5,186.4155486316448,21.8823356747872,920.8,1234.6,NODATA,920.2,NODATA,990.2,880.4,889.8,776.8,487.6,69.8,362.20000000000005,50.599999999999994,99.80000000000001,71.10000000000001,65,2170,18.400000000000002
351,1525,1424,1429,1070,869,800,562,203,177,563,435,69.7,144.1,477,304,213,316,516,251,402,622,509,103.9,594,418.49999999999994,149.5,334,299,928.5,NODATA,914,1033,755,1791,946,81.1,164.4,212.39999999999998,114.8,310,384.8,368.7,618.5,406.7,223.1,348.3,469.5,520.3,1719.9,736.8,947.6,1074.1,122.4,NODATA,1077.1,312.6,281.1,602.6,186.1,207.9,87.1,184.3,633.7,411.5,407.7,236,273.9,198.35860989738458,23.585548494981044,988.4,1276.2,NODATA,985.2,NODATA,1031.9,894.7,938.9,866,509.3,79.6,381.4000000000001,53.5,118.2,71.39999999999999,60.9,2235,16.599999999999998
352,1578,1469,1483,1059,874,851,625,251,200,560,441,68,144.3,533,374,305,282,641,281,409,607,493,111,616,485,182,386,322,1161,NODATA,1029,1127,805,1827,977,104.1,165.4,216.5,134.1,NODATA,469.8,415.9,692.5,433.8,270.1,399.7,546.7,597.3,1876.8,868.4,1064.9,1142.5,118.9,NODATA,1133.1,340.5,262.4,610.7,206.9,224.4,95.1,189.7,NODATA,429.3,413.9,256.3,264.6,194.12514155887732,20.17685962711135,966.5,1276.1,NODATA,966.1,NODATA,1010.3,894.1,920.2,847.6,500.7,69.4,418.39999999999986,55.05,108.3,76,69.05,2310.5,16.7
353,1491,1409,1425,1079,879,762,539,154,155,544,438,67.5,133.5,455,273,261,283,495,237,349,605,499,96,566,388,151,288,256,957,NODATA,821,905,775,1748,893,62.1,157.1,196.5,113.8,294.6,368.7,334.4,608.2,394.1,209.6,337.9,427.2,490.2,1563.4,787.7,851.5,927.5,99.7,NODATA,927.5,341.7,270.1,616.5,166,208.3,87.4,192.7,532.6,350.5,316.2,203.1,269.1,206.88033761087468,18.99916834125696,984.6,1292.1,NODATA,984,NODATA,1026.7,893.1,947.3,884.9,507.5,67.9,350.3000000000002,52.9,111.19999999999999,81.75,64.39999999999999,2232.5,15.9
354,1535,1466,1449,1119,869,777,581,210,176,578,448,61.4,141.2,488,299,226,303,539,258,357,628,506,99,577,446,145,329,281,974,NODATA,934,973,825,1780,901,77.85,162.9,205.2,130.3,296.2,393.1,351.7,658.4,422.7,197.1,357.1,436.3,554.7,1716.6,774.8,945.5,996.9,59.9,NODATA,990.1,327.3,256.7,586.8,180.2,207.9,87.7,206.6,582.1,399.3,374.1,236.7,275.4,196.018494440405,17.24145939893998,990.1999999999999,1314.7,NODATA,989.7,NODATA,1011.4,933.1,911.1,930.3,518.2,81.9,354.5999999999999,49,122.6,85.19999999999999,57.400000000000006,2265,16.8
355,1491,1405,1401,1021,840,786,586,217,164,517,406,65.7,143,498,307,240,270,511,239,365,597,477,98,557,418,138,352,302,968,NODATA,899,960,758,1723,920,72.65,157.5,195.3,118.9,294.8,385.2,352.8,619.5,388.9,219.7,333.5,492.8,522.2,1704.3,723.9,919,987.9,121,NODATA,987.7,335,253.7,598.2,177.7,206.2,85.8,179.3,580.5,386.5,384.5,210.1,248.2,191.43160128568564,25.75839879024925,964.1,1257.1,NODATA,963.3,NODATA,995.7,878.4,872.1,843.1,466.6,66.1,402.29999999999995,52.25,104.7,75.5,71.55,2163.5,17.6
356,1588,1520,1499,1145,923,807,612,233,179,591.5,469,60.95,147.45000000000002,496.50000000000006,300,231.5,283,565,267,370,635,490,105,570,409,150,330,299,973,NODATA,913,970,845,1823,923,82.85,158.7,201.4,129.7,321.1,417.5,360.6,621.5,402.9,211.5,355.9,470.8,538,1775.9,755.4,940.4,1023.7,115.7,NODATA,1006,365.4,278.9,651.4,187.4,210.5,89.9,208.9,602.4,418.3,412.1,235.7,284.4,205.79351419463683,20.94325602800781,1010.3000000000001,1347.1,NODATA,1009.6,NODATA,1088.5,986.6,984.5,894.6,537.7,82.5,355.20000000000005,56.900000000000006,122.6,85.3,64.1,2319,17.9
357,1484,1411,1401,1054,853,776,581,202,174,547,439,59.2,138.5,495,313,226,269,504,229,334,603,483,99,564,424,160,340,288,972,NODATA,799,921,735,1749,916,70.4,158.8,199.75,136.2,299.4,393.9,346.1,601.1,410.6,209.8,363.7,463,506.1,1677,746.2,806.9,932,155.1,NODATA,934.9,341.1,253.9,602.5999999999999,164.3,198.7,84.8,187,539.1,351.4,370.4,211.6,260.6,192.39264586217013,20.03815978102518,986.8000000000001,1257.6,NODATA,985.7,NODATA,1010.7,885.4,921.7,831.7,502.5,72.4,358.70000000000005,53.14999999999999,120.45,81.30000000000001,59.65,2226.5,17
358,1486,1413,1412,1080,863,798,585,198,176,548,422,60.599999999999994,145.2,490,307,256,288,532,236,353,609,489,105,586.5,436.50000000000006,157.5,351,298.5,1015,NODATA,866.5,943.5,760,1756,916,79.6,160.8,205,132.4,322.2,399,362.8,655.7,413.1,221.8,350.9,437.8,538.7,1669.4,741,890.7,981.5,118,NODATA,973.3,325.2,261.1,593.5,188.9,224.9,93,193.2,589.2,396,414.5,230.5,252.7,184.63441151925764,24.175555461873913,955.7,1264.8,NODATA,954.5,NODATA,980.2,898,927.7,837.7,497.3,76.5,352.20000000000005,56.2,113.3,70.7,63.2,2225,18.799999999999997
359,1549,1477,1453.5000000000002,1094.5,849.4999999999999,774.4999999999999,610,236,181,583,466,64.9,142.7,485,339,258,333,592,283,396,632,530,99.39999999999999,579,430,148,406,328,1111,NODATA,1037,1091,855,1806,947,98.1,164.9,198,130.6,307.7,408.8,392.2,622.3,423.5,235.8,398.8,500.9,545.6,1881,786.9,1068.8,1111.5,133.7,NODATA,1094.6,356,269.1,634.1,201.5,235.5,97.1,196,669.1,445.9,415,237.5,281.7,207.43370740143536,24.577126800677846,1003.5999999999999,1272.8,NODATA,999.1,NODATA,1054.2,918.2,929.3,869.9,525.9,85.1,362.39999999999986,53,126.8,73.4,63.5,2295,18.2
360,1489,1420,1405,1067,841,808,589,241,167,538,412,61.4,134.2,464,278,232,266.5,516.5,204,369,591,478.5,99,561,414,137,329,275,948,NODATA,790,952,775,1750,918.5000000000002,72.6,163.5,201.4,123.2,295.8,386.8,347.6,590.9,394.2,200,331.8,444,492.9,1698.7,740.1,824.7,945.3,173.6,NODATA,962.4,307.7,251.8,566.4,175.7,179.8,78.8,194.4,597.8,365.3,397.9,242.5,259.7,195.4394264965716,22.406946364702197,976.2,1263.3,NODATA,974.9,NODATA,1025.5,885.8,893.3,802.6,483.1,61.7,348.10000000000014,52.699999999999996,115.60000000000001,83,59,2195,17
361,1561,1488,1489,1126,885,851,620,251,207,574.5,438,63.7,154.70000000000002,574,386,307,332.5,678,350,448,646,517,113.80000000000001,588,452,163,410,342,1272,NODATA,1128,1125,807,1830,967,115.55,165.2,204,132,331,424.3,392,665.2,446.2,215.6,386.2,462.6,523.9,1924.6,802.9,1128.2,1173.2,81.2,NODATA,1174.5,324.7,270,607,199.1,223.9,95.8,194.5,720.7,428.9,467,253.8,283.2,212.3473893212873,24.808062867169788,993.9000000000001,1351.7,NODATA,992.6,NODATA,1082.5,950.1,976.1,912.7,507.2,83.7,371,53.8,110.1,74.2,70.19999999999999,2301,20.4
362,1542,1457,1467,1111,913,805,588,204,176,568,465,71.5,138.2,511,316,254,283.5,556.5,231,329.5,618,505.99999999999994,96.85,559,429,172,353,304,1028,NODATA,790,899,775,1807,923.5,72.85,156.5,197,121.7,305.4,382.1,367.3,626.9,440.3,234.7,369.8,447.9,487.4,1756.4,806.1,808.8,920.4,143.1,NODATA,917.3,359.1,269.3,640.4000000000001,179.2,220.5,93.8,205.7,536.7,365,336.7,210.2,278.9,205.84145080559767,22.72749621688933,1030.3,1328.8,NODATA,1029.1,NODATA,1084.7,937.4,957.4,887.2,523.1,70.4,379.9000000000001,51.5,116,85.8,62.300000000000004,2305,18
363,1605,1518,1515,1150,925,834,597,225,180,594,455,62.5,141.7,509,345,254,304,567,268,407,632,500,110.39999999999999,579.5,447.5,162.00000000000003,361.50000000000006,324.5,1031,NODATA,1007,1059,895,1859,946,95.15,161.2,198.4,127.8,320.6,434.8,404,683.4,435.8,201.6,376.8,464.9,540.9,1807.8,822.8,1026.2,1076.4,74.8,NODATA,1081,343.6,281.6,634.7,176.7,217.7,92,211,655.4,396.4,420.8,234.4,270.9,194.55473677114003,26.900803366847605,1025.5,1361,NODATA,1024.7,NODATA,1091.3,975.6,1012.3,950.7,536.2,80.5,388,57.699999999999996,139.2,96.1,69.2,2415,17.4
364,1476,1393,1404,1017,823,825,597,223,178,531,406,65.8,147.5,473,275,247,284,503,221,365.5,590.5,458.5,100.5,568.5,394.00000000000006,154,345,303,946,NODATA,827,961,805,1745,942,75.8,163.4,199.8,121.5,281,373.7,366.1,658.1,380.4,232.6,323.9,484.3,560,1707.1,743.4,876.9,1002.7,126.6,NODATA,1014.4,345,260.1,609.3,172.7,210.9,86.8,195.5,609.6,391,411.5,236.2,272.8,200.3800488888582,20.26724579629542,923.9,1236.2,NODATA,922,NODATA,955.9,855.7,901.3,797.3,493.9,72.6,405.89999999999986,56.3,128,80.19999999999999,66.39999999999999,2210,19.4
365,1516,1438,1424,1075,865,794,602,240,172,536,412,62.800000000000004,141.9,507,379,260,305,576,287,410,623,512,104.7,588.5,445,140.5,327,281.5,1041,NODATA,1002,1077.5,785,1770,932,86.45,160.2,203.79999999999998,121.2,326.2,423.7,402.8,665.7,389.4,195.8,395.8,465,554.4,1788,824.3,1057.8,1093.5,56.3,NODATA,1093.1,315.7,277.1,599.3,178.8,204.9,86.2,186.3,607.5,384.7,377.2,227.6,261.1,185.75931475058314,20.184944902837497,951,1248.2,NODATA,948.7,NODATA,999.4,912.9,903.2,894.7,482.8,75.8,362.79999999999995,51.6,108.10000000000001,77.2,68.4,2240,14.5
366,1554.5,1458,1454.5,1067.5,892,820,595.5,225,184.5,569,441,64.7,140,474,316,245,285,517,265,402,626,513,102,616,441,157,330,287,976,NODATA,1007,1083,802.5,1789,920,90.6,160.6,216.5,133.1,324,407.8,369.1,570.7,398.5,207,333.7,501.4,478.3,1771.8,756.9,986.4,1074.3,200.2,NODATA,1068.6,333.3,266.9,605.7,185.1,216.6,93,201.4,666.2,405.2,421.1,243.6,279.6,209.5608169292676,18.489935158740717,1029.9,1294.3,NODATA,1027.7,NODATA,1095.7,908.2,929.7,829.7,516.3,75.5,394.70000000000005,59,121,85,70.5,2265,17
367,1613,1515,1503,1143,924,822,614,235,190,589,456,68.4,141,507,323,283,290,569,256,400,635,506,103,574,442,161,365,323,1093,NODATA,955,1001,948,1844,940,90.15,160.8,201.34999999999997,145.3,327,408,391.6,671.1,427.7,243.2,357.9,491.9,554,1769.8,756.7,986.7,1049.9,107.4,NODATA,1051.8,335.1,284.9,625.7,186.8,231.6,96.2,182.9,637.5,400.3,384.9,236.3,282.1,205.51924155793824,21.241454398719426,1036.8,1352.2,NODATA,1036.1,NODATA,1086,963.8,961.9,929.4,535.9,81,364.5,54.25,125.1,83.9,69.60000000000001,2322,19.65
368,1622,1554,1536,1136,971,843,631,236,190,594,481,63,136.6,503.5,325,259,314,590,229,356,646,526,96,577,435,180,345,289,1035,NODATA,893,923,813,1886,962,80.45,161.8,201,126.7,311.6,385.6,389,665.7,441,218.5,378.9,518.1,544.1,1773.1,749.8,928.2,967.7,80.1,NODATA,964.1,354.9,295.3,660.9,182.8,222.7,92.1,192.4,560.1,386.1,356.6,220.9,282.5,208.89209185121086,17.89148690274456,1070.5,1378.8,NODATA,1069.7,NODATA,1109.4,1004.7,979.3,990.4,560.4,79.4,411.89999999999986,47.599999999999994,103.10000000000001,66.6,65.6,2371,18
369,1625,1568,1559,1196,970,853,623,189,186,614,482,65,143.4,501,325,262,332,566,265,377,667,535,104,581.5,452.5,150,335,320,1081.5,NODATA,996,1022.5,938.5,1907,975,93.8,167,192.10000000000002,135.3,336.3,424.9,407.1,720.2,417.8,209.2,389.7,463.1,580.2,1854,824,1009,1052,109.4,NODATA,1082,383,306.3,695.9000000000001,183.4,222.9,95.2,216.2,642.6,389.5,408.4,235.1,302.9,220.88734319540293,17.968023276868433,1052.8,1379.3,NODATA,1051.2,NODATA,1079.9,954.4,1030.2,943.4,565.5,65.1,365.5999999999999,52.800000000000004,136.1,88.80000000000001,71,2485,18
370,1537,1469,1471,1083,888,819,588,233,193,552,444,69.6,139.60000000000002,443,263,216,269,472,197,321,596,482,91,572,421,137,322,272,850,NODATA,703,872,828,1819,938,62,171.1,192.3,122.6,348.8,397.2,369.6,605.6,395.2,182.4,298.6,472,490.3,1651.3,663.5,755.3,887.3,112.1,NODATA,902.7,327,260.6,589.3,176.8,204.3,86.4,176.6,513.5,367.2,343.6,202.8,262.3,191.6210890470099,20.416584976396063,1012.4,1307.1,NODATA,1011.6,NODATA,1072.6,932.9,945.4,900.3,517.6,72,391.3000000000002,43.5,102.89999999999999,73.3,62.9,2212.5,17.9
371,1593,1518,1500,1132,903,818,622,244,181,570.5,431.5,63.4,138,503.5,359,276.5,298,581,339,401,640,526,92.4,575,442,145,357,300,1135,NODATA,1067,1089,775,1846,963,97.6,156.6,199,110.8,337.2,407.3,421.4,750.2,399.1,244.7,391,486.2,618.7,1854.1,811.7,1046.4,1106.8,78.3,NODATA,1092.8,348.5,268.8,627.7,179.7,209,84.8,196.1,NODATA,417,403,239.9,281,204.83155201286868,24.484897877286993,1005.0999999999999,1316.2,NODATA,970.5,NODATA,1004.2,951.5,961.1,926.8,518.3,78.6,391.29999999999995,52,115.39999999999999,86.6,64.4,2295,15.8
372,1454.5,1402,1387.5,1005,783,846,639,285,186,501,378,67,148.4,522,330,261,261,549,274,385,582,497,102.4,572,446,145,378,302,1021,NODATA,993,1040,730,1715,970,84.7,157.6,206,120.4,320.4,419.8,368.9,631.8,383.9,224.7,362.2,472,501.2,1838.3,806,1001.3,1088,139.6,NODATA,1086.5,327.3,242.4,582.7,181.9,206.3,85.9,180.3,NODATA,372.1,379.9,217.9,255.5,181.85316872831098,25.935826298541652,922,1229.6,NODATA,919.8,NODATA,974.3,838.8,867.3,782.4,459.7,55.8,389.20000000000005,58.9,106,79.4,64.5,2170,18.700000000000003
373,1572.5,1497,1482.5,1099.5,918.5,814.5,603.5,204.5,191,590,449,67.8,146.3,506,361,259,309,602,286,394,639,509,108.2,564,449,142,336,303,1055,NODATA,973,1044,795,1815,926,89.75,155.1,196,125.6,317.4,420.2,386.4,688.2,386.7,207.3,371.1,471.4,555.1,1747.7,804.4,997.1,1071.8,74.7,NODATA,1082.1,362.4,271.6,643.5,188.5,224.1,94,203.3,640,410.7,404.2,239.3,285.3,205.670651893129,20.394876082048402,999.3000000000001,1335.1,NODATA,997.7,NODATA,1041.1,947.5,989,924.6,534.1,88.6,403.20000000000005,54.800000000000004,117.89999999999999,81.5,69.5,2349,18.2
374,1566,1499,1481,1100,912,804,623,239,202.8,571.5,439.5,64.5,142.6,547.5,335,286,290,626,265,425,642,511,96,569,458,153,374,315,1123,NODATA,1004,1105,908,1816,940,103.65,163.7,195,123.9,NODATA,421.6,412.2,689.6,425.2,214.3,405,484.6,551.4,1924.9,837.7,1064.3,1157,107.7,NODATA,1158.4,337.4,288,636,200.3,225.7,95,185.7,718.6,446.7,415.8,257.2,278.6,208.59859946822382,19.55764020595263,982.8000000000001,1313.4,NODATA,980.8,NODATA,1045.4,935.9,942.1,875.1,516.1,78.4,403.39999999999986,53.9,122.30000000000001,82.30000000000001,63.9,2325,18.799999999999997
375,1522,1438,1454,1089,884,822,609,252,184,551.5,427,60.150000000000006,143.75,473,304.5,267,272,577,247,374,623,515,99,554,410,174,351,314.5,1016,NODATA,857,1009,760,1780,944.5,83.25,162.8,187.8,131.1,308,389.2,350.2,643.8,411.9,203.7,350.1,466.9,528.3,1771.3,790,904.7,1042.6,148.1,NODATA,1041.8,311.5,255.6,574.1,172.5,211.5,87.8,179.1,628.5,386.5,399,227.8,263.8,202.45946909806202,20.966431835776064,976.2,1314.8,NODATA,974.5,NODATA,1025.4,895.7,938.6,828.1,477.6,71.5,372.4000000000001,53.7,114.3,85.7,63.4,2240,17.6
376,1673,1555.5,1562,1198.5,981,851,589,189,166,624,513,61.2,129,505,300,246,309,540,233,361,673,568,109,567,476,175,353,300,985,NODATA,887,987,892.5,1929,975,85.35,155,202.10000000000002,126.3,298.8,397,391.2,676.9,441.1,219.9,363.8,482.6,562.5,1785.9,804,908.8,993.2,148.6,NODATA,1022.6,378.3,302.7,694.9000000000001,203.9,236.1,98.1,215.5,598,411.8,368.5,235,308.7,228.62424500290408,31.686367687856595,1129.8999999999999,1408.3,NODATA,1128.5,NODATA,1131.3,1050.3,1059.9,981.3,582.5,80.4,376.39999999999986,55.8,130,79.2,61.5,2495,16.5
377,1462,1414,1394,1015,836,820,613,261,186,525,406,66.5,146.9,499,328,241,284,533,262,380,601,489,103.80000000000001,587,438.49999999999994,137,348.5,310.5,966.5,NODATA,946,1006,760,1733,943,79.8,164.6,208,129,316.7,407.2,371.4,617.9,390.4,211.3,329.4,476.1,498.7,1752.3,696.5,954.8,1018.9,50.3,NODATA,1009,312.8,259.1,580.3,187.2,211.5,88.1,187.5,609.1,386.7,380.2,233.8,269.1,194.38093832170864,19.847098963555595,944.1999999999999,1238.2,NODATA,943.9,NODATA,996.5,857.7,862.1,893.9,466.5,74.2,393.79999999999995,55,115,84.5,66.6,2145,17
378,1450,1373,1374,1023,831,773,580,211,153,528,415,61.2,136.3,463,282,213,280,461,180,333,558,458,94,555,411,143,340,NODATA,885,NODATA,781,861,733,1691,872,61.85,159.6,187.60000000000002,115.4,298.5,387.6,346.7,579.2,407.5,177.1,338,453.8,475.6,1602.6,658.6,802.4,896,51.7,NODATA,890.6,318.5,269.6,595.4,164.5,205.5,88.4,186.1,517.9,344.8,351.2,200.2,233.6,166.21752674967058,16.48481229139845,941.1,1235.8,NODATA,940.8,NODATA,1005,855.3,895.5,889.4,489.2,75.5,355.1999999999998,50.25,98.6,74.3,63.900000000000006,2148,16
379,1391.4999999999998,1323,1313.9999999999998,930,773,776.5,586.5,232,165,496,395,66.5,135.39999999999998,490,330,259,255,560,290,366,545,456,92,564,419,121,329,277,1004,NODATA,998,972,682.5,1615,871,77.75,156.7,201,120.2,319.2,410.2,369.4,593.9,379.9,214,353.6,466.8,480.6,1675.8,709.9,1012.3,1017.2,85.4,NODATA,1009.3,309.9,240.7,551.8,176.5,203.8,83.8,186.3,616.5,382,370.8,219.5,242.9,177.13355803308167,28.268512787129147,813.9,1152.2,NODATA,813.6,NODATA,935.3,818.7,830,728.5,435.6,73.4,382.29999999999995,54.1,108.9,68.1,67.4,2035,13.700000000000001
380,1494,1390,1402,996,822,821,599,254,197,542,411,60.7,147.7,500.99999999999994,355,288,299.5,597,279,404,592,471,99.3,579,460,147,375,326,1126,NODATA,1016,1071,795,1739,933,94.35,161.1,201.6,115.7,311.7,421.7,391.5,650.3,385.2,232.3,338.3,519.3,546.9,1788,776.2,1022.5,1093.8,68.6,NODATA,1093.4,312.1,247,562.4000000000001,188.7,214.5,88.4,196,NODATA,407.1,422.8,248.2,261,201.0865508895148,23.460843514934417,926.6,1236,NODATA,926.2,NODATA,986.5,886.5,907.2,858,499.7,74.6,405.79999999999995,54.5,111,89.39999999999999,63.6,2120,18.1
381,1477,1406,1404,1027,817,793,578,212.5,163.5,519,389.5,59.6,142.45000000000002,500,318,242,286,503,266,367,587,452,105.19999999999999,568,414,154,345,296,980,NODATA,881,1028,790,1764,959,81.95,154.2,201,127.1,306.4,377.4,376,664.6,420.5,225.7,385.9,467.7,544.2,1811.1,820.8,940.5,1045.8,133.4,NODATA,1032.4,318.1,253.4,580.7,178.4,206.7,88.7,184.3,615.4,394.3,394.7,247.1,260.8,193.9887118294006,18.189664939427285,939.8,1261.5,NODATA,939.1,NODATA,979.8,860.5,906.5,806.4,486.8,84.6,380.6999999999998,53.9,114.2,80,60.199999999999996,2185,18.6
382,1488.5,1412.5,1409,1055,NODATA,755.5000000000001,565,220,213,559,418,58.5,130.29999999999998,503,322,286,291,586,319,391,619,491,93,588,441,140,359,300,1112,NODATA,1117,1040,922,1735,892,93.5,162.2,205.6,116.6,308.3,414.8,388.9,637.4,386.3,193.4,371,451.3,501.3,1816.6,850.4,1133.9,1089.5,85.2,NODATA,1078,314.2,270.6,590.7,176.5,204.7,87.1,192.7,638.7,420.8,380.1,211.6,255.5,187.80516130396518,20.68449935714342,916.7,1266.9,NODATA,915.4,NODATA,1021.8,899.7,892.4,831.5,507.2,61.2,378.79999999999995,50.9,113.69999999999999,86.1,67.4,2248,17.8
383,1554,1451,1459.5,1099.5,871.9999999999999,798.0000000000001,576.5,221,192.5,566,432,66.3,148.2,526,345,268,274,598,276,388,643,512,105.3,592,438,165,408,317,1101,NODATA,1001,1108,809.5,1786,927,97.3,169.4,203,119.9,312.9,412.8,398.7,672,444.7,233.6,397.5,483.4,576.2,1825,784.7,1017.4,1127.1,95.1,NODATA,1127.3,316,260.9,584,184.6,207.6,85.9,184.6,693.2,412.5,426.7,239.2,267,194.17261656763975,22.780380572151078,982.1,1279.6,NODATA,981.2,NODATA,1012.7,916.5,926.1,887,506.5,78,376.20000000000005,51.1,120,86.89999999999999,67,2241,18
384,1558,1489,1487,1117,917,819,599,223,183,595,459,62.400000000000006,142.6,519,353,283,299,631,269,391,625,497,96,600,473,150,408,320,1171,NODATA,1006,1065,820,1828,934,101.3,166.6,208,125,302.6,409.4,401.6,650.5,416.4,221.3,392.9,460.1,496.8,1806.6,811.4,1036.4,1084.1,52.4,NODATA,1069.1,355.3,280,650,184.8,214,88.2,208,641.7,414.7,451.4,248.7,287.8,214.49998757126346,19.010766416166977,1011.4,1324.6,NODATA,1010.9,NODATA,1082.7,951.8,976.7,959,520.1,89.1,387.6999999999998,54.15,118.9,83.70000000000002,68.14999999999999,2320,17.5
385,1458,1389,1393,1016,797,798,593,249,191,537,401,66,143.7,468,330,259,320,555,279,381,591.5,476,109.39999999999999,573,431,159,375,310,1047,NODATA,1005,1053,842,1705,913,89,161.2,200,128,315.6,405.6,409,678.4,418.4,206.2,386.6,460,542,1769.5,760.1,1054.5,1071.3,97.1,NODATA,1070.8,312.4,245.3,569.4,185.5,208.8,89.3,190.8,650.3,437.1,430.8,246.9,267.1,197.23351943084091,23.01269524167733,903.5,1196.6,NODATA,902.2,NODATA,943.5,839.2,886.2,806.4,483.3,65.2,389.70000000000005,55.4,114.5,79.6,66,2177,19.7
386,1464,1408,1398,1016,836,740,572,217,167,546,428,68.8,145,507,337,257,292,602,279,343,587,483,93,571,443,119.5,365,289.5,1010,NODATA,906.5,947.5,760,1718,878,80.1,158.4,200.6,114.5,347.6,442.1,371.3,619.7,398,188.5,392.4,465.3,513,1722,764.5,917.6,1021.7,84.8,NODATA,981,316.2,257.5,586.5,181,201.6,80.8,177,593.8,407.5,386.7,232.5,256.8,190.6500770893,22.573169131555144,943.4,1224.9,NODATA,943.2,NODATA,986.8,873.5,854.2,858.6,504.8,71.5,369.9000000000001,55,103,73.1,64.4,2165,15
387,1557,1461,1475,1067,861,840,611,228,194,566,434,64,147.20000000000002,491,330,266,320,515,306,420,635,532,112,563,485,148,366,323,1042,NODATA,1079.5,1060,855,1830,959,97,162.3,197.00000000000003,131.8,326.8,433.2,411.9,673.2,415,226.9,393.2,516.7,562.2,1816.2,757.5,1095.2,1089.7,139.6,NODATA,1097.7,341.8,266.9,613.2,189.9,216.9,93.2,203.5,665.8,429.8,463.7,256.4,280.7,208.27051997767697,12.594787406593648,980.4,1285.4,NODATA,978.7,NODATA,1033.8,914.3,965.4,840.8,524.6,75.3,408.10000000000014,56.7,116.6,86.20000000000002,67.9,2300.5,20.099999999999998
388,1567,1495,1453,1098,835,808,651,268,162,577,446,62.300000000000004,132.3,466,290,286,326,625,280,398,624,505,102,561,406,158,318,284,1054,NODATA,1035,1054,825,1797,939,87.7,152.1,200.79999999999998,118.1,307.8,392.8,383.5,674.5,384.8,234.5,354,491.4,566.6,1850.6,841,1030.3,1069.4,114.7,NODATA,1060.2,358.5,265.8,628.6,194.9,209.2,87.4,184.5,599.7,428.5,419.4,238.9,267.9,202.71188670764548,20.473382294772815,993.5,1313.4,NODATA,990.8,NODATA,1037.9,916.3,957,878.8,521.4,70.9,374.79999999999995,53.6,98.45,69.80000000000001,71,2265,14.7
389,1505,1455,1415.5,1056.5,857.5,806.5,635,268.5,171.5,551,435,59,135.29999999999998,464,318,211,261,551,206,328,599,490,101.19999999999999,570,411,125,315,294,912,NODATA,736,885,763,1748,913,61.6,153.7,192,122.9,315.4,388.5,366.9,608.9,389.6,203.9,356.3,464.6,509.1,1651.5,755.1,755.9,901.5,115.4,NODATA,901.4,351,260.4,628.9000000000001,184.1,215.9,89.4,183.4,491.8,353.4,336,209,255.1,183.10662718208187,19.07725128211614,990.4,1258.6,NODATA,989.3,NODATA,1024.5,891.2,926.4,875,504.3,79.2,379.20000000000005,52.5,104.1,68,64.80000000000001,2227,16
390,1449.5,1370.5,1347.5,1016,796,766.9999999999999,584.5,227,175,525,409,62,137.6,471,311,236,276,535,226,340,566,468,99.9,554,435,144,321,277,1001,NODATA,841,967,755,1696,910,73.05,156.7,192.5,123.5,319.9,388.5,342.6,560.7,377.9,214.8,382.8,473.9,505.8,1711.8,758.2,896.2,1000.5,135.2,NODATA,996.3,321.6,245.1,575.8,177,209.4,87.7,190.2,605.5,380.2,357.6,223.2,256.3,190.74578921426973,22.583254231289448,928.7,1201.2,NODATA,926.6,NODATA,992.4,847.9,880,793.5,466.4,68.3,324.10000000000014,54.5,105.3,68.2,57.1,2145,14.299999999999999
391,1484,1395,1396,995,813,823,605,241,172.00000000000003,524.5,399,66.3,140.7,516.5,337,256,273,543,251,375,588,467,97,601,425,155,378,323,1032,NODATA,870,1025,783,1733,948,82.8,161.6,210,128,289.8,398.5,379.8,640.8,422.7,226.2,379.6,497.8,515.5,1761.3,771.9,894.3,1043,165.1,NODATA,1021.7,312.1,247.6,569.3,178.4,210.3,88.6,194,608.1,391.6,383.7,235.1,265.2,192.5074400718864,25.259390519808907,941.8000000000001,1239.1,NODATA,939.4,NODATA,981.9,839.9,886.5,776.7,468.9,81.9,408.80000000000007,51.2,109.39999999999999,70.8,64.5,2180,18.700000000000003
392,1640,1566,1550,1146,940,830,609,212,191,592.5,470,60.300000000000004,149.2,548,380,295,310,640,277,400,657,530,103.5,571,443,158,376,329,1158,NODATA,974,1047,844,1897,947,100.6,165.8,193.9,123.9,322.1,416.1,406.3,693.3,429.3,222.8,417.7,508.5,566.5,1863.9,821,1022.5,1089.4,91.2,NODATA,1098.4,357.3,280.5,645.5,183.8,216.8,93.8,204.8,NODATA,411.8,384.5,231.2,277.4,206.09620354163246,21.086493726799617,1045.7,1377.4,NODATA,1043.6,NODATA,1103.9,994.2,1025.8,954.5,540.3,79.7,416.0999999999999,56.4,124.80000000000001,92.5,66.2,2407,18
393,1617,1520,1519,1154,946.5,823,612,213,175.49999999999997,597.5,474.5,63.5,135.9,530,321,242,319,583,235,360,645,531,101,564,450,173,360,310,1061,NODATA,895,1003,800,1866.4999999999998,939,86.15,163.1,195,123.4,314.5,417.7,394.5,667.5,434.7,216.7,414,470.4,542,1766.1,793.7,956.1,1022,130.5,NODATA,999.6,348.9,280.5,640,186,222.2,92.2,188.4,590.7,399.3,370.2,224.5,284.4,217.37601775433166,25.100479947949445,1032.2,1359.1,NODATA,1031.6,NODATA,1096,983.5,993.6,901.7,546.6,89.7,382.20000000000005,58.4,134.4,77.1,61.7,2395,16.1
394,1426,1344.5,1343.5,978.5,788.5,771,559,217.99999999999997,187,509,395,64,132.4,465,312,275,318,528,360,389,590,481,93,550,422,149,342,278,1074,NODATA,1137,1040,746,1670,907,85.9,149.9,191.9,112.4,316.6,398.3,369.6,637.2,384,208.5,342,472.2,511.4,1771.9,737.5,1128.5,1081.9,61.1,NODATA,1067.4,313.1,248.2,565.3,170.3,190.9,80.5,178.3,653.8,372.2,394.8,221.5,247.5,178.66163186351795,19.93006999947545,832.4,1200.4,NODATA,832.6,NODATA,940.7,827.9,850.3,771.3,454.6,57.9,385.4999999999999,47.5,117.6,78.4,63.9,2095,16.4
395,1644,1577,1584,1169,935,876,674,290,185,597,482,62.300000000000004,135.5,495,305,248,276,589,209,365.99999999999994,634.5,516,98.50000000000001,552,431.50000000000006,150,385,311,987,NODATA,823,962,875,1920,1001,85.55,149.5,195.6,127.9,309.2,373.8,384,692.4,395.7,199.8,363.8,491.5,560.8,1892.7,812.9,886.8,1026.9,180,NODATA,1009.7,347.2,299.8,662.8,190.8,233.4,94.1,211.8,607.9,399.6,401.1,252.1,300.3,220.62984509601506,16.544516607118055,1071,1407.6,NODATA,1068.2,NODATA,1110.1,974.1,995.4,891,542.6,84.5,413,50.9,124.39999999999999,86,68,2435,19
396,1597,1500,1499,1128,932,812,603,222,170,579,463.5,64.15,140.05,478,291.5,236,289,505,220,367,638,502,106.5,570,429,162,328,307,965,NODATA,805,955,795,1858,958,79.35,163.5,199.8,127.8,260,382.3,369.7,647,420,221.2,349.2,481.3,544.6,1736.7,786.7,858.2,984.6,85.7,NODATA,984,341.4,282.7,626.8,187.9,216.4,91.6,200.8,582.3,397,402.3,235.3,296.2,222.08378198465488,19.54588407159647,1018.2,1347.1,NODATA,1018.2,NODATA,1077.4,952.9,997,932.5,515.6,72.7,376.89999999999986,60.4,118.5,80.8,64.1,2360,18.700000000000003
397,1594,1525,1509,1146,943,776,603,203,198,604,459,65,145.6,525,339,274,311,613,301,411,655,530,105,598,437,170.5,377.5,314.5,1131,NODATA,1054,1123,825,1842,934,101.5,167.3,210.3,138.2,326.3,417.5,377.4,660.8,438,232,383.3,487,580.2,1845.7,852.7,1064.6,1135.9,101.1,NODATA,1132.7,360.3,296.1,664,196.2,230.2,95.2,209.2,650.4,422,408.7,240.2,287.9,213.9649296829387,21.909883002176,1022.5,1349.2,NODATA,1020.6,NODATA,1076.6,985.6,1010.1,921.4,546.5,76.6,387,59.5,125.39999999999999,84,72.1,2405,15
398,1574,1493,1489,1107,890,800,598,200,195,581,452,64.2,131.4,502,346,251,317,571,289,374,654.5,528,109,579,433,160,352,310,1052,NODATA,1018,1097,904,1833,938.5000000000002,95.95,157.6,205,143.6,332.7,429.3,395.8,665.6,433.7,212.9,384,472,535.1,1825,790.7,1027.2,1111.9,96.8,NODATA,1115.9,348.5,279.8,634.9000000000001,187.5,229.9,95.6,196,635.9,423.7,413.8,242.2,279.8,205.8004966107354,18.421218705879994,1013,1323,NODATA,1010,NODATA,1061.9,936.7,958,916.2,537.5,73.7,395.29999999999995,58,118.2,82.89999999999999,69.2,2367,20
399,1532,1450,1443,1020,844,799,595,234,185,537,405.99999999999994,68,146.75,506,389,298,316,593,295,420,629,519,97,574,422,138,341,298,1140,NODATA,1031,1102,767,1775,931,95.5,169.9,194.60000000000002,110.9,332.1,425.8,394.4,658.4,398.5,223.2,383.3,560.4,570,1829.7,836,1100,1118,146.5,NODATA,1088.4,328.3,258.5,594.9000000000001,175.4,199.7,83.6,186.2,678.7,399,393.3,225.7,255.1,187.6816543269584,21.200988610544233,961.4,1269.5,NODATA,959.8,NODATA,1015.7,898.4,927.1,814.9,482.8,82.2,425.39999999999986,51.3,107.8,73.60000000000001,64.3,2233,15.8
400,1535,1454,1452,1069,855,835,603,242,164.5,546.5,432,63.5,147.10000000000002,476.50000000000006,335,244,297,514,233,374,588,448,91,578,413,156,313,281,948,NODATA,893,969,808,1801,972,76.85,168.6,201,124.3,311.5,366.1,378.8,657.4,403.9,229.6,356.4,495.5,536.9,1715.9,784.9,917.5,973.8,140.6,NODATA,1002.4,329.7,256.8,593.5,173.7,196.6,83,198.5,598.3,383,372.4,226.1,263.9,197.70819983752264,19.544459130522327,972.3000000000001,1292.1,NODATA,970.8,NODATA,1015.4,889.2,880.1,831.7,501.6,82,408.70000000000005,45.199999999999996,117.2,70.19999999999999,61.3,2265,16
401,1563,1477,1464,1100,901,805,587,215,179.5,563.5,435,66,138.79999999999998,495.5,327,213,275,526,234,370,625,503,100,581,410,159,305,285,965,NODATA,886,985,914,1816,927,79.1,168.1,205.79999999999998,127.3,314.3,376.9,375.3,615.6,411.2,192.1,373.9,483.4,507.9,1739.1,753.4,914,1006.9,145.1,NODATA,1001.7,338.3,285.3,629.3,168.5,198.4,86.5,197.5,596,405.2,393.1,239.4,269.8,193.7530948532696,19.44608102529538,1008.3000000000001,1303.7,NODATA,1006.5,NODATA,1066.8,918.1,950,863.2,533,74.9,394.0999999999999,53,117.6,75.4,62.300000000000004,2287,17.9
402,1622,1544,1511,1102,897,852,670,293,209,581,408,67,146.5,525,359.5,307.5,314,595.5,345.5,412,645,520,97,599,467,155,399,328,1156,NODATA,1207,1170,820,1855,991.5,118.95,163,206,129.4,337.9,459.6,411.4,731.4,423.5,245.2,398.1,544.5,623.8,1996.1,817.7,1186.4,1191.3,134.6,NODATA,1191,347.3,270.1,631.3,204.1,211.6,90.3,205.4,NODATA,453.6,442.7,263.4,286.1,211.1134920034336,17.219766039903472,1000.7,1330.2,NODATA,992.9,NODATA,1017,917.3,971.7,866.1,504.4,75.4,422.6999999999998,60.300000000000004,132.5,100,80.3,2325,20
403,1543,1499,1472,1094,879,849,648,242,230,570,434,58,142,549,372,305,313,659,301,401,620,495,108.25,596,475.5,132,360.5,312.5,1172,NODATA,1122,1096,765,1819,964,106.8,171,212,126.4,334.1,431.5,409.7,695,412.6,216,397.8,475.3,543.2,1883.9,862.5,1105.8,1119.2,34.4,NODATA,1097.5,357.2,283,646,200.2,223.6,94.9,189.7,686.4,430.5,430,243,287.9,204.46742759391304,22.119902347104716,975.4,1313.7,NODATA,975.1,NODATA,1036.4,918.8,903.4,941,513.3,77.2,400.29999999999995,54,113.2,75.6,67.6,2435,17.6
404,1457,1376,1376,992.5,792,828.0000000000001,601.5,267,162,511,392,59.6,136.7,451,285,217,267,527,186,346,548,433,107.8,549,419,146,336,280,869,NODATA,724,898,782.5,1733,959,65.25,158.7,185.2,123,317.7,373.2,343.6,630.7,381.7,199.8,328.4,483.7,530.5,1673.6,739.9,765.6,931,158.1,NODATA,916.8,299.4,258.1,563.1,178.2,196.8,85.3,163,552.2,367.8,371.7,226.5,258.5,191.3443999529557,21.610093595001782,913.3000000000001,1232.4,NODATA,912.2,NODATA,955,815.4,849.4,755.2,465.7,71.7,393.60000000000014,50.099999999999994,103.69999999999999,70.7,55.099999999999994,2135,17
405,1500.5,1433.5000000000002,1425.5,1061.5,858,816,607,241,155,528,413,59.6,132.20000000000002,444,265,222,275,454,194.5,333,595,496,94.60000000000001,543,395,128,325,278,889,NODATA,725,924,792.5,1759,922,61.9,149.3,190.5,137.5,293.3,358.2,334.5,600.6,363.3,178.4,314.8,479.6,542.8,1701.1,740.2,771.1,936.4,75.9,NODATA,921.7,329.3,265.5,600.7,168.6,213.6,84.4,188.6,516.3,338.9,318.9,189.6,262.2,197.22616665834886,19.70529117155218,974.1999999999999,1268.4,NODATA,974.2,NODATA,1004.4,863.4,912.2,898.3,478.6,70.9,374.70000000000005,50.5,113,76,58.099999999999994,2215,16.200000000000003
406,1584,1498,1478,1079,885,816,598,203,196,579,443,65,142,535,343,281.5,310,566,308,397,638,512,105,593,462,175,368,318,1084,NODATA,1023.5,1082,805,1837,966,102.3,163.8,208.2,127.1,304.9,415.5,410.3,652.3,441.4,222.4,395.6,510.2,524.5,1871.3,800.4,1043.6,1095.4,59.6,NODATA,1095.3,354.5,288.9,653.3,198.7,222.6,89.4,197.4,646.9,418.9,430.2,254.5,276.7,198.1520044479537,25.261356197079458,989.3000000000001,1323,NODATA,989,NODATA,1092.7,941.6,913.5,929.7,505.8,76,419.79999999999995,56.5,110,78.2,68.45,2375,16.4
407,1565,1484,1465,1080,881,810,611,233,171,561,447,64.2,144.1,514,314,236,284,560,223.5,367,620.5,492.5,110.45,590,445,160,368,308,1003,NODATA,832,999,816,1829,963.5,83.15,167.6,204.3,127.5,304.9,396.3,376.1,675.9,437.2,214.9,371.3,504.7,567,1811.9,770.9,877,1021.7,50.7,NODATA,989.9,349.9,268.4,628.8,181.6,221.8,96.1,196.2,578.1,397.8,392.3,250.2,285.3,205.81651889157376,19.308339160104648,983.3000000000001,1309.6,NODATA,983,NODATA,1015.4,903.8,938.3,932.6,503.6,72.2,409.8000000000002,53.9,119.9,79.1,58.3,2325,16.8
408,1478.5000000000002,1397,1418,1015,849,825.5,597,241,180,531,418,65.3,139.9,488,293,226,270,480,214,367,600,488,95,558,430,143,332,286,980,NODATA,766,962,890,1748,938,74.9,162.3,192.3,121.2,308.5,381.5,372.3,653.8,413.9,159.1,352.4,472.7,508.8,1752.8,799.5,855.3,1005.9,132.9,NODATA,1008.8,308.9,259.1,575.2,174,206.4,87.4,169.3,597.4,381.2,392,226.6,256.6,194.75417310723282,22.944441277787057,953.1,1271.8,NODATA,952.5,NODATA,996.1,859.8,880.3,820.2,484.4,72.4,415.39999999999986,50.8,105.39999999999999,77.2,64.80000000000001,2195,15.9
409,1501,1437,1414,1022,861,800,610,260,173,542,422,63.2,135,494,334.5,257.5,295.5,575,243,374.5,590,479,103,560,467,146,341,293,1034,NODATA,952,1033,713,1766,945,84.9,160,193.29999999999998,123.3,319.8,402.2,369.3,635.8,391.8,217.1,365.1,487,490.1,1762.8,780.3,961.5,1045.8,95.6,NODATA,1043.9,312.3,274.4,594.6,182.1,203.3,86.2,180,624.2,398.6,370.8,229.6,251.7,186.02980952992078,25.309454303052128,959.3000000000001,1281.1,NODATA,958.6,NODATA,1020.4,872.8,861.8,863.7,483,76.8,402.79999999999995,51,119,73.60000000000001,60.199999999999996,2167,15.1
410,1415,1366,1348,979,793,756,585,258,187,504,384,78.7,142.7,538,356,265,296.5,592.5,271,385,574,445,110.94999999999999,573,443,142,429,317,1128,NODATA,1018,1036,795,1679,901.5,85.75,164.9,200,144,331.2,414.2,421.6,683.5,436,204.8,423.9,422.1,504.5,1760.4,743.1,1012.9,1055.6,141.4,NODATA,1041.2,292.3,263,560,202.5,217.2,90.4,178.9,624.3,408.4,403.7,241.7,262,194.17052583829118,17.255452560736533,903,1180.4,NODATA,902.7,NODATA,928.2,812.3,849,761.6,453.3,62,356.5999999999999,45.5,102.8,80.3,62.599999999999994,2063,16.599999999999998
411,1448.5,1361,1370,1033.5,841,750,555,208,158,516,413,57.300000000000004,137,470,294,238,243,557,221,345,580,473,96,562,395,145,315,272,931,NODATA,798,914,807,1660,854,63.1,172.3,193.5,119,287.3,389.7,327.8,573.8,384.9,201.2,336.4,428.4,466.8,1631.9,724.7,819.2,952.8,154.4,NODATA,928,312.2,263.3,580,162.2,203,84.7,194.9,561.8,359,329.5,188.2,243.4,185.1947829900256,30.026807494701856,935.9,1234.1,NODATA,935.5,NODATA,994,869.6,877.7,781.5,468.3,72.5,337.29999999999995,47.599999999999994,117.4,81,58.7,2195,18
412,1530,1457,1434,1094,880,798,584,215,178,573,450,67.4,141.5,496,296,252,279,580,244.50000000000003,369.5,626,499,96.5,604,409,138,371,308,978,NODATA,867,934,755,1785,901,75.5,171.1,208,125.5,324.9,377.1,391.4,620.7,394.8,204.8,389.7,469.4,514.1,1691,720,889.3,975.8,102.7,NODATA,978.9,334.5,258.1,604.4,172,206.7,86.9,180.9,572.2,379.6,354,218.2,263.6,195.26225172273172,27.499679007518505,991.6,1271.2,NODATA,990.3,NODATA,1047.2,932.9,934.2,888.9,511.2,69.7,357.39999999999986,53.9,120.19999999999999,78.1,67.4,2201,15.600000000000001
413,1441,1376,1369,1053,801,790,596,251,209,535,391,62,154.2,515,397,274,297,639,300,399,582,469,106.5,581,458,151,388,326,1172,NODATA,1102,1177,813,1694,935,105.8,167.6,199.5,131,348.4,449.6,413.8,628.2,428.3,199.2,404.8,424.9,475.5,1828.9,798.8,1130.3,1197.9,108.5,NODATA,1184.2,308.7,240.3,554.4000000000001,196.9,218.7,90.7,184.5,NODATA,462.1,453.8,266.1,257.8,187.36327851237732,27.32280051414175,878.7,1197.3,NODATA,878.4,NODATA,994.4,856.2,869.7,770.2,470.7,61.6,341.5,54.95,106.55000000000001,70.95,63,2120,18.1
414,1451,1383,1355,1047,842,736,568,219,194,545,413,63.5,141.9,538,350,303,286,583,289,394,601,486,95,575,442,142,367,320,1172,NODATA,1094,1068,774,1686,880,91.7,162.8,199,138.8,328.5,434.4,391.1,624.6,404.6,251.8,357.4,439.4,498.6,1699.3,791.5,1106.3,1082.7,27.8,NODATA,1069.3,338.8,259.8,607.5999999999999,214.5,218,92.1,186.8,626.4,420.3,378.4,221.4,271,208.28704906882098,10.379710249567765,944,1211.3,NODATA,943.6,NODATA,989.9,868.7,916.4,916.2,491.7,60.5,324.10000000000014,48.05,111.6,74.05,70.35,2157,16.35
415,1586,1503.5,1485,1119.5,886.5,831,615,228,209,574,437,66.6,140,504,341,287,323,580,294,436,656,534,104,579,462,155,404,329,1105,NODATA,1065,1112,822.5,1825,951,103.6,163.6,204,123.4,329.5,425.4,416.6,670.6,432.7,236.3,372.6,494.5,547.3,1787.4,779.7,1102.8,1145.4,116.4,NODATA,1147.1,345.6,284.3,633.9000000000001,196,230.8,98.2,203.2,699.9,439.7,421.5,248.6,282.9,204.15851882575305,22.186444721219445,1008.5,1301.9,NODATA,1006.4,NODATA,1059.2,941.5,952.9,892.1,521.8,68.2,374.5,58.4,124.5,80,64.2,2315,18.700000000000003
416,1583,1492,1515,1147,913,819,595,217,157,578,480,59.3,135,492,297,258,261,535.5,228,351.50000000000006,621.5,528,97.5,588,408,165,331,288,969,NODATA,820,939,780,1859,950,74.72,162,209.1,115.3,299,378.8,370.4,655.4,431.2,215.3,353.4,458.3,542.3,1696.5,807.9,867.6,943.6,145.8,NODATA,944.5,344.6,286.8,635.3,184.9,214.4,90.4,182.7,555.5,373.3,360.3,213.5,262.5,195.8431100847917,17.51415168804264,1033.5,1346,NODATA,1031.8,NODATA,1066,945.9,1002.6,887.7,535.3,71.6,380.20000000000005,48.8,109,87.5,63.9,2385,14.7
417,1589,1499,1480,1120,895,847,599,199,185,573,442,65,141.8,551,358,261,300,603,254,398,644,517,103,562.5,453.5,181.5,408.49999999999994,332,1097.5,NODATA,961.9999999999999,1082.5,790,1839,960,93.625,159.5,193,129,306.4,402.1,416.5,695.1,426,241.7,400.7,487.6,576.7,1863.4,787.7,994,1104,142.6,NODATA,1112.1,359.7,261.7,614.0999999999999,177.9,207,87.4,197.7,654.2,416.1,391.3,235.2,278.8,207.6688396881651,19.667265882912407,1021,1303,NODATA,1018.5,NODATA,1036,928,982.7,878.4,520.5,80.1,384.4000000000001,55.9,117.89999999999999,90.3,65.7,2365,17.5
418,1623,1545.5,1517,1103.5,899.4999999999999,865.5,642.5,250,170,575,432,67.6,152.7,520,322,242,307,575,256,400,646,506,101.89999999999999,591,465,160,358,322,1011,NODATA,940,1080,852,1904,1010,96.4,171.2,200.6,131,332,445.1,394.7,705.8,436.1,225.1,357.4,534.7,608.9,1879.3,864.7,974.7,1105.4,153.3,NODATA,1055.9,351.5,282.8,637,194,213.3,89.1,208,642.4,415.2,411.5,239,281.2,198.1519525921466,19.42841767920461,1001.5999999999999,1377.1,NODATA,1001,NODATA,1070.3,967.1,1006.5,848.3,527.2,80.7,426.60000000000014,63.3,123,74.2,72.6,2425,20
419,1529,1451,1445,1084,871,812,608,224,180,574,434.00000000000006,64.85,140.85000000000002,502.5,341.50000000000006,252.99999999999997,279,556,241,381,617,502,106,569,433,160,333,294,1038,NODATA,928,1026,750,1792,947,82.2,164.7,200.2,118.6,305.6,394.1,380.1,673.8,422,232.9,380.6,467.7,498,1755.7,788.3,948.5,1044.4,32.9,NODATA,1003.4,323.9,270.4,600.8,180.4,192.2,82.6,171.2,626.7,401.1,371.7,215.9,260.8,186.17678075276828,15.447708833230779,983.8,1285.2,NODATA,982.8,NODATA,997.7,897.1,947.2,950.9,511.1,83.1,378.5,54.400000000000006,102.2,61.4,63.2,2255,17.1
420,1471.4999999999998,1391,1387.5,1049,840.5,746.9999999999999,549.5,192,175,539,432,59.800000000000004,130.39999999999998,447,278,234,268,508,225,298,596,492,97.6,581,416,155,318,292,947,NODATA,833,954,745,1730,903,73,164.5,199,114,318.7,432,368.7,614.8,403.6,189.1,349.7,453.5,506.6,1648.7,690,865.7,980.8,167,NODATA,969.6,316.2,249.9,570.5,178,213.4,88.2,189.2,591.1,373.5,386.7,219.2,259.5,196.1817308643898,21.715207275295164,968.8,1237.7,NODATA,966,NODATA,998.6,895.4,906.6,801.8,480.8,64.2,339.0999999999999,46.8,106,75,61.3,2145,19.7
421,1515,1440,1441,1043,849,808.5,617.5,253,203,557,413,64,146,540,379,324,324,617,361,361,636,489,105,610,437,132,402,350,1172,NODATA,1184,1082,813,1784.5,956,108.4,178,212,122.6,324.8,429,401.9,651.5,394.5,233.8,390.4,517.7,533.1,1858.8,790.9,1180.3,1137.6,158.1,NODATA,1138.8,328.1,280.5,618,190.9,218.6,90.2,189.5,NODATA,454.6,449.2,253,277.9,207.53867556445135,11.634827089324308,972.7,1259.7,NODATA,968.4,NODATA,1022.5,887,881.4,814.6,475.8,64.4,412.20000000000005,58,119.39999999999999,81.30000000000001,66,2238,18.5
422,1582,1525,1490,1085,853,850,660,299,178,560,442,71,133.2,497,337,259,288,602,252,356,622,503,102,577,459,141,383,331.50000000000006,1073,NODATA,904.4999999999999,986.9999999999999,762,1838,977,87,160.2,198,125.1,301.9,428.5,399,693.8,393,210.3,339.1,506.1,549.2,1811.7,814.8,930,1036.7,178.5,NODATA,1007.4,333.8,257.4,598.7,176.6,205.8,86.4,191.3,NODATA,371.9,395.2,233.4,272.9,202.71540138955274,13.97934598959569,1006,1320.6,NODATA,1002,NODATA,1040.4,898.2,934.2,827.5,488.4,79,406.4000000000001,60.8,117.89999999999999,79.6,61.6,2283,14.5
423,1602,1520.5,1531.5,1144.5,909,877.5,652.5,258,197,577,452,67.6,141.9,531,326,284,323,533,281,416,648,531,106.5,602,457,186,367,318,1106,NODATA,1070,1129,770,1876,1003,105.6,164.5,214,130.7,329.4,417.4,393.4,699,461.5,241.5,405.2,462.6,530.6,1843.9,805.2,1088.4,1161.4,125.5,NODATA,1153.4,341.9,287.3,637.4,205.9,227.6,98.9,199.2,685.7,445.2,445.2,253.7,295.7,217.6815751694383,23.03234618554628,1006.9,1372.5,NODATA,1004.4,NODATA,1076.7,935.1,937.2,881.4,541,75,395.5999999999999,53.099999999999994,122.5,72.2,68.7,2415,17.3
424,1553,1487,1473,1100,893.6,845,629,247,181,564,456,61.8,141.2,482,283,268,275,566,245,377,621,499,97,593,465,159,372,317,1049,NODATA,873,1002,745,1826,963,87.55,158.1,203.14999999999998,124.8,310.3,444.1,387.3,641.8,427.5,214.7,353.4,473.8,518.8,1828.6,789,834.4,1024.2,139.5,NODATA,1021.3,320.9,271.6,601.7,177.6,202.3,85.7,188.3,615.6,405.1,394.7,220.7,277.3,209.35319530736137,24.908332717245447,1006.7,1307.5,NODATA,1005.1,NODATA,1060,918.3,972,867.2,502.5,67.5,365.4000000000001,52.15,107.5,72.9,64.25,2325,15.9
425,1538,1476,1454,1092,867,822,631,253,177,555,417,63.7,155,523,356,277,306,565,301,403,641,514,93,597,474,144,364,319,1154,NODATA,1057,1085,850,1797,944,101.3,174.1,204,134.1,330.3,444.5,398.4,609.8,413.7,239.1,405.7,475.9,502.2,1904.3,841.8,1092,1131.2,106.8,NODATA,1126.8,312.6,265.7,581.9000000000001,185.2,222,95.4,191.7,655.2,433.1,394.9,242.7,267.8,199.957468872857,17.293590057038294,1024.9,1284.3,NODATA,1023.1,NODATA,1077.8,905,940.7,918.1,487.8,89.3,354.10000000000014,60,121.7,85.7,64,2205,19.950000000000003
426,1526,1446,1450,1080,901,781,569,216,182,554,433,68.2,141.7,500,319,244,254,583,244,361,624,512,101.4,551,424,169,333,297,1004,NODATA,854,963,764,1783,911,76.45,159.2,190.25,133,309.7,408.2,353.6,636.4,429.2,210.6,386.8,473.9,533.1,1731.8,755.5,874.4,995.2,148.4,NODATA,982.1,316.2,272.6,599,169.1,201.2,89,193.3,597.9,392,369.2,222.5,270.2,204.24462579830833,16.927513064147043,987,1294.9,NODATA,984.8,NODATA,1028,906.1,926.7,838.6,500.3,68.9,369.9000000000001,48.3,121,81.7,62.5,2297,16.599999999999998
427,1529,1425,1436,1069,871,811,591,213,181,544,417,59.6,148.5,486,323,281,285,552,257,381,612,466,100.3,568,409,168,333,302,1062,NODATA,901,1021,795,1770,925,84,165.9,194.79999999999995,124.5,320.1,384.6,371.7,598.7,401.6,245.8,382.8,478.6,522.2,1713.5,764.3,990.5,1050.6,131.3,NODATA,1032.7,326.9,263.7,597.4000000000001,181.2,208.3,86.7,197.4,619.5,396.7,402.5,237.3,256.1,188.8486926761642,18.700146701992406,968.4000000000001,1254.7,NODATA,967.3,NODATA,1034.5,898.6,916.9,837.1,486.7,80,375.79999999999995,52.400000000000006,113.80000000000001,78.55000000000001,69.85,2212.5,18.6
428,1660,1500,1488,1129,939,826,601,204,193,597,464.5,59.1,136.64999999999998,541.5,315,269,295,583,276,382,639,525,107,557,436,156,387,316,1109,NODATA,993,1039,925,1865,964,98.7,154.9,191.5,123,294.7,430.5,407.6,673.2,444,241,400.4,493.1,569.4,1771.6,752.9,988.7,1084.5,153.8,NODATA,1086.7,359.2,264.2,629,177.9,195.6,83.8,198.2,NODATA,408,425.6,231.2,263.2,200.78909870804782,23.13362934022145,1015.7,1318.4,NODATA,1013.5,NODATA,1071.7,965.2,976,861.9,532.6,82.7,373.20000000000005,53.7,129.2,94,65.7,2365,13.5
429,1553,1468,1484,1141,892,815,592,217,193,581,437,74.4,157,521,366,289,295,667,306,426,633,517,107,590,465.5,179,355,325,1139.5,NODATA,1079.5,1133,850,1801,937,102.95,181.2,193.9,133.9,341.7,429.9,396.5,638.9,427.7,233.6,386.7,453.8,505.4,1794.1,775.8,1107.1,1146.9,69.7,NODATA,1128.1,328.1,286.3,625.5,200.2,226.3,92.6,182.7,680.2,454,443.8,245,281.3,201.3082404524635,18.96809043990551,1025.4,1314,NODATA,1024,NODATA,1079.3,941.1,933.3,955.7,524.7,60.4,353.6999999999998,57.9,109,70.7,68.4,2316,17.3
430,1486.0000000000002,1399.5,1402.5,1021,795.5000000000001,800,598,239.5,167,533,411,55.099999999999994,154.8,509,349,247,287,571,325,387,583,484,99,585,439,162,336,294,1071,NODATA,1054,1042,815,1725,922,87.45,163.7,209.60000000000002,123.2,318.5,416.1,368.8,603.2,397.7,225.6,365,480.9,487.1,1821.4,745.6,1074.5,1043.8,15.5,NODATA,1091.5,319.8,259.4,585.2,179.1,211.6,88.7,203.2,584.4,408.1,390.9,235.1,266.4,197.06649949897488,24.82987738476923,912.2,1258.5,NODATA,912.2,NODATA,1029.1,896.4,870.6,896.7,473.8,73.1,385.79999999999995,58.7,131.1,95,69.6,2155,13.4
431,1582,1489,1495,1139,918,800,583,221,197.5,582.5,442.5,62.5,143.4,543,385,295,326,624,304,452,683,564,106.5,596,435,178,377,312,1134,NODATA,1103,1162,885,1828,934,103.15,168.1,208,140.5,322.9,409.8,374.9,644.7,445.7,206,386.9,476,539.9,1811.1,787.7,1143.9,1176.8,143.8,NODATA,1167.7,324.7,293,624.5999999999999,179.6,209.4,88,188.8,755.7,439.9,406.9,233.4,283,207.6885039701624,15.50361601282617,1017.5,1339.8,NODATA,1013.8,NODATA,1081,936.8,967,873.7,538.1,68.5,361,50.300000000000004,121.19999999999999,87.10000000000001,64.5,2365,18.2
432,1551,1467,1448,1062,865,841,610,241,191,570,441,69,147.3,596,345,264,315,588,315,386.5,605,480,94,583,472,145,369,323,1058,NODATA,1071,1065,795,1803,950,95.95,163.8,205.5,130,338.7,443.4,385.4,638.8,387.6,243.4,361.7,498.3,515.5,1839,879.9,1082.7,1085.9,38.9,NODATA,1079.7,341.9,278.1,633.7,202.9,226.8,91,192.1,599.1,428.6,432.6,242.4,270.2,197.0938673674276,24.43181069846337,973.6,1306.1,NODATA,974,NODATA,1062.8,920.6,887.5,934.7,524.1,81.4,387.3000000000002,59.800000000000004,110.5,86.1,70.3,2250,20.7
433,1538.9999999999998,1459,1422.5,1046.5,882,797.5,600.5,226,156,535,416,60,137.3,500,334,268,311,564,300,401,637,499,97,566,495,162,356,308,1021,NODATA,1023,1077,809,1810,938,91.55,157.6,202.60000000000002,131.2,333.1,412.8,397.2,658.1,432.6,220.8,375.5,495.7,524.9,1741.3,742.9,1023.4,1071.1,116.9,NODATA,1079.3,348.8,279.8,633.6,192.5,213.6,91.1,189.8,664.3,421.4,397.8,238.8,266.7,196.4971733044029,15.708637829015732,998,1302.6,NODATA,996.9,NODATA,1051.4,929.8,931.2,881.1,506.5,70.6,405,48,117,81,65.1,2271,17.3
434,1482,1399,1390,1051,821,809,597,232,177,547.5,412.5,66.65,149.75,510,329.00000000000006,258.5,291,576,275,392,602,471,100,566,416,168,404,314,1094,NODATA,931,1035,790,1739,926,86.1,169.9,188.79999999999998,128.4,300.6,387.1,394.5,624.5,435.3,227.4,366.2,448.6,486.3,1812.7,744.4,971,1070.2,109.5,NODATA,1066.8,331.6,267,612.8,174.1,205.4,87.3,188.6,639.1,393.3,397.7,227,275.2,201.56732105908748,24.112630965053775,926.5,1243.9,NODATA,924.8,NODATA,1023.1,878.1,903.9,817,477.5,79.2,367.3000000000002,55.8,118.2,75.3,63.7,2237,17.1
435,1669,1592,1581.5,1209,1006.5,851.5,632.5,225.49999999999997,172,625,497,66,145.8,537,349,248,303,562,246,404,677,545,103,616,472,168,366,313,1063,NODATA,979,1060,933,1943,985,97.2,170.5,212.10000000000002,121.4,NODATA,442.4,393.1,683.8,437.4,204.2,414.8,477.5,553.3,1792.7,795.5,971.4,1099.6,133.7,NODATA,1097.2,351.9,286.1,642.8,180.9,218.9,93,205.9,667.5,415.4,426.8,224.2,285.5,210.36538175833905,23.696595923233996,1102.5,1428.1,NODATA,1100.2,NODATA,1142.8,1026.6,1034.4,968.8,560.8,75.6,380.5999999999999,55.9,125.19999999999999,81.19999999999999,63.7,2509,18.400000000000002
436,1568,1513,1483,1108,907,759,624,243,174,593,445,64.5,138.6,504,377,296,319,599,302,417,661,513,110.3,575,456,129,352,322,1173,NODATA,1122,1099,805,1805,893,100.5,156.8,204.65,114.9,331.1,469.9,421.3,703.4,401.2,193,402.9,458.5,532.4,1845.7,829.9,1137.6,1123.8,92.1,NODATA,1115.7,348.5,277.7,634.3,205.8,208.9,89,188.5,619.1,423.7,437.2,242.7,271.9,197.81978553246276,20.776299565873426,1015.9,1332.1,NODATA,1014.7,NODATA,1063.3,977.9,984.3,923.8,548.8,71.7,386.1999999999998,54.6,109.35000000000001,72.95,65.75,2345,20
437,1548.5,1480,1453,1070.5,885.5,812,626.5,253.5,185,568,444,69,135.6,527,366,340,348,597,308,421,633,488,111,575,489,147,391,352,1175,NODATA,1122,1070,712,1791,943,107.05,165.2,203,123.4,340.5,460.2,383.4,648.9,424.9,227.5,412.9,539.3,548,1856.9,769.4,1151.2,1095.9,29.6,NODATA,1090.7,347.1,275.4,630.5999999999999,210.4,235.9,93.9,204.7,659.9,427,398,225.9,277.8,207.23612323608495,19.557714722895774,957.8000000000001,1318.1,NODATA,957.2,NODATA,1059.7,935,902.4,928.2,509.3,53.7,392.5999999999999,57.5,133.7,96.5,71,2267,19
438,1527,1439,1437,1056,880,772,558,201,171.5,560.5,441.5,62.699999999999996,140.55,494.5,320.5,259,283,527,367,370,617,493,100,567,449,164,350,292,1028,NODATA,1043,1004,836,1767,920.5,86.1,158.2,197.10000000000002,129.6,299.1,405,371.8,623,410.3,226.6,356.9,482.5,513.2,1735.9,741,1081,1021.8,24.3,NODATA,1019.5,308.7,269.9,589.5999999999999,181.4,223.4,92.3,189.1,595.3,394.5,389.1,217.4,267,204.07262381300137,17.958062740872492,945.9,1286.4,NODATA,945.7,NODATA,1040,913.5,915.3,921.6,509.6,73.6,397.20000000000005,53.3,116.4,85.19999999999999,66.8,2188,18.6
439,1472,1419,1389,1053,846,786,606,258,165,545.5,424.5,60.150000000000006,139.70000000000002,469,319.5,233,265,526,211,337,581,461,100,578,432,146,323,274,952,NODATA,793,909,735,1735.5,916,67.8,160.6,203.6,122.2,291.4,381.1,361.4,646,388.8,206.9,339,435.5,530.1,1714,805.5,838,945.8,152,NODATA,912.2,317.3,264.4,588.4000000000001,170.8,207.4,86.3,187.9,556.3,372.9,348.1,209.4,256.7,196.1229470627016,17.63178957111177,932,1245.2,NODATA,932.3,NODATA,963.8,860.6,911.5,780,480.7,68.3,353.5,49.1,110.3,76.6,63.099999999999994,2190,16.8
440,1557,1497,1461,1120,898,813,608,238,182,569,443,68.4,143,461,272,240,258,525,204,351,616,496,102.6,542,412,142,350,301,944,NODATA,770.5,922.5,823,1820,945,71,155.9,186,127.2,312.9,377.7,342.6,587.1,373.2,230.1,332.2,486,525.1,1711.8,696.2,783.6,945.3,140.8,NODATA,957.8,320,273.4,601.9,168.1,211.3,88.2,192.7,586.5,362.3,367.7,216.6,266.5,195.8738765782674,25.358315980406285,1055.4,1319.1,NODATA,1053.1,NODATA,1078.3,936.3,979.1,914.6,524.8,84.5,356.20000000000005,52.599999999999994,124.80000000000001,82.8,58.6,2285,17.7
441,1560,1487,1467.25,1118,884,868,642,280.5,193,587,438.5,62,145.7,510.5,332,262.5,301,586,276.5,389,631,480.5,105.7,595.5,486,161,330,300.5,1076,NODATA,1013,1102.5,912.5,1850,987,94,166.8,207.5,136.7,316,412.1,390.9,684.9,435,209.1,386.9,441.8,531.6,1834.2,840,1028.4,1120.3,97.9,NODATA,1120.3,328.6,260.3,594.5,195.2,228.8,95.9,204.1,655.2,432.5,399.2,246.4,272.6,202.00169879514686,16.675384249456833,978,1337.8,NODATA,976.7,NODATA,1052.1,919.9,967.7,880.1,516.2,85,368.9000000000001,53.4,120.9,85.39999999999999,72.4,2340,19.099999999999998
442,1476,1398,1398,1038,NODATA,802,594,261,205,534,391,73,140.9,526,378,318,355,596,314.5,430.99999999999994,625,474.5,101,584,463,135,396,324,1176,NODATA,1136,1158,745,1736,932,109.05,160.3,205,128,347.8,460.4,394.6,663.5,384.1,214.4,370,460.3,544.5,1864.7,802,1178.7,1172.3,36.7,NODATA,1165,323.5,260,592.3,199.3,222.6,92.2,194.2,NODATA,461.7,429.4,259.2,278.4,212.3918370603311,12.663743960850702,910.2,1244.9,NODATA,910.1,NODATA,980.1,840.8,875.8,873.5,471.6,79.6,358.79999999999995,52.1,111.4,73.4,64.4,2145,15
443,1476,1384,1385,1019,812,818,610,280,175,505,402,60.099999999999994,146.5,449,243,225,242,529,241,361,574,470,95,563,415,156,308.5,278,865.5,NODATA,812,973.5,692.5,1723,948,69.7,162,192.8,126.6,288.9,368.8,367.8,628.5,391.8,222.8,317.1,474.6,532.6,1693,756.2,855.8,996.4,174.4,NODATA,960.7,300.3,231.7,535.1,159.9,196.1,81.8,185.1,605,377.5,382.2,216.3,262.2,195.63447525751718,21.375509736661627,933.3,1216.7,NODATA,931.7,NODATA,964.1,831.5,849.1,758.9,464.2,75.2,361.20000000000005,51.2,112.2,83.3,64.7,2145,14.9
444,1353,1276,1293,931,760,740,544,237,180,479,376,67.30000000000001,153.5,502,299,242,259,622,225,371,544,432,101,567,396,136,392.5,333.5,985,NODATA,865.5,972.5,702.5,1589,860,73.1,171.8,186.4,128.3,314.5,386.3,352.8,628.7,383,201.2,358.9,448.1,508.9,1703.4,700.5,861.8,1001.1,104.7,NODATA,1013.1,281.8,239.2,529.6,177.9,208.4,87.1,178.5,618.9,375.3,408.4,228.5,249.5,184.76706583059888,18.453330528904477,844.4000000000001,1144,NODATA,842.6,NODATA,877.2,783.7,817.1,739.7,435,69,383,55.099999999999994,103.3,71.10000000000001,65,1965,14.299999999999999
445,1581,1504,1510,1139,917,830,628,256,152,586,470,61.900000000000006,139.4,459,273,259,272,471,221,347,624,504,99,558,418,168.5,326,293.5,970.5,NODATA,778,921.9999999999999,837.5,1854,961,70.65,157.7,191,128,295.2,354.6,369.1,604.1,420.2,209.2,355.3,453.3,527.2,1758.1,783,840.1,946.5,217.5,NODATA,947.8,355.4,271.2,630.2,183,221.6,93.3,198.8,568.3,383.5,363.9,218.7,281.9,208.1516300934628,18.184263978406978,1084.1,1358.8,NODATA,1079.6,NODATA,1074.3,950.7,990.3,866.6,534.8,73.1,383.5,56.2,112.30000000000001,77.1,70.9,2380,17.8
446,1514,1443,1418,1060,840,774.5,579,227.99999999999997,190,554.5,416.5,65.9,136.2,523,359,294,306,591,328,410,616,485,98.6,583,433,145,349,303,1129,NODATA,1069,1075,715,1749,908,95.6,164.1,199,121.3,299.1,426.4,368,655.9,395.6,218.3,372.7,472.8,556.6,1844.6,838.3,1073.6,1111.6,108.8,NODATA,1102.8,340.2,252.8,602.9,187.7,210,86.8,184.6,NODATA,421,415.8,260.7,267.6,197.68645884477507,18.65317121910687,942.3,1268.1,NODATA,939.8,NODATA,987.1,916.3,910.3,833.5,502.5,73.7,365.6999999999998,53.5,115,79.4,63.7,2220,13.600000000000001
447,1493,1435,1430,1053,863,788,593,211,189.5,554,413,62.75,138.45,536.5,335.99999999999994,272,293,590,271,415,617,478,101,590,454,131,406,334,1085,NODATA,1020,1102,775,1741,927,96.8,163.1,204.89999999999998,124,321,424,370.4,647.3,384.8,211.2,397.5,475.6,528.8,1785.4,738.7,1045.7,1124.4,78.7,NODATA,1124.3,356.7,274.1,644.5,191.7,216.7,89.9,183.7,NODATA,439.6,408.5,234.9,261.2,188.02994972665755,22.844917354401723,953.4000000000001,1281,NODATA,951.9,NODATA,1013.1,899.4,910.5,874.7,482.3,74.7,382.8000000000002,55,116.5,74.3,61.7,2225,15.9
448,1520,1430,1435,1072,846,821,609,239,172,547,421,63,134.3,509,328,246,288.5,546.5,242,366,585,476,96,551,432,144,356,294,1001,NODATA,858,985,825,1761,936,77.4,153.6,191,123.7,337.2,405.5,368.1,639.2,427.2,227.2,373.9,465.4,521.4,1714,760.2,887.5,922.3,132.7,NODATA,1009.1,338.8,272.1,616.5,176,197.8,84.9,185.8,606.2,380,355.3,208,270.6,196.69031587311235,20.683694653310454,1014.9000000000001,1283.6,NODATA,1014.2,NODATA,1019.2,886.5,901.6,882.2,480.5,60.9,372.5999999999999,55.300000000000004,109.5,69,66.5,2245,15.4
449,1631,1528,1545,1154,940,869,620,220,179,596,471,61.6,135.7,526,328,290,288,627,262,387.5,661.5,541,108,574.5,469,174,394,335,1133,NODATA,911,1042,880,1904,986,99.5,159.2,198,123.6,314.3,427.4,400.4,642.9,438,262.6,372.6,521.1,542.2,1843.1,761.5,913.7,1072.1,136.9,NODATA,1072.5,369.3,275.6,655.3,184.5,199,85,196.6,NODATA,430.1,392.4,232.8,297.7,216.98102476560325,23.46061821397717,1075.7,1353.1,NODATA,1071.3,NODATA,1124.6,953.4,1006.6,938.8,529.3,72,402.10000000000014,59.900000000000006,117.5,78.89999999999999,69.3,2422.5,16.200000000000003
450,1600.5,1523,1501.4999999999998,1142,905.5,841.9999999999999,642,245,197,589,444,60.300000000000004,143.6,523,350,250,336,586,275,421,658,520,107,562,444,149,373,320,1079,NODATA,1044,1117,826,1844,970,101.85,161.3,197.3,133.4,303,400.1,368.2,679.6,424.4,221.6,380.4,485.9,548,1836.9,779.7,1069.7,1153.3,133.2,NODATA,1127.1,348,281.1,636.1,205.9,226.6,94.6,196.4,713.1,441.8,413.2,253.8,288.1,206.84892498205278,26.64485026129272,1008.4000000000001,1377.9,NODATA,1007.5,NODATA,1074.5,959.7,986.6,875.2,515.9,83.8,388.4000000000001,57.699999999999996,125.3,83.2,65.6,2317,17.3
451,1556,1478,1468,1121,896,828,609,225,166,567,456,62.1,143.5,467,304.5,239,261.5,541.5,224,367,618,514,101.19999999999999,580,449,135,348,304,983,NODATA,831,958,795,1844,957.5,77.65,165.1,205,123.5,328,402.1,383.1,632.4,404.5,216,369.8,464.3,515.2,1708.6,796.4,840.6,987,140.9,NODATA,991.2,351.1,279.6,639.2,185.7,216.4,90.4,185.8,568.2,382.3,365,222.7,276,199.28288694963055,18.819801335653914,1060.9,1312.7,NODATA,1059.8,NODATA,1071.9,929.3,968.4,920,515.8,78.2,371.20000000000005,59.5,115.39999999999999,77.30000000000001,65.6,2312,15.1
452,1609,1540,1525,1111,918,876,656,253,169,581,463,61.4,141.3,494,308,247,307,515,216,401,618,503,106.5,600,427,139,355.5,311.5,986,NODATA,860,1023.5,820,1874,1000,87.05,167.9,211.20000000000002,119.8,306.6,379.1,368.1,668.8,415,217.2,329.8,498.1,556.7,1812.1,794.4,887.6,1061,160.5,NODATA,1049,346.1,281.6,631.8,181.9,218.2,91.8,194.9,651.9,384.3,423.9,244.8,279.5,205.35870225792706,20.84386797509792,1028.7,1368.7,NODATA,1027.4,NODATA,1074.2,939.2,1004.7,868.2,515.5,79.9,430.0999999999999,57.599999999999994,118.2,68.4,63.5,2365,17.4
453,1614,1501,1504,1149,936,801,592,222,163,574,465,60.4,135,470,293,220,289,591,227,360,637,526,97.45000000000002,565.5,397,175.49999999999997,312,278.5,933.5,NODATA,863,946,828,1862,940,69.875,157.2,200.2,118.8,304.3,362,352.4,635.6,413.8,229.8,333.5,478.9,544.9,1726.8,798.2,891,966.2,129.7,NODATA,967.6,342.8,281.8,631.7,164,196.6,85.5,203.3,561,359.3,337.3,210.5,276.1,203.30768449116079,19.803714571602953,1055.4,1373.1,NODATA,1055,NODATA,1094.5,968.7,980.5,925.7,519.4,75.2,382.70000000000005,52.699999999999996,119.3,81.8,67,2398,15.700000000000001
454,1576,1514,1494,1143,924,829,614,215,180,581.5,454,65,144.2,509,337,256,301,602,232,374,645,510,100.39999999999999,578,482,138,354,297,1015,NODATA,931,1027,850,1846,942,85.65,164.4,198,129,350.9,427.9,395.7,617.4,409.2,210,391.8,449.5,491.1,1740.3,826.3,960,1044.4,178.3,NODATA,1018.4,365.4,274.7,650.4000000000001,189.4,223.2,94.3,188.7,624.6,389.3,383.1,217.4,272.6,199.91204389679473,28.378841041497253,1065.4,1322.5,NODATA,1064.6,NODATA,1107.7,980.9,958.4,887.1,531.9,83.9,367.10000000000014,48.7,107.30000000000001,74.1,68.89999999999999,2345,19.2
455,1457,1368,1365,1020,851,741,542,187,177.5,533,418.5,58.05,144.8,481,309.5,228,283,574,249,355,567,449,100,548,418,150,359,315,978,NODATA,875,954,795,1681,864,76.5,159.6,192,127.3,282.4,404.5,368,558.6,412.5,230,385.4,469.7,476.9,1663.1,746.5,900.2,1014.3,96,NODATA,1015.5,334.2,250.5,590.8,170.2,202.2,87,183.1,NODATA,382.4,401.9,227.5,265.5,198.31950056787326,17.210685945550473,941.9,1179.5,NODATA,940.5,NODATA,1010,846,879.2,845.9,476.6,70.7,348.70000000000005,58.9,119.80000000000001,72.30000000000001,58.8,2179,15.8
456,1581,1493,1503,1117,906,831,611,250,189,569,451.5,59,135.85000000000002,506.5,290,253,255,565,225,355,623,499,100,570,464,132,406,317,1042,NODATA,792,1004,790,1845.5,978,86.45,158.9,200.9,139,315.9,421.3,357.4,668.9,402.7,246.7,389.8,485.8,532.7,1776.2,759.5,849.2,1042,160.4,NODATA,1033.2,340.3,271.3,624.9000000000001,179.3,214.8,91.3,188.3,645.4,401.1,385.7,229.8,264.2,195.79992838330827,23.67914774560405,1002.9,1364.4,NODATA,1001.1,NODATA,1061.9,947.2,977.4,842.5,520.6,82.7,397.89999999999986,52.400000000000006,111,77.69999999999999,64,2310,16
457,1518,1435,1422,1069,846,788,596,235,190,559.25,429.75,70.4,144.95000000000002,521.75,298,272,281.5,548.5,247,403,635,502,103,572,476,134,418,344,1054,NODATA,901,1073,850,1759.5,925,91.6,162.9,202,135.3,330.8,407.2,382,622,425.3,235.5,383.9,468,506.9,1752.1,840.9,963.3,1080.8,138.6,NODATA,1095.1,316.3,266.6,587,188.1,196.9,85,174.7,688.1,422,405.4,225.8,258,191.93618052457208,26.95382064410852,965,1279.1,NODATA,963.9,NODATA,1045.3,904.3,925.4,826.4,496.9,79,359.79999999999995,49.6,110.7,79.4,65.8,2198.1,16.299999999999997
458,1521,1409,1429,1045,855,784,559,195,180,539,427.5,67.5,137.5,467,291,193,296,477,198,364,602,491,98,586,418,151,304,286,885,NODATA,831,957,855,1783,951.5,73.95,164.6,200,123.4,294.3,378,370.5,609.8,420.5,196.7,354.8,499.3,528.3,1724,745.2,861.4,1001.8,132.7,NODATA,1001.8,326.9,248.1,583.1,175,211.1,89.2,187.7,580.2,388.5,375.5,222.4,276,202.42059978057975,22.900510366376288,985.9000000000001,1255.3,NODATA,983.1,NODATA,1019.4,889.2,892.7,853.2,491.9,66.9,401.5,47.400000000000006,120.60000000000001,81.30000000000001,63,2243,16.5
459,1468,1416,1403,1047,857,741,601,229,195,561,421,61,136.9,496,304,260,253,571,248,385,608,467,105,571.5,455.5,138,358.49999999999994,320.5,1038.5,NODATA,913.5,1033.5,868,1732,895,89.7,160,199.89999999999998,130.6,333.3,440.2,367.7,635.3,420,177,355.1,435.9,471.9,1747.6,787.3,978.8,1064,145,NODATA,1044.7,298.1,257.7,561.4,177.8,216.5,89.9,195.6,NODATA,426.1,423.9,236.4,250.3,182.6288033807895,25.295546400326568,954.7,1278.3,NODATA,953.7,NODATA,1020.5,903.7,886.8,809.7,504.8,82.4,369.5,58.7,114.7,84.9,64.5,2183,17.3
460,1625,1523,1510,1128,934,878,632,275,183,590,466,63.8,145.6,511,315,241,295,580,223,375,626,499,104,589.5,452,159,382.5,315.5,1010,NODATA,825,974,800,1905,991,83.15,162.6,205.79999999999998,136.9,306.2,401.2,359.8,657.4,428.3,232.5,360.9,514.6,575.1,1870.8,826.4,850.5,999.9,81.2,NODATA,999.8,323.3,272.7,601.9,180.5,213.3,90.8,206.8,594.4,421.5,385.3,238.6,286.5,206.84499439108242,20.967829357723755,1014.7,1372.8,NODATA,1015.5,NODATA,1087.7,955.4,989.1,933.5,529.9,79.2,395.5999999999999,53.3,126.89999999999999,79.4,61.5,2337.5,18.5
461,1457,1394,1383,1009,809,757,579,235,174,532,416,63,142.89999999999998,481,308,253,272,571,237,354,563,445,97,590,406,122,312.5,273,983.0000000000001,NODATA,859,945,725,1687,893,69.9,167.1,205,136.9,305,397.3,358.5,635.6,382.2,212,357.9,469.5,512.4,1696.2,741.3,885.3,934.9,105.7,NODATA,971.4,318.8,250.1,577.5999999999999,163.4,199.5,86.6,182.8,579.4,341.9,376.9,209.2,253.6,189.2231453547643,18.848843023276846,925.7,1237.6,NODATA,925.5,NODATA,972.8,827.8,878.7,820,473.7,72.3,383.20000000000005,49.5,119.39999999999999,80.5,62.300000000000004,2147,14.5
462,1482,1413,1416.5,1037,778,838.5,610,277,168,528,427,67.2,129.5,432,300,238,292,490,222,388,592,489,99.7,579,411,155,353,290,997,NODATA,881,1062.5,781.0000000000002,1756,962,79.9,155.9,203,121.4,305.2,375.4,377.4,640.3,405.8,185.6,332.7,450.4,501.4,1723.7,719.3,924.5,1032.4,100.1,NODATA,1080.6,315.6,263.2,580.8,176.1,221.3,97.6,188.3,650.5,411.4,387.2,233.3,271.5,196.9462780341389,23.212915651989515,952,1251.7,NODATA,948.8,NODATA,993.7,848.9,878,851.9,476.2,71.7,388.70000000000005,54.800000000000004,119.39999999999999,68,66.3,2171,17
463,1583,1516,1485,1124,909,863,660,282,175,581,445,60.9,140.29999999999998,480,322,229,296.5,540,222,381,610,483.5,98.80000000000001,567,425,146,337,297,980,NODATA,854,988,775,1832,956.5,77.65,159.9,198,132.2,315.5,380.9,345.9,643.7,396,195.1,371.1,480.9,540.1,1802.4,765.6,892.7,1016.6,104.6,NODATA,1014.7,337.1,267.5,612.3,174.2,209.6,87.5,195.6,575.1,398.9,381.8,239,278.9,206.05613711498577,22.985229960585823,1006.2,1349,NODATA,1005.8,NODATA,1055.4,928.8,960.9,901.6,514.9,80.4,397,63,126,81.4,63,2295,18
464,1415,1340,1347.5,982.5,801.5,794,569,218.5,168,508,399,64.2,130.5,474,286,228,237,523,198,344,553,453,90,560,432,152,363,302,971,NODATA,770,912,774,1679,920,66.9,155.6,197.3,115.7,289.4,366.9,375.2,640.4,399.3,173.7,367,452.5,510.3,1660.3,713.3,803.3,958,147.6,NODATA,964.3,298.8,253.3,558.4,169.9,207.8,87.7,177.1,584.1,370.6,358.4,231.8,254.4,187.03336938027408,22.212500456095217,897.6,1177.3,NODATA,896.7,NODATA,932.1,809.9,821.5,750,452.8,63.3,370.9,50.9,113.10000000000001,72.6,58.8,2012,16.599999999999998
465,1634,1537,1551,1144,958,833,629,219,200,598,456,58,153,517,312.5,277.5,321,556,306,427,708,561,103,574,467,145,357,305,1092,NODATA,1091.5,1160.5,855,1909,967,105.6,174.4,191,124.9,325.6,419.7,399.6,656.9,445.6,241.9,377.9,498,528.9,1830.2,783.3,1111.8,1198.9,143.9,NODATA,1184.8,343.4,295.2,643.4,197.6,231.1,95.6,205.3,729,426.9,404.7,252.2,284.3,213.00357234620856,27.884312094306477,1086.4,1387.8,NODATA,1084.2,NODATA,1136.8,1014.9,1043.5,942.5,543.2,72.3,429.20000000000005,50.300000000000004,121,82,58.099999999999994,2435,15.1
466,1674,1605,1589,1193,979,832,642,231,220,631,484,62.400000000000006,149.9,554,373,321,307,670,339,448,711,559,119,586,458,165,435.5,347.5,1235.5,NODATA,1206.5,1184.5,850,1927,984,126.1,164.2,201,131.2,339.1,437.2,420,731.7,444.4,238.5,419.2,502.5,586.8,2007.1,844.9,1213,1231.6,98.1,NODATA,1215.7,366.8,290.9,667.8,200.8,231.9,95.2,205.5,755.8,448.8,442,260.7,293.6,225.18562052124338,20.34469575231804,1040.8,1416.6,NODATA,1040.3,NODATA,1125,1029.8,1033.7,942.7,550.9,78.1,409.29999999999995,58,121.8,77.8,71,2465,19.4
467,1592,1538,1492,1119,923,803,641,261,203,587,452,67,143.7,499,340,282,296,612,308,384,655,502,98.9,570,434,134,351,307.5,1082,NODATA,1002,1082.5,775,1832,947,95.35,160.7,199.3,129.4,335.2,432.4,377.5,669.4,390.3,204.9,387.3,497.6,572.7,1842.5,783.3,1046.4,1096.8,115.5,NODATA,1076.8,346.7,278.4,642.3,185.2,207,86.2,179.5,668.3,413.8,387.6,233.3,268.7,194.3475837644956,28.091012272119556,999.8,1344.9,NODATA,998.4,NODATA,1063.5,967.2,979.4,884.3,530.3,78.4,372.29999999999995,56.7,124.3,81.4,61.1,2305,16.4
468,1570,1489,1488,1124,913,817,598,227,194,567,445,65.4,137.6,490,325,309,249,571,243,386,664,546,101,585,410,152,345,298,1000,NODATA,891,1048,766,1815,934,84.2,157.3,205.64999999999998,130.3,298.4,373.2,389.3,677.2,403.2,194.4,389.3,463.1,566.3,1758.2,816.4,958.5,1074.9,104.4,NODATA,1067.3,346.8,267.3,627.7,184.5,202.7,88.5,180.7,652.7,412.7,388,227.2,258.1,197.64444587301884,25.100421371872624,989,1297.7,NODATA,984.4,NODATA,1021.9,950.6,950.7,884.6,512.8,70.1,372.8000000000002,46,111.1,74,58.2,2321.5,17.3
469,1515,1406.0000000000002,1411.5,1046.5,859.5,780.5,558.5,221,169,520,409,65.7,134,485,306,269,264,566,240,337,613,504,97,583,429,140,416,303,1025,NODATA,828,962,780,1772,950,80.8,159.2,198,124.2,283.4,452.5,374.6,660.3,369,212.7,313.8,486.4,537.1,1712.8,739.1,846.9,929.5,121,NODATA,989.3,335.9,254.9,607.2,180,206.5,86.4,181,616.5,380.6,375.4,214.1,257.7,194.78632365886307,28.974874417350797,976.7,1279.8,NODATA,975.5,NODATA,1003,905.3,912.9,855.7,484.3,60,395.5999999999999,57,117,71.5,60,2225,12.1
470,1499.5,1423.5000000000002,1408.5000000000002,1024,841,780.5000000000001,594.5,223,191,538,408,66,153,505,285,277,284,561,295,379,613,478,91,585,457,155,344,306,1043,NODATA,951,1045,785,1742,923.5,87.55,174,201.20000000000002,114.2,339.4,423.2,362.8,638.2,418.3,207.4,376.4,481.9,489.8,1823.9,796.2,972.7,1090.7,193.7,NODATA,1030,315.3,267.1,586,182.1,203.8,84.8,198.5,641,404.6,382.2,220.7,260.2,185.8812030972581,24.972543475723686,1001.9000000000001,1289.6,NODATA,1000.9,NODATA,1036.3,894.8,894.8,808.2,493.6,92.6,400.79999999999995,47.199999999999996,121.4,76,69.1,2215,16
471,1583,1491,1494,1071,882,887,645,270,175,573,432,70.19999999999999,144,492,313,235,302,495,243,385,605,500,103,576,442,147,343,320.5,949,NODATA,919,1049,810,1848,989,84,166.7,197,119.1,318.7,400.3,385.5,663.8,415.7,238.4,350.3,498.1,550.8,1798.5,791.8,918.5,1033.8,130.7,NODATA,1056.7,343.1,254.8,609,182.4,214.5,89.2,202.5,603.3,414.3,401.7,247.4,281.4,215.57867616323898,21.201913535343852,1020.8,1322.9,NODATA,1019.5,NODATA,1046.9,904.6,937.1,890.1,498.5,84.4,442,55.099999999999994,132.20000000000002,87,67.30000000000001,2315,18.400000000000002
472,1582,1508,1495,1106,884,834,624,268,180,575.5,450,64.25,142.4,535,329.5,270,299,604,236,378,634,501,106.4,595,480,168,426,334,1112,NODATA,914,1016,785,1859,977,93.45,164.4,210.79999999999998,123.2,308,395.6,398.9,674.4,436.9,207.5,390.2,498,547.5,1822.9,800.7,960.9,1033.9,165.9,NODATA,1031.9,320.5,262,592.5999999999999,185.7,209.3,87.8,201.2,616.1,399.7,395,235.2,294.4,214.20368439216048,22.1263348093733,1053,1328,NODATA,1052,NODATA,1070.6,952.3,958.3,887.1,518.3,76.9,405.0999999999999,56.7,118.80000000000001,87,66.5,2340,17.1
473,1556,1476,1464,1095,867,830,628,237.5,205.5,564.5,437.5,59.3,151.4,524,361,288,346,589,331.50000000000006,426,635.5,488,113.69999999999999,589,497,150,374,324,1131,NODATA,1094,1112,890,1795,956.5,108,163.2,206,141.6,332.5,426.4,386.8,629.7,416.4,237.2,395.8,491.9,520.7,1861.6,811.3,1151,1148.4,72.1,NODATA,1148.3,334,270.6,615.8,199.2,225.1,95.5,199.3,691.4,430.5,446.4,247.4,276.6,203.14790530741953,29.714173815264658,955.7,1315.7,NODATA,953.5,NODATA,1076.2,935.5,932.6,883.6,517.4,88,365.3000000000002,62.9,125.5,85.8,84,2320,20.9
474,1563,1515,1483,1133,951,781,588,196,157,589.5,467,62.300000000000004,138.6,493,322,243,298,568,237,337,667,519,96.7,568,401,142,356,313,993,NODATA,913,922,807,1821.4999999999998,906,74.1,154.8,204,125.8,306.8,398.5,363.8,650.8,394,200,371.1,456.1,529.6,1696.6,755,895.8,944.8,NODATA,NODATA,944.5,357.1,275.3,642.7,180.6,209.5,88.2,184.3,569.5,385.4,353,204.6,265.7,194.09234621286802,20.837437565771133,NODATA,1335.6,NODATA,1030.2,NODATA,1062.1,964.1,955.4,946.1,535.1,75.7,368.5,48.8,108.5,70,70.7,2354,18.2
475,1514.5,1411.5,1452.5,1058,850,782.5,555.5,191,180,541,423,64,141.6,486,302,246,276,474,245,396,596,475,105.8,563,392,181,329,287,950,NODATA,918,1023,790,1752,921,79.3,155.5,195.5,118.2,294.6,374.4,332.8,623.7,418.3,234.6,335.3,483,526.7,1725.6,762,947.9,1033.8,177.9,NODATA,1040.2,324.8,273.9,602.8,185.8,211.3,88.9,171,634.8,400.9,385.7,238.2,266.9,192.28053238634004,23.021848513603512,1004.5,1299.1,NODATA,1002.4,NODATA,1016.9,883.7,898.4,826.6,486.2,75.3,399,52.300000000000004,116.19999999999999,81,66.39999999999999,2220,16.5
476,1531,1453,1480,1096,877,839,613,264,183,544.5,429,64,141,500,303,284,291,601,227,375,601,500,104,561,429,123,415,326,1088,NODATA,842,999,775,1824,966.0000000000002,87.6,159,192.10000000000002,122.4,311,391.6,364.8,666.9,395.8,215.8,374.5,475.6,559.2,1723.3,796.4,909.2,1042.5,103.1,NODATA,1048.8,337.7,253.2,598.9,181.4,240,97.3,207.5,638.5,396.9,408.3,246.2,278.7,205.5415180781004,21.558746459347283,982.4,1316.1,NODATA,980.2,NODATA,1024.2,914.1,949.9,879.3,500.2,79.7,381.0999999999999,57,112.30000000000001,72.69999999999999,64.9,2235,14.5
477,1498,1405,1412.5,1070,876.5,743.5,553,179,164,570,476,64,141.7,487,301,253,285,581,257,369,622,495,103,554,441,150,393,336,1041,NODATA,919,900,865,1755.5,899,80.6,156.2,196,132.7,302.5,398.3,395.4,604.8,385.1,231.9,375.4,441.5,487.8,1670.4,762.8,921.5,998,152.5,NODATA,995,336.6,269.6,613.7,178.8,213.2,89.2,194.1,594.1,390.8,392.9,217.2,255.2,198.97898932398695,16.2362349232734,1010.1,1243.6,NODATA,1008.6,NODATA,1041.5,903.8,917,857.6,521,72.3,332,61.900000000000006,109.5,78.3,63.7,2175,19.4
478,1712,1617,1627,1242,963,893,658,245,173,612,484,65.3,148.05,524.5,318,249.5,316,575,234,419,677,564,105,597,459,149,367,321,1025,NODATA,943,1078,870,1991,1035,98,159.7,214.20000000000002,125.8,353.1,415.1,405.7,691.6,436.5,255.5,386.7,513.5,601.9,1887,857.8,1000.9,1107.8,152.9,NODATA,1089,368.9,306.6,683.7,197.5,222.3,95.6,214.6,603.2,428,395.9,247.9,289.6,207.00075859831102,22.340130247318616,1090.7,1428,NODATA,1088.6,NODATA,1150.9,1021.2,1037.3,937.8,559.4,82.4,401.5,56.6,122.4,81,69.5,2505,19.5
479,1572,1494,1476,1113,913,791,608,227,193.5,576.5,430,70.39999999999999,143.9,520.5,324.5,265,313,631,313,387,655,506,101,580,461,165,386,329,1107,NODATA,1147,1096,835,1841.4999999999998,978,104.1,157.8,213.1,122.5,314.1,413.3,387.9,642.7,413,251.7,357.7,489.6,528.5,1793.4,750.2,1146.8,1111.4,113.7,NODATA,1093.8,351.4,267.1,625.6,179.2,204.1,88.7,195.7,684.8,443.4,434.4,253.1,262.2,193.16833089456753,15.973401982364797,973.7,1333.4,NODATA,971.2,NODATA,1084,921.9,949.7,860,515.1,78.9,377.5,50.6,121.30000000000001,86.6,62.400000000000006,2310,16.8
480,1616,1537,1521,1128,925,847,652,253,195,581,441,61,145.29999999999998,526,353,268,296,616,328,385,626,493,101.8,574.5,470,140.5,386,330.99999999999994,1112,NODATA,1104,1058.5,820,1864,994,104.05,161.2,198.79999999999998,141,370.6,454.8,406.5,678.2,420.9,219.7,380,521.5,542.2,1883.4,802,1120.8,1091.2,89.2,NODATA,1091,346.9,279.7,636.0999999999999,196.2,228.6,95.3,210.3,643.4,421.2,419.6,247.4,291.2,216.4082668247021,21.21230577980228,1006.1,1360.8,NODATA,1005.9,NODATA,1092.9,948.1,981.3,916.9,512.3,75.1,427.89999999999986,57,123.5,80.60000000000001,70.3,2375,17
481,1589,1503,1509,1136,918,840,634,250,182,582,450,67.5,148.1,489,287,255,298,583,234,375,640,516,105,555,425,155,385,315,992,NODATA,895,1024,803,1846,957,86.05,163.5,188.5,127.4,305,389.9,359.8,649.7,396.6,250.4,329.8,491.4,574.3,1776.3,752.6,925.3,1044.1,131,NODATA,1031.9,359,268.4,635.6,186.9,219.5,92.6,190.1,628.1,402.2,405.9,252.5,276.6,211.94883156611516,23.280617343095326,1013.8,1341.6,NODATA,1011.3,NODATA,1054.5,953.4,993.6,882.8,517.3,72.5,388,56.900000000000006,106.1,73.8,63.10000000000001,2305,18.2
482,1621,1545,1535,1122,897,875,661,281,189,585,469,60.5,129.60000000000002,456,262,250,267,473,219,365,628,516,103,575,421,145,349,297,986,NODATA,795,1032,805,1867,979,84.8,153.5,209.65,122,304.2,397.9,349.5,675.8,389.3,222.3,329.7,517,587.1,1825.6,857.2,880.5,1044.5,153.5,NODATA,1049.1,346.3,288.6,647.7,191,212.5,91.2,198.2,635.3,382.5,426,254.9,288.3,215.77433211231866,24.821967573383056,1039.1,1377.1,NODATA,1037.4,NODATA,1063.8,939.7,978.4,885.6,519.7,75.3,417.79999999999995,52.85,110.55,72.2,62.699999999999996,2380,15.9
483,1550,1502,1462,1117,916,801,588,200,199,606,462,66.3,142.7,546,378,293,312,615,330,423.2,641,509,114,604,471,143,388,321,1172,NODATA,1157,1112.5,978.5000000000002,1819,949,108.95,164,209.5,124.8,316,414.7,391.5,654.5,397,196,381.2,464.7,536.9,1814.2,784.3,1182.7,1143,88,NODATA,1125.2,348.9,285,638.7,194,234.5,96.4,204.2,709.9,451.1,438,262.3,292.3,211.86416787074683,12.151147073703788,946.8,1307.2,NODATA,945.7,NODATA,1050.9,939.9,958.9,858.8,535.3,70.8,366.9000000000001,63.4,127.30000000000001,87.2,76.7,2341,18.9
484,1781,1678,1687,1284,1047,897.5,664.5,245,180.5,660,540.5,64.80000000000001,129.5,498,308,255,271,536,217,383,685,574,106,572,439,167,315,303,964,NODATA,845,985,895,2049,1023.5,81.7,150.6,203,125.2,299.9,377.5,402.2,685.9,441.4,236.1,361.7,505.6,573,1896.7,799.5,890.3,1012,124,NODATA,1011,374.7,320.4,697.3,181.5,NODATA,85,203.3,591.7,391.4,382.4,230.2,308.4,224.33050380607625,17.27899644554916,1208.3,1509.6,NODATA,1207.3,NODATA,1232.1,1092.9,1117.1,1084.3,619.9,95.5,414.5999999999999,51.8,127.6,83.10000000000001,62.699999999999996,2613,15
485,1591,1495,1485,1094,893,858,627,253,196,571.5,454,69,162.54999999999998,531.5,346,288.5,318,627,285,395,625,506,106,592,490,165,408,350,1105,NODATA,1022,1085,845,1839,986,104.9,178.9,195,118.4,336,429.6,432.3,720.8,436,244.4,404.1,526.4,578.7,1896.9,883.3,1029.9,1129.6,110.4,NODATA,1121.8,340.9,281.3,633.3,190.9,216.2,90.2,196.9,706.4,425.2,429.6,235.4,278.6,208.43705205850887,26.624963089204773,988.8,1306.4,NODATA,986.8,NODATA,1033.7,919,867.3,878.4,506.1,88.6,422.5,62.599999999999994,90.5,77.5,67.5,2315,18.6
486,1593,1523,1514,1111,889,834,637,263,180.5,572,439.5,69.75,148.64999999999998,486,300,286.5,302,510,256,397,626,503,98.3,572,439,146,347,309,1059,NODATA,974,1029,800,1867,976,91,164.7,196.70000000000002,127.3,319,411.9,383.1,656.3,408.3,234.2,374.3,496.7,527.4,1846.8,785,1029.2,1069.1,112.1,NODATA,1095.7,331.9,286.7,625.2,205.4,208.4,89.3,194,579.5,391.1,384.7,235.7,277.7,NODATA,21.14543287841264,1064.6,1368.6,NODATA,1063.2,NODATA,1101.9,959.7,977.4,952.5,523.2,79.7,416.5,51.1,114.2,72.2,66,2355,20.2
487,1492,1413,1414,1057,854,788,590,233,175,546,418,64.5,133.6,467,302,245,272,516,236,380,594,475,98.69999999999999,561,401,137,339,287,968,NODATA,870,1008,743,1734,912,75.8,158.4,193.2,121.7,298.7,370.3,328.3,639.4,373.8,206.5,352.3,462.4,539.5,1712.2,742.9,917.4,1018.1,127.6,NODATA,1016.6,320.2,250.2,576.9,168.9,196.9,85.4,189.2,626.9,400.2,392.8,229.4,256.8,188.2105628634274,31.244960554005093,951.4,1285.1,NODATA,950.7,NODATA,980.1,884.5,934,823.8,486.2,71.7,367,48.3,120.19999999999999,81.85,67.69999999999999,2207,18.2
488,1544,1465,1459,1098,902,808,593,221,181,568,465,70,136.4,488,263,279,277,586,252,360,619,509,100,562,436,141,382,326,1035,NODATA,870,986,815,1792,929,83.8,161.7,194.35000000000002,131.1,328.6,428.6,378.5,672.9,400.7,192.8,379.6,472.5,549.4,1801.3,801.5,912.5,1000,113.7,NODATA,999.2,346.1,264.2,617.5,186.8,208.7,90,174.7,595.4,375.7,372,229.5,273.3,203.0996597449698,23.94213704238627,996,1340.7,NODATA,995.9,NODATA,1055.1,950.6,920.3,882.3,520.4,76.3,384,54.45,115.39999999999999,73.10000000000001,63.5,2257.5,16
489,1459,1372,1374,1010,818,771,562,215,164,510.5,410,60.35,132.2,482,288.5,218.5,267,564,217,314,584,474,92,561,412,160,353,297,960,NODATA,796,871,747,1698,873,64.25,153,202.3,117.2,270.3,371.4,343,576.4,405.7,220.4,358.2,461.3,487.1,1673.4,735.9,807.1,910.5,158.3,NODATA,901.8,319.9,266,593.8,163.7,189.3,80.6,172.3,552.1,342.3,344.7,202.9,243.7,178.76240280781334,19.784839770010635,938.8,1205.6,NODATA,938.2,NODATA,989.6,859.5,878.5,780.5,470.3,62.4,365.4,52.599999999999994,104.5,64,55.300000000000004,2159,14.1
490,1446,1388,1368,1016,807,741,563,198,179,535,408,62.599999999999994,143.7,494,328,254,269,567,249,352,590.5,456,99,582.5,431,144,333,280,1039,NODATA,794,970,765,1688,866,75.8,163.3,199,118.8,314.7,418.6,375.5,615.4,385.3,204.6,405,456.3,507.4,1676.8,697.5,924.2,998.1,147.1,NODATA,966.9,326.9,249.9,587.4000000000001,182,203.3,83.9,189.7,595,384.7,384.8,227.9,261.8,196.1993264500371,15.041329473180658,931.3000000000001,1204.6,NODATA,929.9,NODATA,970.2,856.7,895.8,784.2,482.8,77,355.29999999999995,52.400000000000006,108.69999999999999,71.5,71.5,2149.5,14.2
491,1614,1541,1517,1147,927,836,622,228,178,590,461,62.800000000000004,136.9,504,325,243,285,551,229,376,646,525,106,594,437,147,338,301,1025,NODATA,832,988,800,1880,946,80.5,162.5,209.4,122.6,307.4,404,374.9,701.8,408.1,213.4,374.1,486.5,595.1,1769.2,735.4,933.8,1017.9,80.5,NODATA,1015.3,359.4,277.9,643.5,175.4,214,90,194.9,592.8,388.5,359.2,232.1,280.8,208.44254071392797,13.445586253279812,1023.5,1356.9,NODATA,1022.8,NODATA,1042.8,965,997.4,943,524.4,76.2,387.8000000000002,53.35,118.9,81.35,62.5,2402.5,17.1
492,1478,1399,1403,1026,843,785,564,205,185,537,409,60.199999999999996,136.5,496,326,264,275,551,298,362,587,485,94.60000000000001,565.5,458,136,375,305,1074.5,NODATA,991.5,991,745,1731,914,84.35,155.8,197.7,119.9,317.3,434.7,378.2,662.9,401.5,219.8,359.8,475.6,544.2,1724.8,773.3,979.2,1001,16,NODATA,987.8,313.9,257.5,580,177.2,204.4,82.4,193.3,623.5,388.9,395.7,228.7,258.5,194.75132840013117,14.678936169316842,925.7,1235.6,NODATA,893.8,NODATA,960.8,860.4,900.7,909.7,490.3,71.2,378.70000000000005,51.3,112.4,79,60.5,2170,17.9
493,1562,1487.5,1469,1073.5,882.5,806.5,617,237,184,576,440,66,138.4,530,358,276,304,600,287,408,628,491,97,578,422,142,369,312,1100,NODATA,1016,1064,810,1810,943,94.15,161.3,200.9,134,317.7,398.5,375.3,643,421.4,225.6,404.5,499.4,529.4,1784.2,775.8,1038.2,1081.1,92.9,NODATA,1078.4,338,274.7,616.4,188.2,221.7,93.2,201,656.2,413.5,399.1,229.1,264.7,199.2320776005527,21.710207759329602,988.8,1326.6,NODATA,988.7,NODATA,1062.8,921.9,968,895.9,511.8,79.6,408.39999999999986,60.7,122,80.19999999999999,68.5,2295,15.3
494,1407,1338,1330,975,761,746,592,252,195,503,381,59.85,147.3,526,348.49999999999994,283,272,668.5,316,389,587,489,88.80000000000001,584,459,148,379,318,1093,NODATA,1042,1066,775,1651,905,90.3,169.7,202,111.1,319.6,430.9,379.2,613.4,390.2,196.4,374.3,442.5,480.6,1803.5,787.1,1074.9,1106.9,79.5,NODATA,1100.1,294,249.4,548,190,205.8,85.5,173.2,NODATA,409.3,409.3,236.2,249.2,186.2210012273911,30.560839267371534,839.4,1172,NODATA,839.2,NODATA,953.3,816.8,831.5,759.9,449.4,69.3,355.69999999999993,51.8,101.19999999999999,76.9,60.5,2040,18.1
495,1487,1388,1405,1049,850,777,561,209,167.5,537,416.5,64.6,153,510,348,222,259,546,253,358,611,482,108.4,565,452,152,350,294,976,NODATA,886,978,740,1755,917,76.6,167.7,191.4,115.6,313.3,395.1,367.3,631.6,426.1,179.7,349.8,428.9,483.9,1704.9,733.8,865.4,1007.4,173.2,NODATA,989.9,304.5,254.7,567.5,174,202,86.4,183.6,607,384.9,372.8,215.8,256.3,183.4907616972709,25.55326821907386,985.7,1273.6,NODATA,981.7,NODATA,1016.1,895,901.6,812.5,494.9,70.6,367.1999999999998,49.400000000000006,114.1,78.3,58.7,2245,16.7
496,1668,1596,1574,1164,931,879,674,268,189,611,470,68,150.9,581,377,338,288,635,313,430,663,533,104,596,485,159,385,317,1220,NODATA,1131.5,1134.5,910,1928,1018,115.05,163.6,210.64999999999998,124.8,364.5,454.9,416.7,746.2,433.1,238.1,414.4,517.9,599.5,1929,874.7,1123.9,1174.7,84.1,NODATA,1177.9,361.1,293,662,190.4,214.4,88.7,206.3,701.9,437,415.3,236.5,273.5,202.9639821944078,18.765770378812082,1045.8,1414.2,NODATA,1045.6,NODATA,1097,988.1,1007.1,961.7,551.7,81.3,425,60.099999999999994,120.1,84.9,69.1,2465,18.2
497,1637.5,1586.5,1548,1084,911.5,814,624,216,163,569,450,67.30000000000001,147,550,381,299,342,601,337,424,685,533,111,590,500,160,361,309,1139,NODATA,1197,1159,809,1925,1010,122.6,163.4,209.4,120.3,342.4,448.6,438.1,724,455.5,224.8,417.1,554.3,579.3,2029,850.2,1206.7,1193.7,96.5,NODATA,1191.1,380.2,289,675.5,215,231.7,96,207.5,717.7,468.3,439.5,252.9,291.4,214.24732327626214,16.802810561859843,1054.9,1391.4,NODATA,1051.9,NODATA,1112.4,1000.8,955.1,958.4,558.6,80.7,481.5,51,118.4,72.4,70,2373,16
498,1549.5,1499.5,1478,1089,870.5000000000001,830.5,669,296,177,557,440,64.7,141.7,504,323,218,277,579,227,356,598,487,102.10000000000001,582,435,148,377,328,1023,NODATA,850,957,821,1807,955,81.05,163.4,202.89999999999998,115.7,321.2,419.4,371.9,642.4,408.4,218.1,379.6,486,535.5,1822.2,827.7,886.3,983.1,127.4,NODATA,977,341.4,250.4,605.8,183.4,219.2,93.8,190,561.1,389.8,397.5,244.5,266.7,195.8964767145544,27.88614347631708,982.1,1298,NODATA,981.1,NODATA,1038.3,920,945,854.7,511.7,78.6,402.9000000000001,55,109.7,78.2,62.699999999999996,2362,17.9
499,1596,1505,1509,1144,952,813,609,221,171.5,584.5,460.5,64.25,143.5,480.5,308,264.5,280,538,265,357,652,536,108,581,452,152,353,299,1035,NODATA,959,980,917,1829,893.5000000000002,88.1,163,203.6,131.2,330.1,435.3,388.7,691.7,420.8,212.9,372,466.3,551.4,1789,823.2,990.3,987.6,71.8,NODATA,1023,339.3,297.1,647.3,189.8,221.1,95.3,193,568.9,401.8,391.2,233.1,280.9,206.87675485578436,18.94170610543309,1004.3,1353.1,NODATA,1004.7,NODATA,1066.3,954.7,970.3,932.5,547.1,65,383,60.599999999999994,114.9,76.8,68.2,2310,18.2
500,1486,1399,1372,1035,833,782,558,205,168.5,535,420.5,65.64999999999999,138.5,492.5,278,233,249,525,232,347,576,468,90,556,445,146,365,304,918,NODATA,763,912,710,1747.5,924,68.5,159,189.60000000000002,127.8,287.5,394.8,375.3,604.2,402.1,206.3,359,471.7,495.8,1731.2,766.3,779.7,957.5,157.8,NODATA,945,318,246.4,573.5999999999999,165.1,190.4,80.3,174.7,575.7,362.7,360.7,206.4,240.7,174.4292985041364,23.84785013170435,961,1235,NODATA,959.2,NODATA,1012.6,878,916.6,803.2,494.7,78.7,351.0999999999999,50.9,101,79.1,60.5,2133,16.4
501,1554,1474,1456,1119,894,800,588,224,178,573,458,63.6,134.5,490,303.5,221,232,525,203,343,607,490,109.7,553,433,166,313,292,908,NODATA,792,912.5,873,1806,936,70.65,153.4,194,120.1,292.7,465.5,384.8,609.5,428.7,209,345.4,458,519.2,1638.8,715.4,836.2,958.9,195.3,NODATA,939.5,330.9,272.9,608.5,176.4,217,92,195,548.4,392.3,369.1,222.4,274.4,195.93627640198292,13.653380493643382,1052.5,1274.5,NODATA,1050.1,NODATA,1058.8,928.3,970.8,857.2,513.5,81.5,338,52.9,121,86,65.9,2287,17.5
502,1490,1411,1392,1044,855,772,551,200,167,543,418,59.800000000000004,139,477,273,242,271,535.5,213,347,598,480,96.89999999999999,563,410,150,341,288,972,NODATA,792,948,762,1736,905,71.15,160.2,199,128.3,312.5,391,358.3,583.7,392.5,217.4,350.2,465.7,561.6,1699.9,771.1,817.5,960.4,137.9,NODATA,950.2,320.7,256.5,580.3,181.2,213.8,90.1,183.1,570.7,372.5,354.1,219.2,267.4,196.69811206852506,11.917987010767675,948.1,1254,NODATA,945,NODATA,948.9,860.3,897.1,810.2,476.4,63.9,385.9000000000001,55.7,108,84,68,2175,14.7
503,1615,1520,1521,1140,912,859,633,234,204,584,462,72.8,148.8,527,323,239,317,629,240,379,647,541,98,592,465,166,363.49999999999994,309,1021,NODATA,892.5,1034.5,827.5,1885,965,88.8,165.6,205,127.2,304.9,426.9,404.8,734.3,449.3,229.6,369.4,488.5,592.5,1902.4,906.9,966.5,1078.4,118.8,NODATA,1073.3,365.8,297.3,667.6,171.7,189.5,81.4,177.8,634.1,393.9,369.4,215.6,276.7,204.20226732010326,25.77110594705188,1028,1378.2,NODATA,1025.7,NODATA,1055.1,965,975.8,909.2,538.6,87.1,397.0999999999999,51.1,105,72.69999999999999,66.5,2400,16
504,1497,1417,1390,1070,844,804,611,259,179.5,540,408.49999999999994,72.9,150.95000000000002,496,314,260,279,539,273,393,599,472,106,594,498,147,381,320,1050,NODATA,930,1040,819,1744,939,89.25,165.3,205.3,119.4,334.6,452.8,405.9,646.9,419.4,203.1,387.3,455.9,511.2,1738.2,739.9,923,1066.9,150.3,NODATA,1061.3,308.6,273.9,592.7,193.2,233.7,98.1,188.7,627.1,404.1,423.2,234.4,259.1,191.2597826968514,20.1263115759689,979.5999999999999,1256.1,NODATA,976.7,NODATA,1022.3,887.5,870.9,829.3,501,71.3,327.5,58.099999999999994,118.6,85.9,65.4,2189,18.3
505,1490,1426,1408,1036,NODATA,752,579,205,200,542,413,63.9,137.3,508,385,302,304,583,348,405,631,494,99.5,566,448.49999999999994,141.5,380,314.5,1171,NODATA,1183.5,1103,783,1727,888,99.2,158.3,196,101.2,302.1,434.5,365.6,634.6,401.1,232,369.2,499.7,560.4,1803.5,690.9,1177.4,1134.2,79.2,NODATA,1094.3,329,264,598.9000000000001,184.4,206.3,85.6,177.6,NODATA,419.2,409.1,230.6,252.3,186.18394418797192,13.20871669455434,913.2,1257.2,NODATA,913,NODATA,993.8,923.5,947.6,834,501.2,62.2,376.70000000000005,54,114.5,76.10000000000001,65.8,2205,17.2
506,1484,1427,1401,1044,821.5,785,595,233,144,524,417,57.9,137,498,303,255,285,550,246,365,607,512,100,598,442,139,321,301,975,NODATA,904,1029,775,1766,938,83.35,164.4,210.10000000000002,137.1,339.4,423.3,388.7,652.8,401.1,178.2,358.6,456.5,514.1,1803.1,820.2,957.4,1024.8,66.9,NODATA,1021.2,339.3,287.1,633.2,195.7,209.7,86.4,181.6,600.1,401.1,375.7,210.8,282.6,205.79311452015673,22.83150165783767,947.8,1282.6,NODATA,947.2,NODATA,1022.8,903.8,943,880.9,487.8,86.9,372.9000000000001,51.1,110.7,68,65.7,2275,15.9
507,1509.5,1422.5,1432.5,1068,846.5,798,561.5,209,162,548,441,60,125.39999999999999,452,257,220,276,482,225,335,585,484,93,572,387,165,298,274,901,NODATA,799,943,770,1782,929,58.25,152.3,203.4,126.6,303.9,349.7,373.2,647.9,402.2,196.8,355.9,457.1,542.4,1666.5,748.4,831.7,959,171,NODATA,932.1,327.6,277,610.7,180.4,206.1,89.5,186.3,559.7,376.9,385.9,226.4,282.6,208.50761375619408,15.112036048690971,977.2,1255.1,NODATA,975.8,NODATA,994.2,885.7,925.1,806.2,494.6,67.3,385,50.4,113.5,75,66.10000000000001,NODATA,15.4
508,1501,1440,1423,1093,879,787,601,202.99999999999997,163.5,563,447.5,51.2,140.45,535,326,251,291,561,223,388,608.5,497,114,572,463,148,392,302,1048,NODATA,858,976,785,1738,946,80.8,159.5,196,122.6,303.2,399.8,371.2,628,423,178.8,370.7,433.5,493.5,1718.7,757.8,921.3,997.2,77.7,NODATA,999.4,344.9,282,638.7,184,221.2,93.5,193.5,598.6,385.5,371.1,215.5,278.6,207.27164856030657,30.949581426100202,973.4000000000001,1281.7,NODATA,972.7,NODATA,1036.9,918,943.5,895.7,509.9,71.6,339.29999999999995,57.5,110,71.3,62.699999999999996,2245,18.700000000000003
509,1551,1484,1460,1109,912,787,581,201,167.5,566.5,441.50000000000006,60,130.2,457,303.5,237.00000000000003,275,500,252,357,634,518,86,568,438,147,335,282,969,NODATA,875,950,815,1797,905,71.65,158.5,200.5,129.6,313.1,391,353.7,618.7,393.4,192.8,343.5,460.6,507.2,1754.8,758.2,907,964.9,152.5,NODATA,952.7,345.2,264.2,615.1,169.8,199.2,83.3,189.1,575.4,375.7,331.7,201.1,259.1,190.5341124746749,20.641425846726897,1016,1323,NODATA,1014.5,NODATA,1066.7,949.1,973.6,863.5,530.6,86,378.79999999999995,53.4,113,77.30000000000001,69.1,2280,14.7
510,1530,1488,1455,1084,833,853,650,291,173,553,438,65.8,131,493,349.00000000000006,268,304.5,591,250.49999999999997,378.5,622.5,501,98,595,447,142,365,291,1085,NODATA,968,1045,854,1814,979.5,91.65,161.6,211,118.9,335.2,412.7,410.8,684.5,412.7,204.5,374.3,465.4,526.7,1832.8,768.2,997.8,1066.4,115.5,NODATA,1067.1,337.6,254.1,602.7,178.7,209.9,87.7,200,622,400.8,407.2,235.3,273.9,199.2275718421773,20.79553933784053,968.5,1284.7,NODATA,966.8,NODATA,1020.3,886.8,932.7,853,499.9,72.6,385.20000000000005,56.7,120.1,71.8,68.7,2269,18.700000000000003
511,1490.5,1413.5000000000002,1398,1050,833,797.5,607,242.5,160,532,418,57.599999999999994,134.5,471,293,222,260,514,202,344,593,483,101,559,448,139,349,320,925,NODATA,768,916,782.5,1754,923,70.55,163.3,192.39999999999998,128.8,305,401.6,353.2,601.3,396.2,210.7,343.4,460.1,490.2,1696.5,732.3,779.3,934.1,85.4,NODATA,928.9,328.9,266.4,607.8,187,217.8,88.6,184.7,545.7,380.7,361.9,221.4,271.3,195.32077205189168,24.881366689555886,982.4,1273.1,NODATA,980.5,NODATA,1026.8,890.1,NODATA,897,489.8,78,360.4000000000001,66.5,112.6,76.3,62.800000000000004,2200,17.3
512,1522,1434,1438,1070,854,814,597,236,176,538,406,58,144.3,503,331,237,287,549,238,394,596,492,98,571,413,153,323,268,997,NODATA,951,1033,799,1765,934,79.9,161.7,198,120.7,302.6,386.4,366.5,649.2,416.1,220.6,370.3,475.6,563,1750.7,779.9,974.9,1057,112.5,NODATA,1054,322.3,257.8,585.8,175.8,208.6,89.6,186.6,612.5,397.4,384.7,231.3,259.4,195.87259996102128,13.480889814932786,952.8,1267.3,NODATA,952.3,NODATA,993.1,890.9,944.3,840.3,484.9,64.4,392.4000000000001,49.400000000000006,103.5,73.89999999999999,64.9,2215,17.8
513,1573,1495,1479,1121,919,805,619,246,176.5,564.5,447.5,65.85,148.2,521.5,335.5,254.5,288,598,231,379,640,517,102.69999999999999,592,467,141,352,332.29999999999995,1097,NODATA,876,989,780,1839,951,87.6,170.7,207.2,138.4,336.7,461.7,399.5,654.7,429.1,239.3,386.1,493.7,544.9,1763.9,827.6,939.7,1034.7,108.3,NODATA,1037.4,345.7,279.9,640.7,181.8,207.2,90.5,188.7,633.7,384.9,389.9,228.1,269.3,205.63520634753831,22.14315749635785,1027.5,1310.1,NODATA,1026.8,NODATA,1069.5,928.2,971.9,919.2,530.4,83.2,373.39999999999986,53.5,111,73.7,61.5,2310,17.4
514,1548,1490,1450.5,1054.5,867.5,802,627,260,193,548,391,62.800000000000004,145.65,545,428,330,355,585,361,418,664,515,114.9,593,539,142,388,327,1235,NODATA,1172,1154,862.5,1803,973,114.65,163.6,207,125.3,351.3,492.5,454.2,725.7,435.1,216.7,420.6,515.6,581,1981.5,787.7,1235.4,1179.7,14.7,NODATA,1194.9,339.9,266.4,616.9,206.6,229.5,95.1,188.7,671.1,434.1,442.4,259.6,292.5,211.73178188582318,13.769505266889144,927.9000000000001,1266.3,NODATA,927.7,NODATA,1016.3,915.1,902.4,913.2,487.9,73.7,392.79999999999995,57.9,116.89999999999999,84.7,72.8,2240,21
515,1511,1433,1435.5,1074,867.5,809.5,583,216,183,579,442,68.1,145.1,489,348,277,289,603,278,389,611,484,111.4,569,490,139,367,313,1095,NODATA,963,1047,850,1786,935,89.55,161.2,195.7,125.3,326.1,410.6,394.1,649.3,400.9,230.3,377.9,465.1,514.4,1764.7,841.3,1015.1,1074.9,101.2,NODATA,1072.3,335.8,262.5,601.6,185.4,210.2,89.2,206.8,NODATA,406.4,410.8,232.3,274.9,202.63392193341224,17.88977419002378,995.7,1275.3,NODATA,994.1,NODATA,1031.3,895.3,908.4,894.5,522.4,84.4,373.4000000000001,61.5,124.9,83.4,68.89999999999999,2295,16.1
516,1558,1496,1497,1126,899,822,603,209,190,579,446,59.900000000000006,142.4,502,341,268,307,578,262,381,629,508,107,563.5,456.50000000000006,154,352,286.5,1083.5,NODATA,940,1027,800,1831,942,86,155.5,200,126.8,346.9,408,390.8,679.6,418.4,197.1,373.5,451.8,535.8,1795.3,781.8,976.2,1048.4,156,NODATA,1050.8,358.6,267,634.5,175,205.3,84.8,196.8,637.4,385.3,404.8,228.6,261.4,193.85192959105046,19.819471529595173,1030.3,1323.4,NODATA,1025.5,NODATA,1044.7,946.2,970.1,874.3,524.3,73.3,378.4000000000001,52.199999999999996,105,68.8,65.7,2340,16.8
517,1516,1441,1430,1075,880,800,580,205,175,562,442,63.3,138,523,317,234,290,640,215.5,364,597,494.00000000000006,99,587.5,435,149,413,330,1074,NODATA,839,954,785,1777,933,79.75,159.5,212,142.2,321.2,422.2,385,576.9,413.6,208,394.4,482.5,463.1,1681,716.9,834.7,994.3,64.8,NODATA,981.2,336.5,271.6,625.0999999999999,187.1,212.8,89.7,195.7,590.9,376.5,379.2,219.7,277.7,199.22634783190492,19.39701998677333,975.5999999999999,1260.9,NODATA,976.7,NODATA,1086.7,905.5,957.9,910.8,508.8,82.2,369.9000000000001,56.4,129,90.7,62,2235,18
518,1517,1428,1414,1071,845,846,607,236,200,562,409,65.5,140,543,356,298,312,600,279,435,623,473,104.5,581,446,135,398,324,1150,NODATA,1063,1148,820,1744,961,101.45,161.4,205.5,123.7,325.1,459.2,399.6,647.8,429.5,227.8,370.2,481.2,549.5,1799.7,774.4,1090.7,1180.5,100.6,NODATA,1174.5,337.5,279.5,630.2,191.7,211.6,85.7,182.3,731.9,429,439.5,245,262.5,190.93607178912387,24.96278983080702,932.1,1238.8,NODATA,931.4,NODATA,1001.7,885.7,925,831.5,484.4,85.3,366.29999999999995,54.900000000000006,109.75,74,64.1,2220,17.5
519,1465,1387,1375,1055,836,773,584,237.00000000000003,188,541,403,64.5,138.9,488,284,233,268,524,233,361,590,466,102,543,394,146,386,314,971,NODATA,855,996,770,1709,897.5,78.65,153.6,190.2,118.5,310.7,390.1,332.5,608,395.2,205.9,349.7,453.3,521.5,1697.2,794.6,878.4,1022.6,163.2,NODATA,1024.2,311.3,257.2,575.3,166.8,202.6,88.2,179,659.4,397.6,402.9,217.8,253.7,186.23757845083117,25.798882857203257,943.9000000000001,1238.1,NODATA,942.3,NODATA,968.6,860.2,887.6,780.7,487,66.2,362.20000000000005,55.9,107.10000000000001,79.1,66.3,2120,18.2
520,1439,1361,1353,1000,799,736,560,194,167.00000000000003,509.5,381,65.3,152.10000000000002,502.5,339.5,267,355,563,283,401,607,488,103,591,441,150,332,283,1079,NODATA,1038,1069,825,1700,886,87.8,170.3,204.1,116,329.5,429.9,369.7,665.3,392.3,214.8,363,466.6,545.8,1738.5,749,1022,1082.8,105.4,NODATA,1071,337.6,256.7,597.5999999999999,172.2,193.1,81.3,177.9,645.5,396.4,404.6,233.6,261.5,193.4916819913892,20.606723808413175,914.3,1248.5,NODATA,912.9,NODATA,956.5,869.8,858.8,808.9,469.9,58.7,373,48.2,103,65.3,58.4,2135,15.4
521,1471,1380,1381,1005,808,805,582,234,191,528,406,62,140.6,559,372,282,299,644,266,403,618,497,103,572.5,460,162.99999999999997,444,345,1155.5,NODATA,965,1096,820,1724,922,100.6,166.2,201.70000000000002,124.4,315.1,432.8,398.2,658.1,443.8,205.1,419.8,479.3,502.8,1782.4,822.6,988.3,1134.6,157.3,NODATA,1126.7,308.6,247.8,566.3,187.5,219.8,92.9,178.8,NODATA,428.1,433.6,251.5,261.6,193.51557272154793,26.51160363706509,953.5999999999999,1243.5,NODATA,951.7,NODATA,998.1,869.4,864.9,796.3,472.6,83.8,385.89999999999986,53.5,99.39999999999999,73.7,62.300000000000004,2145,16.1
522,1559,1485,1481,1126,923,790,608,224,165,569,452,66.8,124.60000000000001,475,289,231,246,558,242,334,631,505,97,586,421,151,333,284,946,NODATA,855,934,895,1811,894,75.9,159.2,210.3,127.6,318.3,386.6,366,627,402.5,179.3,371.5,450.2,510.9,1728.8,812.6,911.9,994.9,168.4,NODATA,952.8,345.2,290.1,643.3,188.2,219.5,90.5,200.4,570.2,400.7,361.9,216.2,269.2,193.8640943546304,20.62851644265168,1030.6000000000001,1330.6,NODATA,1030.1,NODATA,1079,949.1,970.4,862.2,525.9,74.5,372.3000000000002,56.349999999999994,118.6,74.45,67.05,2321.5,17.05
523,1573.5000000000002,1510,1495.5,1110.5,897,852,645,258,179,570,444,66.5,137.20000000000002,517,320,250,281,570,220,403,610,477,108.5,594,435,150,369,318,1028,NODATA,877,1029,766,1848,995,88.15,170.2,202,123.1,332.6,405.3,387.4,679,412.3,201,381.1,486.6,532.4,1836.7,811,924.4,1066,190.4,NODATA,1047.9,349.8,261.9,618.5999999999999,188.4,221.3,91.4,200.4,641.9,403,401.4,252.8,279,204.57601400982634,22.556798622918,1038.1000000000001,1355,NODATA,1036.9,NODATA,1069.3,901.5,945.4,847.7,511.2,88.9,403.3000000000002,57,125,81.7,64.6,2336,17.6
524,1454,1387,1389,1026,834,750,589,225,163,537,411,58,134.2,472,317,267,279,526,277,340,589,466,95,558,403.49999999999994,150,330,271.5,1021.5,NODATA,941.9999999999999,926,745,1706,880,74.15,158.4,192,125.7,315,390.1,372.1,604.7,396.8,218.5,369.7,471.1,532.9,1697.8,781.8,982.6,959,29.8,NODATA,944,321.3,252.4,578.1,179.8,207.1,87.9,180.5,552.5,388.1,368.6,217.7,256.1,188.49913789210123,18.123650824943848,911.6999999999999,1195.2,NODATA,911.6,NODATA,968.9,863.8,915.8,881.9,498.6,76.1,352.70000000000005,54.3,106.30000000000001,67.30000000000001,64.1,2147,18.2
525,1521,1458,1465,1033,840,875,648,287,185,548,406,59.3,142.3,515,369,273,296,571,289,384,592,484,102,585,455,140,357,305,1105,NODATA,1012,1027,745,1786,974,91.75,164.2,204,118.2,347.9,419.4,376.5,638.6,400.4,207.3,393.7,512.8,497.9,1855.5,824.8,1038.2,1056.7,191.4,NODATA,1032.3,327.7,235.5,571,199.9,215.9,90,207.2,614.4,420.8,383,231,262.8,194.96240957051174,22.175560324980356,1012.3,1304,NODATA,1011,NODATA,1044.3,886.3,904,820.9,502,85.6,438.60000000000014,60,121.75,90.7,70.75,2245,18.3
526,1470,1389,1402,1007,821,801,587,225.49999999999997,161,524,404.5,57.5,137.89999999999998,458,303,224,249,543,233,350,587,455,102,579,414,140,310,283,936,NODATA,818,928,740,1731.4999999999998,916,69.35,163.2,204,124,309.6,392.7,340.5,597.1,386,205.7,348.7,482.8,518.8,1683.7,764.5,866.3,954.6,136,NODATA,957.2,320.2,249.8,575.9000000000001,173.4,211.5,87.9,181.2,569.9,372.5,354.1,216.1,265,188.4926089022304,17.477003692933856,935.9,1220.6,NODATA,935.1,NODATA,972.2,842.3,903,799.9,448.7,77,395.5999999999999,61.900000000000006,112.30000000000001,82.2,69.7,2157,18.2
527,1568,1481,1479,1068,856,860,641,259,192.99999999999997,552,432.5,60.9,143.25,501.50000000000006,335,245,318,561,262,381,624,517,103,579,458,138,352,303,1030,NODATA,946,1045,815,1837.5,1007,89.4,163.6,199,123.7,302.2,392.2,395.2,679.9,411,219.2,378.7,508.7,561.1,1857.5,854.9,981.6,1062.7,117.6,NODATA,1060.2,352,253.1,612.9000000000001,192.5,225.4,94.1,197.1,592.2,405.8,397.3,242.9,272.7,207.94008429510222,21.519916087694828,983.2,1317.3,NODATA,981.5,NODATA,1035.3,905.2,932.9,865.6,494.7,72.3,422.5,54.400000000000006,135,93.3,66.2,2275,19
528,1582,1499,1492,1106,902,818,606,215,175,559,451,61.8,129.2,479,301,249,288.5,530.5,206.5,349,630,513,93.1,572,423,160,363,309,992,NODATA,786,944,795,1844,948,76.06,155,203.9,128.2,306.3,367.1,369.4,660.8,405.9,210.3,350.4,489.2,551.9,1709.7,721.8,840.4,970.4,98.3,NODATA,972.1,347.5,279.4,637.2,170.4,207,87.6,194,566.4,374,352.2,212.4,267.3,198.90929934257545,20.28702285452416,1021.5,1339,NODATA,1021.3,NODATA,1057.4,959.2,965.2,923.2,512.4,78.1,396.79999999999995,52.5,111.4,79.3,69,2365,16.7
529,1603,1518,1512,1095,911,843,616,252,177,574,453,66.5,142.4,518,305,252,302,608,242,372,626,506,107.4,588,459.5,147,423.49999999999994,331.5,1052,NODATA,877.5,1027.5,813,1870,994,89.325,163.8,206.20000000000002,126.7,311.7,425.8,421.4,694.4,403.8,240.8,375.7,513.3,545.5,1828.3,820.4,905,1017.5,118.3,NODATA,1053.1,327.9,273.8,613.9000000000001,188.9,216.7,94,198.2,598.8,407.5,396.5,225.5,278.3,203.86657048894722,18.86899945506142,1032.9,1321.1,NODATA,1032.3,NODATA,1061,910.9,937.7,914.6,537.3,79,435.39999999999986,54.3,124,73.5,71.2,2356,17.4
530,1506,1421,1414,1042,869,791,585,223,158,538,424,65.3,133,462,293,221,288.5,455,212,361.50000000000006,608.5,490,104.25,569,452,160,322,291,932,NODATA,767,925,820,1775,932,69.2,163.2,203.5,126.5,302.9,403.1,359,619.7,410.1,206.1,342.8,476,514.1,1670.7,733.1,851.8,949.7,25.1,NODATA,953.1,331.3,260.7,595.0999999999999,168.2,200.5,87.5,192,548.9,380.1,350.7,210.8,279.8,201.80418603089407,25.230208930714227,953.7,1280.3,NODATA,953.4,NODATA,1023.2,899.9,916.4,928.6,480.5,64.9,376.29999999999995,48.7,113.5,80.19999999999999,63.8,2245,16.299999999999997
531,1443,1351,1372,1032,811,799,571,232,182,531,406,57.400000000000006,130,445,294,239,283,534,298,362.5,596,482,96.55000000000001,571,401,140,370,297,970,NODATA,965,1027,780,1705,929,83.3,157.4,200,118.4,331.2,403.7,365.9,623.6,373.7,213.1,364.2,439.1,506.8,1735.3,773.6,1017,1054.2,106.3,NODATA,1040.4,311.7,244,566.4,179.1,216.2,88,177.3,NODATA,407.3,429.3,232.3,265.6,189.45902863753685,23.8024080513813,891.5,1223.2,NODATA,890.8,NODATA,969.7,850,877.7,785.2,468,69,355.29999999999995,49.1,111.6,81.89999999999999,61.7,2097,12.8
532,1545,1486,1476,1083,872,837,625,257,174,556.5,438,58.5,134.1,510.5,334,224,272,568,218,347,613,503,106,573,430,152,349,292,977,NODATA,778,953,747,1798.5000000000002,952,75.95,157.9,203,118,314.5,397.9,356.7,666.9,423.4,204.9,340,483.6,565.1,1745,796.4,854.6,973.9,53.3,NODATA,957.2,334.8,263.3,608.4,167,198.7,84.4,192.7,577.4,380.2,378.6,219.2,273.6,204.1091229145792,19.49268485360427,976.5999999999999,1311.1,NODATA,976.1,NODATA,1006.7,887.2,937.4,923.3,503.5,84.6,409.5,48.9,116.7,75.19999999999999,64,2275,17.4
533,1494,1407,1420,1038,887.6,775,558,190,190,564,446,67.30000000000001,146.8,545,354,294,276,613,309,416,646,527,103,595,433,167,400,314,1149,NODATA,1112,1135,803,1728,878,101.8,169.9,203.14999999999998,NODATA,NODATA,441.3,397.1,665.4,419.8,231.8,383.5,467.6,534.9,1796.9,739.6,1113.1,1160.5,73.9,NODATA,1160.3,331.9,274,612.2,184.9,205.3,86.6,182.6,702.8,414.2,438.4,231.9,275,202.38811802168732,26.393213450396782,932.1,1249,NODATA,931.8,NODATA,988.4,894.9,913.5,858.2,493.9,69.3,382.1999999999998,54.2,104.3,69.5,67.30000000000001,2234.5,14.8
534,1600,1516,1514,1125,909,871,636,239,192,569,448,64.6,140.7,531,331,249,301.5,598.5,257,396.50000000000006,638,508,102.5,584,464,155,412,343,1064,NODATA,956,1062,803,1879,999.5,97.55,157.2,203,129.7,312,412.7,430.9,688.5,428.4,220.6,387.2,501.3,562.8,1828.4,772.9,969.5,1084.2,156.1,NODATA,1051.7,359.2,283.9,655.5999999999999,175.3,205,86.1,193.9,665.7,390.3,394.6,219.3,274.4,206.74858577983557,25.890178600736526,1016.9,1316.6,NODATA,1014.7,NODATA,1073.4,943.6,984.6,860.8,505.4,79.5,401.9000000000001,56.900000000000006,126.7,80.60000000000001,64.2,2340,19.4
535,1481,1434,1413,1010,820,824,635,275,191,535,403,64.4,143.3,508,365,311.5,285,631,296.5,378,585,440,99.5,591,489,136,384,314,1194,NODATA,1108,1055,915,1735,926,102.15,169.1,200,119.1,354.8,474.3,395.5,729,412.5,205.8,364.5,503.5,590.6,1918.4,880.2,1017.3,1103,22.5,NODATA,1072.6,296.3,258.5,558.6,185.3,223,93.1,188.4,621.6,436.2,420.3,241.3,261.7,188.75882129875748,12.299676730849528,902.5,1258.7,NODATA,902.3,NODATA,938.2,842.8,870.5,880,479,77.3,405,56.5,118.4,86.19999999999999,67.30000000000001,2205,17
536,1540,1483,1462,1083,889,791,614,244,184.5,564,436,63.8,147.5,508.5,341.50000000000006,257,289,572,274,377,632,507,101,560,452,152,376,308,1068,NODATA,920,1029,755,1797,928.5000000000002,85.45,166.9,189,115.2,326.4,433.7,376.6,651.7,407.7,197.3,388.3,485.6,531.1,1751.3,780.8,943.2,1053.8,129.6,NODATA,1017.7,334.7,259.7,601.9000000000001,178.2,224.5,93.5,190,617.4,400.3,378,217.9,273,194.35776201416198,22.914038879511057,978.8000000000001,1313.7,NODATA,978.1,NODATA,1051.2,927,973.6,849.2,518.9,76.4,378.9000000000001,54.6,109.60000000000001,82.6,61.4,2307,18.5
537,1515.5,1438,1433,1054.5,830.5000000000001,823.5,590,231,179,533,429,61.3,137.5,488,283,240,267,551,222,355,594,497,101,561,439,157,384,324,1031,NODATA,845,972,727.5,1794,940,81.4,165,195.10000000000002,128.4,311.1,397.1,371.2,645.3,436.7,222.4,377,482.4,527.3,1786.4,788,863.8,989.2,143,NODATA,1015.5,310,272.8,592.9,190.6,204.2,86.8,173.5,613.4,386,395.7,222.2,268.3,197.7379036943396,19.741447527404695,974.4,1283.6,NODATA,973.4,NODATA,1020.4,875.5,911.1,831.4,470.5,68.7,390.0999999999999,54.1,108.80000000000001,70,61.8,2245,15.4
538,1557,1469,1466,1101,871,832,604,211,198,570,444,63.2,144.4,506,354,277,286,630,270,398,644,515,101.5,570.5,486.50000000000006,146,433.49999999999994,355,1084,NODATA,939.4999999999999,1076.5,828,1828,977,97.8,159,197.10000000000002,117.5,311.6,421.1,410.7,675.4,390.1,233.5,368.2,476.2,533.5,1861.9,860.3,959.9,1095.8,138.6,NODATA,1105.9,347.4,292.7,649.9000000000001,193.6,215.5,91.4,183.3,660.5,419.7,412.4,230.8,278.4,198.20762845548185,28.04810575455307,1008.4,1301.6,NODATA,1006,NODATA,1048.3,938.5,921.2,869.8,504.3,79.5,385.10000000000014,52.400000000000006,112.2,79.3,71.10000000000001,2305,17.9
539,1606,1521,1517,1108,902,873,647,265,187,572,443,67.1,156,519,345,254,303,548,315.5,409,620,501,104.35,599,445,160,373,316,1044,NODATA,1093,1066,803,1880,1006.5,99.7,173.1,206.5,113.1,345.2,425.2,403.3,659.1,417.8,258.1,380.3,537.9,573.5,1921.5,831.8,1105.4,1090.8,87.1,NODATA,1085.2,341.6,275.2,628.4,197.9,234.5,99.2,210.3,608.5,423.8,412.1,243.1,298.2,211.64666968319744,17.84782218914388,1028.3999999999999,1322.5,NODATA,1027.9,NODATA,1078.6,937.6,955.2,941.3,513.3,69.3,411.5,58.4,134.9,89,85.7,2335,17.9
540,1451.5,1375.5,1358,999,821.5,757,558.5,199,175,512,408,62.400000000000006,134,499,324,243,277,572,228,369,589,465,93,563,449,129,375,295,1010,NODATA,878,1009,799,1706,915,75.5,159.8,196.6,128,302.4,405.2,379.3,648.5,383.2,216,327.7,470.1,533.1,1671.5,737.5,883.9,1008.7,174.1,NODATA,1026.6,309,254.1,568.1,164.2,196.1,85.1,193.8,625.6,381.4,383.5,219.8,268.2,194.15456150029388,20.346259329685726,929.7,1198.7,NODATA,928.6,NODATA,940,835.1,865.7,755.6,465.7,67.2,388.70000000000005,49.699999999999996,123.69999999999999,83.5,63.099999999999994,2177,14.9
541,1451,1373,1368,1020,825,795,589,242,156,521.5,413.5,62.699999999999996,135.45,446,285,227,253,510,227,338,569,456,95,576,436,136,295,267,880,NODATA,765,891,750,1714,915,63.75,166.4,197,121.1,279,376,346,592.5,389.5,212.4,338.4,472.3,509.1,1643.5,770,798.1,924.8,141.5,NODATA,899,309,242.6,556.8,163.5,183.5,77,171.8,539.9,364.3,379.8,216,261.9,189.17040314891418,25.3403439147372,921.2,1225.2,NODATA,920.8,NODATA,982.3,855.6,887.9,779.7,480.1,77,350.89999999999986,53.4,111.4,74.6,62.1,2145,15.1
542,1506,1412,1419,1081,894,749,544,188,176,565,439,64,137.3,473,264,230,278,591,235,335,591,483,91.5,559,412,163,314,285,912,NODATA,845,908,805,1719,863,69.45,159.7,192.3,115.7,293.6,389.4,338.7,558.4,388.3,198.9,308.8,456.7,477.9,1669.3,736,872.3,934.5,144.9,NODATA,932.4,341.3,272.6,614.5,169.4,193.6,84.5,187.2,563.6,368.7,359.7,202.8,257.4,190.01107442792176,24.58617268940179,979.9,1265.4,NODATA,978.7,NODATA,1049.9,907.4,920.6,835,511.4,69.4,352.1999999999998,45.55,120.45000000000002,80.8,67.69999999999999,2207.5,15.600000000000001
543,1498.5,1434,1435,1064.5,884,767,607,245,161,545.5,424.5,67.30000000000001,152.10000000000002,483,346,266,283.5,571,240,361,614.5,500.5,92.45000000000002,563.5,449.5,148.5,328,280,1064,NODATA,945,1025,870,1753,901,79.75,158.2,189,116.9,321.2,407.3,382.6,656.9,406.5,189.6,373.9,446.6,528,1710.7,748.8,966.9,1039.1,114.6,NODATA,1040.1,329.9,259.8,597.1,176.9,198.8,84.1,179,605.5,393.6,364.1,228.9,256.9,195.0927073858928,13.267409871919071,972.4,1259.8,NODATA,971.4,NODATA,999.4,904.4,919.9,857.8,489.1,66.6,364.0999999999999,49.900000000000006,105.5,76.5,67.2,2255,16
544,1400,1306,1328,957,786,737,546,211,179,513,388,63.75,134.4,500.99999999999994,307,263.5,277.5,562,254,391,576,464,94,562,391,173,378,285,1046,NODATA,944,1013,695,1631,871,78.95,159.7,200,111.8,277.6,378.4,374.5,583.1,407.6,200.8,327.7,459.9,464.9,1690.5,761.4,953.7,1042.4,141.8,NODATA,1027,304.9,241.8,555.4,174.8,201.8,82.5,178.5,NODATA,390.4,398,223.5,246.6,180.47978061326114,20.05484278028777,894,1161.2,NODATA,891.2,NODATA,962,833.8,846,752.2,455.8,78,361.69999999999993,53.099999999999994,113,74.2,64.6,2047,15.3
545,1515,1445.5,1448.5000000000002,1096.5,NODATA,796.5,600,244.5,178,569,467,55,137.10000000000002,516,291,265,304,608,256,371,599,499,102,572,466,164,393,344,1033,NODATA,941,1043,770,1760,918,89.35,161,199.7,122.6,307.7,437.6,378.1,662,427.6,192.3,364.4,453.4,516.9,1783.4,792.1,968.3,1052.3,84.2,NODATA,1048.6,326.9,287.9,620.5,200.8,211.3,92.3,190,625.7,401.6,390.8,215,269.8,195.3728041282311,22.327044092809427,980.1,1304.4,NODATA,979.3,NODATA,1026.7,918.1,950.5,895.9,521.4,79.4,359.5,52.300000000000004,105.5,66.7,63.7,2270,14.5
546,1499,1409,1425,1057,853,784,567,190,167,551,419,76.10000000000001,149.3,451,287,259,284,456,232,359,616,489,99,579,432,158,334,280,951,NODATA,896,977,901,1751,912,76.75,164.4,203.6,121.5,297.9,393.8,376.5,625.7,380.7,225.3,340.6,470.8,556.2,1710.5,764.2,931.4,1002,129.4,NODATA,994.2,338.6,258.3,599.2,177.3,199.3,85,193.5,587.9,407.2,406.8,233.1,263.6,191.2792939752121,18.80743386758476,966.4,1240.3,NODATA,962.7,NODATA,994.3,893,902.4,837,502.5,67.2,379.29999999999995,46.7,112.4,76.39999999999999,71.55,2198,17.349999999999998
547,1565,1498,1487,1086,872,830,628,260,183,545,432,61,135,498,338,282.5,307,533,294,423,637,517,103.4,569,408,140,347,308,1072,NODATA,1037,1096,805,1815,970,94.75,155.2,197.5,121.3,334.6,369.6,393.9,619.9,385.6,238.4,349.8,501,539.7,1937.8,873.1,1099.7,1130.6,48.4,NODATA,1127.6,332.6,258.3,602.9,182.8,206.6,84,183.7,604.8,411.9,405.1,240.1,268.2,193.97687102980322,20.336436376675334,952.8,1279,NODATA,952.7,NODATA,1063,922.7,960.5,904.4,496.9,88.4,398.20000000000005,51,121.6,85.5,60,2216,19.2
548,1550,1480,1468,1112,908,824,614,238,199,569,434,61.2,141.5,545,361,280,290,615,274,434,641,523,104,584,431,141,374,312,1118,NODATA,1044,1137,804,1809,947,100.9,157.4,207,133.9,321.9,394.8,385.3,692.5,406,221.5,397,462.4,552.2,1825,778.9,1036,1180.3,135.3,NODATA,1174.1,341,280.8,636.4,189.5,206.4,88.1,191.6,NODATA,429.4,429.2,248.1,286.5,210.55303771710714,23.766712841763347,991.7,1317.7,NODATA,989.4,NODATA,1021.7,910.2,954.4,856.4,500.4,89.6,374.5,52,117.95,83.9,64.7,2311,15.3
549,1597,1511,1512,1128,935,822,597,209,156,576,464,60.9,131.5,465.5,277.5,214.5,303,507.5,208,360,629,498,100.5,573,416,147,291,276,854,NODATA,811,927,792,1857,952.5,68.55,165.8,198.29999999999998,116.7,275.9,357,335.7,616.5,387.4,217.8,299.7,461.2,530,1660.4,737.4,868.6,953.6,125.8,NODATA,953.3,369.3,264.1,644.7,173.2,209.5,87,208.5,545.4,377.8,367.5,216.7,277.9,202.1811166492628,18.158440984615126,1037.6,1353.5,NODATA,1036.2,NODATA,1076.5,958.2,982.5,911.8,519.4,79,386.5,48.2,122,82.30000000000001,61.3,2371,18.400000000000002
550,1532,1452,1437,1043,838,845,640,264,174,546,431,67.6,145.7,506,297,249,305,501,243,383,591,471,102,587,434,161,342,293,993,NODATA,891,1012,780,1781,977,83.4,173.2,197.99999999999997,131.4,321.8,435.5,347.7,680.3,417,228.4,379.9,512.2,611.6,1814.6,761.4,933.5,1032.7,83.3,NODATA,1029.1,336.8,262.1,605.7,178.2,214.1,89.8,187.3,635.1,404.9,388.4,230.7,272.3,209.6636328306806,20.197871312809312,932.5999999999999,1290.9,NODATA,932.1,NODATA,960.5,862.1,928,849.3,480.8,74.5,407.10000000000014,61.6,115.6,79.6,67.8,2235,15.3
551,1636.0000000000002,1561,1527.5,1144,916,869,659,267,176,589,450,73.60000000000001,154,507,371,276,299,588,307,391,662,526,102.30000000000001,598,467,141,349,309,1138,NODATA,1036,1042,876,1890,991,99.65,158.1,210,120.2,352.9,434,421.8,683.8,407.6,225.9,383.7,514.8,552.5,1894.4,788.3,1062.4,1070.3,152.9,NODATA,1000.4,354.5,279.2,639,191.2,207.3,88,197.8,616.4,398.5,392.7,231.6,280,205.99155527068694,16.819545945882172,1030.9,1369.9,NODATA,1030.5,NODATA,1111.2,980.2,988.9,878,530,81.8,408.4000000000001,58.9,112.89999999999999,74.1,71.8,2380,19.4
552,1503,1444,1424,1075,860,735,558,191,169,551,409,69,140.39999999999998,449,305,241,271,512,291,363,617,502,99,571,403,142,329,281,970,NODATA,968,1006,760,1757,905,79.9,159.4,197.40000000000003,118.6,284.1,358.8,342,594.3,367.7,210.3,340.9,442,508.9,1730.5,762.9,990.6,1030.7,174.2,NODATA,1011.5,334.6,268,608.6,186.8,209.7,86.6,182.7,624.2,404.8,374.2,214.4,263.2,195.2866622965941,21.491588748667613,1010.8,1286.9,NODATA,1010.1,NODATA,1037.2,899.8,937.3,836.6,515.6,77.8,361.29999999999995,48.2,103.9,77.69999999999999,60.9,2218,16.5
553,1549,1468,1471,1082,883,812,607,224,187,563,435,67,137.5,522,322,246,296,588,237,374,618,497,96.7,581,443,150,355.5,312,1067,NODATA,898.5,1028,785,1822,967,86,156.1,205.7,128.9,330.5,417.9,377.9,635.8,439,232.7,375.3,491.1,510.8,1748.7,781.9,925.3,1055.4,171,NODATA,1046.5,344.9,269.4,621.5,175,208.7,90,196.3,612.7,387.8,394.2,219.3,270.1,193.95835768432732,22.223235931551073,1006,1301.1,NODATA,1005,NODATA,1053.4,906.3,944,835,496.6,76.2,409.9000000000001,65.8,122.8,79,62.300000000000004,2365,16.8
554,1617,1530,1520,1126,925,810,593,197,189,593,463,69.1,146.6,516,343,276,294,625,317,386,642,517,91,577,443,168,370,306,1064,NODATA,1028,1043,840,1869,961,94.9,169.3,192.99999999999997,122.1,325.4,435.8,407.3,721.9,414.7,217.4,379,508.9,589.4,1837.6,861.7,1020.2,1062.4,137.8,NODATA,1052,377.2,277.4,667.2,185.9,207.7,86.4,194.8,647.3,409.5,387.5,235.3,277.6,199.81884467149655,17.078471654873784,1032.9,1360.5,NODATA,1031.8,NODATA,1056.7,973.7,1010.7,895.1,556,77.1,410.5,54.6,122.74999999999999,83.2,64,2367.5,17.4
555,1656,1605,1574,1197,992,868,663,275,206,606,464,64.4,151.3,539,373,306,315,608,324,431,689,558,110,600,507,131,410,334,1149,NODATA,1114,1178,860,1930,988,116.05,169.9,203.5,147.9,358.8,428.8,399,717.9,395.1,220.3,404,491.7,562.1,1972.3,845.3,1099.2,1182.9,138.1,NODATA,1186.1,381.7,293.3,690.3,192.9,213.6,90.8,206.9,NODATA,439.5,415.3,240.1,282.7,210.93978314791525,22.700859776069265,1103.7,1447.7,NODATA,1101.6,NODATA,1132.8,1007.3,1025.2,965.6,550.8,83.2,398.5,54.6,118.94999999999999,77.9,62.2,2452.5,19.5
556,1561,1474,1457,1125,910,803,591,203,179,572,456,62.400000000000006,138.5,481,302,227,284,498,212,353,633,521,100,579,456,148,337,294,967,NODATA,824,982,775,1809,926,76.3,164,198.14999999999998,131,302.2,410.7,381.7,647.3,411.2,203.2,359.5,453.3,547.7,1767.2,791,879.4,1009.5,177.7,NODATA,987.2,347.4,266.2,617.7,178.5,208.5,83.9,187.8,585.9,394.5,363.1,228.1,279.3,210.43532469106188,18.86061543047419,1039.4,1303,NODATA,1038.5,NODATA,1045.4,944.7,1011.9,861.7,531.1,76.4,346.6999999999998,52.400000000000006,115.75,76.2,64,2290,17.349999999999998
557,1603,1531,1499,1117,895,852,617,238,180,567,448,66.7,141.6,478,324,238,282,511,285,370,626.5,508,105,571,446.5,170,323,293,995,NODATA,968,990,835,1855,985,83,159.2,200,NODATA,NODATA,434.5,364,623.1,416.1,243.7,368.8,524,550.4,1853.6,812,963.6,1031.4,111.4,NODATA,1030,334.7,271.6,615.2,186.4,211.2,87.6,187.3,565.6,410.7,413.9,250.6,272,191.6728382562265,17.80340228121584,1006.1,1326.3,NODATA,1004.3,NODATA,1082.8,927.1,952.9,894.7,504.8,80.3,385.70000000000005,56.2,117.69999999999999,80.19999999999999,70.1,2342,15.600000000000001
558,1577,1483,1471,1074,890,837,603,234,183,574.5,448,67.5,136.25,486.5,317,273.5,299.5,605,240,388,610,493,113.2,578,429,145,382,313,1074,NODATA,899,1034,775,1803,947,88.4,153,203,130.8,288.7,397.8,418.4,701.1,377.3,242.1,366.3,517.7,599.5,1853,765.8,936.1,1065.9,107.3,NODATA,1056.9,347.2,278.1,639.2,181.2,212.2,90.6,193.6,627.5,401.3,391.2,240.7,284.6,210.91754389585608,20.14299705589525,950.8,1275.8,NODATA,950.3,NODATA,1004.7,904.1,932.4,843.5,508.9,64,406.9000000000001,54.900000000000006,112.30000000000001,78.5,60.8,2263,15.5
559,1534,1459,1428,1104,878,766.9999999999999,596,226,202,572,425.99999999999994,67,152.4,546,401,333,324,641,346,438,660,513,106.30000000000001,601,478,158,371,311,1219,NODATA,1207,1152,825,1761,934,114.4,169.2,205,135.3,386.6,463.3,398.1,700.4,426,235.9,403.9,457.9,559.3,1901.2,807.9,1210.9,1182.8,94.6,NODATA,1190.3,337.3,272.5,619.4,196.7,205,85.4,180.2,NODATA,476.5,439.3,265.7,272.5,208.75090212871297,14.30273354398489,951.1,1304.9,NODATA,951.3,NODATA,1011.6,925.7,935.7,856.5,516.2,91.3,333.29999999999995,58.7,110.5,75,73.60000000000001,2235,18.1
560,1470,1391,1406,1025,836,787,573,226,191,535,401,63.2,141.9,521,346,266,274.5,601.5,270,361,602,488,97.5,590,428,160,352,307,1066,NODATA,990,1017,767,1739,940.5,85.3,163.4,198.5,113.6,323.5,390.2,396.4,631.3,414.8,210.7,352.9,464.9,494.4,1732.5,764.8,994.7,1048.6,123.6,NODATA,1032.9,316.5,256.7,584.8,190.1,199.2,85.2,183.4,NODATA,398.1,409.6,236.5,263.4,199.74094649811832,17.517590960079115,933.2,1228.6,NODATA,932.4,NODATA,1005.2,867.7,891.3,809.6,483,68.1,401.4000000000001,54.6,111,84.1,69.3,2195,15.600000000000001
561,1633,1565,1543,1154,952,826,623,222,182,601,483,63,145.5,511,305,225,294,561,248,344,645,534,103,580,455,158,393,333,1017,NODATA,840,964.4999999999999,860,1904,960,84.65,162.8,196.95,127.9,306.1,394,376.3,661.9,425.8,219.1,377.1,487.9,542.5,1827.2,823.2,865.3,994.9,148.3,NODATA,992,360,275.7,651.7,182.2,212.8,90.5,199.9,604.2,389.1,398.7,232.2,268.5,192.5365181920608,18.020769679512693,1067.6,1389.1,NODATA,1065.6,NODATA,1116.8,992,1027.8,919.3,558.7,93,403,48.5,110.7,74.7,61,2415,16
562,1535,1472,1466,1073,866,808,619,225,189,564,434,65.5,155.39999999999998,520,339,274,299,588,287,376,627,516,103.80000000000001,588,463,135,376,314,1070,NODATA,972,1043,784,1799,927,91.2,164.9,204.7,125,321.7,421.7,384.9,688.4,391.1,192.9,382.3,481.4,547.3,1835.8,827.9,1006.5,1065.2,113.9,NODATA,1052.7,356.7,255.7,620.9,178.2,209.8,89.7,194.4,631.1,412.5,376.3,217,267.1,200.44630642577698,24.572204772184016,966.1999999999999,1312.3,NODATA,965.1,NODATA,1017.8,910.2,953.2,852.3,510.3,72.6,393.39999999999986,56.900000000000006,121.6,84.5,65.64999999999999,2315,18.6
563,1491,1399,1393,991,836,811,608,260,180,511,415,63.2,136.5,475,337,269,272,560,319,359,596,490,94,560,423,153,333,297,1083,NODATA,1056,1005,749,1736,939,84.8,164.5,191.70000000000002,127.8,288,394.5,348.4,654,377,229.8,359.2,525.9,569.5,1795,721.5,1088,1020.4,111.5,NODATA,962.7,315.7,244.3,563.9,178.8,199.6,83.1,188.9,NODATA,380.8,392.1,224.7,259.9,191.03952569191193,20.741587898437377,876.3,1252.8,NODATA,876.5,NODATA,952.2,850.8,860.8,764.8,462.7,73.9,413.70000000000005,49,119.9,79,66.75,2156,14.75
564,1535,1462,1450,1101,872,827,629,263.5,190,552.5,411,68.10000000000001,139.35,510.99999999999994,333,251,294,564,257,407,629,507,104,587,450,145,371,304,1030,NODATA,998,1077,830,1780.5,950,91.5,164.2,204,115.8,312.8,405.4,390,654.5,426.7,214.1,389.8,487.8,548.7,1778.5,801.9,1020.4,1138.8,69.5,NODATA,1096.4,334,276.5,618.5,178.2,200.3,83.1,194.1,658.4,427.2,426,237,275.1,203.424466264962,24.204460662159477,976.6,1269.1,NODATA,976.2,NODATA,1026.3,903.5,957.8,907.1,491.7,63.2,368.79999999999995,55.199999999999996,112,72,69.5,2270,12.3
565,1508,1415,1418,1027,855,779,567,201,204,552,419,65.1,143.2,520,344,263,321,540,288,403,639,526,103,581,428,151,379,324,1022,NODATA,1021,1083,836,1748,927,94.45,159.3,211.14999999999998,130.9,306,397.3,392.1,675.9,406.8,200.2,387.1,503.8,530.6,1794.2,781.9,1031.5,1122.2,149,NODATA,1100.3,326.5,241.9,580.4,182,204.8,85.9,200,NODATA,413.3,456.9,239.7,261.9,197.66519397423662,18.01860895492756,962.4,1271.5,NODATA,961.1,NODATA,1000.5,892.9,904.1,813.4,479.8,70,417.0999999999999,55.4,114.25,80.25,73.65,2202.5,18
566,1591,1515,1502,1096,908,837,633,251,180,582,441,62.300000000000004,152.3,496,342,284,299,538,291.5,393,630,519,102.4,582,455,145,367,311,1074,NODATA,1044,1005,800,1835,955,92.5,162.7,203.9,121.8,342.3,419.5,380.7,648.8,394.2,216.1,376.4,509.3,522.8,1811.4,746.4,1061.5,1055.9,121.7,NODATA,1026.7,339.7,279.6,625.2,194,207.2,87,188.3,610.1,411.8,399.6,234.6,264.7,192.8567110725735,13.217224214290333,1005.2,1353,NODATA,1004.3,NODATA,1092.9,955.8,966.6,883.5,530.5,79.5,407.5,53,97.10000000000001,70.3,70.5,2305,18.2
567,1528,1450.5,1435,1066,887,806,611,242,202,556,423,59.6,147.7,512,371,239,315,627,283,423,636,499,107.5,590,432,155,386,305,1078,NODATA,1041,1074,821,1775,915,88.9,164.4,206.5,141.9,313.9,382.3,375,604.2,419.4,230,390.2,488.5,513.6,1773,802.6,1095.2,1095.1,116.8,NODATA,1086.7,336.7,273.4,615.3,181.3,215.5,90.3,188.6,644.9,390,387.8,230.8,287.7,215.6375651273882,23.06489250119264,972.4,1272.6,NODATA,972,NODATA,1046.8,932.9,934.7,855.6,505.6,82.6,383.79999999999995,56.5,110.5,75,68.4,2305,19
568,1510,1436,1428,1066,854,779,595,213,147,543,412,62.1,135.29999999999998,498,303,252,280,543,277,345,596.5,475,94.05000000000001,555,413,142,329,300,999,NODATA,977,976,833,1777,919,79.1,161.5,187,132.8,330.3,408,374.8,668.4,383.7,210,355.3,463.7,546.7,1748.4,760.1,996.2,990,79.1,NODATA,991.8,342.1,254.6,600.7,181.2,214.8,89.8,203.9,575.5,391,357.3,217.8,269.8,196.37959601852995,27.205712105654165,968.9,1302,NODATA,968.5,NODATA,1015.4,915.8,918.7,889.8,518.6,81.7,374.89999999999986,52.5,128.3,86.4,63.6,2233,17.3
569,1504,1433,1442,1022,789,849,644,285,190.5,535,414,63.2,148.79999999999998,530,365.5,293,330,629,318,NODATA,597,464,111,579,464,135,397,352,1161,NODATA,1077,1073,800,1769,971,104.75,165.7,199.89999999999998,117,334.9,441.9,406.7,706.6,402,219.1,411.3,507.5,579.9,1910.9,794.8,1082.9,1103.6,85,NODATA,1094.6,320.3,282.9,616.5,226.5,240.9,95.8,181.5,634.2,431.5,466.9,251.7,275.6,204.6348262670312,16.502274939910663,910.1,1255.8,NODATA,910.5,NODATA,966.3,872.8,832.6,825.1,463.7,66.1,418.20000000000005,66.5,110.8,77.2,74,2255,19.099999999999998
570,1513,1436,1415,1040,855,806,618,250,182,521,420,66.2,144.4,508,326,259,300,574,228,369,602,471,108,572,438,151.5,349,304.5,1061,NODATA,904.4999999999999,987.5,842,1760,945,83.2,160.9,199.20000000000002,121.4,310,417.9,371.5,647.9,408.4,211.6,365,483.8,525.8,1781.4,693.6,907.7,1016.6,156.5,NODATA,1008,332.2,275.8,613.6,173,212.6,90.9,176.2,616.6,403.5,386.9,230.7,269,202.776747770849,29.049992768743998,984.4,1272.4,NODATA,982.1,NODATA,1005.3,899.8,896.9,827.9,470.7,67.6,381.39999999999986,54.2,107.5,70.4,60.8,2245,15.9
571,1592,1489,1481,1128,919,807,593,198,188,590,444,67.05,152.95,508.49999999999994,358,295,297.5,539.5,332,395,667,528,112.5,590,455,155,357,320,1129,NODATA,1091,1063,805,1854,959,99.8,169.4,202,134.2,306.1,421.5,404.3,666.2,423.3,258.2,412.8,498.3,561.6,1836.3,814.3,1107.6,1090.6,78.4,NODATA,1086.4,364.3,277.2,650.3,203.9,228.5,95.9,204.2,NODATA,432.1,404.8,234.9,289.4,212.27865575479433,18.013663918753426,1045.5,1316.2,NODATA,1043.7,NODATA,1069.3,946.6,972.6,967.1,524.5,85.6,361.4000000000001,58.5,117.30000000000001,79,74.5,2366,17
572,1652,1565,1536,1170,948,871,657,264,192,592,467,65.8,132.3,496,286,249,272,554,220,368,649,521,106,572,439,155,365.5,313,986,NODATA,788.5,1012,787.5,1914,1016,85.15,158.6,203.70000000000002,142.8,308.9,388.6,378.7,673.4,412.6,225,388.3,523.7,595.8,1812,799.6,862.7,1030.7,183.1,NODATA,995.3,352.9,284,644.2,186.7,220.4,92.8,197.7,611.2,411.1,397.3,242.1,300.3,218.07860624932613,26.91817939919646,1057.3,1389.4,NODATA,1056.6,NODATA,1101.5,972.1,1014.4,874.2,524.9,85.9,392.9000000000001,58.4,133.5,84.39999999999999,71,2400,16.299999999999997
573,1424,1331,1347,988,771,774,548,194,168,514,404,68.89999999999999,147.5,453,277,229,276,536,233,327,573,464,96,587,405,150,327,288,911.5,NODATA,826.9999999999999,907.5,715,1683,894,65.35,171.5,197.2,125.6,283.8,368.3,359.7,587.4,388.8,210.7,315.3,460.9,488.4,1625.9,711.6,831.9,941.1,41,NODATA,890.4,323.4,251.8,581.9000000000001,163,199.9,84.2,190.3,534.3,355.5,336.9,202.3,271.2,205.46709712824588,19.262599141282003,930.2,1192.3,NODATA,929.9,NODATA,969.4,820.6,824,889.2,466,67.5,374.89999999999986,54,113,75.3,62.5,2105,15.1
574,1388,1326,1335,961,758,734,517,170,187,486,383,61,128.3,479,304,234,246,529,223,336,565,452,99,575.5,419,145,344.5,296,958,NODATA,802,892.5,NODATA,1670,894,67.125,157.9,204,128.6,271.7,370.1,338.3,607.4,405.7,176.2,361.3,448.7,473.2,1657.1,745.1,818.1,920.9,138.8,NODATA,937.2,325.3,238.2,575.1,175.2,198.6,82.7,172.7,560.8,369.8,394.2,228.3,254.4,187.10000000000002,20.035107895800724,897.0999999999999,1201.9,NODATA,894.9,NODATA,939.6,798.1,830.6,758.3,448.1,63.8,382.5,48.2,109,65.5,62.9,2105,18
575,1442.5,1359,1344,991,781.5,828,561,231,169,514.5,410.25,64.25,144.55,527,315,266.4,282,566,274,386,578,465,91.5,587,500,165,398,306,1052,NODATA,931,1042,755,1716,932.5,85.2,175.8,197.3,138.9,331.6,405.7,388.5,659.3,422.8,211.6,369.3,450.3,510.5,1746.7,756.6,946.3,1045.6,149.4,NODATA,1013.3,309.8,250.3,567.9,165.6,196.3,82.9,187.7,626.3,374.8,367.9,215,260.2,NODATA,25.091244357915734,890.5,1208.4,NODATA,889.6,NODATA,949.9,819.2,849.3,741.1,451.5,68.8,363.6,55,106.1,80,65.1,2100,19.4
576,1527,1449,1436,1051,853,789,608,247,190,560,427.5,70.35,146.5,507.5,322,274.5,291,601,275,387,612,482,106,573,474,152,413,322,1062,NODATA,949,1029,795,1761,905,90.9,170,193.29999999999998,136.9,337.3,NODATA,416.9,671.8,407.2,214.5,379.2,486,527.1,1825.8,764.8,983.3,1075.5,63.8,NODATA,1075.3,318.7,283.2,614.8,192.3,214.9,88.2,181.9,632.8,395.2,381.3,217.8,274.3,206.60576983597366,24.273123444832194,949.1999999999999,1273.8,NODATA,948.3,NODATA,1026.9,885.2,878,885.4,498.6,61.4,393.60000000000014,56.4,111.6,77,67,2205,16.599999999999998
577,1588,1487,1500,1137,931,817,587,207,170,581,443,68,145.2,487,282,242,286,527,234,346,633,510,101,591.5,416,161.5,350,306,999,NODATA,818,949.5,845,1845,949,77.975,166.6,206.1,126,317.9,397,374.3,633.1,398.4,216.4,372.6,468.9,517.2,1699,789.8,847.2,976.1,151.8,NODATA,979.9,337.8,273.8,624.7,182.9,217.5,90.9,192.6,576.6,391.7,370.8,228.7,275.3,205.30705910150726,16.709490260263724,1049.4,1337.7,NODATA,1049.1,NODATA,1090.6,936.7,994.3,897.6,527.2,81.6,364.0999999999999,52.400000000000006,116.5,81,62.199999999999996,2310,19.9
578,1581,1543,1502,1112,908,832,628,237,191,582,445.5,62.1,146.4,516,342.5,280,307,628,283,386,635,501,101,604,453,154,411,329,1098,NODATA,860,1031,805,1860,967,91.45,171.6,214.3,153.1,343.9,441.1,382.1,690.4,413.4,217.7,394.9,506.7,577.6,1791.1,761.8,948.5,1032.8,156,NODATA,1028.2,371.7,272.6,657.4000000000001,176.5,218.9,93.8,203.1,665.4,409.8,423.6,236.4,276.9,204.5284206145416,24.098521069206907,1005.5,1319.4,NODATA,1004.1,NODATA,1034.1,932.6,988.3,849.5,530.3,87.3,384.29999999999995,53.2,127.4,87.8,62.699999999999996,2400,17.8
579,1655,1571,1565,1173,933,874,673,283,193.5,608,465.5,62.599999999999994,141.75,547,353.5,267,307,619,268,404,643,519,106,594,436,177,400,323,1116,NODATA,967,1084,835,1909,1003.5,103.5,160.4,211.1,136.9,319.4,408.9,384.8,724.3,440.4,244,396.4,506.1,619.7,1939.4,881.3,1014.3,1107.8,117.4,NODATA,1098.6,356.9,287.1,653.6,197.3,227.9,96.1,208.3,690.7,438.2,427.2,240.1,281.7,214.85922690104422,23.49856567595213,1021,1391.1,NODATA,1019.8,NODATA,1062.1,977,989.4,903.6,532.2,89.4,413.5,61.900000000000006,120.3,89.2,65.9,2425,19.6
580,1482.5,1400.5,1417,1031,800.5000000000001,814.5,598.5,247,189,523,400,64.1,137.89999999999998,506,311,237,285,575,254,381,590,473,98,580,421,150,356,294,1002,NODATA,930,947,757,1740,935,82.6,162.1,205.79999999999998,133.5,311.4,392,360.8,639.4,399.1,210.2,348.9,452,494,1790.2,832.6,943.4,1077.1,145.2,NODATA,1063.6,320.9,242.5,569.2,180.6,217.1,90.5,199.6,637.4,412.7,408.7,251.9,262,193.86178435410474,23.48388235715996,942.7,1272.6,NODATA,938.5,NODATA,1001.2,858.5,887,797.5,475.4,70.4,394.29999999999995,54.2,119.3,77,61.8,2191,18.400000000000002
581,1551,1482,1476,1120,916,776,596,223,164,578,463,65.4,137.25,504.00000000000006,313,252,295.5,610,200.5,375,632,517,105.60000000000001,578,430,155,384,317,1012,NODATA,841,1008,915,1827,920,81.7,154,199,125.7,311.6,392.7,356.8,653.3,408.5,210.8,399.2,439,532.3,1682.7,802.9,912.2,1019.1,76.7,NODATA,1016.7,339.3,272.9,621.5999999999999,183.7,224.1,92.9,205.9,586.9,397.8,395.9,242.7,285.5,211.67442316638108,21.008513091624742,1021.3000000000001,1324.3,NODATA,1020.6,NODATA,1037.9,945.2,979.8,944.6,522.9,72.9,357.70000000000005,57.199999999999996,114.1,81.5,69.6,2370,17.4
582,1664,1622,1566,1211,981,811,662,257,198,628,487,62.300000000000004,140.7,508,376,297,344,629,325,472,686,554,116.8,622,458,141.5,360.5,300.5,1145,NODATA,1143,1153,881,1918,965,110.45,160.6,223.1,134.7,338.3,410.1,384.2,716.1,411.3,208.8,362,469.9,591.7,1928.8,859,1154.4,1194.4,63.8,NODATA,1189.4,376.4,306.9,691.4000000000001,179.6,204.4,86.8,203,NODATA,NODATA,428.9,261.4,299.1,220.21346840703362,12.027147036855443,1043.6,1423.5,NODATA,1041.9,NODATA,1096.7,1044.6,1008,979.8,567.7,83.4,378.5999999999999,52.199999999999996,121.1,80.19999999999999,69.6,2467,16.200000000000003
583,1676,1576,1576,1185,962,869,636,240,189,602,477,65,140.39999999999998,498,296,271,313,555,258,405,688,566,103,592,450,165,380,341,1068,NODATA,940.5,1092,895,1945,1010,100.4,159.8,204.85,119.7,301.4,395.3,386.1,693.5,399.4,266.8,336.8,520.9,589,1890.3,844.8,978.8,1149.5,154.6,NODATA,1145.1,362,289.3,659.7,191.8,227.2,97.6,220.6,691,446.5,426.6,247.5,316.3,235.39096867122373,27.266156878653163,1097.1,1431,NODATA,1095.6,NODATA,1127.7,1001,1001.5,942.5,544.5,65.4,404.5,58.9,122.89999999999999,86.30000000000001,67.05,2458,16.5
584,1524,1405,1413,1065,832,787,555,200,164,541,438,64.5,141.2,469,286,219,269,543,213,340,585,485,98,566,429,153,344,294,877,NODATA,732,893,785,1767,940,66.15,164.1,191.95,130,301.3,391.8,363.2,619.6,385.5,214.4,347.6,481.4,524.2,1698.6,768.2,768.6,942.7,252.5,NODATA,NODATA,322.7,257.9,582.2,179.6,213.5,90.3,185,552.8,361.1,341.2,202.5,261,190.2271364151727,21.321958087555245,996.7,1267.1,NODATA,994.3,NODATA,1017.1,897.2,884.4,744.2,484.5,69.9,374.6999999999998,52.300000000000004,105,67.69999999999999,64.55,2172.5,16.85
585,1529,1438,1437,1058,853,824,615,231,180,555,434,63.5,144,515,302.5,257,281,609.5,206,341.50000000000006,587,466,104.85,587,445,160,366,345,1044,NODATA,791,929,776,1796,964,76.8,166.4,205.10000000000002,126.3,350.3,398.9,362.2,625,413.5,239.4,369.3,506.1,524.9,1743.1,730,810.5,956.2,140.4,NODATA,955.1,346.6,255.6,615,179.5,213.2,91,194.3,562.9,397.1,364.7,221.8,273.6,198.7746131202387,25.172884287418135,982.6,1292.4,NODATA,981,NODATA,1039.5,892.9,929,842.2,498.3,79.1,400.0999999999999,53.9,121,82.69999999999999,61.5,2257,16.5
586,1465,1404,1386,1034,842,797,581,208,173,537,420,67,141.95,506.50000000000006,330,266,277,587,236,354,598,478,89,554,454,136,373,317,1018,NODATA,837,954,732,1721,904,78.2,156.5,192,124.2,295.4,395.3,374.2,613.2,378.5,184.5,361.9,453.7,484.4,1679.5,732.9,895.3,990.5,108.8,NODATA,985.2,338.8,252.8,606.8,168.9,197.8,81.5,191.6,609.3,381.3,382.1,214,253.1,182.84915787631525,26.738411554285054,937.9,1244.5,NODATA,937.6,NODATA,1013.2,881.2,908.6,829.1,488.6,75,364.29999999999995,48.6,115,83.2,61.5,2189,16.599999999999998
587,1612.5,1543,1526.4999999999998,1136.5,925.5,823.0000000000001,633,259,182.5,585,454,71.8,135.2,505,365,243,300,641,233,379,643,526,106.4,586,435,151,361,304,1035,NODATA,894,1037,827.5,1890,985,85.6,157.9,208,125,326,375.1,368.1,660,408.7,211.3,400.7,489.1,546.9,1803.3,780.8,935.6,1045.6,116.6,NODATA,1060.1,347.6,293.3,649.6,177.5,210.1,89.7,207.5,634.2,392.9,388.4,208.8,290.5,202.2107355351945,21.396086392832576,1053.8999999999999,1380.4,NODATA,1052.5,NODATA,1100.1,955.9,988.2,937.3,544.2,71,398.9000000000001,51.1,116.6,79.80000000000001,66.10000000000001,2405,16.4
588,1486,1406,1390,1018,820,795,597,235,192.5,524.5,418,65.64999999999999,140.275,549,354,257,284,609,303,423,603,488,103,575,442,160,365,303,1115,NODATA,1069,1109,755,1731,927.5,93.2,164.6,203.70000000000002,130.4,332,413.8,396.5,643.4,411.2,225.4,409.7,485.4,544.5,1791.8,802,1087.2,1123,71.8,NODATA,1124.9,324.6,253,585,177.9,202.8,85.8,166.7,680.4,396.7,401.1,235.2,247.3,191.79425357868598,26.46162930472097,917.6999999999999,1199.7,NODATA,917.9,NODATA,968.7,857.8,862.4,845.9,465.7,75.1,374.20000000000005,52.699999999999996,107.30000000000001,83.4,63.2,2183,15.3
589,1466.4999999999998,1373.5,1364.5,984,786.5,789.5,586.5,256,179,522,391,68,146.3,491,327,275,307,538,296,389,583,445,95,573,458,134,358,308,1094,NODATA,1028,1000,747,1703,911,85.75,162,198.4,116.7,327.3,423,381.2,653,389.9,234.3,407.8,541.6,562.3,1795.7,752.6,1031.2,1036.7,118.7,NODATA,1020.1,298.9,237.3,543.1,184.9,209.9,86.9,196.6,629,391.2,377.7,238.1,262.3,194.66587261671268,15.657389381579884,905.2,1214.4,NODATA,903.5,NODATA,948.7,822.4,866.1,786.5,462.1,71.7,409.5999999999999,54.5,122.5,81.6,65.6,2112,16.7
590,1538,1455,1445,1082,883,835,608,243,163,564.5,436,65,139.4,450,295,213,294,501,225,348,592,485,99,582,409,150,298,289,935,NODATA,877,982,810,1797,953,71.8,166,200.9,128.6,295.3,362.4,346.1,605.9,392.3,221.6,337,463.2,502,1718.5,736.5,899,1003.3,122.7,NODATA,1007.2,327,258.6,592.3,175.3,207.9,89.4,180.5,592.1,378.7,363.8,235.2,276.2,204.58375673268068,18.21550591092084,995.6,1302,NODATA,995.3,NODATA,1048.8,884.1,911.3,872.9,508.7,75.1,384.60000000000014,43.2,107,77.4,65.6,2175,17.3
591,1462,1414,1403,1050,846,752.5,582.5,240,176,549.5,425,67.9,144.2,478,319.75,245.75,265,534.5,259.5,347.5,596,476,94.80000000000001,562.5,428,140,362,311,992,NODATA,894,957,775,1705,882.5,74.8,164.7,190.5,110.8,302.5,409.5,367,646.6,382.5,205.6,337.7,426.6,524.9,1682.5,850.8,929.2,978.5,91.9,NODATA,994.6,316.4,256.8,579.3,178.3,207.3,89.1,186.1,587.2,372.2,377.5,225.4,250.9,185.61171395958212,22.62503418111133,927.8,1232.1,NODATA,926.2,NODATA,958.8,880.1,897.7,835.9,493,73.9,352.5,50.5,106.89999999999999,77.30000000000001,62,2152,13.5
592,1426,1343,1332,1028,825,738,546,191,164,529,410,61.1,130.39999999999998,443,281,244,252,548,240,375,585,467,90.15,541,392,145,279.5,260.5,937,NODATA,891,980,728,1641,837,64.75,153.2,184,111.5,308.3,378.3,352.3,560.2,370.6,216.6,325,415,470.5,1570.8,693.7,907.3,1005.1,139.6,NODATA,1004,320.3,252.5,578.1,172.7,196.7,80,175.9,NODATA,369.1,376.7,203.4,252.8,194.63489506109073,22.26693294067792,964.5,1185.4,NODATA,961.5,NODATA,984,871.9,887.4,824.9,469.1,75.1,322.29999999999995,50.5,111.5,72.30000000000001,70.6,2084,13.700000000000001
593,1493.5,1410,1415,1027.5,839.5,811.5,605,239.5,165,522,420,69.2,154,488,309,233,263,541,247,374,579,467,104,599,430,155,332,284,957,NODATA,892,970,765,1749,934,75.7,169.8,205.79999999999998,126.4,309.9,394.6,382.4,622.2,390.2,234,330.7,489.1,506.1,1757.9,735.9,907,984.8,150.6,NODATA,990.1,319.4,262.6,591,176.3,199.8,87.4,189.1,592.6,382.2,372.4,223.7,261.5,186.12307781414614,21.881245634654306,949.7,1245.7,NODATA,947.7,NODATA,1008.8,860.4,878.9,799.1,469.4,57.6,398.70000000000005,55,122.4,75.5,62,2195,17
594,1515,1413,1419,1031,814,782,579,232,143,524,393,71.39999999999999,145.29999999999998,480,326,222,284,544,273,344,589,471,106.30000000000001,608,413,172,324,294,981.9999999999999,NODATA,907,946,816,1784,975,75,171.6,213,126.9,315.6,413,374.6,639.4,425.6,234.9,373.2,502.2,550.1,1836.6,797.6,915.4,968.9,32.8,NODATA,951.5,333,253.1,590.2,180.6,208.2,88.3,203.5,524.4,379.8,356.5,213.1,278,206.97795345288665,17.648492094036445,969.3,1281.4,NODATA,969,NODATA,1023.4,878.5,896.6,936.5,499,68.5,394.29999999999995,57.300000000000004,125.1,80.8,67.2,2219,19.3
595,1489,1408,1394,1050,831,768,591,224,185,544,420.5,64.9,136.1,475,339,268,315,557,258,387,618,491,104,567,408,146,380,319,1079,NODATA,978,1098,867,1728,928,90.45,163.9,194,130.9,294.8,404.4,384.2,659.4,408,213.9,405.1,463.2,542,1746.3,799.5,1013.7,1065.9,102.5,NODATA,1103.7,331.2,262,603.0999999999999,188.5,239.7,95.2,191.9,688.2,425.4,413.1,240.8,273.6,198.31319207659485,19.79887635452493,947.5,1241.7,NODATA,947,NODATA,990.2,867.7,903.2,845,496.3,79,368.5,53,119.3,79.80000000000001,68.1,2189,19
596,1558,1467,1450,1075,880,863,636,254,174,559,445,63.849999999999994,136.6,515,322.5,242.5,275.5,535,227,375,617,500,105.5,578,447,165,364,306,976,NODATA,902,1018,798,1829,982.5,84.5,155.2,206,113.6,314,398.2,396.2,667.7,413,229.8,403.2,490.6,574.2,1768,781.1,913.4,1031.6,153.8,NODATA,991.8,337.7,277,623.9000000000001,183.2,216.1,90.9,197.6,627.3,399.2,392.3,230,273.7,204.99131212094457,21.03406134275314,976.8,1274.6,NODATA,975.3,NODATA,1009.6,898.3,916.9,823,495.8,75.9,398.70000000000005,59.5,119.60000000000001,85.7,62.5,2297,17.7
597,1538,1448,1446,1113,910,780,572,204,166.5,563.5,459,68.10000000000001,135.39999999999998,476,293.5,242,281,536,215,348,609,507,98,566,435,149,353,297,1030,NODATA,806,939,827,1781.5,910,70.2,150.6,201,124,293.3,378.9,377.3,623.2,389.8,202.3,370.3,444.6,500.7,1655.5,718.9,815.6,961.1,154,NODATA,964.1,330.9,279.6,616.8,177,198.1,85.4,182.1,571.8,356.5,361.3,209.9,266.4,194.3469878733729,19.71396054985402,1030.5,1288.3,NODATA,1028.8,NODATA,1053.8,927.1,969.1,876.5,522,68,341.79999999999995,52.5,112.8,73.1,68.5,2240,14.1
598,1527,1453,1460,1022,884,803,586,231,188,557,429,57.300000000000004,142.6,506,345.5,278.5,295,574.5,285,374,605,480,103.5,589,464,131,370,302,1056,NODATA,972,1009,795,1799,956,87.45,166.2,206.4,114.8,309.7,419,394.2,715,409.8,209.7,363.8,521,578.1,1772.8,783.7,982,1040.2,80.4,NODATA,1043.7,320.2,265,594.7,181,207.4,87.3,191.7,643.6,392.9,406.7,229.4,256.8,185.3519246545369,21.4519072362858,945.9,1290.6,NODATA,945,NODATA,983.1,898.1,901.6,865.5,491.7,87.6,440.20000000000005,51.5,116.8,82.30000000000001,62,2285,18
599,1515.5,1427,1418.5000000000002,1051.5,838.5,814,596,253,169,532,427,63,143.5,487,314,250,282,567,238,348,589,475,113,599,405,168,333,286,975,NODATA,852,938,804,1752,942,73.2,164.9,213,125.5,321.5,404.3,361.8,652.8,414.3,215.5,386.9,489.4,577.2,1742.3,823.9,901.6,974.4,63.9,NODATA,970.5,326.5,257.4,589.0999999999999,175.4,207.9,87.9,193.6,552.3,381.1,395,224,273.1,205.39235237945752,23.59604685628225,943.6999999999999,1255.4,NODATA,943.4,NODATA,970.2,880,906.9,879.8,500.4,67.8,373.89999999999986,51,116,74,61,2243,17
600,1533.25,1474,1462,1074.5,860,843.75,639,265,171,545,433,74.15,133.4,491.5,340,251,314,597.5,259,372,598,475,108.9,597,476,135,380,321,1043,NODATA,950,1043,840,1825,986,90.1,165.9,209,140.3,327.5,420.8,391.5,675.6,390,204.8,367.4,479.9,547.5,1787.7,753.9,961.5,1055.5,72.5,NODATA,1042.4,343.7,253,609.8,194.4,194.4,97.2,203.4,620.4,413.4,402.9,239.2,270.6,199.64206415093508,20.873623711890126,980.2,1294.2,NODATA,979.2,NODATA,1016.2,891.9,916.8,907.7,499.3,86.5,379.4000000000001,55,123.3,71.9,70,2275,21.7
601,1558.5,1478.5000000000002,1473.5,1081.5,875.5000000000001,826,626,268,187,542,448,57.699999999999996,131.3,501,298,258,302,511,261,360,620,523,99,561,445,168,376,311,1055,NODATA,992,1058,880,1802,950,90.75,157.2,NODATA,113.1,318,390.2,369,649.6,428,227.2,394.4,509.2,555.5,1812.3,785.6,997.2,1079.9,142.1,NODATA,1044.5,343.3,278.3,630.4,192.6,228.5,94.8,186.4,644.3,401.4,421.2,242.6,261.9,198.2612960260765,22.831568267786192,975.7,1308.1,NODATA,974.9,NODATA,1040.4,917.6,936,833.6,470.3,71.6,405.5,51,112.10000000000001,72.9,64.4,2315,18
602,1570,1470,1472,1090,879,819,608,238,189,565,443,64.2,132.5,500,325,255,307,607,251,371,610,489,101.4,559,381,170,354,300,1067,NODATA,910,988.0000000000001,768,1800,932,80.9,155,199,124.5,302.3,363.1,379.1,630.4,411.6,237.2,350.3,494.5,533.2,1761.9,771.8,930,1019.4,163.5,NODATA,980.7,338.5,275.2,617.5,180.2,214.2,90.3,196.2,598.8,403.2,375,231.1,263.6,193.6941165512245,19.26625440939847,1006.4,1301.7,NODATA,1005,NODATA,1057.6,907.4,940.6,842.9,504.3,73,405.70000000000005,49.800000000000004,124.5,74.85000000000001,62.35,2280,16.5
603,1586,1477,1495,1135,957,798,547,180,162,586,463,61.3,143.5,476,276,203,250,471,210,345,633,530,92.2,555,430,165,327,281,847,NODATA,787,919,790,1854,919,66.9,162.1,189,NODATA,NODATA,374.6,359,584.3,439.9,216.4,355,475,492.9,1641.7,719.9,801.7,959.6,214.8,NODATA,898.4,315.8,285,604.5,165.5,205.2,84.5,198,567.4,360.4,323.8,194.2,277.4,209.32257852732118,20.688458715386393,1086.1,1337.2,NODATA,1084.1,NODATA,1118.9,943.6,1014.8,871.3,541.8,72.1,375.4000000000001,50.300000000000004,122.05,83,59.2,2315,16.8
604,1512,1450,1435,1080,861,797,593,224,191,556,415,64.5,138,523,354,300,314,574,303,402,643,514,99,567,447,150,412,302,1132,NODATA,1078,1104,755,1773.9999999999998,934,98.75,151.9,199,127.2,340.4,421.7,396.4,663,398.8,204.2,367.9,460.1,503.4,1785.1,788.9,1104.2,1116.8,60.9,NODATA,1132.5,357.8,259.9,632.4,196.4,218.7,89.2,178,708.8,433.6,413.6,236.8,278.8,203.3738995610881,22.1333331945239,953.6,1277.7,NODATA,953.3,NODATA,1025.7,909.9,942.7,892.7,491,63.9,368.3000000000002,55,112.4,79.7,69.5,2270,18
605,1632,1528,1534,1111,935,874,619,192,206,597,461,68.5,153.5,521,334,275,308,612,246,411,645,531,105.3,586,452,152,389,331,1054,NODATA,918.5,1089,835,1902,998,97.4,163.2,201,131.2,350.4,425.8,413.6,679.5,412.1,247.6,398.2,535.7,592,1817.2,837.7,942.7,1074.7,179.5,NODATA,1076.9,380,290.2,675.7,191.4,225.4,95.1,213.1,665.9,432.6,400.4,239.5,281.6,201.0423834579659,22.31718651706605,1044.4,1325.4,NODATA,1041.9,NODATA,1065.2,950.7,967.9,864.9,531.1,78.6,437.10000000000014,56.19999999999999,131.8,90.1,64.80000000000001,2418.5,20.2
606,1594.5,1496.5,1505,1134,922,773.5,563.5,181,167,573,452,62,131,476,295,223,294,557,246,344,649,514,92,559,416,153,357,320,973,NODATA,847,960,818,1840,944,79.45,151.4,200.39999999999998,129.3,298.4,390.6,386.3,658,406.1,208,394.1,497.4,549.4,1720,757.9,878.6,992.3,155.7,NODATA,985.3,350.2,273,631.2,185.3,209.5,86,203,585.6,390.9,376.3,230,271.5,202.53743708830171,23.58856393284933,1064.5,1345.1,NODATA,1064.5,NODATA,1088.9,956.3,995.4,908.8,518.2,80,385.60000000000014,50.300000000000004,119.3,78.2,59,2335,16.8
607,1560,1481,1470,1120,929,801,586,208,157,580,466,63.9,131.3,456,270,221,275,459,201,349,611,495,98,562,395,150,284.5,273.5,871.9999999999999,NODATA,764.5,896.5,837,1829,928,61,154.1,195.5,115.4,303.4,344.8,340.3,576,399.6,217.8,342.1,486.3,514.1,1581.7,649,776.1,902.6,141.5,NODATA,895.1,344.6,288.8,641.5,181.4,203.2,87,176.6,520.6,350.6,359.6,206.2,273.6,198.5764616885799,22.519648327397643,1057.5,1331,NODATA,1056.4,NODATA,1100.9,970.9,988.3,916,549.6,73.1,371.79999999999995,49,106,69,64.7,2362,14.9
608,1518,1429,1432,1059,840,816,590,237,183,540,424,58,134.8,469,285,259,289,510.5,244,375.5,612,487,101,542,403,158,346,302,934,NODATA,888,1024,770,1755,954,76.7,158,185,114.5,307.5,388.6,359.7,599.8,400.9,230.6,330.5,478.5,504,1759.9,771,915.5,1037.2,149,NODATA,1021.6,319.2,244.7,565.6,185.6,207.9,85.6,190.8,616,384.9,369.6,235.1,263.7,192.73642001213216,28.489864746468143,968.2,1277.1,NODATA,967.4,NODATA,1040.2,886.9,912.6,819.2,484.6,87,394.9000000000001,52.599999999999994,110.39999999999999,82.5,61.7,2190,16.9
609,1551,1468,1469,1085.5,874,836,601.5,198,166,556,432,67.6,141.4,514,322,260,278,570,237,367,623,501,100.3,593,434,150,347,308,1043,NODATA,841,984,840.5,1832,969,80.8,164.8,202,127.4,281.2,395.1,377,663.9,412.8,234.6,354.2,482.7,539.6,1701.3,760.5,893.7,1006.5,162.2,NODATA,977.6,377.8,279.6,669.9,192,207.7,90.1,187.9,580.4,381.4,366.8,215.2,259.7,195.0999144021348,17.570638405426912,1000,1310.1,NODATA,999.1,NODATA,1031,891.1,936.6,837.8,486,66.7,408.6999999999998,51.5,119.9,77,63.4,2335,14.5
610,1498,1421,1407,1040,838,772,571,219,184,539,432,61.5,151.7,476,298,237,277,558,302,358,586,465,92,572,438,142,338,306,990,NODATA,960,1005,735,1735,916,81.75,167.8,196.2,126.5,314.3,412.1,359.4,649.9,399.6,212.8,345.4,454,528.3,1778.1,873.4,988.4,1021.1,143.2,NODATA,1009.1,315.6,271.7,596.5,177.9,193.1,81.9,188,628.1,394.2,372.5,225.8,266.4,196.90503569462405,21.92074000604415,938.5,1272.9,NODATA,936,NODATA,986.3,870.5,900.9,795.3,488.3,72.4,383.5,51.900000000000006,119.14999999999999,86.35000000000002,58.10000000000001,2172.5,15.750000000000002
611,1437,1354,1351,997,799,767,569,226,180.5,516.5,382.5,67.6,151.5,516.5,310,249.50000000000003,311,548,267,410,591,477,97,572,409,149,397,289,1019,NODATA,967,1041,781,1671.0000000000002,903,83.95,161.6,201,126.3,301.9,365.4,376.3,615,385,234.7,345,442.8,499.7,1664.5,745.1,976.5,1073.8,115.6,NODATA,1078.6,302,271.1,582.7,162.5,191.5,80.1,186,667.1,425.4,425.8,224.1,258.6,196.5179334810011,15.32465238192257,899.8000000000001,1197.6,NODATA,899.5,NODATA,963.5,824.1,873.8,784.2,456.7,72.2,351.4999999999999,46.3,118.6,75.6,64.2,2120,17.4
612,1527.5,1453,1459,1119.5,896.9999999999999,760.5000000000001,573.5,193.5,181,582,440,66.39999999999999,141.3,494,334,249,281,538,262,370,615,479,99.2,563,414,154,344,309,1041,NODATA,977,991,775,1779,890,83.45,154.9,201.29999999999998,129.3,312.9,385.3,360.3,625.3,422.9,242.2,377.8,443.1,532.4,1743.2,803.1,959.6,1052.6,42,NODATA,1031.5,326.8,283.7,615.6,184.9,205.7,90,204.5,610.1,395.2,401.8,217.2,267.4,197.2974645298068,20.568477850290595,967.1,1298.9,NODATA,966.6,NODATA,1040.5,939.5,978.6,925.1,526.6,62.2,339.4000000000001,54,119.80000000000001,75.3,69.80000000000001,2380,18.2
613,1615,1513,1518,1129,918,851,627,244,180,575,451,62,139.60000000000002,518,317,259,292,626,247,380,645,518,102.5,574,451,173,412,325,1003.5,NODATA,885,1005,876,1885,1004,86.5,158.1,204,119.9,314.3,390.8,404.1,679.5,424.5,247.8,363.9,506.4,566.9,1799.6,751.2,930.4,1020.3,82.1,NODATA,1016.1,341.7,280.7,632.9000000000001,198.6,220.9,92.1,202.5,609.6,396,403.8,241.4,281.9,203.8638297356152,21.077914877345034,1041.3999999999999,1340,NODATA,1040.4,NODATA,1074.4,950.9,968.1,959.3,514.8,92.2,410.79999999999995,54.6,133.6,80.1,67.25,2407.5,17.5
614,1505,1405,1421,1072,860,781,564,216,165,542,428,62.5,131.8,458,302,243,266,499,231,370,608,497,96,593,405,147,346,272,964,NODATA,819,956,755,1760,914,71.9,162.7,210,126.3,301.5,380.5,358.2,592.7,398,224.5,344.5,466.4,508.2,1667.7,752.9,885.6,991.2,181.5,NODATA,957.1,311.9,261.3,576.6,161.3,177.8,76.7,171.4,594.6,372.5,362.7,200,261.3,187.16716539387295,21.82076398832246,980.4,1250.8,NODATA,974.9,NODATA,1023.9,870.8,895.5,798.9,498.6,74.1,352.5999999999999,45.9,111.6,87.25,64.9,2165,17
615,1484,1392,1365,1091,859,732,540,176,146,552,433,68,136.8,439,267,224,254,496,225,332,599,493,93,566,378,158,313,282,895,NODATA,796,901.5,855,1714,875,61.45,163.3,198.5,144.1,293.4,350.1,329.6,510.3,386.4,248.7,308.3,431,447.5,1592.9,735.9,767.2,928.1,180.5,NODATA,906,328.5,267.1,599.4000000000001,176.2,209.1,85.4,197,505,359.4,341.5,199.1,266.1,179.18030842562536,20.064631480417862,1017,1253.5,NODATA,1015.1,NODATA,1074.6,905.4,942.6,836.5,496.3,80.1,314.5999999999999,55.64999999999999,125.25,78.60000000000001,59.1,2200,18.55
616,1525,1460,1434,1099,869,788,594,271,162,552,465,57.800000000000004,121.4,458,286,243,264,528,247,341,605,513,95.9,577,423.5,144,319,289.5,976.9999999999999,NODATA,854,956,785,1778,924,72.225,154,201.4,123,323.7,381.3,351.4,607.7,391.4,201.6,367.3,455.2,506,1700.1,717.5,868.2,970.9,94.9,NODATA,953.1,345,283,634.2,192.1,220.7,90.6,188.9,542.9,370.1,350.8,207.4,272.2,198.41324322529823,20.471750321360943,1023.5,1298.9,NODATA,1023.1,NODATA,1048.1,921.4,971.4,928.6,496,71,349.89999999999986,49,111.19999999999999,73.3,67.9,2285,17.5
617,1627,1536,1550,1156,954,827,618,222,184,601,458,60,129,468,326,276,283,488,276,375,665,529,103.2,568,418,163,335,305,1036,NODATA,960,1009,885,1884,956,87.5,150.1,201,140.1,308.5,388.4,393.3,671,390,269.8,347.6,501.7,576.5,1774.2,788,963.8,1029.7,66.6,NODATA,1019.3,362.4,286.7,661,197.5,216.2,91.9,198.7,603.3,422.9,405.2,234.5,292.4,212.17776633170456,15.72822230291447,1052,1361.9,NODATA,1051.7,NODATA,1089.6,971,1014.5,985.4,534.7,82.9,384.70000000000005,57.5,115.1,79.6,69.1,2375,19.099999999999998
618,1481,1398,1386,1034,NODATA,772,579,220,188,541,424,58.7,135.7,454,271,246,276,506,221,342,590,482,102,556,432,130,331,276,924,NODATA,772,920,805,1729,888,70.4,156.8,192.015,125.9,271.6,370.7,341.4,611.5,401.2,196.3,356.4,450.7,505.6,1613.6,758.2,963.8,957.4,133.5,NODATA,936.8,331.1,257.9,591.7,165.1,202.3,85.4,186.1,570,369.9,364.8,213.7,252.6,182.41689441561854,30.738642176839644,959.7,1263.7,NODATA,959.1,NODATA,1004.4,895.6,904.8,826.2,493.1,82.6,361.29999999999995,48.4,114.2,85,62.05,2205,15.9
619,1563,1494,1488,1108,889,833,638,258,168,565,455,58.2,130.1,480.5,301,248,290.5,505.5,225,365,611,498,99,553,419,153,319,282,976,NODATA,864,945,775,1843,965.5,73.6,156.6,199.60000000000002,121.5,292.3,382.1,353.3,665.6,399.6,213.7,372.1,480.3,554.7,1763.9,797.1,906.6,993,152.2,NODATA,982.1,337.5,272.4,618.8,181.4,206.3,86,187.5,587.3,361.5,350.1,209.2,263.4,194.96215863489073,22.091365409362936,1007.5999999999999,1351.5,NODATA,1006,NODATA,1042.5,923.5,949.6,855.4,507.4,74.1,393.6999999999998,44.1,113.69999999999999,70.19999999999999,66.6,2285,16.4
620,1469,1397,1379,1019,829,788,583,226,172,514,397,62,151.7,485,343,268,276,594,255,356,593,466,99,552.5,400,152,328,303,1026,NODATA,842,950,764,1720,915,74.1,166.4,183.79999999999998,119.3,307.9,374,361.2,603.4,370.7,210.5,374.3,479.9,518.4,1717.9,763.8,876.8,974,71.3,NODATA,970.9,336.7,246.5,592.2,168.5,193.8,83.1,178.8,572.1,384.2,361.9,215.9,246.2,181.43632973803136,17.77079754510803,931.3,1222,NODATA,930.6,NODATA,984.1,856.8,900.2,860,455.5,73.6,375.70000000000005,55.599999999999994,109.7,73.3,66.10000000000001,2179,18.700000000000003
621,1506,1437,1416,1034,842,815,613,252,179,546,424,66.39999999999999,138.7,533,323,276,289,656,225,347,596.5,479.00000000000006,101.1,579,465,150,416,321,1076,NODATA,845,1010,805,1766,951,86.53,159.5,207.8,131.3,305.6,405.9,388.5,663.5,407.5,212.6,369.6,473.2,533.5,1755.4,758,889,1022.9,149.6,NODATA,1034.8,323.3,264.3,595.3,181.2,218.1,92.8,194.7,635.9,400.1,399.9,232.4,265.7,195.95262767969825,17.292851002055567,979.8000000000001,1247.3,NODATA,978.3,NODATA,988.9,866.2,898.2,830.2,480.1,72.1,374.60000000000014,51.900000000000006,138.9,71,71.96,2215,16.4
622,1593,1533,1538,1140,931,823,602,233,170,595,493,65.1,123.05,487,275,262.5,282.5,521,237,368,640,538,106,564,413,153,334,293,1015,NODATA,849,1003,790,1870,950.5,84.35,154.6,201.8,121.5,303.8,361.2,363.8,676.4,414.8,178.5,400.8,463.9,517.2,1841.6,912,920.9,1032.4,120.3,NODATA,1033.9,335.6,275.4,622.7,178.1,198.9,83.2,184.2,635,397,398.4,235.2,274.5,201.37714573732893,24.765337481295603,1063.9,1403.5,NODATA,1062.9,NODATA,1098.1,986.9,1001.7,943.6,549.4,79.7,416.5999999999999,54.5,109,75.8,63.6,2365,15.4
623,1606,1537,1524,1129,895,858,647,264,183,581.5,460.5,63.14999999999999,141.9,464.5,320.5,267,291,563,221,381,635,509,102,565,417,162,372,315,1032,NODATA,841,1005,815,1859,986,84.45,163,195.79999999999998,120.7,295.9,370.6,376.2,683.7,393.8,229.3,332,525.2,574.9,1865.2,881.5,899.3,1039.9,150.7,NODATA,1043.2,345.4,284.3,635.9,188.6,208.8,88.3,180,632.2,397.3,386.7,220.9,279.6,208.64896387407038,25.684799537763073,1040,1368.1,NODATA,1039,NODATA,1066.7,943.4,918.5,889.3,528.6,79.8,424.29999999999995,52.5,105.5,63.099999999999994,62.300000000000004,2355,17.9
624,1549,1462,1440,1059,853,851,629,245.49999999999997,173,552.5,429,61.5,138.75,516.5,347,283,306,571,289,412,616,496,103,573,458,153,406,321,1138,NODATA,1011,1092,785,1830.5,997,96.65,156.1,194,139.3,331.1,432.7,416.2,665.7,426.3,262,414.5,529.6,593,1847.3,786.4,1031.4,1097.6,152.4,NODATA,1058.2,344,260.5,609,185.9,212.8,89.2,199,633.3,394.2,378.4,220.8,268.5,199.9740314170387,22.776048088130025,956.5,1256.6,NODATA,956,NODATA,1016.5,878.6,922.2,804.1,483.8,74.8,392,55.8,110.7,77.8,63.099999999999994,2287,18
625,1700,1622,1619,1231,1010,876,655,228,196,634,495,62.1,140.2,542,335,292,309,631,268,414,699,557,111,578,472,154,362,325,1122,NODATA,970,1116,865,1974,992,105.6,153.8,199.50000000000003,124.2,306.2,430.2,409.5,693.5,428,217.6,399.1,482.4,555.8,1864.8,850.7,1006.5,1127.6,151.6,NODATA,1129.1,385,304.2,699.5999999999999,213.9,231.3,94.4,199.9,698.8,427,405.1,235.6,289,211.81329380057463,30.191622960957613,1133.6,1452.3,NODATA,1131.6,NODATA,1176.6,1044.6,1053.5,982,578.1,80.5,390.9000000000001,64.85,127.2,75.9,64.85000000000001,2577.5,18.650000000000002
626,1596,1512,1508,1108,905,865,628,242,185,585,466,63.5,150.3,548,355.5,281.5,311,632.5,243,401,619,504,108,594,465,170,417,328,1112,NODATA,942,1029,825,1852,972,97.5,164.7,210,136.1,305.9,413.7,429,716.3,431.5,221.8,386.9,501.5,557.8,1825.1,760.1,935.6,1058,122.2,NODATA,1072.2,345.8,283.7,646.3,203.8,231.2,96.3,186.5,615.1,399.8,419.4,243.2,288,216.7104907626636,24.389844746201657,1022,1335.9,NODATA,1020.8,NODATA,1059.7,932,949.5,899.8,520.6,68.7,419.5,58.6,113.6,79,56,2370,19.3
627,1528,1459,1426,1092,900,764,578,211,166,550,444,64.6,141.5,451,276,238,276,496,234,359,615,503,100,583,382,141,314,276,920,NODATA,824,947,775,1794,912,69.35,158.2,210.5,112.9,286.3,342.6,333.6,596.7,377,217.1,324.4,465.7,537.5,1656.9,720.7,858.3,981.4,102.3,NODATA,976,337.7,279.5,625.7,170.6,210.9,84.3,180.9,565.1,386.7,374.9,226.1,270.9,196.50051361624253,18.388480236587373,1020.1999999999999,1284.1,NODATA,1019,NODATA,1029.5,918.5,954.5,917.9,490.7,76.3,340,55.949999999999996,122.15,78.3,63.9,2259.5,16.549999999999997
628,1617,1541.4999999999998,1524,1124,901,846.9999999999999,634,237.5,195,588,437,65.8,149.1,488,343,290,299,589,296,414,634,505,104.1,573,459,135,374,325,1116,NODATA,1101,1117,840,1863,983,102.55,163.8,196.29999999999998,124.1,333.3,439.1,437,671.3,390.4,247.3,386.8,516.6,551.8,1917.3,803,1122.2,1145.1,47.2,NODATA,1137,349.6,290.7,646.5,204.4,223,94.7,185.1,681.8,432.3,405.6,236.4,279.2,209.0856262764068,23.999810347304592,1028.8,1338.1,NODATA,1028.1,NODATA,1111.4,969,1003.8,981.6,537.8,81.7,415.39999999999986,59.900000000000006,113.80000000000001,76.6,64.2,2315,19.8
629,1613,1556,1550,1164,931,858,641,248,172,590,484,56.3,129.3,495,293,233,293,585,242,361,639,529,101.5,571,427,157,339,300,970,NODATA,918.5,966,770,1880,963,80,157.2,204.14999999999998,127.5,290.7,377.7,366.5,661,410.9,201,349.1,467.3,538.3,1762.3,767.3,941.4,980.3,110.5,NODATA,982.3,358.5,274.3,642.4,189.6,229.9,95.5,197.1,579.2,388,367.7,213.4,261.1,186.3546028068642,18.27148056599918,1060.1,1393.9,NODATA,1058.7,NODATA,1104,977.7,1010.2,949.6,553.5,83.6,390,52.1,114.5,78.4,61.099999999999994,2402.5,16.4
630,1488,1429,1401,1056,872,752,569,186,175,563,443,64.2,135.3,498,311.5,262.5,283.5,584,246,355,607,501,105.60000000000001,577,448,139,380,295,1035,NODATA,916,987,793,1746,898,79.6,152.2,206.5,129.1,282.6,392.1,363.7,599.5,388,213.6,360.8,455.2,490.6,1685,784,944,1025.7,92.3,NODATA,1020.7,352.8,269.5,629.2,179.4,201.2,87.5,195.6,589.1,367.7,386.5,213.4,267.3,190.79902994963058,22.829179867707328,964,1255.9,NODATA,963.4,NODATA,1027.4,912.9,929.7,871.7,509.3,68.8,356.79999999999995,53.7,123.3,81.30000000000001,67,2245,18.6
631,1647,1585,1554,1198,1009,804,612,189,180,630,497,67.4,140.5,501,322,235,312,554,237,371,662,552,95,580,459,160,346,305,1006,NODATA,900,1005,820,1919,944,84.4,159.3,198.45,122.7,297.5,407.1,389.6,664.3,426.6,212.5,378.8,479.6,564.9,1760.7,766.6,949.9,1023.2,118.9,NODATA,977.5,374.6,288.4,666.6,169.5,211.3,88.8,209.3,604.4,386.7,360.8,235.7,296.8,216.01152142134174,25.044892716551995,1053,1388.2,NODATA,1052.6,NODATA,1121.6,1020.8,1070.1,934.1,573,78.8,361.29999999999995,56.2,127.69999999999999,89.9,65.5,2495,16.349999999999998
632,1524,1435,1432,1053,865,833,613,249,198,553,428,67.6,147.20000000000002,505,330,239,263,506,250,365,605,483,90.60000000000001,586,453,165,339,295,1026,NODATA,914,1033,765,1783,960,80.85,155.9,205.10000000000002,114.3,327,406.8,383.4,646.7,443.6,231.6,382.5,505.8,560.2,1778.4,768.7,921.8,1055.7,139.5,NODATA,1048.9,328.3,261.5,599.8,181.2,210.9,87.5,183.6,617.1,388.6,358.1,221.1,256.2,191.33365323693667,24.535008783243665,972.6,1264.7,NODATA,972,NODATA,1008,894.3,935.2,833.1,501.5,67.7,396.60000000000014,51,120.94999999999999,79.5,55,2245,16.599999999999998
633,1612.5,1531,1518,1140,934,826,616,242,183,601,467,68,144.2,491,304,255,295,554,260,387,636,512,96,581,435,165,366,296.5,1058,NODATA,961,1021.5,835,1866,999,91.1,163.7,203.4,118.7,318.7,379.8,390.1,707.8,417.4,214.3,371.4,470.6,534.6,1819.6,844.7,979.9,1046.1,131.1,NODATA,1047.8,317.7,272.3,596.9000000000001,174.6,209.7,89.3,196.1,NODATA,409.9,429.8,240.9,269.6,199.45311028413667,21.372611498919593,1052.3999999999999,1390.4,NODATA,1048.3,NODATA,1080.9,972.3,1001.7,921.3,541.3,84.2,397.0999999999999,53.099999999999994,115,78.89999999999999,71.9,2345,16.599999999999998
634,1554,1481.0000000000002,1473,1061.5,892.5,800.5,616,249,199,555,424,63,137.10000000000002,522,330,266,299,579,308,407,657,507,103,555,447,161,380,328,1069,NODATA,1083,1085,785,1786,946,100.55,153.5,202,118.2,294.4,412.6,378,687.3,428.9,205,373.3,521.2,591.9,1851.2,781.2,1098,1119.6,76.5,NODATA,1115.8,328.4,262.9,596,190.8,210,90.1,190.1,703.9,413.1,414.1,233.9,259.4,190.0487374758382,21.57892813498783,940.6,1307.2,NODATA,940.1,NODATA,1008,932.4,913.8,864.1,481,64.8,397.9000000000001,62.199999999999996,120.5,80.8,61.900000000000006,2290,17.4
635,1530,1460,1457,1092,897,787,600,218,178,564,441,67,142.6,528,346,273,296,564,286,376.50000000000006,629.5,508.5,95.5,577,438,157,354,307,1079,NODATA,988,1012,745,1774,913,88.1,166.7,199,119.3,314.4,418,380.5,587.9,421.1,216.3,374.2,460.9,463,1760.4,771.3,1021.6,1039.1,67.1,NODATA,1038.5,352.1,262.9,625.7,183.1,202.6,86.8,190.5,621.2,383.7,398.8,222.9,260.4,193.2462221901897,24.978129276121845,1002.8000000000001,1281.1,NODATA,1001.2,NODATA,1084.6,947,956.2,935.7,502.6,83.3,387.70000000000005,56.2,121,70.1,62.9,2283,17.9
636,1470,1417.5,1400,1011.5,801.5,800,611.5,258,191.5,533,437,62.1,136.7,546,335,288,321,640,314,386,600,507,98,572,452,131,384,333,1117,NODATA,1043,1095,715,1705,909,98.6,165.4,197.7,131.3,312,432.5,396.1,709.6,410.3,190.7,411.4,465.8,522.2,1844.3,851.1,1071,1102.5,75.7,NODATA,1107.6,324.5,253.6,602.6,206.4,210.8,87.2,179.9,675,408.6,421.8,242.9,270.7,202.8530109960708,24.105045046607366,908.9000000000001,1269.3,NODATA,907.6,NODATA,976.7,887.3,877.9,833.2,480.2,71.2,398.79999999999995,55.5,100.1,62.5,66.8,2165,15.5
637,1464,1387.5,1393.5000000000002,1024.5,801,782,577.5,214,178,523,405,70,144.70000000000002,486,321,256,249,598,253,363,580,449,91.5,567,422,133,368,312,1052,NODATA,864,948,705,1723,939,81.65,165,195.79999999999998,127.1,310.1,404.4,375.5,637.5,393.5,202.5,383.2,471.1,525.1,1754,786.5,903.9,1006.6,116.2,NODATA,1029.3,318.7,258.2,584.5,173.5,189,81.3,174.4,612.1,372,419.3,226.2,233.7,171.0604743995087,22.274980668202975,932.8000000000001,1224.5,NODATA,932.3,NODATA,974.4,845.5,889.6,816.6,473.7,86.7,373.89999999999986,50.099999999999994,99.5,74.1,68.1,2170,16.7
638,1474,1400,1389,1027,849,792,603,237,195,535,405,68,159.9,506,357,287,314,544,305,386,606,477,103,599,450,142,355,316,1124,NODATA,1071,1056,779,1717,934,92.15,166,212,113,328.9,442.7,389.1,670.2,397.5,224,354.8,466.6,555.9,1762.2,761.8,1043.1,1071.6,19.3,NODATA,1064.9,319.6,244.6,570.4,178.9,208.5,87.3,184.7,NODATA,412.6,421.2,232.3,271.7,201.98387154934392,15.693803147567706,895.9,1226.9,NODATA,895.7,NODATA,951,872.7,909.8,876.6,473,62.5,372.29999999999995,52.300000000000004,111.95,79.80000000000001,64.5,2167.5,17.349999999999998
639,1554,1493,1462,1088,843,836,640,262,171,553,432,63.7,142.4,494,343.5,268,278,567,266,380,616,512,103.6,594,458,130,345,312,1023,NODATA,922,1001,845,1800,960,83.6,174.1,198,121.8,285.4,425.2,388.6,629.9,390.2,222.1,348.4,478.5,520.1,1798.6,773.5,954.9,1035.5,167.4,NODATA,1034.9,342.2,267.6,618.8,186.9,216.1,91.1,186.6,605.3,376.8,366.5,226.2,268.6,197.827349117577,23.625150195837293,1013.1,1283.7,NODATA,1010.8,NODATA,1045.8,903.6,919.2,845.7,493.9,71.8,381.70000000000005,51.5,122,83.5,68.60000000000001,2250,18.5
640,1435,1354,1352,1014,806,716,558,229,180.5,529.5,408.49999999999994,65,132.5,449,338,252,299,535,248,356,604,484,94.3,589,439,138,329,284,1021,NODATA,960,1000,800,1664.5,871,77.85,158.2,210,123.3,294.1,426.8,367.5,600.6,410.4,208.1,363.2,435.6,491.6,1691.4,769.7,979.8,1000.4,59.1,NODATA,997.5,302.8,237.2,546.6,171.6,205.2,86.9,175.9,592.2,399.5,389,220.5,246.5,189.87176294629475,15.454282284967443,911.7,1206.4,NODATA,911.5,NODATA,981,866.7,902.9,852.6,481.5,79.3,346.5999999999999,44.900000000000006,103.2,75,70,2109,17.2
641,1499,1424,1415,1041,847,792,594,245,179.5,549.5,435,66.35,143.35000000000002,489.5,299.5,264,277,595,255,378,598,480,101,573,425,140,367,307,1007,NODATA,943,987,789,1730,914,83.6,162.6,201.20000000000002,120.5,321.7,399.7,356.6,615.6,378.8,229.3,342.9,487.1,530.4,1744.2,811.8,957.5,1034.5,104.5,NODATA,1032.8,325.4,258.4,590.6,184.8,201.7,85,188.4,NODATA,408.5,408.5,236.3,263.5,194.48859728501162,25.35505075282879,946.5,1264.5,NODATA,943.9,NODATA,1008.9,897.9,899,842,505,76.7,385.9000000000001,55.7,112.4,73,60,2195,15.9
642,1565,1493,1486.5,1066,851,814,605.5,220,172,537,397,73.5,148,545,379,315,344,572,309,403,649,502,104,584,455,185,382,319,1208,NODATA,1114,1082,852.5,1864,988,110.65,159,205,124.2,325.9,421.4,414,759.6,452.9,250.1,376.7,526.6,602,1904.3,848.3,1072.3,1129.3,127.8,NODATA,1133.1,346.9,274.6,630.4,197.5,221.8,94.1,202.3,NODATA,464.9,450.4,250.1,283.9,218.86393873019077,12.303401330302812,1007.5999999999999,1357,NODATA,1006.3,NODATA,1023.8,937.6,948.6,879.8,497.7,72.5,430.70000000000005,54.4,121,80,73.3,2370,17
643,1532,1446,1440,1127,911,759,559,188,182,576,443,61.6,140,497,325,258,290,564,267.5,389.5,637,516,93.6,598.5,435,147,306,289,1018,NODATA,953,1038,777,1767,880,79.55,163.2,213.2,129.1,324.5,404,374.9,603.1,423.8,226.6,328.1,425.3,501.3,1677.5,734.7,971.7,1052,76.2,NODATA,1049.7,332.5,259.3,599,174.3,193.1,84,188.4,600.3,393.1,371.5,211.6,268,194.32163280909856,22.88183658565999,983.1,1281.9,NODATA,983.7,NODATA,1065,953.4,989.7,906.9,523.8,75.8,330.60000000000014,50.599999999999994,114.1,70.5,70,2247,17
644,1501.4999999999998,1429,1430,1057.5,876.5,810.5,583.5,199,183,544,409,59.699999999999996,145,488,315,256,270,551,245,372,582,472,104.5,585,429,143,358,324,1016,NODATA,900,966,820.5,1767,931,80.45,160.7,204,134.2,306,386.1,365.7,596.7,400.2,230.2,355.3,464.9,478.3,1674.8,729.1,905.4,1000.1,91.1,NODATA,989,346.8,262.6,621.6,184.3,211.1,90,194,599.9,398.5,395.2,214.5,270.4,197.36613473668066,21.013017509808577,994.9,1266.5,NODATA,994.1,NODATA,1042.2,901.1,919.9,903.8,502.5,69.9,384.5,56.5,119.80000000000001,86.19999999999999,66.7,2223,19
645,1461,1372,1390,1016,808,819,604,272,191,548,400.5,57.599999999999994,147.5,465.5,336.50000000000006,283.5,285,573,295,392,604,466,99,590,441,142,375,301,1043,NODATA,974,1032,735,1712,930,88.75,163.9,203.1,126.8,338.3,425.2,420.8,663.7,403.5,215.6,340.3,459.6,518.4,1768.5,805.5,1030,1066.1,161,NODATA,1056.1,305.7,244.5,555.4,185.9,207.2,87.8,194.7,637.7,448.5,447.9,253.5,269.1,196.55434633926075,22.03887282615027,932.9,1196.7,NODATA,931.6,NODATA,969.5,836.6,886.9,771.9,476.8,71.4,392.6,52.9,120.5,82.4,71.6,2145,18.6
646,1519,1432,1420,1058,842,802,618,241,162,553,435,65.19999999999999,146.6,489,273,219,267,496,223,342,585,474,106.8,571,390,155,326,289,924,NODATA,814,936,755,1746,906,69.85,171.9,192,123.2,297.3,375,344.3,599.2,419.4,211.8,355,479.4,528.3,1663.6,742.1,856.4,960,119,NODATA,953.5,331,263.6,604.1,177.4,213.9,92.2,192.6,539.8,367.6,366.4,225.5,266.1,195.91099011281955,25.65197092400442,970.5,1270,NODATA,970.3,NODATA,1019.1,900.2,915.4,851.5,502.5,72.3,366.4000000000001,51.4,114,77.8,58,2209.5,16.05
647,1580,1488.5,1487,1110,896,840,629,261.5,178,594,459,63,136,440,297,274,288,521,266,387,617,494,106,578,432,141,308,283,980,NODATA,919,1022,783,1839.5,969,83.05,NODATA,199,NODATA,NODATA,NODATA,NODATA,NODATA,NODATA,NODATA,NODATA,NODATA,NODATA,NODATA,NODATA,NODATA,NODATA,NODATA,NODATA,NODATA,NODATA,NODATA,NODATA,NODATA,NODATA,NODATA,NODATA,NODATA,NODATA,NODATA,NODATA,NODATA,NODATA,NODATA,NODATA,NODATA,NODATA,NODATA,NODATA,NODATA,NODATA,NODATA,NODATA,NODATA,NODATA,NODATA,49.800000000000004,117.6,80.9,73.60000000000001,2227,16.4
648,1464.5,1421.0000000000002,1403.5,1036,796,785.5000000000001,620.5,287,187,530,396,69.7,149.2,499,352,275,294,614,307,379,587,462,96,592,446,127,350,309,1118,NODATA,1033,1058,717.5,1695,922,91.35,170.1,205.5,118.9,309.7,419.6,373.2,639.9,382.1,201,412.1,453.6,515.6,1800.4,783.9,1056.7,1064.3,135,NODATA,1063.9,307.9,257.4,574.4,199.1,212.8,90.3,181.3,632.2,419.4,422.1,228,258.9,193.03607277220806,21.588193071384307,933.8,1234.7,NODATA,932.5,NODATA,970.6,854.6,826.4,798.8,468,71.6,367.79999999999995,50.4,97.30000000000001,78.7,71.39999999999999,2165,18.9
649,1501,1415,1398,1054,867,765,590,223,173,538,427,62,132,489,299,206,289.5,554,196,346,592.5,482.5,89,546,417,153,333,295,940,NODATA,845,914,876,1720,853.5000000000002,69.2,156.6,190.7,115.1,291.8,359.3,373.6,599.1,412.7,202.8,357,474.2,525.6,1595.7,627.7,845.3,947.6,126.2,NODATA,952.5,328.2,270.1,603.1,173.5,208.2,88.5,180.1,558.6,370.4,386.2,224.1,252,181.41034592326585,23.997355566518,973.2,1229.9,NODATA,970.4,NODATA,1015.5,908.8,929.2,847,497.9,73.4,363.70000000000005,60.9,111.7,73.7,63.5,2201,17
650,1655,1580,1570,1184,994,833,622,218,208,607.5,479,63.9,140.6,548,362,283.5,284,631,301,408,679,543,101,567,458,165,391,328,1155,NODATA,1084,1127,867,1906.4999999999998,973,109.2,161.9,198.4,105.7,327.5,422.5,403.3,647.7,417.6,224.7,371.3,489.9,523.8,1922.1,855.2,1121.2,1165.3,123.1,NODATA,1154.2,368.3,286,658.3,187.6,221,90.5,205.4,NODATA,429.3,424.4,231.3,279,207.12759139230104,23.648043890450282,1068.8,1392.7,NODATA,1066.6,NODATA,1153.3,992.3,1022.1,945.7,552,81.9,391.29999999999995,58.4,124.2,84.5,65.5,2429,15.5
651,1563,1491,1491,1082,895,815,603,220,165,559,429,67,144.5,480,338,266,295,553,262,382,616,509,94,563,432.5,146.5,344,292.5,1005.5000000000001,NODATA,936,961,875,1825,938,80.5,157.5,197,108.7,305.4,399.3,387.8,657.7,389,237,352.1,495.1,523.1,1726.9,728.2,955.7,982.3,123.6,NODATA,973.8,346.5,271.3,627.3,179.2,207.3,86.5,199.9,567.2,388.5,383.9,228.7,278.5,197.95373369078277,14.581607082555829,1005.2,1330.9,NODATA,1003.7,NODATA,1066.5,935.8,946,881.6,514.5,73.2,414.5999999999999,53.9,126.7,82,67.4,2335,18.2
652,1620,1544,1523,1165,895,793,622,229,210,602,459.00000000000006,64.6,146,520,355,296,308,610,291,440,683,541,107.30000000000001,596,414,160,358,323,1112,NODATA,1050,1122,897,1852,945,104.3,165.1,207,127.1,335.1,412.5,381.6,653,425.2,238.1,370.1,471.1,530.5,1899.2,861.8,1115.3,1162.6,68.7,NODATA,1161.9,340.4,276.1,619.1,190.7,225.1,94.2,206.4,686.3,448.9,423.2,257.4,273,188.2882949714785,21.479862546393875,1035.1,1369,NODATA,1032.4,NODATA,1113.3,980.9,1002.5,966.4,548.1,83.3,381.29999999999995,58.3,117.8,79,64.4,2348,19
653,1497,1420,1404,1039,859,763,581,204,169,542,429,69,130.7,490,342,258,282,541,274.5,375.5,598.5,486,97,571,459,151,357,307,1074,NODATA,988,1005,867.5,1718,881,84.05,161.3,198.79999999999998,114.2,298.8,423.3,394.1,631.8,416.1,186.8,380.5,469.1,491,1728.2,684.2,1005.4,1008.5,34.7,NODATA,1008.2,332.1,254.2,592.8,185.5,220.8,93.9,194.8,584.2,396.6,368.2,227.9,270.4,200.95764335297804,24.258857083916133,946.9000000000001,1254.5,NODATA,945.9,NODATA,1029.1,891.3,902.8,912.2,490.5,71.7,377.3000000000002,51.1,106.5,78.7,73.7,2198,17.3
654,1599.5,1498.5000000000002,1518,1110,919,870,629,236.5,179,580,462,66.3,143.7,473,303,261,306,566,227,361,628,506,97.30000000000001,565,430,167,362,302,990,NODATA,815,953,820,1873,998,79.3,157.3,197.39999999999998,116.3,317.4,384.9,374.5,671.6,425.4,234,326.3,501.3,554.2,1761.6,778.2,855.5,978.6,173.2,NODATA,973.8,352.3,275.5,629.0999999999999,181.1,213.5,89.8,191.8,565.2,389.2,360.1,225.4,269.4,195.2365519121053,17.054447615767305,1056.6,1356.8,NODATA,1055.5,NODATA,1067.6,925.8,963.7,883.4,525.3,81.1,408.29999999999995,52,118.69999999999999,80.19999999999999,62,2368,15.4
655,1482,1400,1404,1037,852,806,572,240,203,541,411,67.2,138.7,524,347,301,277.5,616,305,433,616.5,500,105.19999999999999,579,427,153,403,316,1161,NODATA,1104,1113,748,1725,930.5,100.55,157.6,203.4,132.3,329.6,407.5,374.5,642.3,393.9,226.5,343,475.6,532.1,1793.5,760.4,1115.6,1135.6,26.4,NODATA,1128.8,304.4,257.3,562.1,198.8,217.7,90.1,188.1,729.5,423.3,428.5,253.6,264.7,197.36620812753398,17.867956238488755,899.4,1243.4,NODATA,899.2,NODATA,988,863.3,875.7,873,478,68.4,385.79999999999995,54.5,105.5,80.39999999999999,63.5,2160,18.2
656,1479,1371,1389,1025,808,790,580,238,154,518,406,56,131.7,469,298,208,271,476,209,335,571,463,91,560,415,156,279,268,897,NODATA,785,885,722,1709,921,60.9,159.4,195.20000000000005,115.4,292.8,365.3,354.4,616.3,414.1,211.4,333.5,463.2,527.1,1661.3,752.6,845,912.2,67.4,NODATA,898.3,317.8,254.2,579.3,166.5,197.6,83.9,195.3,506.5,359,344.6,208.5,263.2,189.65994235887575,22.779956180975002,937.9,1222.9,NODATA,937.7,NODATA,965.4,846.1,874.8,870.5,471,75.9,370.5999999999999,51.3,120.75,75.7,61.8,2185,15.5
657,1431,1361,1336,976,774,771,565,200,163,490,361,70,155.2,478,354,291,285,542.5,306,376.5,596,467.5,96.5,583,441,146,349,311,1088,NODATA,1019,1018,749,1689,902,85.1,168.6,199.3,122.5,311.8,418.2,381.8,617.3,369.6,220.4,382.2,486,505.2,1765.2,687.4,1021.4,1050.2,124.5,NODATA,1046.9,346.2,249.2,606.9,174.8,209,87.1,175.9,607.3,391.7,382.9,226.6,240.8,176.44391860973266,21.244756958992284,911.2,1206.6,NODATA,910.6,NODATA,981.7,837.4,881.8,786.7,461.7,71.3,382.10000000000014,58.3,107.89999999999999,72,72.6,2102,19.6
658,1467,1403,1384,1008,850,780,599,258,190,556,414,66.3,146.5,514,343,273,289,594.5,260.5,385.5,594.5,465,105.19999999999999,580.5,437.5,155,385,318,1081,NODATA,939,1047,755,1731,919,84.9,164.8,201.70000000000002,124.3,285.8,404,378.5,666.6,407.8,236.5,358.7,476.6,559.6,1823.9,799.8,923.4,1056.7,80.9,NODATA,1062.8,305.4,250,563.9,178.3,204.4,87.3,178.4,624.4,408.9,397.1,232.3,270.7,195.059829190092,24.395127785739184,930.4,1231,NODATA,928.3,NODATA,953.8,874.2,892.9,849.5,499.2,79.5,386.69999999999993,53.3,117.5,74.7,66.2,2165,17.6
659,1492,1414,1392,1074,790,771,592,251,213,547,420,70.5,148.4,507,344,290,304,594,315,413,608,476,104,619.5,442.5,140,358.49999999999994,298,1157,NODATA,1068,1078.5,785,1708,909,98.125,168.1,219.7,115.4,331.7,425.7,394.7,691.4,402.7,222.1,399.5,472,555.2,1840,825,1088.6,1109.8,87.3,NODATA,1101.7,302.7,262.2,561.9000000000001,175.4,195.3,83.5,199.9,NODATA,409.5,447.8,246.9,268.5,192.73574125350345,22.591237508838663,899,1247.1,NODATA,898.9,NODATA,965.3,865.8,885.7,811.7,477.9,76.2,373.20000000000005,50.4,121.19999999999999,89,69,2145,18
660,1570,1498,1471,1104,900,842,655,278,206,571,446,68.5,147.3,539,357,281,284,578,307,403,647,491,115,588,504,156,370,336.5,1131.5,NODATA,1071,1117,901,1832,956,103.35,163.4,201.1,130.8,350.8,459.2,395.8,702,436.2,176,412.4,483,574.3,1875.5,880.7,1078,1141.4,86.9,NODATA,1140.7,320.2,274.5,604.4,198.6,226.2,93.8,193.7,650.3,422.6,397.5,232.2,285,209.9859228173189,18.434948822922035,972.9,1334.2,NODATA,972.9,NODATA,1033.8,932.7,967.1,886,515.5,82.4,387.89999999999986,62.400000000000006,118.5,83.6,67.69999999999999,2292,18.400000000000002
661,1524,1450,1433,1071,880,819,597,253,170,543,456,55.300000000000004,135.39999999999998,478,276,230,284,556,242,372,609,521,101.49999999999999,580,455,138,318.5,292,949,NODATA,883,1027,765,1784,948,78.4,161.4,206.4,125.8,316.4,422.3,351.8,613.7,389.4,190.8,361,461,510.9,1738.6,767.1,904.2,1059.6,155.8,NODATA,1065.3,349,277.1,635.1,178.2,199.6,83.1,180.9,617.2,367.8,381.2,218.9,266.5,196.0541232418713,24.741174357585894,998.5999999999999,1296.7,NODATA,996.4,NODATA,1035.1,896,945.1,842.8,485.4,74.8,369.60000000000014,51.6,111.89999999999999,75,66.2,2255,14.5
662,1465,1397,1376,1036,867,727,551,195,189,543,407,66.2,143.5,494,324,244,298,533,231,387.5,609,502.5,94.5,590.5,417.5,143,345,296,1027,NODATA,914,981,745,1712,872,77.5,166.3,209.20000000000002,115.8,318.3,387.8,369.6,600.1,401.1,218.5,357.4,451.4,489.9,1664.1,739.3,937.3,1030.3,146.2,NODATA,1041.4,321.2,267.6,598.7,175.6,192.9,81.3,181.2,624.4,381.9,376.4,219.6,255.2,185.71368899337824,20.74723756745159,981.0999999999999,1219.5,NODATA,979.1,NODATA,999.2,868,932.7,834.9,476.6,73.9,358.5,49.3,112.30000000000001,79.5,65.6,2145,16.4
663,1584,1492,1492,1106,903,823,593,225,198,565,452.5,64.05,140.6,543,319,305,322,650,289,401,650,530,98,577,492,150,464,367,1178,NODATA,1046,1131,815,1852,972,108.5,163.3,198.2,139,337.5,460.2,431.2,750.1,434.8,209.6,381.2,479.2,546,1928,850.9,1059.5,1149.1,106.8,NODATA,1141.5,347.9,282.3,643.7,188.8,217.4,93.3,205.9,691.7,422.2,413.4,231.1,280.9,203.73811134490225,23.933777922905794,991.8,1360.3,NODATA,989.6,NODATA,1056.9,964.3,967.8,885,513.4,75.8,414.5,52.800000000000004,121.30000000000001,78.7,69.9,2345,16.1
664,1589,1534,1491,1129,936,820,615,223,191,591,455,62.5,138,494,344,295,289,566,307,406,654,527,105.7,591,438,154,364,308,1099,NODATA,1107,1094,855,1855,954,98.45,155.4,210.75,124.8,335,414,411.3,659.7,413,232,367,496.1,563.5,1817.4,794.7,1136.8,1129.6,15.4,NODATA,1129.9,350.4,278.9,637.7,198.2,222.4,92.4,197.6,600.1,421.2,409.6,234.4,270.3,202.73071978566037,20.75223799074409,1007.6,1311.5,NODATA,1007.7,NODATA,1076.4,990.1,987.6,992.2,539,93,380.39999999999986,53,125.65,89.3,74.25,2345,18.3
665,1477,1391,1384,1037,822,800,591,241,168,517,415.4,64.4,134.9,483,292,236,265,536,232,355,587,479,93,593,434,147,344,294.5,913.5,NODATA,799.5,964.5,760,1740,936,73.05,158.4,207.7,130.8,294.5,388.6,351.8,589.4,398.2,207,359.8,472.6,510.8,1694.8,786.8,828.4,996,157.8,NODATA,981.7,331.8,237.7,584.4000000000001,165.6,189.4,82.4,188.7,575.4,367.1,370.7,217.2,258.2,193.3828663867785,20.3314671261313,952.8,1225.2,NODATA,951.7,NODATA,994.5,860.1,874.5,795,465.2,72,355.20000000000005,47.5,112.5,78,61,2165,15.600000000000001
666,1576,1496,1481,1046,858,804,632,212,205,556,419,63,144,561.5,388,285,359,625,355,427,651,497,102.2,596,530,155,400,341,1146,NODATA,1195,1114,808,1820,954,115.7,176.1,197,127.6,353.4,477.7,423.6,702.7,443.8,231.5,394.6,545.1,554.2,1902.2,827.6,1229.3,1154.4,57.2,NODATA,1154.1,353.2,270.9,633.3,198.5,231.1,95.6,191.1,721.7,423.7,439.6,241.1,271.7,203.96639148147338,15.492225506310028,943,1316.8,NODATA,942.6,NODATA,1049,928.5,904.8,885.8,487.4,71,444.79999999999995,55.7,118,81,70,2265,18
667,1491,1408,1386,1056,845.5000000000001,774,575.5,229,168,540.5,425,62,136.8,496,357,248,296,558,237,373,597,479,97.4,563,445,150,346,314,1031,NODATA,932,971,845,1738.5,916,78.5,162.6,197,128.4,302,396.1,387.9,645.8,416.3,210.7,406.1,465.1,531.9,1735.8,796.1,1060.1,1007.3,116.2,NODATA,1009.5,320.4,260.4,590.6,189.7,209.6,88.3,185.4,583.5,376.5,381.2,216.4,253.2,182.45361546506717,13.016110768467215,956.8000000000001,1236.8,NODATA,956.2,NODATA,997.3,880.5,902,840.6,506,78.8,342.10000000000014,55.300000000000004,112.10000000000001,77,64.1,2195,18.1
668,1585,1506,1495.5,1122,897.5,765.5,602.5,235,180,586,429,63,143,561,383,327,346,637,327,408,652,529,97,564,465,177,397,341,1217,NODATA,1152,1095,835,1825,916,111.5,161.9,203.1,123.5,349.4,443.9,434.1,686.9,439.8,223.7,409,485.6,536.7,1916.3,697.5,1195.2,1144.3,130.1,NODATA,1071,342.4,282.5,629.0999999999999,202.5,226,95.8,198.5,615,438.2,384,226.1,283.6,207.2718071921944,16.3108864991738,1017.3000000000001,1332.3,NODATA,1016.4,NODATA,1086.2,956,952.3,887.2,524.9,66.7,370.29999999999995,57.599999999999994,121.4,80,67.2,2385,14
669,1531,1446.4999999999998,1435,1096,878.5,800,578.5,231,175,550,439,59.1,132,503,295,255,274,589,253,387,630,513,98,572,450,147,378,313,1066,NODATA,905,1002,810,1792,921,83.3,167.7,196.20000000000002,132.6,295.7,407.2,390.2,648.9,418.2,212.8,379.3,458.8,525.4,1752.1,785.8,920.2,1030,144.7,NODATA,1012.5,327.8,251.8,584.9,188.4,229.2,94.6,212.1,597.1,384.3,386.2,231.5,273.7,202.53428383314832,16.145421426054735,992.3,1280.8,NODATA,991.4,NODATA,1037.5,909,965.7,847.6,509.6,80.7,348.20000000000005,54.800000000000004,125.8,88.69999999999999,65.7,2215,19.3
670,1554,1463,1473,1087,894,820,608.5,223,200,572.5,436.5,63.099999999999994,136,506,332,250,307,598,296,393,641,513.5,105.60000000000001,593,409,166,346,312,1020,NODATA,977,1057.5,849,1826.5,966,89.8,163.6,210.2,128.4,306.3,378.6,360,657.1,424.3,240.2,372.8,493.7,566.7,1774.7,804.6,1003.8,1078.6,124.9,NODATA,1073.4,350.5,274.5,632.0999999999999,190.1,225.4,93.6,195.7,659.6,428.7,405.2,238.2,281.5,206.20685862606678,15.816014160919275,982.3,1317,NODATA,981.9,NODATA,1030.1,918.9,958.7,857.4,516.3,79.7,402.5999999999999,52,115.7,83.2,63.8,2308,19.2
671,1528,1458,1461,1090,873,825,627,253,169,554.5,433.49999999999994,66.44999999999999,141.14999999999998,473,272,232,264,442,224,361,602,494,101,571,407,141,314,286,912,NODATA,793,947,795,1791,937,71.95,157,202.2,116.8,288,365.7,350.3,631,408.6,204.4,371.5,463,531.4,1762.5,853.4,844.1,987.6,141.9,NODATA,997,328.8,247.9,585,176.4,216.4,91.4,198.2,560.9,377.8,356.6,220.3,271.5,199.3019104256827,18.86435240697453,1000.1,1294.4,NODATA,997.3,NODATA,1022.8,911,923,858.2,500.6,79.1,384.5,51.7,113,75,64.3,2285,16.299999999999997
672,1564,1463,1478,1110,897,804,595,201,174,564,454,61.8,129.2,491,297,241,271,530,236,361,621,498,97,546,418.5,157,371.50000000000006,320.5,1001.5,NODATA,865,950,843,1813,930,78.7,150.9,191.1,130.3,295.1,382.7,363.4,587.9,395.1,242.4,357.8,479.2,495.1,1718.1,749.4,883.6,990.7,137.1,NODATA,990.6,357.9,276.2,640.0999999999999,179.8,198.6,85.2,192.6,596.1,385,394.7,233.5,271,208.10134744025441,20.195826429637282,1029.6,1314.5,NODATA,1028.3,NODATA,1094.9,939.4,953.2,892.5,524.1,71.2,379.9000000000001,54.3,122.69999999999999,90.5,66,2298,16.5
673,1574,1497,1489,1120,898,823,611,229,201,567,445,66.9,140.8,550,366,279,313,614,257,402,638,499,104.60000000000001,567,428,157,394,332,1128,NODATA,976,1058,785,1842,961,97.05,159.9,198.2,130.6,301.8,371.9,400.9,705.1,443,238.4,396.7,490,607.6,1917.6,874.3,995.7,1088.5,63.6,NODATA,1086,340.2,280.2,628.1,194,217.9,92.3,187.7,679.1,405.3,421.6,233.8,276.4,202.0842202497301,19.55145909244349,970.4,1299.2,NODATA,969.2,NODATA,1009.6,920.9,963.2,906.8,514.8,65.4,375.8000000000002,56.1,115.75,77.8,60.45,2350,18.450000000000003
674,1492,1401,1411,1021,NODATA,780.5,572,217,159.5,537,440.5,59,134.9,489,294,241,278,521,244,350,602,514,97,582,409,140,325,288,961,NODATA,892,798,675,1732.5,926,75.35,167.1,205.10000000000002,114.7,312,404.2,360.2,612.7,388.9,193,339.1,473.9,522.5,1662.6,762.7,935.1,1000.4,184.9,NODATA,941.2,322.6,257.3,586.8,190.7,212.4,86.7,179,587.5,382.5,383.8,231.1,267,200.17978643553175,25.95817467879017,949.9,1232.7,NODATA,948.5,NODATA,987.2,884.7,922.7,765,473.3,69.6,389.4000000000001,49.800000000000004,101.19999999999999,59.3,71.5,2210,15
675,1558,1490,1482,1076,900,817,614,232,185,574,444,67.6,153.1,541,387,297,304,647,376,399,658,521,96.89999999999999,573,487,144,379,325,1152,NODATA,1175,1134,855,1809,920,110.3,165.8,194,123,354.1,456.3,401.7,695.2,422.3,228.6,415.8,492.3,537.7,1872.2,849.8,1167.5,1154.7,68.8,NODATA,1152.6,341,273.9,622.7,195.1,220.7,93.6,201.9,663.7,434,428.2,243.8,256.6,192.544934748422,23.7384796042784,995.3,1340.4,NODATA,994.7,NODATA,1052.8,948.2,964.8,926.5,511.5,66.6,413.79999999999995,61.150000000000006,117.85,90.7,68.55000000000001,2324.5,17.3
676,1724,1607,1620,1212,1056,864,631,227,198,626,508,64.7,134.5,519,316,282,307,565,245,395,662,541,108.10000000000001,566,432,153.5,405,360,1083,NODATA,850.5000000000001,1046,865,2011,1020,98.95,163.3,200.3,127.4,310.5,412.4,404,711,421,269.1,372.1,533.8,588.8,1852.1,850.6,897.3,1073.6,167.5,NODATA,1080.4,364.1,296.9,674.9,198,217.7,92.3,216.3,671.3,406.7,434.4,261.3,291.6,210.00084136944008,15.84605124680589,1128.5,1454.3,NODATA,1128.3,NODATA,1173.3,1028.5,1052.2,961,587.6,88.3,425.5,58.9,116.89999999999999,75.1,63.5,2535,18.9
677,1506,1438,1437,1055,851,833.5,627.5,262,180,550,437,63.2,137.5,496,302,240,253,578,213,355,588,480,98,582,417,129,341,291,1009,NODATA,803,944,735,1767,940,79,152.8,213,130.1,306.6,380.8,350.9,614.9,412.3,193.1,383.3,461.8,492.8,1716.1,773.7,824,988,193.1,NODATA,947.6,320.5,273.5,602,174.5,209.5,87.7,200.3,607.4,390.6,389.7,218.1,284.6,215.2492739991642,26.749825960903205,972.4,1295.4,NODATA,970.9,NODATA,1035.8,887.2,922.6,779.3,490.1,78.4,388.39999999999986,42.800000000000004,114.39999999999999,82.2,68.89999999999999,2257,14.2
678,1610,1546,1516,1144,942,817,637,236,177,584,465,67.75,149.60000000000002,510.5,315.5,251,300,574.5,248,371,647,525,111.8,585,452,136,356,296,1005,NODATA,927,1011,885,1857,943.5,87.75,168.3,201,132.6,310.5,386.5,409.2,698.3,407.4,219.8,380.4,472.3,551.5,1788.9,764.4,965,1016,90.7,NODATA,1015.3,351.8,286,643.7,183,216.5,91,192.4,623.5,400.5,397.2,240.7,290.4,217.2780278126707,17.22515566203247,1037,1352.9,NODATA,1036.8,NODATA,1073.4,951.8,982.2,946.3,520.9,73.1,392.29999999999995,54.1,110.19999999999999,74.4,70.1,2375,18.700000000000003
679,1526,1457,1442,1109,861,762,569,206,180,554,445,56,138.1,469,289,252,257,479,217,340,624,517,99,555,442,162,321,285,1014,NODATA,770,917,875,1798,906,73.25,157.8,189.7,123.6,320.8,401.3,370.9,641.7,415.6,177.8,375.9,434,522.5,1696.4,753.4,852,953.8,81.3,NODATA,949.1,333.8,272.5,618.3,173.5,209.2,89,193.6,566.6,385.6,380.9,219.7,273.2,198.21684450789405,16.892887284317535,1001.5,1293.5,NODATA,1001,NODATA,1029.8,937.6,945.6,920.2,523.8,77.4,350.10000000000014,54.5,114,79.6,65.55,2261,17.1
680,1589,1508,1494,1107,901,834,640,267,167,561,444,68.2,138,472,320,318,274,546,237,365,612,507,101.8,590.5,412.5,147.5,322,289,923,NODATA,846,947,815,1835,934,74.9,157.3,212.2,136.2,306.6,378.2,362,641.6,395.3,227.4,335.6,516.5,568.9,1767,744,896.6,973.5,120.9,NODATA,976.1,341.3,274.6,623.7,182.9,201.4,84.7,183.4,571.7,384.5,362.1,213.3,276.8,208.374255079541,16.008725213421222,1025.5,1328.3,NODATA,1024.8,NODATA,1059,927.6,976.3,904.6,511.2,81,397,50.099999999999994,102.8,68.5,66.9,2345,16.8
681,1628.5000000000002,1548,1558,1133,921,843,645,248,180,578,439,63.3,141.1,515,306,285,315,550,278,392,664,530,100,587,458,136,386,321,1076,NODATA,1011,1078,770,1886,989,97.85,167,201,132.6,353.8,423.9,413,753.9,415.1,230.3,382.5,514.1,622.6,1877.4,777.2,1010.7,1089.8,121.3,NODATA,1060.9,348.1,276.2,627.5,188.3,217.1,90.5,193.5,644.3,410.2,399.6,234.2,267.3,206.1211821775337,20.69095776968587,1002.3,1373.9,NODATA,1001.1,NODATA,1044.8,970.4,1002.8,881,524.9,76.7,428.20000000000005,56.900000000000006,119.9,75.5,66.5,2375,16.4
682,1596,1532,1486,1119,884,825,622,229,205,579.5,435.5,70.15,149.85,436,324,268,334,589,337,412,652,525,98,593,446,161,367,309,1103,NODATA,1124,1117,775,1826,960,103,166.4,206,130.3,336.1,452.2,423.3,679.2,420.9,237.4,370.7,494.2,570.2,1883.9,815.4,1133.6,1213.8,28.5,NODATA,1129.8,362.6,260.5,631.9,184.6,212.3,89.4,193.1,674.3,437,430.5,249.8,277.5,208.9537136460358,27.29957221133279,988.6,1298.5,NODATA,988.4,NODATA,1053.4,948,991.8,960.1,515.5,72,383.5999999999999,49.1,127.30000000000001,85,65,2315,15.700000000000001
683,1507,1436,1410,1102,867,780,581,213,159,556,453,64.6,135.39999999999998,459,247,227,294,465,239,370,607,511,104,555,423.5,161,305.5,285.5,904,NODATA,845,1020,785,1756,912,71.35,161.3,188.1,117,286.3,364.4,337.1,573.5,395.6,202.5,315.3,438.5,497,1665.9,729.1,877.9,1025.2,121.4,NODATA,1025.3,317.7,274.5,597.3,186.7,203.3,84.1,180.2,575.3,390.6,386.9,227.1,268.6,196.12079162900258,24.058491494072467,1000.6999999999999,1278,NODATA,998.9,NODATA,1043.2,893.8,971.2,879.3,497.1,76,320.79999999999995,47.5,117.30000000000001,77.4,57.5,2230,15.5
684,1614,1572,1546,1137,901,829,634,248,212,586,442,72.6,157.79999999999998,537,352,273,310,585,351,414,671,523,113,582,491,142,377,340,1111,NODATA,1163,1187,773,1885,1003,118.83,177.7,192.35,130.1,323.2,448.5,399.3,685.4,406.9,224.7,345.3,507.3,548.2,1986.4,825.3,1193,1194.1,45.9,NODATA,1185.5,358.2,287.8,648,203.2,235.2,97.1,193.5,696.2,446.7,450,245.7,286.2,216.38607718271132,24.68743662320747,999.6999999999999,1383,NODATA,998.8,NODATA,1102.7,957.6,980,953.8,535.3,69.2,435,53,121.5,90.5,60.55,2397.5,18.650000000000002
685,1517,1449,1435,1014,831,828,611,239,186,534,418,68.3,145.5,512,343,253,274,567,280,370,610,494,94,575,447,149,335,283,1055,NODATA,1018,1021,805,1773,966,84.625,164.6,194.60000000000002,129,326,415.4,384.4,666.6,404.8,214.3,385.6,523.6,539.6,1838.7,758.8,1031.1,1040.8,35.9,NODATA,1021.4,342.2,255.8,607.7,176,197.3,84,179.1,572.3,388.3,370.4,202,260.8,198.81377858422266,19.380783784651136,939.1999999999999,1271.6,NODATA,939.1,NODATA,998.5,872,881.4,903.3,481.5,73.4,433,52.199999999999996,114.80000000000001,77,66.39999999999999,2247,16.9
686,1518,1432,1431,1059,861,794,598,255,168,541,424,62.400000000000006,136.3,460,289,225,251,498,187,324,589,485,104,593.5,424,148,328,278.5,930.5,NODATA,743.5,907,772,1777,920,68.3,159.4,211,128.8,305.9,390,343.7,597.6,397.8,180.8,338.1,478.7,506.1,1702.5,730.8,757.8,935.6,237.6,NODATA,883.7,313.5,281.3,599.8,174,202.3,84.4,190.3,546.1,367.7,355.8,229.8,269.2,198.05056711153065,22.01826367784499,1032.2,1288.8,NODATA,1030.1,NODATA,1042,891.9,923.8,794.6,494.6,78.8,381.79999999999995,50.599999999999994,113.4,77.30000000000001,64.2,2225,17.3
687,1631,1561,1536,1187,924,851,634,224,186,618,477,65.9,142.5,589,387,318,331,615,311,451.5,679,537.5,118,583,487.5,153,445,345,1257,NODATA,1189,1186,790,1895,992,124.8,157.3,206,122,353.3,460.6,409.2,730.7,452.3,250.6,412.1,476.9,592.1,1913,818.8,1124.5,1209,102.2,NODATA,1214.9,346.5,294.7,651.3,193.4,231.3,96,209.6,704.1,461.7,456.1,257.9,295.1,219.01932562423008,22.111752432684064,1056.5,1381.9,NODATA,1055,NODATA,1074,1007.3,1026.1,954.3,543,90.1,389.5,53.099999999999994,134.3,92,68.60000000000001,2422.5,17
688,1606,1514.5,1517.5,1155.5,956,791,574,182,185,604,481,62.699999999999996,147.5,488.5,305,215.5,289,536,232,346,641,536,102,584,435,165,304,281,948,NODATA,877,956,842.5,1870,933,74.95,169.8,202.10000000000002,137.5,331.5,418.3,372.7,658.4,434.1,225,351.8,449.2,530.5,1717.6,759,870.8,964.9,22.3,NODATA,949.9,343.9,300.5,648.9000000000001,199.4,207.8,88.3,193.2,559.3,384.7,358.2,215.1,287.6,212.6998367422499,16.58260893855378,1043.7,1381.8,NODATA,1044.1,NODATA,1097.8,1003.1,1035.7,1021.4,542,85.1,374.10000000000014,47.300000000000004,112.30000000000001,68,65.6,2385,13.600000000000001
689,1435,1366,1355,982,819,769,577,226,172,522,404,64.6,140,517,364,267,284,564,281,432,591,472,99.7,574,400,153,357,299,1073,NODATA,1013,1097,745,1662,864,83.95,160.9,200.75000000000003,126.2,314.5,393.6,380.9,634.9,405.4,227.6,370,474.9,525.6,1697,738.1,1045.3,1131.4,101.1,NODATA,1128.4,325.2,247,580.5,168.4,202.3,84.9,180.1,NODATA,401.1,409.8,221.7,263.7,189.18189529897754,21.228068470926146,886.1,1184.5,NODATA,882.3,NODATA,940.5,841.9,838.6,785,458.8,59.1,391.30000000000007,47,106.85000000000001,70.25,61,2140,18.1
690,1603.5000000000002,1561.0000000000002,1530,1118,869,834,651.5,273.5,187,567,452,70.1,145.5,540,335,276,318,620,303,401,649,533,98,593,462,156,347,308,1119,NODATA,1045,1097,820,1868,988,104.4,168,207,133.3,350.4,425.9,393.4,762,449.9,195.9,392.1,514.3,612.2,1986.1,872.6,1087.9,1122.3,119.2,NODATA,1127.1,343,291.1,639.1,208.7,215,87.4,180.4,657.6,417.8,399.6,246.3,281.2,209.59494066981267,18.543669336671957,1007.4000000000001,1368.6,NODATA,1006.9,NODATA,1017.1,938.1,961.4,888.2,501.6,72.8,413,55.9,115.39999999999999,73.7,63.5,2395,15.9
691,1476.0000000000002,1391,1396.0000000000002,1039.5,809.4999999999999,748,554,210,159,515,421,58.4,141.4,484,324,231,277,550,246,342,591,476,100,548,410,155,321,290,975,NODATA,907,949,805,1715,889,71.5,162.4,184.20000000000002,111.8,NODATA,NODATA,365.3,642.7,396.4,202.8,377.7,455.9,534.4,1764.7,798.7,932.3,976.2,118.6,NODATA,960.3,316.2,267.8,591.8,180.8,215.3,89.3,166.9,557.1,354.7,360.9,204.2,256.3,186.56439101387548,19.475355349447234,926.5,1244.4,NODATA,925.7,NODATA,975.2,873.4,874.8,807.9,464.4,75.6,367.9000000000001,48.2,93.5,67.30000000000001,64,2175,15.1
692,1636,1536,1535,1139,911,844,629,248,181,596,465.5,71,147.25,501,286,237,287,526,227,365,629,507,95,572,442,146,386,293,984,NODATA,834,956,815,1879,935,84.45,159.3,211.9,119.2,297.5,395.5,378.2,699.6,418.2,226.7,353.3,521,612.1,1817,818.5,910.4,996.2,103.9,NODATA,996.5,347.5,273.3,624.8,173.2,205.4,86.2,200.3,582.1,397.1,392.2,217.8,267.7,200.97598806242794,21.004653234320987,1025.3,1358.7,NODATA,1023.9,NODATA,1047.9,954.4,969.3,921.4,560.4,90,417.5999999999999,51.3,116.8,81,66.7,2315,18.1
693,1425,1340,1334,1024,828,737,540,212,153,524,411,60,133.7,445,272,232,256,455,192,320,576,458,95,559,396,145,275,273,865,NODATA,763,860,725,1655,868,59.5,154.9,200.9,124.3,278.9,353.5,320.4,579.1,368.6,215.7,345,426.8,487.1,1574.8,733.6,806.5,897,126.6,NODATA,908.4,316.4,257.9,578.3,174.5,192.9,80.8,181.2,528.8,358.6,359.4,206.5,267.2,198.75399333872372,22.47265944389914,936.5,1217.4,NODATA,936.2,NODATA,961,861.4,854.8,809.9,481.6,69.9,324.4999999999999,45.64999999999999,102.6,72.75,64.9,2110,17.75
694,1441,1361,1362,1003,766,788,564,223,185,523,403,67,144.70000000000002,520,327,261,269,612,232,341,572,452,98.5,580,455.5,159.5,380,320,1099,NODATA,868,957,805,1699,923,78.85,165.1,203.70000000000002,119.5,308.3,420.3,398.5,657.7,402.9,223.3,395.6,434.9,490.6,1735.6,813.9,895.8,972.7,105.3,NODATA,1013.6,310.5,238,557.7,179.6,200.6,86.8,184,606.4,378,383.4,229.7,250.2,183.12767707631747,23.496790163727283,922,1212.6,NODATA,920.9,NODATA,964.3,846.3,878,816.7,466.4,83.4,366.4000000000001,57.5,105.39999999999999,73.3,64.1,2112,18.700000000000003
695,1594,1506,1503,1129,911,816,605,229,205.49999999999997,597.5,464.5,60.199999999999996,144.35,512.5,326.5,275,327,565,274,433,644,521,97,590,465,147,330,311,1123,NODATA,1041,1112,835,1850,959,102.5,168.3,207,141.5,341.9,437.4,406.9,691.1,441.9,234.1,410.3,496.1,568.5,1781.3,794,1081.9,1155,66.8,NODATA,1152,348,263,604,185.6,200.4,83.3,199.8,688.4,425.8,423.5,243,293.1,219.215701921319,16.4144028968106,1002.9,1329.7,NODATA,1003.2,NODATA,1053.3,953.5,976,936.1,532.6,83.6,402.0999999999999,58.5,132,82.2,67.69999999999999,2315,15.1
696,1559,1483,1485,1099,878,837,615,239,186.5,561,422.5,60.7,143.95,460.5,302.5,260,267,455,223,393,617,490,96.5,577,423,165,367,314,1012,NODATA,848,1019,805,1825,971,84.4,165.6,214.8,121.8,283.3,390.9,367.5,663.2,403.3,211.2,364.1,494.6,523.6,1791.2,799.1,890.3,1100.5,155.5,NODATA,1067.9,362,269,639.2,178.8,207.6,89,190.3,644.9,404.3,371.5,213.7,283.5,213.92984662835335,27.645975363738653,1021.3,1348.3,NODATA,1019,NODATA,1064.4,936.3,924.3,865.8,502.5,79.5,405.79999999999995,57.300000000000004,103.2,82.30000000000001,58.9,2315,16.200000000000003
697,1551,1471,1468,1109,901,784,594,225,181,576,448,65.19999999999999,139.2,542,325.5,270,279,568.5,244,362,631,498,103.4,574,467,164,381,307,1077,NODATA,845,985,875,1832,944,85.4,158.1,195,118.6,317,425,394.7,659.7,444.6,216,414,468.5,542.6,1700.1,765.8,881.9,999,110.1,NODATA,1015.5,337.7,272,619.7,191,217.9,91.3,205.8,594.9,391.4,391.4,234.8,296.8,217.05597306325757,23.831900529448333,1031.8999999999999,1290.6,NODATA,1030.8,NODATA,1042,944.2,949.2,921.8,517,75.6,365,50.4,124.7,83.2,68.8,2375,17
698,1512,1471,1428,1092,871,758,578,222,190,570,436,65,144.2,485,335,268,296,568,275,402,630,508,102,583,440,140,324,308,1025,NODATA,986,1062,795,1759,886,88.9,162.4,199.54999999999998,133,327.6,425.1,359,634,395.3,202.9,370.3,445.7,526.6,1760,805.3,1031.4,1082.1,90.3,NODATA,1076.4,317.1,269.5,591.8,190.9,203.7,85.7,181.4,656.1,420.3,396.6,246.2,263.6,197.83869496568565,15.873905293961645,950.6999999999999,1290.8,NODATA,951.1,NODATA,1019.9,924.6,928.7,860.4,512.1,78.2,345.60000000000014,55,109.2,71.55,66.44999999999999,2235,17
699,1436,1366,1362,1001,806,778,572,205,163,532,410,72,141.6,469,267,230,269,501,229,323,572,462,90.39999999999999,560,382,131,331,291,918.5,NODATA,768.0000000000001,885,805,1694,901,64.5,158,214,129.8,315.9,376.1,356.5,593,363.1,199.1,341.7,447,484.3,1587.5,642,751.5,916.6,125.1,NODATA,911.2,337.5,247,602,164.2,182.8,79.5,190.4,529.5,362.5,353.8,213.7,259.6,187.6737767014082,21.79265134219608,924.3000000000001,1196.3,NODATA,923.1,NODATA,965.3,852.5,852.9,799.2,473.3,68.3,374.0000000000001,63.650000000000006,113.2,76.05000000000001,62.1,2098,18.55
700,1635,1556,1550,1156,NODATA,838,623,219,208,602,464,64.5,153.6,564,378,290,317,658.0000000000001,328,425.5,678.5,543,103.50000000000001,581,456,157,401,337,1201,NODATA,1130,1144,830,1887,971,112.25,173.5,196,122.9,348.6,435.8,415.7,638.6,430.4,253.9,415.3,510.1,525.2,1837.9,779.4,1117.1,1157.8,135.4,NODATA,1149.6,350.1,286.5,642.7,186.2,223.2,92.2,199.2,732.1,428.4,425.4,248.1,286.7,210.6090615252192,23.163096772168362,1062.4,1343.2,NODATA,1060.1,NODATA,1140.6,984.7,1018.5,927,526.9,80.5,394.5999999999999,59.3,126.30000000000001,88.9,65.3,2375,17.8
701,1511,1444,1421,1062,838,841.5,625,256,172.5,553.5,443.5,65.3,141,518,341,214,285,535,245,404,603.5,479,110.1,567,433,161,367,319,969,NODATA,899,1076,772,1764,946,84,161.9,200,125.7,302.2,391.9,361.6,615,413.3,212.3,388.9,463,489.3,1798.7,781.3,854.8,1092.3,161.6,NODATA,1085.9,333,260.7,607.3,186.2,216.4,87.3,190,637,426.6,409.5,252.1,264,193.65905958126945,16.428453517071734,983.9,1286,NODATA,980.4,NODATA,1037,877.6,889.3,822.3,495.4,79.6,381.39999999999986,54.5,118,86.19999999999999,66.8,2213,16.9
702,1565,1513,1466,1089,901,798,635,255,201,584,436,66.3,143,480,326,300,298,526.5,329.00000000000006,400,631.5,495.5,107,588,432,138,334,301,1092,NODATA,1034,1028,785,1815,942,96.65,163.2,203,120.6,316.4,393.3,390,692.9,387.2,232.9,341.1,505.7,561.3,1862.2,829.8,1095.5,1095.7,142.3,NODATA,1080.8,336.6,295.7,643.8,184.3,210.7,89.5,184.4,NODATA,438,425.7,243.7,268.7,197.53472762561466,12.191028443681558,984.3,1335.2,NODATA,981.4,NODATA,1040.6,930.9,886.2,842,542.9,79.7,391,52.800000000000004,105.60000000000001,75.19999999999999,63.4,2315,16.599999999999998
703,1487,1413.5,1410.5,1046.5,841,790,575.5,227,175,544,423,69,137.20000000000002,512,325,237,285,559,234,371,580,462,98,576,405,147,338,296,980,NODATA,832,991,751.4999999999998,1740,925,75.3,158.5,202.5,124.5,324.7,386.3,352.2,604.3,414.2,196.2,361.6,459.6,499,1721.5,778,890.5,1019.7,102.2,NODATA,1019.4,315.6,272.8,598.5,174,206.5,88.8,185.3,590.3,394.9,399.5,237.6,271.2,196.0683156401463,21.108759117246027,958.5,1251.3,NODATA,957.4,NODATA,1005.9,849.7,894,856.3,497.9,79.7,373.70000000000005,48.4,119,77.30000000000001,70.4,2201,15.1
704,1459,1381,1369,1049,828,762,560,206,174,531,421,62.699999999999996,138.2,465,309,249,263.5,497.5,267,353,593,485,95,545,445,142,326,299,988,NODATA,921,982,745,1718,904,75,158,188.5,136.9,295.1,387.9,384.6,599,382.6,212.3,342.4,425.3,473.5,1654.7,752.1,930.3,988,75.4,NODATA,987.8,327.3,256,591.4,177.1,198.4,83.9,185.6,594.9,361.9,383.3,226.8,273.2,204.54671735108167,27.77547253343917,924.5,1227.2,NODATA,924,NODATA,1014.7,889.2,856.1,849.1,474,65.1,332.70000000000005,50.7,110.3,76.9,68,2135,18.799999999999997
705,1521,1449,1427,1062,870,806,596,238,159,551,438,65.8,139.4,494,305,242,261,571,231,323,592,480,102,568,441,150,342,302,980,NODATA,798,885,915,1772,926,70.15,156.8,198.05,125.1,299.7,390.2,344.1,637.8,398.4,211.3,354.7,477.8,536.5,1764.6,758.4,819.1,922.4,118.1,NODATA,927.7,331.4,271.2,611,190.1,223.1,93.6,193,550.6,358,349.2,206.2,284.4,209.83117980071123,23.289149117104888,969.3000000000001,1300.8,NODATA,969,NODATA,1013.9,914.7,912.7,851.2,515.4,72.6,377.79999999999995,50.4,119.95000000000002,80.5,63,2271,18.700000000000003
706,1508.9999999999998,1441.5,1399,1072,854,770,573,203,182,547,415,65.4,148,497,334,228,347,576,290,389,628,506,101,582,446,136,346,309,1031,NODATA,1018,1055,825,1730.5,899,89.3,159.3,211,140.7,308.5,446.3,388.1,610.6,374.9,224.1,343,447,520.4,1811.4,856.5,1028.3,1106.4,84.2,NODATA,1104.8,327.9,260,595.6,183.7,205.5,88.2,187.3,630.1,416.9,410.5,226.4,261.9,190.05133828799777,18.10635306446854,964.6,1236.8,NODATA,964.3,NODATA,1018,902.7,909.9,880.4,498.6,68.5,340.79999999999995,54.3,104.7,78.4,63.8,2185,17.3
707,1553,1477,1476,1107,891,812,598,217,187,584,450,64.6,147.45,499.00000000000006,303,263,286,561,235,380,628,516,103.5,577,450,140,387,323,1030,NODATA,872,1007,809,1830,955,86.1,170.3,196,133.8,311.2,411.4,375.9,637.1,432.6,214.7,377.6,476.5,517.3,1801.5,789,909.9,1033.7,153.7,NODATA,1032.3,341.8,273.6,621.8,176.7,210.1,90.3,188.1,647.4,390.4,366.2,219.1,284.5,213.7202044354163,23.65863372465601,1015.0999999999999,1318.3,NODATA,1013.6,NODATA,1068.9,925.1,960.4,861.4,528.3,83.1,387.20000000000005,59.2,118.80000000000001,75,66.7,2275,15.2
708,1595,1549,1502,1118,899,821.9999999999999,660,281,189.5,576.5,437.5,64,146.4,475,354,278,307,615,304,438,660,539,102.4,570,457,159,372,312,1077,NODATA,1066,1127,785,1832,937,99.3,159.7,197,118.8,315,417.3,397.9,632,375,214.8,302.1,508,537.1,1897.6,784.5,1115.7,1156.5,118.7,NODATA,1155.2,351,282.2,638.3,187.2,214,89.9,193.9,NODATA,427.6,395.7,255.6,266.7,198.69847137127456,15.873641674799687,1009.6,1320.1,NODATA,1008,NODATA,1093.9,967.3,982.7,890.9,524.2,77.5,386.20000000000005,57.300000000000004,115,72,64.4,2360,17.5
709,1490,1400,1401,1056,843,719,551,195,169,550,444,52.699999999999996,126.5,481,271,244,269,539,272,334,605.5,504,88,572,398,164,344,291,971,NODATA,916,988,735,1719,882,74.45,157.2,201,121.8,303.1,383.1,358.4,590.4,411.4,207.8,379.3,457.5,505.5,1650.4,734.9,931.6,1005.1,153.5,NODATA,1014.9,320.6,265.2,594.3,179.3,186.3,78.3,166.4,605.2,377,383.2,209.2,253.1,194.2342966349275,18.151234745996657,988.2,1233.2,NODATA,985.2,NODATA,1009.3,894,924,834.7,503.5,75.9,344.4000000000001,45.8,104.60000000000001,71.2,60.199999999999996,2205,14.8
710,1554,1455,1451,1089,887,824,619,246,210,577,436,63.6,139.35,531.5,365.5,282,302,581,355,500,647,525,103.5,575,458,174,394,335,1149,NODATA,1261,1292,819,1781,957,115,159.1,204.60000000000002,128.9,313.9,425.9,388,665.6,436.1,254.8,411.9,488.8,547.1,1863.4,793.6,1269.5,1302,43.8,NODATA,1301.8,323.2,269.7,598,195.8,216.1,91.1,196.7,774.6,444,429.1,244.6,262,195.94521428851164,16.774879246102497,952.0999999999999,1309.7,NODATA,952.9,NODATA,1038.4,920.3,934.8,908.3,521.3,73.6,378.79999999999995,59.400000000000006,123.69999999999999,89.3,72,2259,18.3
711,1448,1364,1357,984,803,801,609,259,185,519,380,57.599999999999994,143.3,515,359,286,333.5,568.5,318,448.49999999999994,603,476,106,575,455,151,376,316,1167,NODATA,1134,1173,740,1685,924,102.1,158.1,205,134.8,345.7,464.8,424,674.3,398.9,242.5,401.4,480.4,559.5,1811.7,772.3,1129.4,1204.8,26,NODATA,1197.6,314.1,250.2,569.4,199.8,233.7,95.2,188,736.4,441,448,251.3,269,197.83784809338437,24.738091896651117,847.6,1162.7,NODATA,847.8,NODATA,919.5,821.4,849.6,821.6,454.5,59.5,382.9000000000001,59.900000000000006,124.3,77.1,74,2090,19.2
712,1553.9999999999998,1486.4999999999998,1474.5,1097,878.0000000000001,814.4999999999999,620.5,251,199,572,445,66.8,138.2,503,337,278,290,571,255,372,605,476,108,556,419,155,356,307,1083,NODATA,945,1002,795,1800,937,88.25,161,193.9,122.2,293,377.4,355.3,654.5,391.3,217.3,394.9,481,531.7,1747.3,730.1,955.5,1009.9,63.6,NODATA,1006.3,331.7,286.7,624.1,211.1,227.6,93.8,188.8,643.3,415.5,412.2,237.5,283,197.73744912332893,19.421575393588565,998,1338.9,NODATA,996.8,NODATA,1049,919.1,906.1,934.4,508.6,73.7,393.5,58.9,113.3,73.5,67,2325,19.6
713,1554,1500,1451,1088,887,791.9999999999999,622,241,166,561,441,64.7,145.1,473,342,269,316,523,277,351,609,503,104.5,572,436,141,314,272,1050,NODATA,961,926,810,1812,925,76.9,164.1,196,131.2,310.9,385.2,394.4,656.3,395.3,211.3,375.6,491.4,540.2,1782.8,752.6,972.8,937.8,40.9,NODATA,936.7,340.7,268,611,178.2,209.4,90.4,195.4,494.8,363,344.9,225,276.8,204.6254587657309,10.811720861406577,994.4,1298.1,NODATA,994.2,NODATA,1040.8,925.6,964.7,953.5,520.4,68.8,385.29999999999995,57.699999999999996,123.5,89.1,77.5,2285,18.5
714,1519,1441,1425,1092,895.5000000000001,768,588.5,216,155,558.5,450,59,130.1,463,295,223,231,524,214,309,595,476,97.2,557,388,142,312,280,924,NODATA,689,839,855,1753,883,61.35,156.4,194,123,293.5,367.4,333.4,555.8,404.6,204.6,340.4,450.4,460.6,1579,685.3,724.4,858.7,159.9,NODATA,843.4,343.6,265.1,614.9,173.2,201.5,84.1,177,492.5,355,345.4,207.9,250.4,181.15694877143983,20.151162842408393,1035.9,1301.6,NODATA,1034.1,NODATA,1085.5,926.9,982.4,876,520.9,71.2,348.6999999999998,58.5,103.2,75.6,58.7,2249,17
715,1495,1433,1440,1032.5,856,804.5,611.5,259,177,541,430,62.300000000000004,135,468,289,226,252,566,201,349,577,478,95.60000000000001,543,410,149,335,286,897,NODATA,731,911,767,1757,918,65.7,161.8,177,118.1,276.1,355.6,354.3,624.7,404.4,180.6,365.6,467.8,503.9,1644.4,670.7,780.8,928.9,80.5,NODATA,925.5,319.1,261.7,584.7,170.2,199.1,82.7,171.7,531.1,368,341.9,202.7,254.5,183.59521745854445,23.001510451760304,969.9,1274.4,NODATA,968.6,NODATA,1008.3,881.8,896.1,889.4,491.2,72.5,407,55,112.10000000000001,70.7,64.4,2195,15.5
716,1475,1415,1405,1017,860,751,577,224,192,556,414,61.6,145.7,517,358,296,304,579,299,405,624,509,100.39999999999999,570,435,134,384.5,311,1103,NODATA,1086,1099,765,1706,887,94.55,159.4,193,126.1,319.7,428.8,371.5,619,381.5,209.5,364,496,507.5,1799.4,790.1,1110.7,1132.2,105.2,NODATA,1110.1,323.6,254.6,586,181.8,215.9,88.8,185.3,676.4,424.2,412.3,234.7,253.4,187.13364599536737,19.23706363113798,933.9000000000001,1241.8,NODATA,933,NODATA,1001.3,871.2,900.2,828.7,496.6,73.2,405.70000000000005,59,117.30000000000001,78,68.4,2185,17
717,1550,1486,1443,1071,842,869,634,262,170,538.5,433.5,63,151.1,465,265.5,224,282,500,206,347,591,476,94,594,433,141,324,275,933,NODATA,738,927,875,1810,981,73.45,173.1,202.39999999999998,120.7,311,373.3,357.1,596.8,399.1,215.3,333.3,504.6,514.9,1749.6,762.5,763.8,961.5,242.8,NODATA,938,332.1,249.4,585.3,166.7,193.6,84.2,192.6,583.5,365.3,362.9,205.6,275.7,209.30271088047562,21.150537130873126,1038.3,1297.8,NODATA,1036.2,NODATA,1062,882.1,901,795.5,490.1,75.6,393,55.7,119.80000000000001,82.5,55.300000000000004,2235,13.200000000000001
718,1475,1396,1375,1021,845,773,590,234,204,508,394,61.6,148.5,500,334,290,261,552.5,341,380.5,611.5,485,90.5,555.5,463.5,144,361,307,1140,NODATA,1077,1053,770,1712,922,91.2,156.1,190.5,121.7,NODATA,431.1,375.7,607,379.4,244,339.9,488.9,474.7,1781.8,718,1106.6,1076.5,125.1,NODATA,1068.5,300.9,264.1,576.1,175,205.4,86.3,195.2,NODATA,424.6,396.3,230.9,253.7,186.2923671721045,23.74311511111377,951.4,1251,NODATA,949.2,NODATA,1027.3,876.8,880.3,826.3,478.5,77.8,374.0000000000001,50,123.69999999999999,75.8,63.230000000000004,2133,16.5
719,1437,1364,1374,984,745,813,585,247,172,495,NODATA,66.2,142.3,518,404,290,291,601,319,477,637,491,111.4,578.5,439.00000000000006,147,369,316,1171,NODATA,1219,1231,800,1745,977,105.3,164.6,200.3,119.5,335,402.4,429.6,663,407.9,206.6,394.7,466.4,516.2,1858.6,789.5,1232.6,1248.2,118.1,NODATA,1248.2,291.4,240,537.4000000000001,177.8,211,90.8,181.8,739.5,436.2,417.2,251.4,269.1,194.0387427309455,18.284368934356237,942.4,1190.1,NODATA,933.4,NODATA,975.9,838.8,830.1,824.3,455.3,54.5,404.70000000000005,51.7,106.6,78.8,62.699999999999996,2146,16.4
720,1627,1556,1549,1150,937,876,676,278,189,587,474,56.6,134.9,553,356,303,338.49999999999994,633,304,390,675,538,99,578,488,159,378,314,1199,NODATA,1102,1120,875,1915,1000,112.05,162.2,198,126,348.5,442.1,442.1,770.4,468.2,212.5,444.8,511.5,600.1,1960.8,845.6,1119.6,1135.4,53.6,NODATA,1138.1,368.3,288.3,662.8,188.7,210.3,87.7,195.2,658.6,427.1,431.3,247.9,267.5,199.32289008439784,14.843172923028858,1003.2,1377.3,NODATA,1001.8,NODATA,1061,976.1,1000.5,949.6,525.5,80.3,415.20000000000005,51.5,109.9,71.8,62.800000000000004,2455,16.9
721,1557,1494,1486,1110,911,816,603,216,171,585,455,67,133.5,515,339,267,309,559,257,367,618,508,109,579,410,152,332,297,1049,NODATA,981,982,859,1828,934,84.85,154.9,204.35000000000002,130,301.9,370.9,396.2,655.8,413.9,223.1,375.5,477.4,548.6,1731.6,767,1022.1,1004.8,82.7,NODATA,1005.8,358.2,288.7,651.5,170.4,208.3,89.2,206.8,620.9,384.4,385.6,223.9,280.2,204.64116751584424,15.959632645446122,996.2,1296.4,NODATA,995.1,NODATA,1049.2,942.9,989.8,913.5,523.1,73.5,367.5,56.4,129.25,90.8,67.9,2356.5,15.750000000000002
722,1544,1453,1441,1052,833,829,610,246,191,536,395,67.4,144.8,496,350,272,309,555,327,380,625,486,108.4,558.5,438,144.5,362,340,1105.5,NODATA,1105.5,1081,840,1780,961,97.75,161.7,196,123.7,354.6,431.5,411.3,679.5,400.6,218.1,397.7,505,530.4,1863.6,790.4,1106.3,1085.8,96.7,NODATA,1039.5,323.5,244.6,579.9,185.2,217.7,92,178.8,644.1,421.3,423.1,230.7,260.1,193.86454791945116,17.719120245062598,913.5,1278.5,NODATA,913.2,NODATA,1030.1,899.9,891.5,816.8,488.7,76.6,412.29999999999995,57.400000000000006,114.2,81.1,66.7,2190,18.9
723,1432,1393,1371,1019,831,779,564,197,142,512,410.5,62.5,131.6,462,276,228,271,518,253,339,598,489,98,560,441,143,307,287,937,NODATA,832,911,765,1699,892,66.1,157.2,196.29999999999998,126,278.2,396.5,366,570.4,369.3,177.9,325.2,422.1,432.2,1659.7,696.7,838.7,947,154.7,NODATA,955.6,325.3,244.1,575.1,175.4,204.3,85.5,174,524.3,349.5,367.7,207.8,249.1,184.18625778796846,15.50011315249515,983.5999999999999,1227.8,NODATA,981.2,NODATA,1025.1,865,906.7,828.9,478.2,63.4,362.70000000000005,49.400000000000006,110.7,71.6,63.5,2155,16.599999999999998
724,1565,1480,1474,1085.5,884,820,611,222,184,564,450,68.4,155,507,342,276,282,596,283,403,639,520,100.5,587,442,145,374,315,1090,NODATA,1054,1060,869.5,1820,942,93.1,165.1,207.39999999999998,130.5,320.1,413.2,415.4,596.6,410.3,239.1,377.3,501.9,482.7,1736.1,669.8,1054.5,1117.7,66.9,NODATA,1082.5,366.3,267.8,643.6,181.8,207.7,89.3,199.8,645.3,393.2,386.7,220,288.4,211.97618784995535,20.643892822821456,1017.6,1281.8,NODATA,1017.2,NODATA,1115.1,950.8,956.1,950.7,512.3,68.7,397.20000000000005,60.8,124.9,84,65.6,2310,17
725,1597.5,1542.5,1506.5,1087.5,851,887.5,680.5000000000001,283,192,571,436,65,145.7,536,362,262,294,618,296,395,634,508,106,593,500,131,368,327,1078,NODATA,1097,1068,827.5,1858,1002,104.1,170.3,209,124,359.3,445.6,392.7,685.1,411.5,215.5,377.3,526.1,555.4,1932.9,833.7,1083.3,1094,57.5,NODATA,1093.9,344.9,274.7,628.2,208.2,229.1,94.5,198.9,635,413.4,419.8,244,284.5,207.96504650312164,25.199116858340137,969.8,1356.8,NODATA,969.8,NODATA,1067.3,929.8,931.5,912.3,503.9,66.9,439.5,58.4,117.2,80.5,65.1,2336,15.600000000000001
726,1538.5000000000002,1459.5,1452.5,1112,896.5,780,593,229,186,545,419,65.9,136.3,504.5,333,251.5,273,601.5,261,373,637,519,101.4,592,480,155,383,308,1063,NODATA,900,978,860,1801,912,85.1,163.9,208.79999999999998,140.5,296.5,416.3,414.8,662.8,406.2,209.5,393.1,444,519.2,1703.3,734.8,900.5,980.2,103,NODATA,1019.8,344.9,272.4,639.0999999999999,180.4,206.7,86.8,192.5,615.2,382.6,386,219.7,275.3,203.5975621337751,24.089949096101087,1006.4,1288.8,NODATA,1005.1,NODATA,1046.4,933.9,959.2,903.4,511.4,71.4,349.5,56.7,107.2,69.9,59.6,2275,18.9
727,1585,1505,1503,1113,NODATA,850,647,262,210.49999999999997,596,434,66,144.95,537,354,299,311,585,340,460,658,498,104,579,498,147,412,325,1171,NODATA,1163,1220,879,1858,975,121.9,165.3,203.5,137.2,357.6,447.3,445.2,697.7,417.6,233.9,381,504.3,546.4,1933.5,851.1,1188.5,1262.9,119.3,NODATA,1219.3,333.7,273.4,612.1,191.4,226,94.1,207.8,NODATA,479.7,490.1,288.4,291.3,216.87563213517734,22.557767965147146,977.6999999999999,1319.5,NODATA,975,NODATA,1077.9,933.7,911.1,858.4,535.8,72.1,402,58.099999999999994,119.39999999999999,90.9,65.4,2299,18.700000000000003
728,1565,1514,1503,1152,936,785,583,179,178,580,451,63.7,144,489,327,275,295,557,259,385,667,544,95,589,426,142,347,288,1063,NODATA,954,991,800,1824,914,85,168,198.5,135.6,315.7,409.3,375,658.5,389.7,224.6,348.8,445.6,549.1,1739.1,799.6,981.6,1035.8,95.9,NODATA,1035.8,365.1,281,654.9000000000001,172.7,200.9,82.4,188.4,623.6,381.9,374.3,222.7,281.9,205.90689850822258,22.047947463560416,1008.1999999999999,1325.2,NODATA,1006.5,NODATA,1053.6,973.6,980,912.3,531.2,73.6,357,56,116.6,76.2,71.3,2337.5,16.599999999999998
729,1628,1551,1540,1113,914,847,629,216,190,589,452,66.9,149,546,386.5,286,324,624,290.5,431,681,552,105.39999999999999,614,455,151,355,321,1140,NODATA,1039,1158,791,1890,987.5,108,164.9,213,135.5,334.9,449.2,409.7,680.7,420.9,230.3,400.8,523.5,525.6,1886.7,856.7,1051.2,1197.5,168.6,NODATA,1176,379.6,269.2,658.9000000000001,194,226.2,94.7,210.1,645,416.8,418.9,226.7,265.7,191.53190545247176,27.271836370706616,1085.5,1383.2,NODATA,1084.1,NODATA,1126.6,968.7,955.7,916.9,526.9,76.9,445.70000000000005,62,125.9,85.9,72.5,2436,19
730,1585,1526,1479,1142,925,805,601,203,169,572,452,63,139.4,439,281,207,252,430,200,355,618,497,94,574,413,153,299,274,875,NODATA,732,923,817,1833,928,66.3,160.8,199.5,107.2,308.7,380,321.3,587,392.6,211.6,351.2,487,540.8,1668.3,725.5,781.7,939.9,114.9,NODATA,938.1,367.8,289.3,663.5,171.9,199.6,84.5,197.4,522.1,377.4,384.1,235.2,270.5,193.9447247458869,23.7187304813573,1085.9,1345.9,NODATA,1083.7,NODATA,1087.6,956.5,962.4,971,524.5,74.1,346.20000000000005,53.5,116.5,79.5,55.300000000000004,2326,13.899999999999999
731,1636,1534,1550,1175,950,855,634,230,194,605,474,66,141.7,543,331,255,273,623,220,391,652,540,105.5,573,424,159,399,308,1040,NODATA,863,1045,891,1891,972,87.7,158,198.5,143.2,361.8,403.6,387.7,677.9,435.3,241.5,402.5,509.9,599.3,1813.9,814.3,912.6,1070.1,163.9,NODATA,1056.8,361.4,280.8,649.4,189.8,216.6,89.3,202.1,644,405,377.3,222.8,294.1,215.7815100396386,27.711246426440113,1057.8,1369.3,NODATA,1056.3,NODATA,1092.8,987.9,1013.7,893.9,557.8,89.5,397.20000000000005,57.5,123.50000000000001,87.5,63.2,2401.5,19.7
732,1472.5,1403,1382,1029.5,783.5,837,632.5,269,175,530,401,68,140.5,508,358,252,293,568,322,386,581,454,104,571,439,135,345,292,1089,NODATA,1117,1064,745,1722,953,90.55,165.1,196,125.6,338,427.5,391.2,628.9,400.9,230.7,356.8,466.5,505.3,1872.2,787.1,1131.1,1089.2,109.8,NODATA,1067.3,322.4,244.9,574.7,193.7,214.5,88.9,193.2,605.8,399.3,407.5,235,265.2,196.00612524044266,22.00102310499858,899.9,1222.8,NODATA,899.1,NODATA,993.3,840.1,840.7,790.1,473.6,77,374.79999999999995,55.9,117.5,84.60000000000001,69.4,2137,20.299999999999997
733,1458,1378.5,1385,1010.5000000000001,811,795,621.5,232,174,520,380,60,139,480,320,237,287,546,265,353,587,472,97,584,435,123,361,307,996,NODATA,930,985,735,1720,943,82.5,159.9,198,134.2,360.3,411.3,398.1,636.1,374.7,196.3,399.6,463.9,501.7,1687.8,686.5,954.7,1027.4,146.1,NODATA,1010.2,330.6,257.5,600.7,177.7,201.4,84.3,181.5,608.6,399.7,397,220.8,261.2,195.03067576257672,19.30470040632916,935.7,1207.1,NODATA,935.1,NODATA,981.3,859.4,886,789.6,467.1,76.1,374.0999999999999,53,121.7,79.4,65.19999999999999,2180,18
734,1599,1504,1480,1082,822.5,861.5,633,240.49999999999997,201.5,569,434,61.5,140.5,543,401,329,337,630,344,432,621,492,107,580,472,145,380,335,1226,NODATA,1158,1154,790,1840,993,110.65,165.7,206,134.9,361.3,483,432.5,642.5,398,267.9,394.4,545.9,592.3,1937.8,878.7,1173.5,1174.8,72.8,NODATA,1174.5,365.3,275.4,650.0999999999999,206.8,230.2,95,208.6,624.6,420.9,423.6,242.8,292.7,220.43554091545852,19.922150640391084,970,1286.8,NODATA,969.9,NODATA,1084.6,918.5,931.1,897.2,500.4,78.7,407.60000000000014,60,122.6,85.9,75.19999999999999,2323,17.4
735,1585,1504,1488,1108,868,849,639,244,191,573.5,435,67,151.20000000000002,499.5,348,296,301,575,303,379,627,489,105,588,452,139,359,315,1148,NODATA,1039,1066,850,1833,966,98.8,158,210.6,128.5,361,441.8,407.2,637.5,398.6,249.1,363.2,502.6,535.6,1842.2,768.8,1060.8,1094.5,84.1,NODATA,1085.5,339.9,266.7,613.3,197.1,227.9,95.5,199.2,641.7,412.3,403.2,236.5,279.3,204.69352796939927,20.10684195099063,1032.6,1301.3,NODATA,1031.3,NODATA,1077.7,929.1,938.4,948.5,510.5,93.3,388.60000000000014,61.6,124.3,87.8,65.4,2295,21.9
736,1569,1501,1472,1118,NODATA,856,641,255,186,567,463,61.3,148,498,291,257,291,522,249,379,630,524,98,591.5,445,136,332.5,300.5,1003.5,NODATA,930,1051,800,1827,972,87,170.8,207,127.8,327.2,408.6,367.3,629.5,383.3,214.8,341.7,471.1,536.9,1755.4,796.5,946.6,1076.6,153.3,NODATA,1051.9,353.5,276.7,640.2,189,204.9,87.3,193.7,624.6,415.8,398,237.8,280.1,200.5006216892724,23.181271890645238,1003.9000000000001,1320.7,NODATA,1001.7,NODATA,1063.3,943.5,996.4,850.6,518,78.7,364,51.2,115.9,71.3,67.30000000000001,2302.5,15.3
737,1530,1465,1447,1068,856.5,825,618,242.00000000000003,180.5,546,416.50000000000006,65.19999999999999,132.3,496,327,271,270,539,267,355,606,472,104.3,591,441,146,346,297,1049,NODATA,926,964,815,1779,954,80.9,163.9,203.70000000000002,131.3,301.3,404,397.3,640.5,407.7,232.4,369.4,493.3,531.2,1803,804.4,909,998.5,90.9,NODATA,998.1,329.2,267.5,607,188.9,212.8,90.3,185.1,580.2,375.8,370.7,227.4,274.3,200.86021827137768,20.00328109131729,963.8,1268,NODATA,963.3,NODATA,1027.7,890.9,914.1,872.9,488.1,73.5,386.89999999999986,54.5,120,75.6,65,2215,14.399999999999999
738,1527.5,1439,1436.4999999999998,1077,866,800.5000000000001,586.5,219.5,167,543,435,65,137.10000000000002,447,302,205,292,530,232,345,592,479,95,572,391,148,298,275,912,NODATA,840,942,805,1768,911,71.15,160.7,196.5,124.1,278.6,360.5,339.9,637.2,371.5,215.5,355.4,478.6,569.9,1647.2,747.9,875.2,987,167.3,NODATA,980.1,346.3,261.6,617,172.5,189.4,81.4,192.2,588.7,382.1,390.9,223.7,261.7,194.5049565715796,14.447590714840276,1000.8,1280.1,NODATA,997.5,NODATA,988,896.4,934,833.5,502,70.9,378.6999999999998,53.4,118.3,82.8,69.5,2248,17
739,1604,1513,1516,1126,908,836,623,237.00000000000003,173.5,572.5,454,66.65,144.75,505.99999999999994,330,261,301,580,235,380,653,524,101,579,419,144,363,311,1035,NODATA,905,1001,786,1852,971,87.5,169,197.39999999999998,128.3,317.6,396.6,385,661.2,420.6,223.2,386.8,494.5,553.3,1784.7,752.5,954.5,1024.9,84.4,NODATA,1025.2,353.8,277,642.3,189.5,218.2,91.9,205.2,609.6,382.3,377,226.3,284.1,204.8830868996805,25.769327624338704,1019.1999999999999,1348.4,NODATA,1018.1,NODATA,1080.9,970.7,977.8,934.8,504.8,74,401.5,58.8,128.1,82.89999999999999,61.7,2320,16.7
740,1522,1460,1449,1073,845,849,624,242,201,563,418,66.7,137,546,325,264,290,593,251,393,612,474,108.6,581,435.5,156.5,375.5,308,1076,NODATA,953,1025,765,1775,952,90.85,162.9,205,122.3,304.5,416.3,380.3,634.4,420.2,244.2,386.7,478.9,520.9,1796,779.2,983.3,1068.5,103.4,NODATA,1072.8,351.5,259.4,625.1,202.4,230.1,95.6,196.3,646.8,423.7,417.7,238.1,265.4,197.05146320259286,20.99408457839835,963,1281.9,NODATA,962.6,NODATA,1036.6,895.1,899.3,859.6,504.9,73.5,382.29999999999995,57.5,119.5,84.5,73,2243,16.9
741,1547,1503,1467,1114,914,805,627,243,182.5,569,441.50000000000006,67.9,149.75,497,364.5,304.5,291,582,365,410,656,536,98,572,432,144,361,316,1173,NODATA,1170,1091,840,1795,919,100.65,159.3,199.20000000000002,124.2,304.3,396.3,396,704.2,406.3,215.2,396.4,463.6,584,1886.7,716.9,1156.6,1114.9,36.6,NODATA,1110.6,345.7,289.6,638.8,193.8,214.6,88.7,176.4,NODATA,416.1,409.8,247.8,269.5,198.9777172719888,15.25511870305778,933.1,1303.2,NODATA,932.9,NODATA,1001.4,950.8,937.4,896.5,530.2,57.8,359.5,52.400000000000006,119.5,79.2,72.6,2309,17.2
742,1566,1491,1476,1089,875,844,634,258,228,575,436,67,142.79999999999998,535,359,308,313,622,328,421,657,534,109.39999999999999,581,478,152,398,324,1127,NODATA,1105.5,1154.5,797,1827,972,109.6,163.8,197.00000000000003,126.6,310.4,409.1,396.1,645.9,399.3,219.7,377.7,502.2,520.9,1953.3,892.9,1126.9,1199.5,131,NODATA,1178.2,352.9,277.1,639.9,202.5,226.2,92.3,196.2,681.2,431.1,427.3,252.9,284.3,205.0225305758721,29.660343136949233,992.9,1330.1,NODATA,992.5,NODATA,1086.3,940.2,931.3,861.9,519.9,63.9,397.5,56.8,128.79999999999998,83.4,64.9,2368.5,19.4
743,1487,1442,1408,1037,836,819,626,267,181,556,415,64.7,133,500,336,262,277,562,255,391,597,473,105.5,579.5,462,139,365,314,1059,NODATA,935,1045,772,1764,935,87.1,158.3,204.1,114.4,326.6,411.8,366.6,664.7,404.6,186.4,388.1,468.2,523.1,1833.5,809.3,986,1070.5,117.3,NODATA,1083.9,302.2,254.8,561.7,182.1,209,86.8,190.2,647.4,411.6,416.4,246.4,265.6,194.868960717872,28.162969242952553,943.4,1284.4,NODATA,941.7,NODATA,994.6,892.8,876.6,826.1,516.2,82.4,388.9000000000001,53.099999999999994,112.10000000000001,78.5,66.5,2195,17.3
744,1695,1612,1589,1213,993,847,647,214,213,634,483,77.6,150.5,565,349,312,323,618,321,454,712,576,109,590,463,169,398,350,1160,NODATA,1118.5,1201,977,1953,978,127.85,172.3,206,136.5,349.3,433,409.4,733.6,453.7,265.7,376,495.4,592.4,1941.8,871.4,1198,1234.7,131.4,NODATA,1209.9,393.8,293,691.0999999999999,203.1,226.3,95.4,201,802.1,488.7,471.4,284.5,303.2,225.94284732065938,11.87843249370693,1061.6000000000001,1452,NODATA,1060.6,NODATA,1140,998.8,1052.3,930.2,566.6,84.9,407.70000000000005,54.900000000000006,118,83,66.8,2504,17.7
745,1541,1471,1461,1094,885,784,600,221,173,560,444,63.25,135.65,480.99999999999994,301,260,262,456,246,360,617,508,96,572,431,152,352,300,1012,NODATA,896,976,807,1790.5,945,78.75,158.5,193.70000000000002,131.9,332.1,416.6,378.1,663.4,404.8,219.4,355.3,484.6,574.4,1765.3,793.3,895.5,954.2,165.5,NODATA,979.2,349.2,267.8,626.6,171.6,201.6,84.2,186.9,609.8,374.4,355.9,207.5,265,194.6994466403944,20.11117223234251,993.4,1294.5,NODATA,991.8,NODATA,1015.1,914.6,940.9,827.9,508.5,76,368.5999999999999,56.2,117.30000000000001,75.8,65,2279,15.5
746,1456,1359,1371,1009,825,821,580,213,179,520,406,68.8,144.60000000000002,509,328,267,290,547,297,376,592,488,91.6,599,465,167,329,304,1027,NODATA,1015,999,760,1719,929,79.8,159.9,215,111.5,331,434.9,381.4,668.3,423.8,204.1,365,473.9,532.5,1697.1,757.9,980.3,1024.8,119,NODATA,1011.4,328.2,260.5,594.7,179.8,201.2,84,176.7,590.9,373.4,379.2,231.6,253.4,186.46980772635908,19.803161112183204,908.8,1229.6,NODATA,908.8,NODATA,952.9,858.2,874.1,789.8,469,70.5,383,50.5,100.7,67.5,70,2180,17.7
747,1511.0000000000002,1438.5,1426,1064,840.5,814.5,611.5,243,182.99999999999997,538,437,57.5,140.9,489,316,242,280,470,237,383,599,475,97.8,585,423,144,341,297,987,NODATA,878,1005,815,1771,967,82.2,158.8,206.6,123.2,287.7,382.8,358.4,631.8,403.4,213.2,370.7,480.5,525.9,1799,819,929.4,1047.9,175,NODATA,1061.6,338.3,255.2,597.8,183.5,198.3,83.9,186.9,641.4,410.6,401.3,245.5,255.1,187.7855815180873,28.835500847743077,985.4,1281.3,NODATA,983.4,NODATA,1018.1,893.5,907.2,810.4,487.3,81.4,375.89999999999986,56.7,115.1,78.5,63.6,2277,17.6
748,1613.9999999999998,1545.5,1558,1143.5,933.5,857.5,611.5,212.5,177,600,470,68.5,142.7,505,336,280,294,577,298,398,670,541,105,598,454,153,365,315,1099,NODATA,984,1063,957,1924,993,98.6,162.5,212.22000000000003,137.7,315.8,393,382.3,713.3,413.4,191.9,398,494,571.8,1860.8,835,994.5,1108.8,112.7,NODATA,1099.6,361.3,300.7,669,196.2,222.1,92,203,640,419,395.9,228.6,276.9,200.0038369741028,21.60722596912723,1043.2,1399.1,NODATA,1042.4,NODATA,1077.6,991,988.8,930.5,562.6,78,440.39999999999986,67.30000000000001,127,93.10000000000001,65.6,2410,20
749,1485,1381,1396.5,1027,845,785,565,206,162,531,409,62,142.15,465.99999999999994,290.25,240,259,499,260,335,594,495.5,91.6,575,411,146,340,282,954,NODATA,893,925,745,1743,916,69.7,167.4,195.5,121.7,309.1,359.5,343.6,594.9,403.9,213.7,331.7,485,509.3,1650.1,744.2,902.2,959,165,NODATA,927.8,307.8,256.8,567.9,162.1,189.3,80,188.6,585.9,377.4,359.5,222.3,270,206.1446074412484,18.514123041776134,960.6,1240.9,NODATA,958.7,NODATA,1005.3,875.1,924.4,795.6,481.2,69.4,377.5,55,115,76.6,60.199999999999996,2155,15.700000000000001
750,1519,1437,1431,1019,809,834,632,276,214,538,396,67.30000000000001,150.2,538,340,298,314,572,325,421,594,462,102,592,432,144,377.5,309.5,1133.5,NODATA,1136.5,1126,805,1742,946,107.1,170.4,211,134.2,321.8,432.3,388.4,669.1,408.7,242.2,413.2,504,557.3,1875,846.1,1171.7,1176.6,106.3,NODATA,1160.1,330.3,249.4,585.9,195.4,219.3,93.4,195.3,NODATA,454.3,445.6,251.1,264.7,201.59319664497303,20.55604521958347,903.3,1242.8,NODATA,901.8,NODATA,977.1,866.7,856.1,797,477.1,71.3,394,50.5,120.5,82.2,65.9,2195,18.6
751,1427,1355.5,1346.0000000000002,987.5,806.5,778.5,574,231,176,504,403,65.7,139.3,468,277,225,263,499,213,349,545,439,91,558,382,147,341,276,947,NODATA,799,925,731,1653,875,65.9,168.7,190.2,116.1,288.5,356.4,354.4,615.6,390.2,215.3,353.3,453.1,498,1628.6,687.6,838.6,947,127.5,NODATA,956.5,294.7,248.7,551.9000000000001,157.4,189.1,81,178.2,603.4,355.4,368.4,207.2,247.1,187.30195465002643,28.890824327400033,904.9,1195.4,NODATA,903.8,NODATA,942,834.9,849.2,777.4,451.3,75.9,370.70000000000005,50.599999999999994,112.8,70.8,66.5,2070,14.7
752,1502,1401,1435,1083,822,822,604,240,176,537,409,67.4,143.35000000000002,502,344,248,282,541,286,383,605,481,104.5,602,434,165,327,305,1079,NODATA,1030,1073,865,1763.5000000000002,958,90.65,167.2,202,129.3,320.8,444.7,383.2,649.6,412.6,232.3,400.5,471.1,554.1,1779.4,852.8,1037.8,1107.7,184.5,NODATA,1041.8,325.2,258,586.1,179.8,213.6,91.9,197.5,627.7,398.8,389.2,237.1,273.7,204.36788710487244,18.67257328429724,939.1,1246.4,NODATA,938.8,NODATA,987.5,864.7,910.1,754.6,465.9,69,368.89999999999986,54.6,109.5,85.39999999999999,72.1,2211,19.5
753,1523,1449,1465,1092,894,788,582,194,183,565,437,63.8,146.9,508,324,265,303,569,263,388,631,507,102.5,591,423.49999999999994,153,370,301,1065,NODATA,949,1040.5,865,1778,914,87.1,163.6,206,117.2,333.8,396.9,392.1,674.1,419.8,200.3,402.3,441.4,517.8,1715.8,764,978.4,1041.3,162.6,NODATA,1039.9,340.7,258.5,607.5,186.4,219.3,92.1,202.5,647.6,407.9,410.8,226.3,270,202.5633146464647,28.430539454991848,996.6,1290.4,NODATA,994.9,NODATA,1020.6,931.2,925.2,834,515.5,83.7,387,55.099999999999994,130,87.8,67.30000000000001,2265,19.3
754,1475,1403,1386,1039,832,786,569,191,169,531,424,66.9,137.4,463,285,222,253,452,231.5,323.49999999999994,597.5,476.50000000000006,98,576,436.5,140,311,270,929,NODATA,816,902,785,1736,920,65.55,162.5,203.9,112.3,284.2,389.3,363.5,628.8,398.3,190.1,350.2,444.8,515.4,1678.2,751.2,819.1,932.3,194.5,NODATA,894.6,334.7,253.5,594.2,178.3,205.5,86.5,194.8,534,362.6,340.3,207.8,268.4,195.627797247886,17.920109718729666,984.5,1239.8,NODATA,977.3,NODATA,982.3,865.1,923.4,790,487.1,67.3,356.20000000000005,53.470000000000006,122.5,72.51,63.099999999999994,2175,17
755,1627,1551,1543,1184,974,816,620,228,204,618,487,69.4,141,485,316,237,268,507,243,378,662,534,106,581,426,157,317,291,971,NODATA,866,1018.5,900,1907,932,84.45,161.8,202.39999999999998,129.8,301,381.3,360.9,619,393.9,185.9,375.9,462.5,502.7,1740.5,866.6,903.7,1033.4,86.8,NODATA,1033.3,352.1,284.7,642,179.5,220.5,92.9,214.6,604.4,409.2,380.5,242.6,295.5,218.07925625545255,18.506199533500762,1066.7,1407.6,NODATA,1066.4,NODATA,1152.3,983.5,1022.1,979.9,562.8,86.2,371.4000000000001,60.4,134.8,87.30000000000001,67.69999999999999,2424,17.7
756,1467,1385,1376,1013,826,759,575,199,183,530,402,63.5,130.6,513,338,262,282,586,299,404,618,497,91,557.5,429.5,149,341.5,293,1040,NODATA,982,1051.5,746,1703,906,84.85,160.2,195.2,120,316,419.9,378.7,593.2,399.1,210.6,363.7,450.2,481.3,1692.3,767.9,1017.1,1093.8,65.6,NODATA,1093.9,315.2,249.2,573.3,175.8,204.5,85.6,172.4,NODATA,400.7,404.2,230,235.2,173.2856042408384,28.61677116401341,916.3000000000001,1217.9,NODATA,915.7,NODATA,1010.4,883.2,915.6,850.7,465.4,70,357.60000000000014,52.400000000000006,113.3,79.9,56.4,2145,15.4
757,1474.5,1396.0000000000002,1377.5,984.4999999999999,753.0000000000001,788.0000000000001,607.5,228,196,522,379,61.8,145,537,344,311,335,608,310,404,593,453.2,102,574,484,141,394,334,1026,NODATA,1105,1119,805,1708,919,106.3,162.9,198.6,130.1,335,458,411.8,652.9,399.6,235.9,400.8,517.3,541.8,1816.2,894,1126.9,1144.7,47.9,NODATA,1148.3,334.4,247.5,591.7,201.8,228.4,95.4,195.2,709.1,452.4,456.4,255.6,270,200.27160587572882,26.18757083844333,887.9,1217.8,NODATA,887.9,NODATA,986.9,846.8,864.6,840,465.3,76.4,402.1,59.3,118.69999999999999,82.2,73.8,2175,19.6
758,1558,1493,1475,1120,869,828,618,251,176,571,436,66.8,152.6,503,345,294,314,606,297,399,633,517,100,581,430,156,352,299,1131,NODATA,1072,1062.5,780,1806,933,93.25,169.7,202,130.4,331.8,409,376.6,661.8,410.8,249,388.5,481.2,554.8,1774.3,785.5,1019.3,1079.2,125.9,NODATA,1073.1,319.7,281.6,606.5,192.7,220.9,92.8,192.9,631.3,408.5,412.4,240.9,274.7,200.9344223184758,14.59326821889932,993,1321.4,NODATA,990.6,NODATA,1046.3,928,955,867.1,490.9,66.6,375,55.9,119.80000000000001,78.60000000000001,70.6,2270,17.5
759,1428.5,1374.5,1382,999,805.5000000000001,759.5,588,202,173,524,416,55.599999999999994,136.2,501,350,303,286,588,277,361,580,468,94,567,388,119,356,292,1163,NODATA,990,978,753.5000000000002,1684,895,81.85,160.5,196.5,123.5,310.3,403,385.7,620.7,373,221.2,380.9,466.1,497.5,1731.2,820.2,1028,998.8,24.8,NODATA,991.7,357.1,235.1,604.2,170.9,192,81.9,188.1,573.4,360.8,373,206.2,258.6,184.13752230952122,18.019769281777155,888.3,1194.2,NODATA,888.4,NODATA,969.8,837,866.4,863.5,473.8,62.7,380.30000000000007,50,110.39999999999999,67,61.4,2143,18
760,1511.5,1419,1437.5,1048,854.4999999999999,818,606,253,166,556,423,61.900000000000006,137.5,531,333,238,281,644,233,377,592,479,104.39999999999999,585,465,163,390,324,1050,NODATA,868,993,765,1770,941,84,158.3,203,130.5,330.8,428.1,392.6,692.8,449.5,188.2,375.7,482.6,555.5,1753.3,772.7,895.2,1008,112.1,NODATA,1030.2,312.2,254.3,572.4,174.9,205.5,87.1,184,635.1,390.4,362.3,219.2,263.3,172.20796723361448,29.554077788863882,947.6,1271.4,NODATA,946.9,NODATA,981.5,868.1,916.8,835.5,482.9,77.5,392.5999999999999,52.400000000000006,119.9,85.7,63.3,2225,16
761,1619,1525,1526,1145,NODATA,838,624,237,196.5,579,464.5,66.1,146.35,503.49999999999994,331.5,250,294,572,265,398,654,530,107,607,403,173,354,303,1060,NODATA,963,1067,837,1873,965.5,91.75,166.9,216.5,138.3,325.2,392.5,381,653.6,418.8,223.2,377.5,490.4,561.4,1821.3,754.3,970.8,1098.2,150.2,NODATA,1075.9,346.2,284.1,637.5,175.5,206.2,89,184.2,653,415.8,393.1,231.8,272.5,201.25712260742296,18.178018798418503,1035.8,1346.1,NODATA,1035.8,NODATA,1084.7,964.1,987.3,885.6,511.8,82.6,402.6999999999998,55.099999999999994,117.8,79,67.8,2365,15.3
762,1559,1482.5,1479,1089,864.5,855.5000000000001,631.5,249,170.5,552,431,64.9,134.5,464,268,242,284,472,220,354,614,487,104.2,578,424,160,331,302,929,NODATA,802,963,787.5,1841,967,76.8,159.6,200,132.7,314,388.9,349.5,640.9,406.3,234.3,360.5,493.2,537.9,1723.6,758.6,821.9,982.3,242.5,NODATA,923,341.4,254.4,601.9,181.9,200.4,83.2,193.6,585.8,391.2,405.1,233.7,266.8,199.0428835512232,16.70651434936041,1041.6,1328.4,NODATA,1035,NODATA,1046.3,901.7,924.5,799.1,496.9,70.5,400.29999999999995,55.599999999999994,120.5,74.6,72,2288,18.400000000000002
763,1585,1536,1513,1092,925,821,650,260,201,590,443,69,153,533,407,310,317,657,304,404,641,490,98,607,484,132,387,337,1286,NODATA,1135,1119,830,1835,958,112.25,180.7,204.5,118.5,356.5,480.8,422.3,762.6,438.2,217.4,404.5,510.7,595.6,1965.1,829.9,1114.7,1123.4,130.3,NODATA,1076.9,331.6,269.2,599.9000000000001,198.1,222.8,91.5,204,NODATA,420.5,429.2,232.5,265.8,196.50759368693912,20.720914391563355,985.2,1360.7,NODATA,984.4,NODATA,1025.6,938.1,961.3,854.9,541.9,96.9,436.60000000000014,64,124.2,87.5,63.75,2390,18
764,1643,1595,1562,1178,921,862,657,251,212,613,481,69,146.4,539,351,275,334,633,279,430,683,549,104,619,481,156,421,333,1089,NODATA,1013,1129,885,1940,1006,114.95,170,217.04999999999998,128.9,332,441.7,414.4,701,442.2,209,432.1,514.2,573.2,1966.2,850.3,1077,1173.1,167.8,NODATA,1148.7,373.2,277.7,660.6,206.1,224,95.1,208.9,NODATA,434.9,440.4,254.6,285.1,211.54994555962637,26.82391588939144,1054.7,1401.9,NODATA,1053.3,NODATA,1123,990.5,1018.3,886.9,545.9,83.1,400,52.800000000000004,123.9,82.6,74.75,2481.5,17.450000000000003
765,1518,1459,1449,1083,867,777,580,260,150.5,549.5,457,65,131.6,472.5,309,248,299,528,253,362,609,514,100,569,414,125,318,293,973,NODATA,950,998,785,1769,926,77.7,161.6,195,130.1,298.8,375.4,365.5,631.4,393.5,197.4,362.1,459.6,536.5,1687.7,719.3,970.8,1004.9,65.4,NODATA,1005,321.4,265.4,592.3,188.3,202.1,85.7,180.5,584.8,392.1,381.7,224.2,263.9,194.89179073879652,17.707373332950283,950.4,1274.8,NODATA,950.1,NODATA,1015,903.5,955.1,885,501.5,67.6,359.9000000000001,53.4,107.2,70.6,64.9,2225,16.200000000000003
766,1566,1488,1468,1102,876,807,618,228,171,562,431,66,134.4,492,315,261,325.5,524,312,390.5,629.5,506,101,581,446,162,346,323,1099,NODATA,1069,1061,845,1795,947,92.85,160.6,201.4,114.3,319.9,421.8,401.6,660.4,419.7,230.8,368.8,489.3,559.5,1827,782.9,1069.7,1059.2,78.1,NODATA,1059.1,344.8,261.3,614.2,198,219.8,90.5,205.6,627.6,424.6,400.3,247.5,283.1,206.12712055902693,21.295818504330843,986.6,1304.1,NODATA,984.7,NODATA,1047.2,937.4,928.5,908.5,509.2,83.7,387.5999999999999,55.8,116.7,79.3,64.1,2265,18
767,1501,1410,1423,1049,847,825,613,237,159,536,427,66,144.1,463,299,208,279,484,182,348,589,463,98,568,398,160,299,264,883.5,NODATA,738.5,919.5,720,1765,941,63.35,168.3,191,118.5,276.2,353,344.9,610.2,406,194.7,341.4,461,506.4,1647.2,682.2,795.1,923.2,55.2,NODATA,919.5,339.3,245.1,589.7,160.5,197.6,84.1,188.8,533.9,351.9,385.4,212.6,NODATA,NODATA,20.14041950435551,958.6,1266.6,NODATA,958,NODATA,1008.3,885.6,936.1,903.4,475.1,74.1,398.10000000000014,49.1,108.14999999999999,67.9,67,2235,17.1
768,1428,1344,1349,1052,854,728,544,171,168,544,432,61,137.20000000000002,478,291,247,259,570,230,336,574,464,84,533,407,152,330,282,1003,NODATA,782,896,770,1669,830,64.35,150.2,186,118.5,319.2,359.9,354.6,620.2,402,202.6,359.6,403.2,482.4,1592.4,699.3,799.7,928,137.6,NODATA,892.9,346.1,258.3,618.5999999999999,176.4,204.6,82.7,196.5,542.4,361,356.8,203.1,254.2,184.12388635998423,31.2409576195862,932.4,1220.4,NODATA,931.6,NODATA,970.8,892,924.7,794.8,497.1,76,328.10000000000014,50.300000000000004,111.8,80.1,60.35,2185,15.8
769,1563,1504,1480,1118,897,818,586,227,188,586,503,63.7,149,493,307,227,297.5,618.5,227,363,618.5,463,106.49999999999999,574,453,143,315,295,941,NODATA,855,983,795,1836,943.5000000000002,78.2,162.8,199.5,129.2,326.8,410.7,368.3,645.1,423.9,208.3,362.7,455.6,518.7,1726.6,748.8,894.4,1007,180.4,NODATA,979.1,350,293.4,647.4,194,229.4,95.9,205.5,594.7,385.4,372.3,229.4,283,208.5219448013973,21.244291888297052,1053.6000000000001,1353.6,NODATA,1052,NODATA,1079.5,946,974,873.2,529.6,83.9,375.10000000000014,51.2,114,77.1,63,2340,18.2
770,1498.5000000000002,1452.5,1438.5000000000002,1055,850,811.5,641,268,196,532,393,66.7,147.4,563,375,286,331,647,341,418,617,482,101,584,458,145,379,328,1182,NODATA,1154,1099,795,1760,954,107.4,170.6,199,125.7,346.1,453.3,409.1,659.3,415.5,180.8,418.8,485.6,506.3,1909,880,1178.1,1131.1,173,NODATA,1099.2,340.8,267.1,618.7,189.7,235.5,95.4,183.5,NODATA,422.8,436.2,241.6,284.5,204.82321343813356,20.52134679565698,953.9,1266.2,NODATA,953.5,NODATA,1029.4,884.6,855.6,780.9,495.1,68.1,402.29999999999995,56,115,79.2,69.7,2245,18.2
771,1593.5,1532,1528.5000000000002,1147,940.5000000000001,818.0000000000001,599,217.00000000000003,203,613,443,61,142.89999999999998,546,380,286,327,634,334,460,678,538,117.54999999999998,591,483,146,409,328,1157,NODATA,1162,1162,813,1865,948,115.35,163.7,202.10000000000002,124.8,314.6,438.9,429.6,689.2,413.5,236.4,378.5,473.1,555.8,1840,774.2,1153.7,1208.6,80,NODATA,1210.1,350.2,298.4,652,196.9,241.8,101.4,196.8,NODATA,466.5,462.1,274.1,287.8,209.58069907114304,19.146763837247434,999.8,1319.6,NODATA,997.8,NODATA,1067.1,963.7,1036.4,919.8,545,70.6,394.10000000000014,57.9,126.19999999999999,87.89999999999999,68.89999999999999,2370,18.9
772,1544,1477,1456,1105,899,798,600,210,189,567,453,63,148.7,503,309,211,282,547,221,344,619,498,102,575,430,152,334,294.5,933.5,NODATA,782.5,922.5,816,1794,917,71.25,170.9,196.8,128.4,284.4,386.8,350.8,609.7,418.8,195.2,360.2,457,508.1,1721.6,744.6,806.3,946.1,80.7,NODATA,946.1,370.8,276.4,659.1,175,207.7,88.1,200.4,523.4,373.1,361.3,211.7,267.1,197.1515536337089,22.202609966743303,1001.7,1315.2,NODATA,1001.6,NODATA,1062.4,947,959.5,921,508.6,78.8,365.5,56.7,110.3,80.8,65.3,2327,17.1
773,1550,1466,1483,1124,902,801,576,241,211,566.55,427.5,66,145,530,365,284,292,598,280,417,667,541,107.2,588,425,160,375,311,1121,NODATA,1007,1096,798,1810.5,934,97,159.9,213,133.1,335.7,409.3,397.2,671.3,419.9,218.7,360.7,459,538,1797.9,836.5,1026.5,1120.2,106.8,NODATA,1123.1,313.6,278.3,597.5999999999999,179.4,206.9,89.6,187.9,673.6,420.6,410.4,240.5,281.8,213.51207328764735,17.584267031102016,988.4,1292.5,NODATA,986.3,NODATA,1032.3,938.9,931.3,881.6,494.2,67.9,385.20000000000005,51.6,117,80.19999999999999,60.7,2285,17.2
774,1578,1488,1502,1101,904,864,624,253,156,563,449,68,143.8,489,320,230,269,509,239,373,639,532,100.60000000000001,596,420,168,307,272,967,NODATA,909,994,829,1844,975,78.35,167.9,205.2,119.8,295.6,372,367.9,635,411.1,223.6,350.6,494.7,542.3,1730.4,758.9,920.3,1029.1,176.6,NODATA,1026.5,338.1,257.2,597,169.5,197.6,82.9,182.2,605.7,378.5,368.8,221.1,280.6,207.76082322986838,22.538645083650493,1051.6,1325.7,NODATA,1049.3,NODATA,1062.4,937.1,935.8,875,509.2,75.8,409.70000000000005,52.599999999999994,121.05000000000001,76,68.45,2291,16.7
775,1570,1497,1484,1064,867,876,626,264,183,555.5,420.5,61.4,141.6,471.5,290,234,272,552,244,373,607,493,97,598,437,130,344,284,927,NODATA,832,1016,805,1833,988,81.85,160.3,216.5,123.1,308.5,401.9,366.7,681.4,407.6,209.5,375.7,534.1,597.7,1809.9,801.8,885.5,1030.1,141.2,NODATA,1048.2,332.7,252.6,591.1,179,217.6,92.7,186.9,645,411.8,391.5,230.7,273,204.62378956552706,19.32268572546707,979.3,1310.9,NODATA,977.8,NODATA,1005.7,872.8,929.2,838.1,499.4,76.4,425.9000000000001,56.4,116.7,73.7,59.3,2275,19.099999999999998
776,1498,1434,1447,1054.5,836.5,827.5,626.5,257,204.50000000000003,544,408,59.2,140.29999999999998,494,340,279,273,571,288,443,609,502,99,576,415,151,412,320,1072,NODATA,982,1117,722.5,1759,940,98.15,162.6,200,122.6,298,382,391,644.6,387.8,211.5,336.3,458.3,508,1817.7,865.8,1032.1,1119.9,154.4,NODATA,1142,329.7,259.5,597.3,179.4,201.8,85.1,168,NODATA,436.4,470.1,255.2,247.6,184.619783944057,26.411288971201614,960.8,1256.3,NODATA,958.7,NODATA,1012.3,892.9,937.4,806.4,495.2,59.7,399.10000000000014,53.099999999999994,98.69999999999999,66.7,65.5,2225,17.4
777,1547,1450,1457,1096,900,827,581,171,162,571,454,62.300000000000004,140.8,478,304,242,276,518,229,369,626,515.5,105.19999999999999,567,422,151,329,304,994,NODATA,868,972,788,1799,920,77.9,157.9,199,133.4,322,383.3,363.1,608.4,409.2,234.7,390.3,493.7,535.5,1696.5,689.1,870.5,991.1,87.5,NODATA,986.6,359.3,283.7,652.5999999999999,192.2,205.8,88.4,186.5,576.8,393.1,408.2,230.9,270.6,198.9924091270416,22.66585661944115,1013.6,1297,NODATA,1011.3,NODATA,1056.7,932.9,965.2,926.1,515.5,75.5,365.0999999999999,52.199999999999996,115.60000000000001,72.30000000000001,66,2292,16.9
778,1330,1295,1274,939,739,745,557,228,169,493,388,62.5,145.7,475,312,254.50000000000003,266,529.5,263,341.5,537.5,412,108.99999999999999,562,431,150,343,297,1007,NODATA,877,938,695,1581,849.5,71.1,171,181.8,119.5,313.7,395.4,357.2,601.5,394.8,169.9,334.6,401.1,418.1,1690.8,699.4,901.7,950.9,162.1,NODATA,930.9,288,236.6,530.2,170.5,208.7,88,175.9,NODATA,358.9,419.1,224.9,243.4,176.02495616193033,18.785734926780574,876.4,1166.6,NODATA,875.5,NODATA,926.3,779.6,826.5,714.3,453.7,67.5,359.6,51.4,109.80000000000001,78.60000000000001,58.9,2010,17
779,1552,1479,1478,1107,893,803,613,242,182,575,451,66.8,145.1,511,371,290,282,548,295,378,633,501,108.4,604,471,147,342,304,1109,NODATA,1051,1032,785,1817,952,94.4,166.4,211.8,120.6,333.2,444.9,397.8,647.3,419.2,235.6,361.5,469,502.3,1840.8,819.9,1084.5,1077,110.5,NODATA,1007.6,345.1,282,638.2,199,206,88.7,183,585.5,406.1,425.7,240.2,284.7,215.024171878304,26.2595670957052,974.5,1326.9,NODATA,973.1,NODATA,1082.3,946.9,969.7,864,515.8,90.3,388.8000000000002,51.550000000000004,111.19999999999999,75.85,68.7,2305,18.75
780,1531,1461,1438,1054,875,818,639,260,167,549,443,66.5,145,491,294,235,267,524,227,340,594,494,96,574.5,407,157,324.00000000000006,286.5,935.5,NODATA,796.5,939.4999999999999,765,1785,951,70.9,161.6,198.70000000000002,131.6,305.3,363.6,324.7,618,393.2,215.8,318,508.5,553,1716.8,714.7,817.4,953.7,159,NODATA,938.8,335.2,266.9,606.4,171,195.5,84.2,184.4,573.6,378.8,365.9,220,261.1,191.9538241327491,19.345751050662244,965.4,1301.1,NODATA,964.1,NODATA,1010.9,896.4,904,806.4,520.1,68.7,407.79999999999995,57.300000000000004,121.30000000000001,81.4,61.8,2219,14.5
781,1583,1498,1477,1082,908,809,622,257,191,571.5,436.5,60.9,142.2,528.5,350,285,317,623,316,419,638,503,106.6,567,472,147,407,354,1086,NODATA,1092,1124,825,1817.5,941,105,162.1,197,140.4,326.6,452.2,395.8,656.7,415.3,228.8,362,503.5,541.2,1847.5,811.7,1105,1154.2,70.5,NODATA,1153,335.7,259.3,603.7,188.7,223.5,93.9,202.5,689.7,423,467.6,254.4,275.3,202.23177582318732,22.47060199706316,998.3,1317.8,NODATA,996.3,NODATA,1066.6,932.9,954.9,927.8,520.7,85.1,396.29999999999995,60,130.29999999999998,90.60000000000001,69.3,2313,19.2
782,1539,1458,1457,1095,862,801,600,229,189,562,442,62,140.39999999999998,528,304,254,272,583,233,367,600,474,100,568.5,417,167.5,375,311.5,1021.9999999999999,NODATA,819,977,765,1804,955,82.95,161.1,198,123,286.1,386,380.1,623.4,449.9,228.2,389.2,468.5,530,1737.7,812.1,829.2,988.4,86.3,NODATA,977.7,317.2,262.9,585.8,179.5,210.5,89.3,201.8,636.6,392.4,423.3,239,280.1,211.34291323575758,18.458802185204643,1002.0999999999999,1281,NODATA,1001.4,NODATA,1044.2,900.1,975.4,915.8,509.7,79.8,370.5999999999999,60.199999999999996,111.89999999999999,77.8,59.2,2312.5,17
783,1454,1386,1376,1039,816,779,587,214,179,537,426,59.6,136.3,495,320,293,283,569.5,311,368,597.5,473.5,92.5,584.5,439.5,156,347,295,1111,NODATA,1044,1052,785,1701,913,86.6,157.8,211.4,132.6,323.4,408.5,378.1,632.7,412,223,398.3,442.6,520.5,1758.8,748.7,1044,1060,78.8,NODATA,1025.7,332.6,249.2,586.2,173.6,214.1,88.6,192.3,NODATA,391.5,396.7,216.5,254.1,189.0626628974228,21.084422334227995,871.8,1218.8,NODATA,871.7,NODATA,971.5,881.5,903.6,793,476.9,72.5,345.8000000000002,53.5,114.7,76.7,64.1,2145,17.9
784,1578,1501,1508,1135,922,845,626,247,174,584,459,61.900000000000006,146.4,501,297,236,272.5,522,219,360.5,616.5,498.5,97.5,560,405,150,333,286,974,NODATA,867,978,775,1840,958.9999999999998,79.6,162.7,188,126.3,297.5,377.3,355.3,672.5,409,191.8,338.5,466.3,539.9,1812.8,802.2,886.3,1012.2,156.7,NODATA,985.2,351.7,271.5,631.9000000000001,179.1,212.2,87.9,193.6,584.9,406.3,378.8,220.5,276.4,202.72346113897746,25.32234332563757,1029.3,1376.9,NODATA,1028.2,NODATA,1065.6,951.9,991.5,872.6,540.3,84.9,403.20000000000005,55.7,116.19999999999999,70.1,59.1,2350,16.299999999999997
785,1507.5,1423.5,1412.5,1050.5,858.5,805,606,234,194,543,427,70.4,152.10000000000002,484,294,232,238,526,245,389,607,481,101,558,405,138,339,291,926,NODATA,819,1023,716.4999999999998,1754,925,80.1,170.4,183,116.7,313.3,378.8,376.8,613.9,387.3,232.2,330.2,472,518.7,1778.7,897,893.4,1068,183.3,NODATA,1054.6,329.7,257.2,592.7,181.5,218,90.4,175.8,649,403.8,400.7,241.3,256.1,185.83875754097502,27.99339013776443,961.9000000000001,1233.3,NODATA,959.1,NODATA,1007.9,857.4,893.4,778.6,468.4,75,374.20000000000005,48.7,102.2,66.6,60,2233,14.6
786,1575,1493,1478,1117,880,848,625,244,164,567,455,62.699999999999996,147.3,491,291,239,291,528,220,393,623,507,99,600,446,168,370,306,995,NODATA,867,993,835,1846,969,83.55,170.9,206.15000000000003,124.8,319,411.4,392,648.5,437.4,220.4,369.5,465.5,535.3,1734.6,768.1,909.7,1018.7,156,NODATA,1027,338.3,292.1,640.9,198.2,214.3,93.1,180.7,586.2,406.9,401.9,232.1,274.7,208.0650066772361,16.119000803339215,1030.6,1311.4,NODATA,1026.3,NODATA,1059.2,932.9,969.3,874.6,515.5,80.1,372.79999999999995,51.25,111.1,76.5,64.6,2345,17.2
787,1387,1329,1328,952,766,806,608,260,169,489,375,63.4,140,463,303,249,266,524,225,326,551,429,103.3,567,396,127,331,297,975,NODATA,773,869,677,1647,901,63.95,157.9,199.25,135.2,291.5,394.4,360.5,624,346.6,179.9,312.3,447.8,504,1681,750,800.8,917.8,101.2,NODATA,926,315.7,232.9,559.8,180.3,213.6,89.1,196,552.5,373.9,381.3,237.6,265.3,193.9290297650515,20.47594332318017,875.6,1166,NODATA,875.1,NODATA,912.4,802.6,834.1,774.4,451.4,67.4,385.4999999999999,52.05,122,78.35,62.650000000000006,2032,19.3
788,1490.5,1408,1394,1037,854.5,788,571,209.5,171,540,419,72,131.1,493,300,236,275,541,209,348,597,494,95,545,429,153,343,290,949,NODATA,832,940,769,1738.5000000000002,831,74.8,155.6,189.20000000000002,112.1,281.5,388.2,379.6,639.3,419.9,200.5,348.3,480.4,544.9,1694.7,755.4,872.5,987.4,122.7,NODATA,986.3,308.7,277,587.4,174.5,212.9,91.1,181.6,590.5,384.3,377,220.8,272.2,201.76493651184683,14.597686705594361,962.1,1232.8,NODATA,961.3,NODATA,983,882.4,896.7,839.4,488.3,68.5,368.5,47.400000000000006,114.5,58.7,63.5,2215,16.4
789,1430,1351,1345,996,794,775,574,235,170,514,410,60,142.79999999999998,474,300,232,280,537,231,353,576,459,95,572,415,149,330,284,946,NODATA,845,933,715,1692,899,71.4,167.3,198.95,126.7,300.6,376,365.4,625.2,381.5,203.1,350,435.8,478.1,1659.4,742.7,851,954.6,115.8,NODATA,954,316.6,257.8,585,189.2,209,86.4,179.8,559.1,381.7,398,231.4,253.5,187.66427563654042,24.573781482224813,923.5,1222.1,NODATA,922.5,NODATA,966.5,843.6,840.3,807.7,455.8,61.7,371.4,50.75,111.85,81.55000000000001,60.8,2092.5,18.1
790,1481,1419,1398,1004,836,801,613,267,181,549,406,64.2,139.60000000000002,539,335,291,281,582,339,408,608,494,99.9,570,466,161,397,319,1165,NODATA,1124,1089,725,1729,895,101.6,160.1,195,130.4,324.7,460,404.9,688.1,421.9,221.4,395.3,493.5,564.7,1837.3,797.6,1079.2,1109.3,105,NODATA,1096.2,317.4,259.1,588.5999999999999,194.5,222.3,91.2,182.3,NODATA,432.8,445.3,247.2,256.5,196.15600297196534,17.41401027726882,888.1,1225,NODATA,887.6,NODATA,954.8,851.5,887.6,783.1,458,63.6,394.39999999999986,55,112,82.30000000000001,74.95,2180,17.3
791,1556,1486,1475.2,1083,889,834,634,252,182,558,433,64.6,150,547,373,327,318,668,339,425,648,510,103,598,471,159,364,312,1245,NODATA,1195,1145,850,1815,957,110.475,171.2,205.60000000000002,121.5,343.5,448.8,391.6,644.5,424.5,238.4,418.7,539.1,544.8,1896.3,786.1,1210.3,1164.2,29.6,NODATA,1187.4,353.2,267.1,629.5999999999999,194.4,200.1,86.5,169.8,624,413.4,423.1,241,268.3,195.70934739064847,19.37284068210205,1015.6,1311.6,NODATA,1015.4,NODATA,1067,937.6,939,986,508.9,85.1,397.79999999999995,55.099999999999994,118.4,86.4,71.2,2318,15.5
792,1626,1546,1542,1168,935,819,603,220,203,612,464,64.3,130,536,380,305,NODATA,636,330,424,691,579,109.3,587,420,150,389,322,1150,NODATA,1098.5,1102,805,1869,926,104.65,159.1,202.99999999999997,124.2,308,396.2,360.9,656.1,415.9,236.2,360.7,488.1,566.6,1831.4,852.3,1106.9,1132.9,82.8,NODATA,1134.5,356.2,287.8,649.6,196.5,220.6,93,200,NODATA,432.7,409.6,257.2,301.4,227.6583454023027,9.829686677096785,1022.8,1386.7,NODATA,1022.3,NODATA,1095,961.1,975.6,940,540.4,70.1,388.6999999999998,57,113.6,80.1,67.55,2387,14.55
793,1480,1433,1398,1055,825,770,612,224,167,548,442,66.7,133.6,475,331,269,301,584,279,392,589,488,96,574,421,130,380,307,1045,NODATA,976,1029,765,1722,906,86.45,163.7,201,128.3,322.7,403.3,349.7,631.1,388,211,326.9,456.8,530.3,1770.4,765.2,989,1054.9,67.3,NODATA,1054,330.2,266.7,607.4,188.5,212.5,90.5,186,644.1,395,412.5,231.4,272.7,196.06550639053148,25.352623087133054,944.0999999999999,1273.4,NODATA,944.2,NODATA,995.7,881.1,899.4,876.8,488,71.8,354,43.5,123.5,88.80000000000001,65.19999999999999,2185,19.4
794,1651,1565,1545,1165,953,857,657,275,193,603,464,69.4,145.6,500,295,267,295,553,264,401,651,516,107,577,489,150,393,326,1053,NODATA,944,1060,897,1912,1010,101.75,164.1,198.5,137.1,341.8,453.4,401.1,679.8,411.4,198.5,369.2,512.4,561.3,1954.2,850.8,998.7,1108.5,163,NODATA,1071.9,345,282.6,636.2,189.6,224.1,92.6,208.6,678.3,437.2,420.6,241.1,286.9,212.64733202829132,26.62541015344645,1057.1,1396.4,NODATA,1056.7,NODATA,1122.2,970.4,1001.6,894.1,554.2,76.1,393.8000000000002,57.25,128.95,96.8,63.69999999999999,2376,18.450000000000003
795,1431,1349,1360,1023,844,774,547,200,145,522,409.5,61.2,127.15,433.5,277,193,256,493,190,337,559,451,100.8,536,393,147,288,254,818,NODATA,724,868,725,1702.5,887,56.25,149.1,183.6,102.1,276,355.2,335.9,550.8,384.9,194.2,332.8,429.3,465.9,1535.7,670.3,762.4,893.7,171.3,NODATA,886.6,305.8,246.2,557.5,161.8,181.1,73.6,180.1,512.4,343.8,366.9,203.7,240,170.9688160572826,24.53853562991313,989.7,1211.2,NODATA,987.4,NODATA,1000.2,872.5,893.8,818.4,480.7,73.6,352.60000000000014,46.4,115.9,82,62.400000000000006,2140,15.1
796,1520.5,1420,1435.5,1089,889,795.5,556,176.5,162.99999999999997,552,449,68.2,140.6,449,270,235,246,440,237,346,620,521,101.19999999999999,567,408,159,315,269,903,NODATA,866,927,804,1778,903,66.6,163.3,195,132.8,316.9,372,338.3,593.8,391.7,216,309.6,459.8,501.9,1607.3,690.6,845.6,947.8,142.8,NODATA,939.9,340.2,271.8,616.5999999999999,171.5,204,87.1,188.6,532.3,370,343.4,212.9,279.4,206.42801236536923,23.410623750966327,996.5,1305.2,NODATA,995.3,NODATA,1054.6,921.1,949.2,853.7,522.4,66.3,374.89999999999986,48.8,115,74.6,63.9,2255,15.1
797,1527.5,1445,1442.5,1058.5,868,845,601,239,154,543,438,63,137.6,492,306,232,286,541,243,361,599,494,99.5,587,424,164,350,279,942,NODATA,873,977,771,1799,965,73.5,166.5,203.5,122.3,289.1,372.1,359.7,639.4,403,211.5,368.3,497.1,554.9,1709.8,807.7,882.1,990.5,143.9,NODATA,991.3,332.6,250.3,592.3,176.9,201,83,191.6,567.7,374.4,366.5,226.7,263.9,201.59354837697327,25.139665974454445,983.4,1273.5,NODATA,982,NODATA,1002.9,890.6,894.9,839.5,476.9,82.7,392.5999999999999,51.900000000000006,110.5,72.6,64.6,2265,17.3
798,1514,1419,1426,1055,853,806,585,240,174,539,443,62.400000000000006,135.39999999999998,498,308,253,288,550,287,370,603,494,100,576,432,166.5,372,315,1037,NODATA,943,1030,710,1765,944,87.35,158.9,202,123.4,293.7,408.7,369.2,661.5,431.9,202.7,387.4,470,541.7,1815.5,837.7,958.3,1051.4,161,NODATA,1035.7,315.2,242.4,561.9,180.7,201.6,85.5,186,641.2,410.6,409.4,232,278.8,206.25177029840478,24.29328110550122,945,1279.5,NODATA,943.3,NODATA,994.5,885.5,896.3,784,483.4,68.2,386.0999999999999,49.1,105.8,71.3,65.1,2200,15.4
799,1601,1530,1507,1094,882,845,654,292,192,583,441,64.6,138.4,542,346,307,348,637,314,524,637,497,109,578,468,153,410.5,338.5,1229.5,NODATA,1138,1119,765,1842,983,114.75,162.2,202,137.1,308.6,462.4,414.9,701.6,428.3,229.4,432.8,538.7,566.8,1918.6,757.8,1148.5,1136.1,116.2,NODATA,1134.3,341.2,277.5,629.5999999999999,189.4,231.1,94.1,195.1,692.3,437.4,437.8,242.9,281.8,206.15586638754974,25.298640737549054,987.6,1334.7,NODATA,987.5,NODATA,1059,934.6,947.2,871.4,512.2,72.4,427.60000000000014,59.2,128.5,81.7,68.1,2335,17.8
800,1559,1480,1464,1078,905,833,639,267,199,579,433,66.95,147.3,549,330.5,327.5,332.5,637,354,416,634,516,99,582,483,148,431,355,1217,NODATA,1169,1172,785,1800,955.5,118,168.2,202,120.3,329.6,468.4,394.5,674.4,420.5,260.2,422.6,524.8,574.7,1892.4,782.7,1190.1,1204.5,76.8,NODATA,1190.5,317.8,273.1,601.9,202.9,224.8,92.7,205.5,683.4,459.1,441.8,248,272.3,203.1513436023562,21.858820067852673,953.4,1303.2,NODATA,952.1,NODATA,1030.4,944.4,955.3,876.6,506.2,76,395,63.4,134.1,85.8,70.8,2295,18.2
801,1593,1509,1511,1078,875,837,644,267,192,591,434,72,147.4,529,407,340,351,667,384,471,676,518,101,579,448.5,150,361,299,1281,NODATA,1294,1224,835,1844,973,125,165.6,201.5,130.6,346.9,435.5,417.2,682.9,402.4,228.9,405.4,548.9,565.5,1969.8,765.7,1388.7,1247,110.9,NODATA,1222.3,359.2,292.1,653.8,193.2,212,89.5,173.7,NODATA,453.9,432.4,258,266.4,193.9420379330532,8.970074805362021,982,1322.5,NODATA,977.7,NODATA,1070.5,955.2,875.9,871.1,513.2,80.1,440.20000000000005,52.9,104.5,68.4,74,2350,17
802,1524.5,1435.5,1448.9999999999998,1081,885,787,577.5,221,203,554,433,63.9,155.6,564,380,291,338,667,320,414,631,497,111,616,484,176,445,337,1197,NODATA,1136,1127,770,1758,914,112.85,170.7,212.3,132.1,344.8,477.4,437.5,686.1,430,233.3,427.8,481.2,572.4,1856.1,887.6,1150.9,1161.1,68.9,NODATA,1160.4,317.3,273.6,603.5,198.9,233.5,95.4,192.2,677.4,448.2,465.4,253.1,294.6,215.84535184858404,29.340335236185812,946.4,1241.1,NODATA,945.1,NODATA,1006,927.9,936.1,877.5,498,80.6,366.10000000000014,61.7,126.8,77.69999999999999,66.9,2205,17.6
803,1434,1357,1338,988,792,762,569,201,179,504,370,64.9,144.60000000000002,477,310,282,301,506,328,394,611,479,95.39999999999999,565.5,437.5,144.5,345,300.5,1063.5,NODATA,1084,1053,798,1676,884,84.8,161.8,197,115.8,292.3,405.6,380.4,614.4,370.5,244.6,350.9,462,500.1,1730.6,760,1051,1069.6,6.3,NODATA,1054.5,319.1,248.4,575.5,185.4,208.3,89.8,186.2,633.3,403.2,413.8,232.5,251.8,192.44928433747287,21.80879772351437,895,1208.8,NODATA,882.3,NODATA,983.3,849.6,895.9,888.7,473.6,68.6,355.9999999999999,51,113.4,84.2,67,2126.5,16.7
804,1556,1462,1463,1097,889,825,604,239,171,565,440,64.2,141.4,499,322,286,314.5,552.5,277.5,382,621,486,97,583,437,185,326,288,1128,NODATA,1005,1031,810,1822,965,89,159,202,114.7,292.8,398.7,381.2,641.7,412.4,235.8,407.8,506.2,556.4,1775.7,817,1002.5,1067.2,85.8,NODATA,1040.1,324.1,285.3,615.1,180.4,202.1,85.3,186.8,601.6,392.5,393.8,236.4,285.7,197.32774614570224,22.329426348044667,985.3,1303.5,NODATA,983.9,NODATA,1049.7,936,1001.9,899.5,505.5,71.3,393.89999999999986,52.5,122.30000000000001,82.30000000000001,65.8,2310,17.2
805,1440,1387,1361,1017,821,773,585,228,173,526,403,64,136.7,469,279,202,298,537,212,332,581,480,96,552,408,131,353,296,964,NODATA,825,921.5,779.5,1699,894,70,152.5,194.14999999999998,115.9,302.4,377.8,369.7,638.2,384.5,195,351.9,445.3,529.5,1662,701.8,863.5,949.6,73.8,NODATA,953.8,332.8,242.2,582.7,186.1,209.3,88.4,173.4,586.4,383.5,373.9,237.7,278.3,204.40616529815577,16.220193695602788,913.3,1211.7,NODATA,912.5,NODATA,948,854.5,895.3,839.5,475.3,63.4,371.30000000000007,48.900000000000006,105.60000000000001,70.9,62.699999999999996,2109,16
806,1539,1472,1467,1080,890,837,596,235,197,588,446.5,66.8,150.2,519,334,281,346,568.5,285.5,423,633.5,505.5,111,603.5,457.5,140,400,345,1064,NODATA,1037,1165,826,1817,968,106.55,170.5,208.4,128.4,329.3,431.3,396.9,663.3,421.2,211.3,370.8,492.5,533,1894.8,904.2,1106.3,1188.6,117.9,NODATA,1182.1,329.8,268.6,608.3,198.9,221.4,92.9,202.7,NODATA,433.8,439.2,241.5,273.6,199.7288493066523,23.467898892343666,977.6999999999999,1307.4,NODATA,976.5,NODATA,1048.2,925.2,945.1,859.8,530.2,72.7,404.39999999999986,64.4,128.2,93.5,68.5,2308,18.3
807,1515,1427,1430,1049,870,781,587,225,166,555,432,64.2,138.2,480,336,233,288,542,249,374,594,477,96,574,398,154,326,280,987,NODATA,902,947,750,1764,918,73.4,160.2,199,121,310.2,385.5,374.7,603.4,388.9,223.6,322,480.4,501.9,1707.1,674,933,953.1,110.1,NODATA,978,336,263.5,611.5,162.6,193.8,83.5,180.3,587.9,389.7,373.2,224.4,260.3,189.95075510145227,21.663470091075606,992.2,1260.1,NODATA,991.1,NODATA,1039.9,903.7,926.9,882.1,503.1,76.1,388.8000000000002,52,106.29999999999998,73.60000000000001,61.349999999999994,2223.5,15.600000000000001
808,1428.5000000000002,1375.5,1356,1000,799.4999999999999,786.5,573.5,226.5,167,497,381,66,145.6,507,321,258,268,672,244,353,580,473,106.5,566,417,146,407,321,1028,NODATA,816,946,795,1704,905,78.3,160.3,194.3,127.3,311.7,389.4,379.6,637.4,401,205.3,360.3,465.3,499.9,1687.4,734.8,859.9,980.1,67.6,NODATA,1069.2,314.9,253.4,575.7,174.6,204.4,86.6,191.5,626.9,390.7,377.1,224.4,267.7,199.22531801012371,26.03048427396333,886.9,1241.5,NODATA,886.2,NODATA,990.1,869.5,909.3,819.3,472.5,69.4,369.10000000000014,58.9,104.80000000000001,79.5,65.7,2125,17
809,1533,1476,1465,1029,850,855,639,277,177,547,427,57,140.1,497,324,236,311,559,221,364,590,458,107.6,564,427,158,365,321,963.5,NODATA,843.0000000000001,968,797,1825,986,82.9,160,193.5,119.8,294.1,373,393.7,696.7,395.5,191.5,357.3,516.8,548.4,1875,794.7,891.8,990.4,91.7,NODATA,997,337.2,259.2,607.7,192.3,236.1,95.6,200.4,599.5,407.9,417.3,248.8,269.2,192.86636233550016,14.993017239889674,962.4000000000001,1304.3,NODATA,962.4,NODATA,1012,873.1,907.1,870.7,498.6,81.9,458.5,54.6,122.89999999999999,82.30000000000001,64.15,2281.5,19.4
810,1583,1514,1503.5,1121.5,913,803,604,226,174,564,445,59.900000000000006,143.5,482,318,263,315,612,272,392,636,493.5,104.5,571,455,130,357,311,1064,NODATA,1017,1016,940,1835,950,89.45,166.1,200,131.6,341.4,388.7,371.5,684.1,386.1,244.2,384.5,486.5,579.1,1832.9,837.5,1011.7,1058.3,86.1,NODATA,1058.1,334.9,291.7,634.4000000000001,200,225,95.8,203.7,589.5,396.1,387.9,235.1,291.8,212.23648397641568,13.512947620462795,1003.2,1344.2,NODATA,1002.2,NODATA,1040.4,939.7,965,917.1,525.1,82.2,376.29999999999995,54.5,130.5,76.9,65.5,2335,20.9
811,1518,1417,1420,1041,858,818,591,202,172,540,435,64.9,141.3,495,322,217,275,490.5,234,336,587,484.00000000000006,105.60000000000001,556,435,180,334,290,920,NODATA,758,911,744,1760,927,71.45,153.4,191.9,129.4,286.7,392.1,361.4,657.2,421.8,218.2,356.7,487.2,553.9,1687.5,799.6,826.6,934,107.1,NODATA,937.1,343.5,266.2,616,177.4,213.9,95,200.9,538.6,373.6,391.3,230.8,272.6,202.7429942645855,21.80140948635181,956.6,1265.7,NODATA,956.4,NODATA,981.6,877.1,918.4,849.5,480.8,71.9,392.4000000000001,55.7,119.80000000000001,89.3,64,2313,18.700000000000003
812,1461,1395,1386,1054,851,768,566,203,162,542,444,64.5,137.79999999999998,502,275,251,255,560,225,352,583,485,100,576,438,147,325,298,1033,NODATA,822,948,750,1695,873,75.25,157.2,202.65,116.8,296.7,428.7,362.2,612,412.2,213.3,382.7,442.3,496.4,1678.2,749.1,848.6,965.5,95.2,NODATA,975.7,334.5,249.3,589.5,184,201.6,87.3,185,590.5,382.3,360.1,213.5,249.2,184.61604528398553,23.29833161514269,947.1,1244.2,NODATA,946.4,NODATA,1006.8,882.1,915,851.9,477,56.2,342.4000000000001,52.699999999999996,104.1,68.8,57.15,2187.5,15.85
813,1544.5,1479.7,1466,1097.5,900,813.5,618,240,182,566,466,63.6,131,500,326,273,287,570,221,368,617,496,99,567,417,145,371,294,1056,NODATA,859,972,797,1805,929,79.8,154.5,200.10000000000002,130.8,296.5,375.2,398.3,674.6,414.9,200.7,371.1,460,531.8,1727.3,769.3,882,993.7,142.9,NODATA,973.6,329.8,278.4,616,170.7,202.5,86.4,192.2,NODATA,373.2,375.2,218.7,271.5,201.4016873407922,23.837734941150075,996,1302.8,NODATA,994.9,NODATA,1036.2,925.3,935.9,853.1,513.7,68.9,390.20000000000005,55.7,127.8,74.5,64.1,2335,15.4
814,1549,1497,1485,1074,883,872,646,286,153,552,436,68.60000000000001,134.8,514,352,221,255,548.5,216,356,593,483.5,98,586,441,141,342,286,1014,NODATA,847,930,885,1837,984.5,77.2,167.8,204.3,126.7,319.9,408.2,400.6,696.3,418.4,183.5,387.3,504.3,532,1819.3,790,878.2,984.9,158.2,NODATA,974.4,325.5,266.7,604.1,172.5,209.5,87.3,194.3,580.5,380,360.3,223.2,256.1,185.5260107775298,23.275209590085744,995.9000000000001,1335.6,NODATA,993.7,NODATA,1048.5,913.2,930.8,837.7,501.5,69,434.9000000000001,50.099999999999994,111.30000000000001,80.3,67.30000000000001,2286,16.8
815,1566,1468,1460,1078,894,818,601,213,176,580,453,63.6,142.79999999999998,541,361,270,308.5,601,255.5,388,625.5,493,99.85,579,434,155,366,326,1098,NODATA,939,1038,778,1815,937,88.45,165.3,191,124.1,330.4,405.5,372.1,658.5,423.6,235.1,370.6,509.7,564.7,1760.1,799.4,973.9,1057.8,130.4,NODATA,1042.5,359.5,285.1,651,182.8,214.4,90.1,195,623,383.6,404,221.3,267.1,196.21903636410445,19.48383893241929,1002.8,1319,NODATA,1000.8,NODATA,1040.8,938.2,955.4,872.4,514.3,73.8,408.39999999999986,59.3,115,81.4,63.2,2337,14.8
816,1704,1614,1621,1203,986,882.5,649.5,254,188.5,623,497.5,70.6,138.9,510.5,337,228,307.5,580.5,215,346.5,667,548,115.19999999999999,567.5,457,156,352,307.5,968,NODATA,822,944,995,1992,1014,82.3,162.5,194.24999999999997,126.6,342.1,400.7,401.8,721.7,449,202.7,377.4,494.4,561.5,1837.9,796.4,864.9,971.8,209.9,NODATA,942.3,377.8,307.1,695,195.7,234.8,97.7,206.9,580.3,392.9,378.9,229.6,307,224.56339300398866,18.52103385292809,1121.3,1476,NODATA,1120.2,NODATA,1163.8,1024.1,NODATA,911.4,571,76.5,426.5,52.95,130.55,80.35,62.9,2555,20
817,1560,1477,1462,1100,883,802,589,213,183,574,439,68.2,134.9,515,345,283,295,579,311,386,641,505,102.30000000000001,593,444,142,384,324,1106,NODATA,1045.5,1049,769,1787,919,94.15,163,203.5,123.9,329.3,438.7,396.1,652.2,392,226.7,351.6,471.2,531.1,1847.8,782.6,1057.6,1073.2,100.7,NODATA,1053.5,352.1,275.8,646.2,201.3,216.5,90.3,190.9,NODATA,400.2,397.4,231.8,266.3,202.75393428862853,26.060995739759946,962.8000000000001,1302,NODATA,962.9,NODATA,1055.8,932.5,927,862.1,502.9,75.1,383.4000000000001,58,117.89999999999999,85,64.3,2298.5,14.350000000000001
818,1552,1469,1459,1108,878,788,592,199,189,548.5,446,61.2,139.5,488,298.5,250.5,313,556,275,406,657,509,108,593.5,462,152,360,324,993,NODATA,965,1079,885,1825,936,95.1,167.6,206.3,136.9,303.2,402.1,351.6,611.1,414.8,232.2,347.4,471.8,519,1794.3,830.4,986.4,1132.4,140.8,NODATA,1115.6,341.7,280.4,629.3,187.2,208.7,86.9,199.1,658.1,442.6,443.6,261.6,284.7,207.91735869912816,26.076845760013146,1033.1,1341.5,NODATA,1032.9,NODATA,1084.4,952.4,932.8,892.3,516.1,85.4,357.70000000000005,56.5,125,74,69,2310.5,16.95
819,1472,1427,1414,1033,814,777,600,260,156,520,390,60.4,144.1,548,397,292,293,619,300,381,612,478,101.30000000000001,579,464.5,140,379.5,320.99999999999994,1134.5,NODATA,1038,1049,770,1757,947,94.9,169.9,195.7,121.7,342,439.8,429.6,708.3,418.6,191.9,387.9,457.5,530.1,1889,861.3,1026.3,1070.9,23,NODATA,1068.9,306.2,243.6,558.7,187.4,208.6,88.6,197.2,633.9,407.6,391.2,239.2,273,201.80686862483037,23.66137141891138,895.9,1257.8,NODATA,896,NODATA,994.5,872.4,894.4,872.9,495.2,66.2,389.60000000000014,51.5,120.19999999999999,82.4,72.4,2196.5,17.2
820,1558,1480,1470,1082,852,849,626,255,176,542,426,69.2,127.4,451,302,264,279,494,261,375,612,495,96,568,407,127,310,263,977,NODATA,888,973,855,1808,965,80,156.4,201.5,116.2,319.6,393.9,381.8,643.1,366.4,218.5,334.6,500.4,556.4,1780.6,742.7,949.7,1023.8,87.7,NODATA,1020.8,335.8,257,599,182.7,217,91.7,194.5,606.4,383,368.4,213.2,262.4,190.77266873813156,22.149880227670817,956.3000000000001,1288.3,NODATA,955.8,NODATA,1032.9,911.3,974.3,868.6,494.1,73.6,396.1999999999998,53.7,122.15,93.25,68.6,2255,19.5
821,1665,1581,1561,1191,965,874,630,202,177,607,485,71.9,141.4,540,301,247,328,571,250,398,686,577,106,594,465,169,367,312.5,1020,NODATA,950.5000000000001,1065.5,875,1951,999,95.2,159.3,212.2,136.5,311.6,393.4,411.1,691,473.1,217.7,366.4,487.3,578.3,1837.1,764.4,999,1081.5,79,NODATA,1071.8,386.1,311.2,701.0999999999999,185.7,221.7,94,207.4,629.3,414.1,393.6,231.8,297.4,229.5812037880325,18.53720174145474,1096.8,1389.7,NODATA,1095.8,NODATA,1120.4,1019.6,1055.5,1017.8,550.5,83.2,387.20000000000005,52.300000000000004,134,84.39999999999999,71.9,2500,16.8
822,1577,1523,1490,1127,933,810,619,243,184,593.5,468,67.55,141.20000000000002,527,340.5,252,281,628,249,391,628,NODATA,103,601,470,128,354,323,1086,NODATA,965,1061,785,1840,931.5,93.85,158.4,216,123.3,314.2,408.3,378.7,674.8,388.6,205.3,400.6,475.7,555.3,1798.6,891.5,985.2,1057.7,109.7,NODATA,1074.2,372.9,286.9,675.5,193.5,222.3,92.6,203.5,NODATA,401.3,418.7,250.5,284.9,211.62864180100055,16.522763422932922,1015.1,1337.5,NODATA,1013.6,NODATA,1053.1,957.7,988.3,905.4,534.1,71.9,381.5,56.4,139,97,60.7,2390,15
823,1437,1379,1356,1003,797,785,587,238,184,521,402,64,136.2,506,302,253,282,587,260,360,559.5,431.50000000000006,101,583,444,138,400,325,1011,NODATA,914,968,755,1685,889,81.45,158.4,208.70000000000002,113.2,304.1,408.9,382.5,612.2,394.1,189.1,385.9,453.2,489.2,1764.1,734.8,926,1010.6,153.7,NODATA,1010.7,314,236.2,565.4,187.2,211.5,85.8,184.7,NODATA,378,412.9,230.4,242.1,171.77947248521997,24.060372463511296,932.4000000000001,1184,NODATA,931.5,NODATA,970.4,829.3,848,778.7,456.1,75.3,369.60000000000014,64.9,114.9,83.2,65.1,2090,19.099999999999998
824,1554,1472,1467,1084,921,816,594,220,179,558,439,66.3,144.1,539,348,250,294,618,226,391,626,502,100.9,564.5,429.5,159,370,318,1044.5,NODATA,884,1022,821,1820,970,88.05,166.2,197.5,117,297.4,372.5,396.3,660.9,430.2,226.6,375.9,496.1,560.4,1753,729.5,939.4,1024.4,92.1,NODATA,1046.4,342.6,271.1,617.6,174,213.5,92.2,185.7,663.9,403,405.2,229.2,263.5,199.24170440346109,23.032121469483922,971.2,1283.2,NODATA,970.7,NODATA,1026.5,935,935.9,879.1,504.8,72.7,386.4000000000001,53.4,112.69999999999999,77.8,55.099999999999994,2345,18.400000000000002
825,1528,1461.4999999999998,1436.0000000000002,1085,857,793,600,235,166,545,439,67,143,459,299,252,294,499,240,383,614,501,87.10000000000001,575,448,152,346,297,975,NODATA,882,956,879,1796,930,77.65,157.6,196,127.8,312.8,409.7,382.3,651.6,402.5,211.7,373,458.9,516.7,1898.7,850.7,924.7,973.5,76.8,NODATA,968.9,356.4,258.1,627.4,184.5,224.7,81.6,187.8,712,465,448.6,250,284.1,216.32018678956234,18.29885459071653,985.5999999999999,1298,NODATA,985.1,NODATA,1035.3,908.9,918.6,908.8,499.7,71,364.89999999999986,48.4,120.7,73.4,68,2245,16.9
826,1518,1448,1429,1060,856,802,602,233,200,544,419,66.8,145.9,503,313,267,267,522,286,416,619,501.50000000000006,105.39999999999999,585,452,147,377,327,1018,NODATA,1007,1103,814,1762,951,91.6,163.6,194.3,122,297.7,392.3,371.1,640.4,401.7,210.4,356.5,481.1,514,1789.8,807.6,1007.8,1132,121.9,NODATA,1122.1,331.2,278.8,618,197.9,214.3,91.3,195.3,670.5,415.8,390.8,232.6,269.5,200.24495169041586,26.02707844696572,948.5,1286,NODATA,948.5,NODATA,1024.2,895.8,910.2,826.6,484.1,89.1,396.5999999999999,59.2,123.6,86.89999999999999,64.1,2208.5,16.8
827,1490,1431,1417,1060,871,774,584,209,203,566,447,54.2,132.5,515,311,285,306,595,273,401,624,518,106.44999999999999,582,451.5,140,375,313,1082.5,NODATA,1043,1110,765,1754,906,96.65,162.2,207.39999999999998,129.1,349.8,441.3,387.6,650,395.3,213.9,382.8,463.7,527,1802.2,842.7,1065.2,1121.3,129.7,NODATA,1125.1,350.7,266.9,630.5,204.4,233.7,98.9,191.4,666.1,420.3,438.9,252.3,279.7,207.9459158217328,24.39168129266248,972.7,1251.5,NODATA,971.9,NODATA,997.7,890.3,932.3,843,496.7,69.6,380,53.5,109.3,75.5,65,2225,19.8
828,1567,1473,1465,1106,899,824,626,262,175,564,455,60.9,140.8,463,293,209,278,534,212,327,624,489,105.9,587,404,151.5,301,298.5,907.5,NODATA,771.9999999999999,890.5000000000001,815,1834,954,69.65,163.5,209.1,126.5,303.3,371.9,345.8,607.5,417,212,338.4,483.1,519.4,1757.1,791.3,783.2,922.2,129.1,NODATA,918.8,332.5,269.3,606.8,184.3,221.2,95.1,196.1,535.5,370,385.2,229.9,271.8,201.06765425548375,17.90499269745514,1044.2,1335.7,NODATA,1043.8,NODATA,1079.4,933,968.7,915.1,520.9,77.8,382.79999999999995,58.9,114.9,80.7,67.8,2340,18.799999999999997
829,1554,1493,1480,1111,897,801,606,249,166,570,451,61.5,136.4,457,322,227.5,269.5,512,222,351,623.5,512,97.5,571,440,131,340,294,953,NODATA,821,957,805,1850,977.5,74.55,156.4,198.70000000000002,127.1,323.7,405,367.2,626.4,402,188.3,370.8,462.7,498.5,1695.3,702.6,824.8,981.1,193.3,NODATA,942,323.4,278,610.8,183.7,206.8,87.5,188.6,557.7,379.7,374.3,235.8,281.1,210.47406169255495,18.91993421896601,1044.5,1347.2,NODATA,1043.1,NODATA,1092.4,936.9,970.3,851.2,531.1,82,385.4000000000001,53.8,120.39999999999999,85.1,66.10000000000001,2305,17.4
830,1480,1371.0000000000002,1383.9999999999998,1028,841.5,839.4999999999999,615.5,234,182,544,414,66.8,138.2,542,346,283,324,596,272,407,592,467,107,583,446,184,352,311,1108,NODATA,1036,1092,762.5,1736,953,93.3,162.6,204,129.3,316.3,410.7,389.3,656.6,443.4,250.3,405.1,487.5,557.8,1744.6,790.7,1001.1,1104.1,33.4,NODATA,1071.7,324.2,261.9,592,183,218.8,94.4,196.4,643.8,423.2,421.4,237.2,268.1,196.86306394132498,21.60374567130449,919.6,1212.8,NODATA,919.7,NODATA,955.8,845.7,894.5,886.2,485.6,62.5,379.29999999999995,56.3,122.2,79.3,68.2,2230,17.6
831,1615.5,1535,1534,1121,913,902,657,280,184.50000000000003,561.5,460.25,51.2,133.35000000000002,546.5,320.99999999999994,278,311,638,268,389,649,541,99.5,571,480,145,446,375,1083,NODATA,1009,1096,865,1878.5,1001,105.45,156.6,204.89999999999998,133.5,313.2,428.8,431.2,710.4,456.7,225.5,408.9,523.9,561.4,1900.5,794.9,1020.4,1096.2,95.1,NODATA,1102.5,360,275.6,657.8,200.9,240.6,98,207.8,689.4,426.2,405,236.3,287.1,213.9238744852874,26.06683956446435,1034.7,1356.9,NODATA,1032.9,NODATA,1085.2,946.6,975.7,939.6,502,75.1,437,57.5,120,67.6,68,2345,18
832,1557,1480,1471,1087,895,839,604,225,193,568,441,65.7,144.7,557,329,283,326,611.5,244,402,646,515,103,559,473,180,394,334,1136,NODATA,959,1091,817,1817,957,99.55,159,193.5,144.4,332.4,439.6,381.2,657.6,451.6,233.5,420.9,495.7,552.5,1790.7,864.8,962.4,1121.7,142.5,NODATA,1114.9,344,290.7,644.2,190,228.4,97.6,199.8,671.9,441.3,413.9,249.5,292.4,214.3327988482701,21.829601601271847,1013.4,1313.9,NODATA,1010.4,NODATA,1042,936.9,951.4,870.9,520.3,68,397.10000000000014,53,124.2,86.30000000000001,72.1,2330,15.8
833,1502,1418,1418,1052,854,806,587,231,190,548,412,63,142.89999999999998,500,318,255,289.5,515,268.5,402.5,608.5,486,104.55,595,425,144,342,298,1010,NODATA,928,1064,800,1760,933,87,162.6,216.6,131.6,318,389.3,362.6,665.1,391,222.2,347.3,468.1,554.1,1741.2,762.3,897.8,1017.6,134.5,NODATA,1091,333.4,274.1,615.9,183.1,206,88.5,189.4,685.9,429.5,418.3,260.7,277.4,207.29703956677395,20.06599208999451,937,1257.1,NODATA,935.5,NODATA,966.2,860.8,913.4,802.5,474.2,68.6,381,55.8,111.89999999999999,75.8,60.599999999999994,2225,14.9
834,1544.5,1473,1480,1079,871,864,624,246,185,567,442,60.5,147,502,343,254,297,557,278,410,623,485,101,592,456,135,369,307,1034,NODATA,986,1110,817,1819,983,93.85,165,207.60000000000002,132.1,307.3,406.9,389.6,667.6,399.8,214.4,343.1,477.1,525.4,1880.2,829.2,995,1144.7,158.5,NODATA,1148.6,337.8,253.6,598.3,189.3,220.3,91.6,201.3,NODATA,426.7,422.6,234.9,283.8,208.58171416941377,22.93478590450975,995.5,1309.1,NODATA,994.2,NODATA,1035,895.8,974.3,837,512.6,71.4,407.70000000000005,55.7,123.9,82.4,63.9,2267,19
835,1478,1424,1401,1061,860,768,592,221,169,549,414,64.7,144.9,464,340,243,300,566,257,380,606,472,104.60000000000001,568,425,135,325,298,1007,NODATA,913,986,766,1731,905,76.8,164,195.05,132.7,308.1,399.9,377.4,604.6,395.6,216.6,375.1,454.3,478.5,1710.4,754.3,929.3,1002.2,116.9,NODATA,1001.5,333.4,266,608.1,185.7,219.1,93.3,194.2,571.6,392.5,381.8,234.4,262.7,188.0352802350116,20.99285337311418,1005.5,1245.3,NODATA,1004.2,NODATA,1031.4,893.8,901.1,888.6,508.1,73.9,354.1999999999998,54.49999999999999,112.5,81.8,74.39999999999999,2221,17.15
836,1501,1395,1409,1024,855,813,600,238,184.5,535,414.5,69,137,495,286.5,237.99999999999997,274,529,229,376,609,480,90,560,437,161,339,289,981,NODATA,902,1003,856,1759,910.5,79.65,163,189.20000000000002,112.8,306.7,373.2,361.3,682.5,422.1,219.4,374.9,509,585.9,1782.2,805.1,900.9,1059.6,105.1,NODATA,1058.7,301.7,258,562.4,176.2,204.5,85.7,194.9,629.5,398.1,376.4,225.5,263.2,191.30799421977048,16.830098967850034,943.2,1269.7,NODATA,939.2,NODATA,954.3,870,888.7,838.1,487.8,81.4,406.20000000000005,45.4,104.60000000000001,78.2,64.6,2237,15.4
837,1511,1416.4999999999998,1411,1056,855,825.5000000000001,603,236,194,549,423,60.4,141.5,502,325,261,285,537,275,384,602,485,101.19999999999999,572,453,132,378,315,1022,NODATA,913,1052,715,1783,950,87,163.8,192.3,136.6,301.6,406.7,381.3,653.5,394,234.7,349,485,547.2,1715.9,812.2,976.6,1088.9,119.1,NODATA,1076.5,316.9,255.3,576.4,182.3,217.7,92.3,190.4,NODATA,399.7,376.8,239.9,268.7,197.94507978738088,26.642295187594453,940.1,1261,NODATA,939.7,NODATA,997.2,878.6,890,821,485.2,86.9,374.5,55.8,113.80000000000001,77.6,61.2,2223,19.099999999999998
838,1371.4999999999998,1300,1308,957.5,763,724.4999999999999,540,209,162,492,381,71.5,143.8,471,326,232,258,485,254,342,543,436,98,543,417,137,337,294,937,NODATA,871,948,693,1602,869,69.2,166.1,181.4,112.8,300.9,407.3,357.2,579.5,387,199.4,360.8,436.2,445.6,1671.2,735.2,895.6,978.5,109.1,NODATA,976.6,283.1,246.1,539.3,169.9,225.6,89.4,178.2,NODATA,362,385.8,223.8,247.7,178.57015467532065,24.882614810354163,898.9,1165.4,NODATA,898,NODATA,949.3,797.3,823.1,789.8,438.1,68.8,363.5,53.7,115.60000000000001,74.4,56,1993,14.7
839,1608,1521,1524,1116,908,855,620,237,184,576,452,63.3,131.9,503,297,237,312,485,258,372,656,544,103.50000000000001,557.5,412,176,321,276,977.5,NODATA,904,1037,765,1875,980,82.475,154.4,195,128,313.5,387.8,386.9,695.5,423.2,221.4,370.8,489.7,573.6,1845.5,746.4,942.7,1043.7,116,NODATA,1020,339.3,262.6,609.6,184.7,214.9,88.5,192.2,593.5,387.2,387.4,239.5,276.3,206.6100867550948,22.957482734354144,988.4,1348.4,NODATA,988.3,NODATA,1057.2,939.4,969.3,872.4,519,77.7,415.5999999999999,53.8,115.19999999999999,81.89999999999999,55.7,2370,17.5
840,1549,1478,1473,1079,878,814,631,271,183,561,434,60.599999999999994,130.8,492,321.5,242.5,293,561,256,399,623,508,107.69999999999999,563,429,123,331,296,1012,NODATA,923.0000000000001,1059.5,835,1802,953,83.1,163.2,192.5,123.6,298.6,386.2,358.6,671,371.1,208,341.8,475.2,566.6,1774.5,762.5,985.7,1078.8,105.9,NODATA,1078.7,333.4,276.2,619.2,183.6,225.8,95,195.9,651.6,413.7,391.6,235.4,273.5,199.71837862180038,24.557214258720645,971.1999999999999,1313.9,NODATA,970.5,NODATA,1007.8,912.6,938.2,865.3,511.5,81.6,395.5,48.949999999999996,102.4,71.5,70.64999999999999,2280,17.95
841,1358,1280,1273,943,774,746,536,197,156.5,489.5,379.5,64.1,133.70000000000002,438.49999999999994,310,221,258,536,258,329,530,434,95.39999999999999,564,383,146,318,267,974,NODATA,906,906,811,1594,843.5000000000002,63.45,158.2,198,121.5,302.4,372.8,344.1,540.3,377.4,209.7,343,432,462.9,1604.6,715.3,918.3,944.6,41.3,NODATA,934.8,307.2,229.2,542.2,162,201.2,83.4,177.3,538.5,360.1,321.1,189.2,250.1,181.97126086099036,24.959707324407095,885.8,1120.2,NODATA,885.3,NODATA,925.5,793.8,804.5,844.5,441.7,68.1,318.0000000000001,48.099999999999994,108.9,75.7,67.30000000000001,1960,16.7
842,1522,1466,1468,1087.75,877.5,813,626,213,161,544,424,74,132.5,459,321,238.5,263,505,234,334,606,489,103.4,575,427,134,325,303,982,NODATA,827,938.5,817.5,1808,936,72.3,169.1,199,129.5,300.5,382.9,377.7,666.3,394.4,183.8,372.5,432,516.7,1770.1,741.2,859.4,937.6,92.7,NODATA,952.2,337.1,269.1,620.2,176.3,201.2,88.5,197.7,532.2,382.2,358.4,229.5,271.1,201.98285268535315,19.53031171698729,976.2,1311.8,NODATA,975,NODATA,1027.2,897.8,937.9,883.5,490.5,80.4,374.70000000000005,47.3,110,81,63.9,2335,18.2
843,1466,1380,1391,1018,864,804,585,241,185,523,415,69.5,144.1,517,337,294,278,552,300,409,605,497,101.4,576,444,142,344,303,1082,NODATA,1084,1080.5,785,1708,921,89.5,156.4,203.5,134.6,302.7,396.6,357.5,596.2,398.6,234.8,363.5,470.2,481,1769.4,796.3,1094.1,1102.5,51.2,NODATA,1100.1,324.7,249.5,582.0999999999999,178.4,193.8,82.3,181.2,NODATA,394.8,400.2,230.6,264,194.54968755159962,23.339852011233617,913.9000000000001,1252.1,NODATA,913.3,NODATA,1021,874.3,873.2,862.7,471.6,69,378.4000000000001,50.199999999999996,115.45,75.4,69,2171,19.35
844,1555,1482,1465,1089,840,818.5,624.5,276,185.49999999999997,565,419.5,62.1,137.79999999999998,482,380,295,278,612,290,405,626,491,99.80000000000001,558,450,145,358,311,1124,NODATA,1043,1053,775,1799.5,945,92.5,162.4,191,113.8,312.3,401.7,388.4,660.1,392.6,240.7,356.9,521.2,573.5,1828.9,772.3,1048.4,1063.3,26.2,NODATA,1061.9,319.2,261.8,585,176.4,202.7,85.8,185.7,616.6,402.8,402.4,219.1,264.7,192.77037732020253,15.855514819388269,971.5,1300.3,NODATA,971.2,NODATA,1036.6,927.1,960.1,945.3,510.9,72.1,386.70000000000005,53.4,117.4,78.60000000000001,65.9,2260,18.400000000000002
845,1600,1517,1493,1105,921,840,621,250,183.5,569.5,445.5,67,145.39999999999998,482.5,320.99999999999994,227,311,531,248,330,624,513,109,582,429,159,313,273,991,NODATA,891,1023,778,1855,964.5,81.3,159.1,204.20000000000002,129.5,275.1,370.1,355.1,645.9,408.2,240.8,355.7,527.6,573.8,1755,709.9,932.7,1029.9,174.4,NODATA,1035.4,347.7,266.9,626.8,182.4,198.5,83,185.3,614.3,400.1,393.2,237.3,268.7,196.88728924341171,15.78452264469714,1047.9,1347.3,NODATA,1046.6,NODATA,1060.7,938.3,960.8,873.5,513.4,73.8,407.1999999999998,58.8,119.80000000000001,74,69,2340,17
846,1438.5000000000002,1356,1366,987,778,804,580,227,158,478,370,68.5,139.4,475,309,230,282,509,246,392,577,454,96.5,558,408,138,324,287,977,NODATA,880,1029,787,1716.4999999999998,938,76.5,158.4,191.20000000000002,123.2,297.5,371.1,350.8,629.3,412.8,203.8,354.3,481,514.5,1676.5,696.2,923.8,1082.1,131.7,NODATA,1090,307.5,257.8,567.4,170.6,198.3,83.8,173.2,655.5,411.2,383.4,226.1,265.9,192.9226028152531,26.359137312435937,919.9000000000001,1240.3,NODATA,918.5,NODATA,972.6,838.8,845.6,788.2,485.5,90.4,397.0999999999999,49.1,98.4,62,58.8,2145,17.1
847,1490,1419,1413,1008,829,840,632,283,173.5,519,410,63.5,135.15,487,291,219,263,515,207,347,579,454,102,556,414,165,338,304,957,NODATA,739,930,860,1752,947,68.85,158.7,197.39999999999998,112.8,308,376.8,361.2,633,438.1,186.6,379.6,501.1,526.5,1746.3,745.3,777.1,956.7,176.3,NODATA,963.9,299.8,254.1,555.4,181.3,222,93,195.6,568.9,383.3,369,225.3,273,198.40198309936804,22.58385252065636,966.2,1255.4,NODATA,963.4,NODATA,990.8,866.5,879.8,789.9,480.5,79.1,405.4999999999999,48.5,125.1,83.69999999999999,62.1,2224,17.7
848,1570,1491,1476,1134,909,773,598,216,177,584,459,66.2,141,518,322,270,281,632,243,370,646,513,101.89999999999999,578,462,160,415,348,1071,NODATA,908,1005,815,1838,932,91.65,158.2,207.7,122.9,312.3,428.5,377.3,650,404,246.7,370.4,470.2,541.2,1791.1,890.2,950.5,1050.5,82.9,NODATA,1050.1,332.7,291.3,634.5,189.7,218.1,93.3,189,635.6,404.3,390.1,237.2,264.2,200.16967715510086,22.083348613819993,1015,1336.1,NODATA,1014.2,NODATA,1071,959.1,1008.7,932.1,526,80.7,353.89999999999986,54.400000000000006,105.1,72.2,63,2350,19.35
849,1643,1566,1553,1169,968,823,630,253,191.5,598.5,463,64.15,140.5,538,370.5,281,299,602,305,445,697,576,99.60000000000001,592,423,138,381,318,1147,NODATA,1130,1155,825,1890,961,105,163.3,206.29999999999998,126.9,323.1,394.6,396.7,703.2,399.4,219.8,364.7,495.2,581.3,1871.4,802.6,1187.4,1174.7,17.7,NODATA,1168.2,353.2,300.3,671,183.1,202.5,84.2,180.5,NODATA,423.3,401.1,216.7,272.4,210.34370035039365,12.901072745214801,1028.1,1390.5,NODATA,1028.2,NODATA,1106.3,1016.8,1044.8,1010.4,549.5,83,398.70000000000005,50.5,114.1,75.8,63.9,2405,16.4
850,1517,1453,1437,1057,867,760,591,215,196,559,415,65.25,150.85000000000002,514.5,387.5,306.5,304,646,324,396,606,457,105.39999999999999,604,452,139,388,347,1212,NODATA,1078,1075,835,1762,917,103.7,169.2,211.8,147.7,332.7,458.9,407.7,656.5,400.3,219.1,396.7,473.5,510.4,1848.4,773.9,1104.8,1105,52.6,NODATA,1100.9,352.8,273.2,634.2,214.6,219.1,93.4,187.3,663.6,418.9,427.9,237.9,263.5,198.78913568558792,20.58718906312216,948.9,1272.2,NODATA,948.6,NODATA,1030.4,889.3,908.6,896.3,491.7,73.7,387.79999999999995,65.19999999999999,112.8,75.1,69.7,2215,20
851,1492,1435,1414,1037,828,792,615,250,174,524,407,63.099999999999994,140.1,458,326,259,271,554,262,366,599,490,93.5,569.5,409.5,136,317,277.5,1006.5,NODATA,951,982,795,1746,918,77.55,160.3,209.8,129.9,330.5,398.6,374.2,646.5,383.3,210.6,340.8,467.5,528.7,1765.1,751.6,989.3,1019.4,75,NODATA,1020.4,321.9,269.2,597.7,183.6,211,87.4,178.5,577.1,376.1,364.1,215.1,256.4,189.01897350869748,20.619559612053624,937.8,1261.6,NODATA,937.3,NODATA,993.2,884.5,886.7,862.8,473.1,75.8,393.0999999999999,52.9,111.7,70.7,63.9,2195,19.6
852,1442,1371,1390,994,799,780,573,225,177,520,395,65.6,144.60000000000002,523,363.5,292.5,307,581,296.5,389.5,594,480,98,581,443,148,342,293,1145,NODATA,1022,1065,743,1698,920.5,89.15,167,197.3,131.9,295,408.7,356.8,641.2,401.9,205.4,375.7,484.2,523,1730.3,738.1,1027.3,1084.1,24,NODATA,1059.9,323.3,253.4,580.7,171,203.5,86.2,185.2,633.1,385.8,392.2,219.2,257.9,195.8023799673661,23.468572075959408,913.9,1239.2,NODATA,913.8,NODATA,958.2,853.4,903.7,889.9,456.9,69.3,413.9000000000001,57.199999999999996,110.5,75.4,68.4,2135,14.399999999999999
853,1477.5,1375,1394,1012.25,824,779,545,251,159,520,428,57,117,492,312,232,290,489,250,324,592,506,107.89999999999999,554,444,178,367,286,975,NODATA,931,1008,710,1739,924,79.9,158.6,197.5,114.2,299.7,386.6,385.4,645.9,422.9,209.4,399.4,471.6,530.1,1743.6,776.8,962.2,1015.3,66.3,NODATA,962.2,332.8,256.3,579.5,201.7,210.1,85.8,167.4,603.9,388.6,372.6,209.1,224.3,165.92520351230297,26.906941377849876,935.1999999999999,1216.8,NODATA,934.1,NODATA,967.2,887,887.7,868.9,481.2,80.1,394.80000000000007,44,102.5,64.7,63.9,2165,17.4
854,1516.0000000000002,1434,1438,1075,878.0000000000001,798,572.5,210,171,556,437,69.3,141.7,462,307,235,284,532,223,349,583,475,117,587,392,152,358,315,986,NODATA,847,968,785,1777,930,78.85,169.6,199.5,127.2,301.4,368.7,364.2,602.5,373.2,212.8,358.2,467.2,510.5,1708.6,785.3,894.5,991.5,157.3,NODATA,1012.9,336.8,252.7,593.8,179.7,215.3,93.2,196.7,603.4,384.5,400.4,241,276.9,202.40973281199285,14.009614912362812,996.3,1260.8,NODATA,994.4,NODATA,1026.8,874.9,910,839,480.1,65.7,372.89999999999986,56.2,113.6,81.30000000000001,61.5,2226,16.8
855,1468,1388,1395,1046,845,811,586,235,168,525,419,62.400000000000006,137.4,503,314,248,274,574,214,354,594,489,95,560,465,160.5,378,311.5,995,NODATA,860,969.4999999999999,791,1732,924,77.85,159.7,192.60000000000002,122.2,317.9,416.3,390.8,641.5,420.6,206.3,366.5,446.4,487.3,1672.9,768.5,874.8,1003.7,131.4,NODATA,1008.4,314.1,264.1,593.5,176.3,208.5,87.8,177.1,620.2,379.8,379.3,208.7,260,180.71550573875174,22.369050552288797,971.9,1238.9,NODATA,970.5,NODATA,1002.1,898.1,898.7,840.5,489.2,59.2,364.79999999999995,50.199999999999996,110.3,71.39999999999999,56.3,2249,16.299999999999997
856,1530,1455,1449,1076,840,835,651,270,200,553.5,422.5,63.2,152.15,538,395,288,356,588,313,443,608,482,102.4,606,469,163,410,331,1158,NODATA,1139,1142,770,1792.5,976,106.4,167,209,131,344,444.8,405.2,664.9,432.8,220.9,372.3,480.8,519.2,1842.5,804.8,1154.8,1160.2,92.7,NODATA,1145.7,328.7,260.2,597,190.9,228.1,96.4,195,698.2,425,417.7,241.7,276.3,204.86930785075907,22.052348204055924,1006.8000000000001,1291.9,NODATA,1006,NODATA,1037.7,892.3,882.6,914.1,501.5,71.4,399.5,53,122,80,68.8,2221,17.5
857,1633,1523,1520,1153,935,814,604,201,207,598,450,70.5,152.10000000000002,529,384.5,307.5,330.5,616,345.5,416.50000000000006,681,565,105.5,578,444,166,379,321,1182,NODATA,1110,1099,930,1866,931.4999999999998,106.2,166.9,198.70000000000002,133.4,338.6,406.8,409.2,645.5,416.6,261.9,371.3,495.9,517.9,1849.7,786.8,1142.8,1174,53.5,NODATA,1126.4,362.9,312.1,683.0999999999999,207.1,235.4,95.2,195.7,NODATA,452.5,422.3,224.6,279.2,211.4049187313234,16.660867964104117,1053.1,1371.2,NODATA,1053.1,NODATA,1145.6,994.9,964.3,999.6,559.3,81.8,390.29999999999995,56.3,123.80000000000001,79.4,73.2,2440,19
858,1504.5,1412.5,1410.5,1043.5,842.5,824,600,240,170,539,437,65,143.1,481,309,214,267,523,207,345,579,481,101,565,408,172,328,288,939,NODATA,777,938,735.5,1760,931,70.35,158.7,196,119.9,329.7,380.6,358.9,626.8,416.8,225.6,358.6,477.2,548.6,1706.6,807.5,835.1,969.3,182.6,NODATA,941.3,309,255.2,570.2,173.4,196.9,84,191.8,585,370.7,390,219.3,270,189.67623987480135,17.70449897063448,961.4,1254.7,NODATA,959.5,NODATA,991,882.3,903.9,778.8,484,75.5,378.5,48.4,111.30000000000001,76.2,67.4,2219,16.599999999999998
859,1564,1490,1493,1084,905,799,601,225,186,570,432.5,65.35,144,532,360.5,299,293,593,262,389,644,514,106.5,599,468,154,373,333,1162,NODATA,1028,1058,775,1841,954,101.7,165.8,212.2,142.4,336.5,424.7,402.1,749.8,426.6,228.3,415.9,502.4,608.7,1864.7,819.5,1029.1,1096,67.6,NODATA,1106.6,324,281,614.8,183.7,210.9,91.3,179.2,658.5,419.8,418.5,241.6,268.5,210.73571572134054,12.44172385180414,982.4,1333.6,NODATA,981.3,NODATA,1000.3,888.8,955.5,914.8,511.8,86.8,410.70000000000005,52.300000000000004,106.4,66.7,65.9,NODATA,17.6
860,1674,1591,1579,1203,973,858,645,229,192,622,487,63.9,143,522,350,258,325,567,277,390,698,578,104,590,421,147,351.5,306.5,1072,NODATA,947.5,1105.5,900.5,1962,997,96.45,165.6,207,138.1,312,381.2,375.4,679.4,405.9,213.3,405.7,513.4,592.2,1875.5,873.5,1025.6,1120.4,142.9,NODATA,1100.5,387.4,284.7,683.6,184.8,214.2,90.1,200.7,683.3,426.7,384.9,233.7,291.6,213.98691253498404,27.379401229252412,1082.6000000000001,1420.8,NODATA,1080.2,NODATA,1124.3,1029.3,1033.9,939.7,550.9,77.8,400.79999999999995,61.900000000000006,127.5,80.19999999999999,67.9,2488,19.099999999999998
861,1533,1489,1480,1064,880,839,636,283,186,564,432,61.6,139,490,378,279,312,570,266,410,624,505,105,590.5,426,136.5,361,299,1096.5,NODATA,1027,1064,775,1808,957,89.85,164.9,209,116.7,326,417.1,403.1,672.1,390.4,220.5,352.8,488.9,528.8,1824.5,773.3,1041.7,1074.1,41.8,NODATA,1058.2,337.9,258.8,613.6,183.8,207.2,87.7,187.5,660.4,399,399.1,224.9,287.1,210.3459005599351,20.023332899221987,986,1292.4,NODATA,985.4,NODATA,1034.5,897.3,903.5,944.2,516.8,68.1,428.10000000000014,48.9,117.8,77.5,72.69999999999999,2265,13.5
862,1534,1479.5,1450.5,1091,826.5,823.5,629.5,264,212,555,422,66.2,152,550,361,298,351,609,348,437,645,529,103,576,454,174,405,339,1216,NODATA,1169,1204,755,1783,973,114.8,171.4,197,117.2,324.8,438.1,390.7,643.4,439.3,234,417.9,471.6,523.8,1934.7,825.7,1213.9,1215.5,82.3,NODATA,1215.6,328.1,257.7,591.8,199.5,218.3,93.1,195.7,730.8,458.5,466.7,250.5,280.5,205.79011726133933,26.959124786248157,972.4,1292.3,NODATA,971.9,NODATA,1043.2,909.9,926.6,890.1,499.2,84,366.79999999999995,63.5,127.4,84.3,72.4,2215,18.700000000000003
863,1500,1421,1406,1022,837,832,621,259,176,532,403,60.5,134.60000000000002,492,337,256,287,552,252,392,589,465,91,573,402,147,345,287,1007,NODATA,933,1012,775,1741,945,78.6,158.5,203.5,118.8,285.2,366.1,369.5,651.5,399.9,223.2,389.2,502.3,552.9,1740.9,757.1,980.1,1033.4,154.9,NODATA,1043.5,332.1,247,587.7,162,194.2,83.7,181.9,631.7,396,382.8,222.2,253.4,186.68629644513393,14.014031497915726,947.6,1236.9,NODATA,941.9,NODATA,969,847.6,882.1,792.7,479.4,74.5,398.20000000000005,54.2,119.25,82.54999999999998,61.5,2215,16.15
864,1577,1474,1475,1113,888,804,598,207,189,571.5,450.5,68.75,145.85000000000002,494,311,268.5,305,541,232,374,633,513,104.7,568,452,156,410,342,1038,NODATA,885,1029,780,1830,961,91.95,159,197.60000000000002,124.9,304.9,407.7,410.8,659.4,431.4,243,376.1,488.2,564.1,1789.9,819.5,930.7,1119.2,40.6,NODATA,1040.7,353.6,268.8,630.1,199.8,232.1,99.2,195,637.1,402.8,400.3,246,290.8,216.17301740753174,21.60471469214092,993.9,1304.3,NODATA,994,NODATA,1065.7,945,988.6,953.3,508.2,81.8,368.20000000000005,55,118,87.6,62.400000000000006,2325,20.299999999999997
865,1540,1461,1464,1094,876,843,618,256,170.5,559,436,60,142,472.5,293,227,275,519,257,385,611,511,101,581,411,151,309,278,931,NODATA,916,994,740,1805,952,76.85,162.4,199,132.1,313.6,376.7,365.9,639.2,390.7,197.9,320.7,459.9,518.7,1780.3,799.4,945.4,1019.3,118.2,NODATA,1015,317.5,264.7,587.9000000000001,174.4,207,86.4,185.6,575.5,383.2,376.3,216.6,264.7,197.14768417937833,21.978384304267163,970.7,1301.1,NODATA,969.4,NODATA,1037.6,903.8,945.6,852.5,484.7,88.6,395.8000000000002,52.400000000000006,116.30000000000001,78.5,70,2255,16.200000000000003
866,1609,1520.5,1545,1136,935.5000000000001,847.5,609.5,209.5,178,603,471,63,143.2,528,366,271,309,601,283,394,644,509,108,600,427,159,346,296,1097,NODATA,989,1033,815,1877,974,94.85,161.5,209,124.1,303,400.2,418.1,665.2,422.7,218.1,376.4,485.8,520.3,1859.4,839.7,1027.5,1063.6,181.8,NODATA,1055,359.4,292.3,661.4,190.7,218.6,87.2,205.9,657.4,427.4,403.7,236.5,285.4,216.75883108543485,15.192259946584052,1057.8,1335.1,NODATA,1053.5,NODATA,1102.7,948.4,991.8,876,540.1,72.4,428.29999999999995,53.3,120.1,75.5,70.4,2405,19.2
867,1424,1337,1346,993,808,790,575,220,196.5,525,380.5,64.5,143.35000000000002,517.5,313,249,328,542,254,393,598,487,98.2,580,453,153,321,284,1010,NODATA,988,1108,815,1672,901.5,85.95,158.6,192.5,115.1,320.2,381.6,360.7,610.3,402.5,209.6,366,440.8,520.3,1701.5,738.3,1012.6,1149.2,125.4,NODATA,1132.6,308.2,254.5,567.1,180,203,84.6,171.1,NODATA,449.7,444.8,261.3,264.2,195.56033003046463,18.02438564852201,883.1999999999999,1183.9,NODATA,883.1,NODATA,939.1,817.4,836.7,757.8,474.5,71.6,339.0999999999999,53.3,100,81.8,65.6,2100,16.299999999999997
868,1573,1509,1468,1103,900,842,623,256,199,584,456,66.1,133,492,336,276.5,285,546,263,404,639,527,107.30000000000001,579,479,140,372,301,1061,NODATA,960,1045,755,1813.5000000000002,959,93.35,159.3,200.7,135.7,327.7,407.8,399.1,644.3,416.1,192.8,348.4,487.2,525,1838,801.2,982.8,1094.4,126.8,NODATA,1107.6,329.5,273.4,614.8,180.8,215.6,92.6,191.6,697.9,405.5,400.6,230.7,292.4,218.1268936616544,23.49719184117204,985.0999999999999,1299.1,NODATA,980.8,NODATA,1067,914.5,984.1,858.3,497.7,74.4,378.5999999999999,46.2,111.7,67.30000000000001,62.300000000000004,2353,14.1
869,1505,1445,1402,1038,798,817,614,268,199,530,437,58.4,143.1,530,303,284,314.5,584.5,333,434,608,514,101.49999999999999,588,418,165,410,331,1068,NODATA,1079,1181,770,1746,950,103.7,163.1,204.1,133.4,330.2,397.3,360.7,656.6,414.9,226.4,326.9,479.2,552.6,1884.2,826.7,1143.8,1195.5,78.5,NODATA,1193.2,315.7,270.4,598.2,207.1,210.8,89.7,175,728.9,413.3,408.1,247.1,277.3,206.15235464854726,26.31311093419119,920.6,1272.9,NODATA,917.3,NODATA,980.8,871.4,899.7,842.1,459.1,74.7,385.0999999999999,50.4,100,63,65.9,2160,16.1
870,1598,1509,1492,1104,907,833.5,620,245,191,579.5,436.50000000000006,64.5,150.5,556,369,300,305,637,304,392,657,535,106.89999999999999,585,470,170,446,363,1154,NODATA,1075,1066,840,1844,961,105.2,168.1,203,110.9,326.4,453.4,413,708.9,400.8,249.3,383.3,536.4,579.1,1927.3,813.9,1085.6,1102.8,71.1,NODATA,1101.4,350.1,279.1,635.4,211.5,224.5,92.7,203.4,NODATA,428.8,438.8,251.1,275.1,207.36541546749237,25.297739781588046,1018.8000000000001,1342.1,NODATA,1018.6,NODATA,1065.8,948.8,976.8,947.7,523,82.5,402.9000000000001,60.8,117.10000000000001,82.5,73.7,2350,20
871,1455,1374,1396,1023,849,786,563,226,182,526,402,62.5,134.70000000000002,504,312,270,270,530,247,371,587,472,102,571,446.50000000000006,156,329,289.5,1035.5,NODATA,901.5,986,869,1717,887,82,156.8,199.60000000000002,125.8,310.5,385,372.2,659.4,423.4,191,361.9,465.7,515.4,1738.2,806.9,939.4,1011.7,89.6,NODATA,1016.4,295.7,257.1,557.9,175.6,210.8,89.4,180.2,631.3,410.7,386.6,233.5,262.4,195.18187286656382,17.351145161969193,928.3000000000001,1246.2,NODATA,926.8,NODATA,965.9,852.6,856.7,838.7,470.1,68.7,401.20000000000005,51.1,109.9,76.8,65.19999999999999,2112,16.1
872,1556,1497,1471,1100,882,851,629,255,183.5,556.5,440.5,61.400000000000006,138.65,498.5,330,277,310,522,221,355,646,520,104,578,440,147,308,281,972,NODATA,858,967,771,1829.5,961,74.6,164.8,200.6,134.5,295.1,384.8,360.4,645.6,409.5,200.3,350,479,526.2,1744.2,761.1,862.7,975.8,172,NODATA,982.8,332.7,253.7,596.2,171.6,205.6,85.6,198,581.8,379.2,366.6,225.8,282.6,206.7577716066857,20.01332227062923,1048.3,1330.7,NODATA,1046,NODATA,1056.4,919.4,970.9,876.3,501.6,72.1,396.3000000000002,49,123.2,81.89999999999999,64.5,2342,16
873,1476.0000000000002,1384,1382.5,1026.5,851,760,559,217,172,536,NODATA,65,143,489,333,285,265,550,248,364,597,458,105,565,443,141,378,294,1050,NODATA,901,1003,760,1701,885,79.3,159,195,120.4,313.8,415.6,368.5,620.4,392.3,233.5,349.4,483.4,523.1,1693,760.1,938,1005.4,86.7,NODATA,1016.7,313,259,581.5999999999999,175.5,216.4,86.6,191.9,615.2,378.3,395.1,230.1,272.7,201.42310216370882,18.770498600188574,944.3000000000001,1230.4,NODATA,941.7,NODATA,988.9,866.2,898,857.6,496.5,67.2,371.5,61.7,118,80.1,63,2205,17.6
874,1459,1377,1382,1005,837,785,579,231,197,509,369,62,141,477.5,332,266,296,560,297,392,605,496,94.2,575,440,154,355,298,1011,NODATA,996,1046,720,1707,922,82.85,162.8,197,114.9,313.2,417.8,387.8,639.7,385.4,207.8,352.8,477.3,522.5,1714.7,764.8,1000.6,1066.6,206,NODATA,1006.7,311.4,241.2,556.4,180.6,201.2,84,190,630.9,401.4,385.3,213.8,251,185.569643457214,20.508098971768447,957.7,1205.7,NODATA,955.7,NODATA,961,856.2,844.6,751.7,458,72.6,389.80000000000007,51.2,108.6,72.30000000000001,61,2139,16.4
875,1515,1423,1413,1059,881,794,575,205,183,550,423,65,140.2,488,316,244,295,496,284,391,635,524,100,554,424,152,335,290,979,NODATA,949,1078,785,1765,921,84.1,155.6,194.24999999999997,128.5,289.5,387.2,340.2,637.9,395.3,214.7,348.4,483.8,551.8,1731.9,773.3,973.3,1086.4,136.9,NODATA,1064.6,348.9,263.8,619.0999999999999,168.8,194.3,84.9,187.1,661.6,408.3,418.7,244.5,271.7,205.48227012518072,27.17545336064983,952.1999999999999,1285.7,NODATA,951.4,NODATA,1001.1,892.8,925.2,815.3,484.9,69.7,368.9000000000001,56.349999999999994,111.25,80.15,58.10000000000001,2244.5,16.4
876,1497,1428,1408,1058,825,791,609,249,179,539.5,448,65.15,135.39999999999998,502,295.5,266.5,277,590,247,358,600,490,104,565,422,153,357,304,1020,NODATA,854,1032,710,1731,905.5,81.25,152.8,201.4,115.7,307,402.7,364.5,621.2,400.4,206.4,331.4,468.7,516.7,1731,680.3,922.8,1044.4,159,NODATA,1038,329.3,277.3,614.3,196.2,212.5,89.4,171,625.9,403.8,392.6,238.7,265,197.3861818278043,26.905586718579585,981.8,1263.4,NODATA,980.5,NODATA,1016.3,882.1,923.6,822.8,483.6,74.2,369.9000000000001,55.199999999999996,99.9,71.5,61.8,2220,14.5
877,1615,1535,1517,1173,949,790,615,222,170,601,467,54.699999999999996,131.8,459.25,303,223,290,532,238,361,664,526,101.7,544,455,150,300,284,915,NODATA,872,955,935,1850,928,76,157.1,183,126.6,294.8,368.9,359.1,599,401.5,197.2,351,464.2,523.4,1695.8,711.5,906.7,975.4,153.2,NODATA,983,364.6,306.9,675.5,187.9,218.5,91.9,200.7,604.1,422.6,372.4,232,268.2,192.2,21.65832931329152,1076.3,1353.3,NODATA,1072,NODATA,1116.4,992,1002.8,923.1,548,89.1,343,54.5,124.80000000000001,87,66.10000000000001,2385,19.9
878,1574,1474,1474,1082,902,834,597,205,175.5,558.5,432.5,62.800000000000004,145.25,481.5,333,234,285,585,231,367,613,493,103.9,566,440,172,365,317,980,NODATA,812,963,813,1846,969.5,78.5,160.5,190.7,117.2,291.3,387.5,392.3,684.8,418.3,241.2,352.9,497.1,578.8,1735.8,740.7,894.5,1058.4,26.8,NODATA,980.8,347.3,260.8,614.8,171.8,201,88.3,187,574.7,389.9,372.9,225.1,263.2,199.41528292043466,20.458957329793744,945.1999999999999,1295.1,NODATA,944.5,NODATA,1012.3,921.7,958.3,918.4,502.3,71.8,401.20000000000005,53.9,118.80000000000001,75.5,69.1,2324,19.3
879,1444,1389,1374,1031,839,754,580,213,190,542,408,68,151.9,517,379,291,296,619,301,367,585,460,98,583,435,140,369,308,1147,NODATA,1043,1032,797,1697,883,88.4,172.4,203,129.3,327.5,435.4,372.2,615.6,416.5,200.6,401,421.4,476.1,1731.5,731.3,1025.5,1046.9,7.7,NODATA,1007,332.2,257.1,600,194,215.5,91.8,193.8,611.5,400.8,414.6,241.4,270.9,195.50808122023892,23.792554094753722,947.8000000000001,1221.4,NODATA,947.8,NODATA,990.5,874.6,943.5,940.1,482.4,68.6,362.9000000000001,61.3,131.29999999999998,80.7,72.9,2165,19.55
880,1559,1489.5,1475,1119,928.5,847.5,615.5,227,174,568,457,63.8,139.2,467,301,212,250,440,217,363,639,564,100,579,418,157,302,278,915,NODATA,844,958,957,1844,963,73.5,159.2,200.10000000000002,125,286.8,367.1,347.7,634.7,399.9,200.7,343.6,473.7,550.9,1711.9,773.1,868.9,975.5,88.1,NODATA,970.6,350.1,282.9,636.6,179.8,222.9,94.3,204.7,578.2,390.8,378.3,222.9,282.1,204.821982490732,18.90791775665156,1025.8,1341,NODATA,1026.5,NODATA,1059.8,954.7,967,937.7,522.8,76.4,380.20000000000005,47.400000000000006,121.89999999999999,81.7,62.800000000000004,2394,18
881,1533,1467,1441,1104,870,821,610,236,179.50000000000003,563.5,434.00000000000006,62.15,135,480.5,275,246,275,479,233,367,618,508,91,555,424,154,344,306,930,NODATA,875,974,845,1790,937,77.6,154,198.6,127.3,316.2,372,395,636.9,401.5,214.9,364.6,456.6,522.7,1743.4,716.6,885.6,1044.5,88.7,NODATA,991,329.5,265,602.5999999999999,176.7,192.3,78.9,186.6,606.9,409.6,389.6,217,264.5,197.48527045104245,21.690639630132704,985.4000000000001,1284.4,NODATA,984,NODATA,1046.4,903.6,953.1,896.7,517.3,72.5,361.29999999999995,48.5,114.1,72.4,71.10000000000001,2215,15.5
882,1574,1488,1486,1126,922,798,585,215,185,588,450,62.599999999999994,136.2,473,316.5,255.5,282.5,506,251,375.5,656.5,541,98.3,567,423,156,357,295,1016,NODATA,962,1054,815,1821,929,83.75,156.5,198,121.8,279,380.1,378.6,657.2,415.4,214.6,345.1,460.1,550,1765.5,780.2,978.8,1078.7,100.5,NODATA,1075.4,347.6,265,618.6,169.2,208.4,89.1,194.2,638.8,413.9,384.5,211.2,277.7,202.81362909882864,23.680186862635068,1034.6,1322.2,NODATA,1032.4,NODATA,1048.8,960.1,979.2,934.1,541.8,75.5,375.89999999999986,48,119,75.3,61,2313,17.9
883,1598,1527,1516,1128,911,850,643,252,178,581,462,65.1,129.8,482,327,262,306,532,274,403,643,524,97.30000000000001,560.5,441,142,341.5,295,1000,NODATA,992,1077,895,1872,982,90.5,153.5,195,138.3,350.8,381,403.9,704,407.5,212.7,336.7,477.3,565.3,1810.1,778.2,1033.1,1100.2,152.5,NODATA,1085.8,355.9,288,654.1,187,214.3,90.6,200.7,668,417.7,400.7,242.8,284.4,210.99842631233827,20.549883057904374,1027.7,1342.3,NODATA,1024.2,NODATA,1057.3,955.4,958.1,875.2,522.1,64.1,395.39999999999986,52.2,119.3,82.10000000000001,64.3,2407.5,17.1
884,1585,1517,1507.5,1086,923.5,808,609,224.50000000000003,213,598,434,63,152.6,544,401,312,338,666,316,424,657,519,107,595,446,147,398,330,1216,NODATA,1119,1198,799.5,1836,937,118.3,166.9,208,133.6,334.9,412.2,428.8,640.3,408.8,233.7,379.3,525,495.1,1924.5,815.3,1102.4,1205,176.3,NODATA,1196.9,359.1,271.5,645.2,185.8,224.2,92.4,197.8,731.6,460.9,475.9,268,288,211.57283138637018,21.755819060713506,1056.5,1321.4,NODATA,1051.2,NODATA,1132.7,959.3,994.6,880.2,536.3,96.5,440.20000000000005,56.1,119.39999999999999,82.30000000000001,74.2,2340,18.799999999999997
885,1492.5,1437,1411,1046,831.5,815,622,243,184.5,530,401,64.5,142.6,515,338,280,284,571,225,386,598,453,107,601,480,152,376,339,1097,NODATA,870,1031,768.5,1774,970,88.15,164.3,212.10000000000002,116.7,321.6,419.6,394.7,638.2,439.4,224.7,375.5,475.7,516.2,1769.1,787.1,881.5,1086.2,199.1,NODATA,1060.7,338.2,263.1,606.7,189.8,232.3,96,193.7,633.1,422.5,420.5,241.6,265.2,193.077981651039,14.728008829202896,985.4,1238.7,NODATA,981.7,NODATA,1011.1,847.9,915.3,786.3,483.1,73.1,378.79999999999995,54.400000000000006,111,78.1,64,2245,19.6
886,1542,1452,1470,1106,917,778,608,237,173,563,440,68.60000000000001,143.1,487,310,237,271,528,255,370,643,511,109.39999999999999,583,433,163,329,308,964,NODATA,907,1007,820,1803,931,80.57499999999999,166.2,200.60000000000002,120.2,285.6,388.4,363.5,641,427.2,220.1,370.6,457.9,514.6,1716.5,773.3,883.1,1024,139.7,NODATA,1028,332.2,280.2,624.7,180.1,206.8,87.5,193.1,623.9,388.3,389.2,220.9,273.8,206.71840670516133,23.475622893070025,1029.7,1332.9,NODATA,1029,NODATA,1060.4,950.8,963.1,890,514.6,60.8,380.60000000000014,54.3,125.7,81.1,58.2,2307.5,16.35
887,1503,1407,1427,1043,867,802,574,206,183,549,431,67,140.7,454,313,231,286,506,264,372,591,485,101,577.5,415,156.5,346,304,1004.5,NODATA,986,969,877,1753,899,81.85,167,198,131.5,350.7,414.9,362.3,648.3,424.8,228.4,367,475.2,545.9,1690.8,717.3,1004.8,1030.3,48,NODATA,1030.3,320.1,262,590.0999999999999,169.4,216.6,91.8,197.7,601.4,389.8,377.9,213.6,272.9,196.82643297738454,12.226179578938178,927.4,1271.8,NODATA,927.2,NODATA,990.7,904.4,900.5,879.4,514.6,76.9,397.79999999999995,49.900000000000006,110.39999999999999,72.1,63.099999999999994,2228.5,14.8
888,1524,1426,1438,1074,881,803,577,201,181,573,440,64.7,138.5,484,327,261,290,548,236.5,376,607,492.5,103.25,564,429.00000000000006,173,319,289,983,NODATA,911,988,797,1789,931,79.65,160.6,196,125.8,287,387.3,362.3,593.8,410.6,215.6,378.7,482.6,505.9,1671.9,717.8,935.5,1022.9,135.5,NODATA,1036.2,324.6,260.4,588.4,177,217.9,89.3,194.4,616.8,401.3,380.3,221.5,277.1,205.58255583562797,21.897855338890388,1021.9,1276.8,NODATA,1021.2,NODATA,1048.6,905.3,945.9,886.4,513.1,81.4,364.5,59,123.4,88.4,62.800000000000004,2284.5,18.2
889,1486,1419,1399,1058,834,788,597,244,183,539,411,63.2,139,511,328,258,265,604,292,383,606,490,98.15,580,445,142,354,303,1046,NODATA,1025,1007,800,1713,895,87.15,162,200.7,117.7,315.8,406.7,362.4,621.7,397.5,229.4,330.7,460.8,499.8,1726.8,732.7,1015,1040.1,118.4,NODATA,1032.3,331.3,248.1,593.5,176.8,198,83,176.5,653.7,411.1,408.3,241.9,255.4,191.76602910452158,26.894556425231844,933.4,1266.1,NODATA,933.1,NODATA,1012,894.1,917.1,815,474.9,74.7,372.5999999999999,58.7,116.30000000000001,73.7,65,2167.5,15.3
890,1574,1494,1482,1097.5,916,853.5,622,227,177,554,440,70.6,144.5,482,345,246,311,557,242,380,616,504,93.4,591,448,144,321,291,1029,NODATA,941,1011,802.5,1846,968,84.45,166.3,208,131.5,332.6,413.1,386.1,662.2,402.3,213.4,367.6,488.9,551.1,1755.7,751.5,968.4,987.6,118.2,NODATA,1040,374.8,262.1,655.2,182.8,205.8,88,205,611.9,398.9,385.4,244,276.3,202.83454080049972,19.141065900450425,1012.3000000000001,1313,NODATA,1009.8,NODATA,1042.4,901.8,940.6,894.1,513.7,80.1,397.0999999999999,49,143,82.5,61.7,2367,15.4
891,1529.5,1460,1458.9999999999998,1105,881.5,794,601,265,215,564,416,64.5,148.2,519,402,298,322,670,311,463,656,508,107.10000000000001,565,485,153,435,354,1212,NODATA,1117,1208,825,1779,945,113.55,164.7,195.3,142.4,337.8,443.3,423,633,421.8,224.8,410.8,447.6,482.7,1927.2,807.5,1185.1,1229.4,74.6,NODATA,1221.7,317,268.7,597.2,194.3,207.2,87.9,191.7,NODATA,436.7,436.3,252,281.7,205.3563458267281,29.77453749486997,994.1,1286,NODATA,991.4,NODATA,1080.5,934.9,942.5,919.5,493.8,65.4,364.9000000000001,60.199999999999996,121.4,84.7,61.1,2263,17.1
892,1527.5,1465,1464,1073.5,869.4999999999999,830,632.5,252,182,558,424,61.1,135.2,477,321,269,286,563,236,361,617,486,104.60000000000001,584,464,142,355,314,1042,NODATA,862,965,NODATA,1807.9,NODATA,NODATA,161.7,210.9,115.7,304.8,391.9,406.7,652.7,386.5,220.5,393,486.1,537.3,1734.5,828.3,902.1,986.9,162.6,NODATA,1004.4,333.6,269.5,614.9,181.2,217,92.5,202.6,582.2,392.2,381.6,235.2,280.2,197.77517458303072,21.980942747121038,1005.2,1261,NODATA,1003.7,NODATA,1023.8,902.9,928,842.6,505.4,74.3,395.29999999999995,54.5,124.60000000000001,85.5,63,NODATA,18.2
893,1580,1475,1489,1114,922,795,581,196,188,576,444,64,141.5,540,334,267,315,606,269,404,639,506,105,610,482,151,389,335,1116,NODATA,977.5,1064.5,780,1837,954,101.45,167.7,216,137.3,328.6,430.1,404.9,655.9,424.9,235.4,436.9,496.7,534.9,1722.9,792.7,1007,1092.2,177.8,NODATA,1110.4,340.9,277.5,632.5,197,218.1,89.8,197.4,696,419.9,453.4,243.5,276.5,202.04989426470837,23.81236091269998,1045.2,1313.5,NODATA,1043.4,NODATA,1076.1,966.2,989.2,867.4,534.5,81.3,378.89999999999986,55.8,120,78.60000000000001,70,2335,17.7
894,1479,1397,1394,1059,872,738,566,200,172.3,549,420,66.10000000000001,145.8,512,327,273,282,566,303,356,612,489,98,574,465,148,371,305,1068,NODATA,1022,991,870,1708,844,84.55,163.8,198.4,128.7,332.1,466.7,391.8,609.6,426.7,198,380.8,442.2,486.9,1751.3,782.2,1066.2,1058.5,61.1,NODATA,1024.4,325.9,257.2,591.5999999999999,177.3,209.2,89.9,191.6,605.1,393.7,360.5,214,260.8,191.11225902106827,17.980132407107014,906.9,1234.4,NODATA,906.9,NODATA,1025.8,885.6,911.7,845.8,493.1,68.2,345.9000000000001,52.15,127.4,88.9,65.9,2211.5,18.5
895,1676,1613,1587,1199,954,913,689,262,199.5,628.5,474.5,64.75,149.75,536,365.5,283,311,587,270,419,682,543,112,607,473,152,398,344,1131,NODATA,973,1082,875,1954,1045.5,112.35,166.5,216.6,147.7,335.5,425.1,432.8,748.5,456.3,239.8,377.9,500.2,605.3,1986,850.7,1053.3,1122.8,66,NODATA,1123.7,371.5,304.5,684.7,204.3,231.6,93.9,225.1,681.7,463.1,458.2,276.3,308.6,221.78384565248788,19.2197734259139,1025.1,1421.8,NODATA,1024.8,NODATA,1114.5,994.6,1038.4,959.1,569.9,93.6,405.29999999999995,60.4,137.20000000000002,88.10000000000001,76.7,2490,18.9
896,1519,1444,1442,1065,888,786,579,202,175,576,447,63.7,143.3,516,352,269,292,602,287,381.50000000000006,610.5,482,101.89999999999999,566.5,440.5,150,349,286,1084,NODATA,1027,1000,846,1767,897,87.4,166,193.4,139.8,326.6,424.5,409.4,696.1,415.3,234.5,412.2,486.1,567.1,1788.9,790.7,1019,1037,29.7,NODATA,1004.2,345.6,267.3,624.6,183.1,220.6,88.9,188,626.4,385.6,419.2,241.3,268.9,199.5833998600717,19.199369902973366,959.5,1263.4,NODATA,958.8,NODATA,985.5,898.2,951.2,929.8,504.9,69.5,377.5,53.4,113.80000000000001,81.5,74,2241.5,18
897,1637,1536,1539,1171,969,850,616,229,199,600,479,66.5,140.35,516.5,325.5,296,252.5,535.5,261,409,677,560,106.6,569,417,180,339,311,1029,NODATA,989,1084,820,1905,977,92.45,154,199,133.4,320.2,373.1,365.6,645.9,413.9,242.4,384.8,500.5,571.5,1842.8,849.8,1023.3,1124,122.2,NODATA,1127.7,345.1,291.1,649.5,195,215,90.3,199,681.5,413.8,424.1,257.6,285.7,215.52820353271667,18.021907104227285,1065,1381.5,NODATA,1061.7,NODATA,1107.9,991.1,984.9,942.8,562.4,75.5,382.29999999999995,52,120,86.5,71.8,2422,18.6
898,1633,1546,1532,1158,921,834,623,249,159,600,487,72.1,143.8,500,292,209,292,569,208,386,637,529,96,580,444,181,336,283,944,NODATA,851,1050,780,1904,984,82.5,164.4,197.15,129.7,286.9,387.4,360,650.8,446.7,220.6,342.2,497.5,574,1794.9,806.7,911.2,1053,114.4,NODATA,1063,358.4,300.6,666.1,209.2,216,90.8,189.7,598.8,395.2,364.4,233.9,281.8,205.87017942695223,19.380435422744462,1063.1000000000001,1377.9,NODATA,1060,NODATA,1089.9,974.2,1003,948.7,537.5,82,385,48.9,108.4,62.699999999999996,59.400000000000006,2445,16.299999999999997
899,1599,1533,1503,1117,925,854,643,269,182,574,450,68.45,151.29999999999998,532.5,365,257,322.5,608.5,279,424,644,515,106.7,600,437,160,357,323,1082,NODATA,1033,1102,815,1847,967.5,96.55,164.6,206,139.4,354.4,425.9,410,684.7,410.8,227.7,388,503.9,549.5,1878,812.9,1049.9,1116.4,88,NODATA,1115.5,342.6,272.7,623.3,192.8,216.9,89.2,197.4,625.5,414,428.6,241.3,282.6,211.5422697266793,20.259932212471426,989,1335.7,NODATA,988.8,NODATA,1067.1,946,961.5,901,510.4,73.5,418.39999999999986,54,126.1,88.6,68.5,2350,18.700000000000003
900,1567,1488,1482,1128,892,797,591,229,196,587,449,61.3,142,503,333,270,291,555,288,428,670,564,94,587,408,137,332.5,272.5,1068.5,NODATA,1029.5,1094.5,870,1804,902,97.1,162.3,207.8,121.3,312.9,395.6,445,674.6,401.9,204.2,375.9,465,527.6,1852,773.8,1096.9,1164.9,109.8,NODATA,1174.5,352.3,259.5,619.9,164.5,193.9,83,190.4,NODATA,438,417.4,237.4,261.6,196.12210784622414,19.84218599618027,1009.1999999999999,1274.2,NODATA,1006.8,NODATA,1074.6,934.1,961.5,899.4,553.3,77,372.89999999999986,51.2,109.3,77.30000000000001,56.1,2325,16.4
901,1480.5,1373.5000000000002,1385.5,1009.4999999999999,846.5,801.5,581.5,230.5,179.5,544,421,63.6,137.7,517,344,274,298,589,301,394,584,477,104,576,420,144,380,300,1092,NODATA,1029,1007,755,1709,902,88.1,160.8,199,129.5,304.8,419.4,391.9,639.9,406.7,241,388.2,502.2,523.7,1809.9,752.9,1060.2,1060.3,35.9,NODATA,1063.6,322,259.5,589.4000000000001,187.1,228.1,97,184.6,639.4,402,396.7,231.1,273.5,197.30823048633403,21.926050006558658,883.1,1229.7,NODATA,882.1,NODATA,995.8,869.1,888.8,847.2,478.7,68.6,395.19999999999993,48.4,115.5,72.5,65,2125,12.5
902,1670,1615,1588,1203,NODATA,861,656,234,173.5,635.5,500,69.15,144.8,546,321.5,273,273,600,248,440,692,575,111,602,463,174,402,332,1126,NODATA,936,1104,989,1942,980,101.65,163.3,213.4,142.7,323.1,410.6,379.1,691.6,447.2,231.1,413.9,511.9,598.5,1922.7,886,974.4,1146.7,110.3,NODATA,1142.7,384.3,311.8,701.8,189.9,235.9,98.9,212.2,703.1,430,408.3,241,303.4,222.71146159679233,25.201123645475036,1070.1,1431,NODATA,1066.8,NODATA,1129.2,1030.6,1046.1,959.8,599.4,72.9,391.9000000000001,58,139.3,89.80000000000001,70.1,2507,19.2
903,1604,1508,1519,1118,929,823,596,209,173.5,578,450.5,63.5,141.64999999999998,508.49999999999994,301,248,292,555,236,403,641,521,103.5,591,475,150,380,325,1026,NODATA,862,1041,835,1886.4999999999998,978,91.65,161.3,207.89999999999998,123.6,331.7,433,396.2,666,432,208.1,377.6,501.9,521,1792.5,762.3,887,1050.9,136.7,NODATA,1049.4,336.1,280.6,626.6,177.5,206.3,89.4,192.4,628.1,425.1,406.5,239.9,283.9,214.4706807090315,21.01430078158104,1072.8,1380.4,NODATA,1072.4,NODATA,1121,972.1,989.5,936.1,535.5,75.2,424.60000000000014,52.5,117.30000000000001,89.1,69,2378,17.5
904,1503,1446,1454,1078,876,807,599,240,182,558,423,60.300000000000004,139.1,518,359,276,305,591,261,406,602,470,98,575,432,153,349,294,1122,NODATA,992,954,760,1758,925,90.85,163.7,200.05,130.6,343,413.5,369.1,671.3,426.1,201,372.3,440.7,502.3,1758.2,753.4,989.5,1066.4,134.8,NODATA,1038.3,335.3,259.7,603,175.4,206.4,85.6,190.9,649.6,408.8,424.9,239.5,265,201.60689649714698,20.33675670251111,959.2,1309.8,NODATA,958.4,NODATA,1015.6,892.3,927.4,824.4,494.2,69.4,391.20000000000005,52.300000000000004,113.5,75.75,67.4,2252.5,17.4
905,1544,1462,1460,1099,890,816,587,207,151.5,563,466,61,138,456.5,291,219.50000000000003,278,502,194,360,617,507,95.9,568,392,162,306,309,877,NODATA,776,925,795,1805,946,64.05,154.2,198,111.8,300.4,367.2,337,612.7,389.4,221.3,315.7,483.3,545.5,1627.3,665.2,836.8,944.6,44.2,NODATA,942.6,352.5,264.9,624.2,173,200.4,85.3,199.9,508,363.3,336,213,263.6,197.9477951702051,23.449986417172465,976.9000000000001,1303.3,NODATA,976.1,NODATA,1029.9,939.3,955.3,932.7,505.1,80.1,380.5,50.599999999999994,111.19999999999999,73.5,64.80000000000001,2293,18.5
906,1624,1513,1500,1124,923,857,619,206,173,583,458,67.95,146,531.5,352.5,293.5,284,559,319,373,651,531,99.3,601,479,166,356,309,1113,NODATA,1064,1029,847,1873,981.4999999999998,95.4,166.4,210,120.6,317.3,435.5,412.9,670,440.3,273,409.7,524.2,583,1892.1,760.3,1074.2,1057.9,64.6,NODATA,1057.9,363.9,287.8,656.8,183.4,217.6,90.6,203.7,592.8,392.5,366.2,220.3,282.1,204.531850214862,16.743991015560706,1004,1325.7,NODATA,1004.4,NODATA,1075.8,970.1,967.4,939.4,519.3,69.1,393.5,54,126.1,89.80000000000001,68.4,2387,18.5
907,1406,1325,1315,989,800,753,540,203,180,513.5,399.5,64.80000000000001,137.25,472.5,297.5,263,269,577,261,325,558,441,102,578,424,143,335,289,1099,NODATA,825,918,815,1650,876,72.7,158,205,127.4,296.7,386.2,374.5,610.3,383.1,194.7,365,444.7,467.8,1659.8,684.6,864.4,963,155.1,NODATA,933.8,312.4,243.7,564.8,179,202.9,87.6,185.4,582,384.5,394.5,223.6,258,193.4350264944032,25.750893480307116,889,1180.7,NODATA,888.5,NODATA,961.5,831.1,846,733.9,468.7,70.5,345.19999999999993,58.2,113,79,67.9,2099,18
908,1519,1457,1437,1090,891,793,593,232,152,553,440,63.4,138,478,257,231,296,510.99999999999994,213.9,333,612,523,97,570.5,434,144,332,275,961,NODATA,799,919,760,1781,915,67,159.6,211.1,129,299,357.6,339.3,652.2,395.3,176,373.5,456.9,528.8,1721.9,807.1,866,940,96.7,NODATA,928.2,314.3,263.2,582.4,160.7,188.5,82.3,180.7,534.1,351.4,353.9,207.1,251.1,182.08303866990443,18.56353804485423,960.8000000000001,1321.4,NODATA,960,NODATA,1015.7,922.2,943.1,864.1,512.3,70.9,365.39999999999986,46,101.1,63.9,65.4,2235,16.299999999999997
909,1581.5,1495.5,1507.5,1094,929,851,618,231,198,580,461,72,149.5,555,378,316,365,616,378,416,663,538,111.5,615,460,170,376,327,1222,NODATA,1215,1131,831.5,1865,968,115.4,164.2,219,133.4,343,449.1,404,681.3,446.6,249.3,404.9,531.4,563.7,1914.8,863.1,1227.3,1151.5,35,NODATA,1150.5,354.2,275.5,636.2,200.7,223,92.1,199.5,669.6,423.4,424.3,239.7,281.9,210.75374826570948,18.679651701527867,969.2,1322.4,NODATA,969.1,NODATA,1050.4,952.2,951.8,934.2,504.7,79.7,436.60000000000014,56,132.89999999999998,80.39999999999999,75.5,2383,20
910,1474,1383,1367,1013,809,783,598,238,203,518,368,68,142.5,511,320,279,274,575,304,414,612,NODATA,107.69999999999999,569,438,143,380,323,1061,NODATA,1050,1105,760,1701,912,95.15,160.2,198.8,126,295.4,420.6,387,678.2,393.8,224.5,370.7,476,552.8,1847.2,833.1,1102.1,1139,113.1,NODATA,1143.9,314.3,249.2,579.8,188.5,213.6,90.1,179,736.2,427.4,431.8,253.1,259.4,193.16416505570317,22.619864948040416,901.4,1231.5,NODATA,900.6,NODATA,956.1,852.9,874.9,788.3,471,73.3,377.5999999999999,54.2,109.39999999999999,77.1,64.55,2165,17.85
911,1505,1396,1414,1032,825,803,580,220,181,535,431,64.5,139.70000000000002,485,280,242,267,545,237,343,585,459,105,586,425,155,383,320,993,NODATA,806,952,788,1742,924,75.875,166.8,203.75,119.8,296.4,406.6,366.1,635.6,407.8,232.2,338.1,495.7,537.2,1743.9,791.8,825.4,985.8,133.9,NODATA,956.4,306.9,261.2,573.9000000000001,178.9,208.2,89.3,186.9,583.4,373.5,401.7,230.3,264.6,196.60678420323487,21.553243070687515,923.4,1258.9,NODATA,923.1,NODATA,997.9,870.3,903.1,789.5,498.2,71.6,396.5999999999999,57.199999999999996,109.69999999999999,70.8,67.75,2208,15.150000000000002
912,1554,1477,1466,1135,902,797,602,217,192,593,458,66,137.10000000000002,498,304,242,268.5,554,211,355,608,488.5,97,605,414,142,339,301,994,NODATA,831,965,855,1828,942.5,78.1,160.3,222,119.9,331.1,386.4,359.4,640,412.4,206.6,397.3,436,527.7,1721.9,840.6,864.8,1008.8,159.5,NODATA,1019.9,343.4,297.1,649.8,185,217.4,90.3,193.2,589.7,413.3,393.5,219.8,277.7,193.71753193128723,25.798515487077772,1046.6,1325.8,NODATA,1041.6,NODATA,1055.6,962.3,978.5,887.1,551.4,83,355.3000000000002,58.3,118.2,77.2,72.1,2340,18.5
913,1504,1420,1404,1054,860,786,574,213,166.5,537,418.5,63.650000000000006,136.8,479,296,220,271,481,238,359,608,489,94,577,437,152,295,265,917,NODATA,822,979,872,1781,947,71.35,156.2,201.20000000000002,118.2,302.4,368.9,344.5,655,401.2,164,381.7,469.4,539.1,1710.3,754.4,856.8,973.2,135.6,NODATA,992.1,318.6,257.2,584.8,170.2,211.2,85.3,192.2,590,374.8,378,236.7,267,194.28774671612086,18.615218116429002,976.3000000000001,1296.1,NODATA,975.1,NODATA,998.5,884.2,890.8,840.7,490.2,71,374.5,52.599999999999994,114.7,84.1,72.1,2232,16.8
914,1528.5000000000002,1443.5000000000002,1450,1082.5,871,801,577,204,180,559,420.6,65,140.9,486,293,239,282,526,256,363,618,498,92,575,424,152,326,281,961,NODATA,883,968,NODATA,1796.1,NODATA,NODATA,160.5,207.39999999999998,115.8,302.8,389.1,362.5,674.6,410.1,222.2,360.8,467.8,557.7,1746,762.4,909.8,999.4,143.4,NODATA,1003.6,335.9,251.2,593.3,171.3,207.9,87.2,182.8,596.1,400.7,390.6,238.5,262.4,192.5053709388969,16.047056155336616,992.3,1295.3,NODATA,991.2,NODATA,993.7,882.1,927.4,848.9,499.9,75.9,378.20000000000005,48.7,115.3,76,63.3,NODATA,17.5
915,1449,1372,1365,1009,852,716,541,195,172,517,398,70.4,135,487,282,226,240,529,228,328,593,479,96.7,580,400,151,400,321,952,NODATA,805,907,877,1697,847,73.25,163.2,200.09999999999997,126.1,297.5,389.3,355.8,572.7,391.1,166.4,351.2,463.5,454.5,1677.2,731.4,811.4,947.5,91.1,NODATA,952.7,301.3,269.7,582.6,181.8,224.7,94.5,190.3,612.4,393.9,356,210.9,263.6,191.1021232855329,26.91810168808673,963.3000000000001,1240.5,NODATA,962.2,NODATA,1038,902.1,926.1,872.2,506.6,63.7,377.0999999999999,54.900000000000006,114.5,72.55000000000001,56.2,2190,16.200000000000003
916,1623,1540,1520,1157,951,838,642,237,164,584,475,65.7,146.05,438.5,265,224.5,277.5,448,210,344,648,547,102.5,580,421,149,279,268,855,NODATA,808,919,875,1881,981.4999999999998,69.15,160.9,202.8,133,317.8,382.4,350.2,614.3,404.5,216.6,319.2,485.4,524.6,1708.5,738.9,807.5,951.6,157.1,NODATA,967.4,363.1,294.7,662.7,180.3,222.2,92.4,192.1,553.2,376.3,345.9,219.4,282.6,208.36356307527947,23.7638220193281,1108,1390.7,NODATA,1106.3,NODATA,1129.6,982.2,982.9,950.9,542.2,78.9,381.79999999999995,51.3,115,78.2,63.2,2410,17
917,1494,1428,1402,1036,833,830,593.5,241,198,542,403,62.300000000000004,152.5,541,373,305.25,343,629,346,424,607.5,478,104.80000000000001,592,482,150,352,307,1184,NODATA,1151,1091,875,1740,940,104.5,163.6,211,130.2,358.5,460.8,400.9,655.2,405.1,202.2,433.3,469.1,512,1854.8,NODATA,1187.4,1135,30.6,NODATA,1134.3,331.8,264.7,598.3,202.3,223.5,96.5,195.9,648.5,412.2,425.5,253.1,260.8,188.01622361462347,18.666421050906063,896.1,1253.3,NODATA,896,NODATA,1009.6,868.7,905.1,865.5,490.9,76.6,373.4000000000001,53.5,118.80000000000001,77.1,73.3,2225,19.7
918,1547,1460,1454,1107,883,800,583,221,188,562,438,71.10000000000001,143.2,493,289,236,255,564,216,362,634,505,102.6,570,474,141,384,311,965,NODATA,804,993,805,1829,953,81.75,159.5,198.29999999999998,124.4,305.7,431.7,383.7,636.4,428.8,216,353.3,475.6,514.9,1778.5,743,832.4,1024.3,140.6,NODATA,1021.2,319.9,270.8,599.2,176.6,201.4,85.3,189.4,606.4,402.9,371.3,220.7,276.5,203.457298645822,25.38845065870423,1007.4,1310.9,NODATA,1006.2,NODATA,1064.4,918.8,972,866.8,503.1,66.9,364.0999999999999,52.699999999999996,126.05000000000001,85.15,68.4,2316,17.1
919,1485,1412,1416,1014,841,782,600,222,200,552,416,62.400000000000006,140.9,523,351,290,296,621.5,275,405,612,487,106,587,440,135,404,321,1124,NODATA,1089,1061,845,1736,928.5,97.05,165.5,206.5,119.4,327.2,408.9,378.6,660.1,394.8,245.3,374,496.9,543.8,1813.1,836.2,1073.6,1096.1,120.9,NODATA,1074.7,330.3,262.8,599.2,185.2,215.8,92.3,186.6,648.4,423.7,445.1,265.9,274,190.57314927442917,24.575731660114773,916.1999999999999,1245.5,NODATA,915.2,NODATA,976.6,881.7,879.3,795.3,485.5,76.4,414.60000000000014,53,114.7,76.6,62.5,2260,18.5
920,1566,1489,1474,1100,864,852,630,251,184,562,418,66.7,149.3,517,343,283,306,551,299,406,616.5,493,103.50000000000001,570,446,162,378,316,1102,NODATA,1031,1065,827,1827,991,97.65,170.1,193,127.7,336.8,413.4,405.4,695.2,411.1,228.9,402.4,500.4,591,1846.5,774,1003,1101.6,136.5,NODATA,1108,343.9,265.6,620.8,196.2,230,95.5,198.4,650.6,433.8,429.8,252.9,272.3,202.46062453870587,18.64559412207738,984.4,1296.4,NODATA,981.7,NODATA,1014.2,883.8,952.1,847.9,505.3,84.3,391.9000000000001,61.3,120.9,82.5,66.39999999999999,2265,19.6
921,1532,1467,1465,1097,892,787,593,214,195,565,426,55.7,130.9,498,337,279,278,557,292,404,644,524,93,554,439,129,337,285,1071,NODATA,1034,1064,770,1786,923,88.2,158.7,193.6,122,NODATA,406.1,381.8,691,381.1,202.6,356.4,455.5,551.5,1758.4,752.5,1029.7,1093.7,93.6,NODATA,1109.7,351.8,275.4,634.9000000000001,171.2,203.5,85.1,180,687,409.5,376.9,224.4,271.3,202.00743388292335,18.804033619777304,968.5,1312.3,NODATA,966.3,NODATA,1011.4,932.4,968.4,874.9,512.9,67.4,383.29999999999995,52.400000000000006,118.9,81.05000000000001,61.8,2300,16.599999999999998
922,1548,1447,1452,1046,856,853,639,282,179,553,430,63.9,146.8,495,313.5,227.99999999999997,273,527,244.50000000000003,401,623.5,514,96,563,431,160,330,284,974,NODATA,894,1053,768,1820.5,997,80.15,162.5,192.5,124.2,299.7,371.1,371.2,636.6,412.8,213.2,361.9,508.5,535.7,1796.5,765.5,916.8,1038.5,198.3,NODATA,1062.2,320.1,259,593.1,170,208.7,89.5,186.1,650.7,412.6,399.4,233.8,277.4,206.52501236550086,21.564031906290634,997.2,1294.4,NODATA,993.1,NODATA,1037.4,879,896.9,798.9,485.1,72.2,417.79999999999995,53.099999999999994,111.6,71,68.2,2270,15.5
923,1499,1445,1414,1047,864,777,598,240,198,562,416,64.7,140.7,535,337,292,287,645,282,399,597,NODATA,103.9,585,473,133.5,403.49999999999994,336,1152.5,NODATA,1050.5,1077.5,755,1754,912,101.4,162.3,211.29999999999998,127,337.2,440.9,399.3,677.2,416.3,225.3,412.1,477.9,545.5,1795.3,832,1041.9,1115,158,NODATA,1080.4,320.4,277.7,608.7,194.4,223.3,91.7,192.7,NODATA,420.2,432,234.6,273.4,205.30528144990674,24.932306287293514,955.3,1255.2,NODATA,953.8,NODATA,988.1,884.2,912.2,797.3,512.2,73.3,367.5,56.6,110.60000000000001,79.5,63.7,2245,19.7
924,1666,1598,1602,1172,NODATA,824,615,196,187,616,492,65.5,146.4,546,362,292,304,603,283,430,708,577,113,584,435,160,380,330,1141,NODATA,1050,1115,867,1926,969,108.2,160.7,204.05,121.4,319.3,421.6,410.1,639,427.3,244.7,376.7,530.1,530.2,1844.3,742.1,1086.7,1140.8,117.1,NODATA,1142.9,390.2,300.1,703.8,209.2,223.4,93.6,198.6,722.3,450,420.6,278,299.3,227.79966309427553,22.46387984847989,1102,1396.7,NODATA,1099.2,NODATA,1182.9,1041.9,1032.1,984.9,563.7,69,431.6999999999998,56.85000000000001,118.85,74.5,69,2475,16.200000000000003
925,1529,1462,1453,1088,850,823,628,274,192.99999999999997,555.5,431,63.7,143.5,510.5,330,281,320,594,281,392,621,483,108,577,465,133,403,334,1077,NODATA,1006,1085,795,1788,969,99.3,160.5,200,125.5,334.1,466,410.6,696.4,397.1,203.7,380.8,462.5,531.1,1871.1,851.9,1036.4,1103,134.8,NODATA,1101.4,324.7,274.4,614.7,197.1,210.9,88.8,181.4,660.1,420.5,416.1,234.2,264.4,198.48850017236208,22.913724091173684,970.3,1299.5,NODATA,968.1,NODATA,1024.5,912.6,890.5,835.5,497.4,77.7,390,58,102.5,80.3,67,2250,17
926,1574,1476,1500,1135.5,882.5,841,615,230,197,571,436.5,62,151.1,511.5,341.5,269.5,290.5,612,294,395.5,654.5,523,99.80000000000001,583,482,167,370,296.5,1049,NODATA,1041,1082.5,945,1845,996,93.15,167.3,200.25,128.5,319.9,427.1,428.8,644.7,433,250.2,372.4,468.4,520.9,1862.8,789,1042.6,1125,159,NODATA,1115.6,346.4,280,630.5,179.8,203.2,85,189.1,604.3,395.8,359.4,205.8,268.6,201.4590544948005,23.52683123451353,1057.9,1305,NODATA,1057.2,NODATA,1095.4,954.6,985.6,898.9,520.5,71,374.79999999999995,54.25,120,83.9,62.9,2330,18.35
927,1546.4999999999998,1475.5,1474.5,1081,881,807.5,601.5,228,188,574,449,65.7,143.1,514,349,267,307,605,259,402,630,514,102.8,577,455,164,409,323,1098,NODATA,953,1047,845,1804.5,917,92,160.6,212,124.2,328,409.3,382.7,662.1,415.6,206.9,339.9,480.9,528.9,1780.6,767.9,980,1073.2,79.4,NODATA,1076.4,352.1,285.5,644.2,204.4,214.3,90.1,178.3,666.9,399,400.9,237.5,271.7,205.6851873319543,22.956782454376903,999.1999999999999,1328.8,NODATA,997.7,NODATA,1059.7,953.7,982,919.8,509.9,61.4,405.20000000000005,46.6,116.4,67.4,63.7,2295,16.1
928,1423,1337,1354,971,805,781,568,223,179,513,388,61,138,501,338,278,285,561,296,378,580,466,90.39999999999999,571.5,431,150.5,374,310,1106.5,NODATA,1012.5,1045.5,760,1669,891,85.75,157.5,201,127.4,343.3,411.7,373.9,632.4,401.8,239.9,385.1,483.1,534.9,1751.2,809.3,1027.1,1068.3,95.1,NODATA,1065.5,305,252.7,565.2,169.7,196.1,84.1,182.5,620.2,407.6,422,237.1,258.6,189.77965965925762,14.643443228343976,880.1,1188.9,NODATA,879.8,NODATA,936.5,843.5,882.4,785,448.2,70.9,375.29999999999995,60,122,80.5,72.9,2130,16
929,1457,1398.5000000000002,1409.5,1028,821.5,791.5,599.5,232,168,515,395,66,145.9,483,316,238,270,556,223,346,578,454,91,561,411,138,350,299,987,NODATA,848,953,742.5,1709,906,72.05,163.5,191,121.4,310.9,389.3,363.1,593.1,389.9,189.7,356.1,427.2,464.2,1695,780.6,855.2,967.7,127.5,NODATA,972.1,324.5,255.7,586.7,180.8,213.5,87.2,191.3,570.2,370.2,367.3,212.8,259,188.59237736374234,22.43943441055541,949.6,1230.9,NODATA,949.3,NODATA,1015.1,854.8,898.2,822.1,466.8,77.3,362.79999999999995,59.5,119.3,73.7,58.7,2182,16.1
930,1522,1441,1437,1077,859,833,595,229,175.5,546.5,446.5,65.05,128.15,486,304,249,281,534,250,373,598,490,97,580,414,155,364,294,1015,NODATA,829,1007,800,1799.5,951,79.1,154.7,209.20000000000002,133.5,312.9,366.3,374.4,655.4,418.7,225.1,374.2,480.1,554.9,1747.1,814.5,887.8,1035.4,172.2,NODATA,1008.3,327,270.4,608.9,173.2,204.1,86.3,194.1,605.7,382.6,369.9,215.4,270.3,202.9988267388767,23.459789198367613,964.0999999999999,1276.4,NODATA,962.3,NODATA,1004.5,885.6,918,791.9,483.7,73.2,381,52.300000000000004,115.1,73.1,63.6,2245,15.600000000000001
931,1409.5,1336,1337.5,986,784,759,573,244.5,180,517,388,63.4,151.3,476,296,235,277,567,244,353,559,443,105,555,419.79999999999995,142,345,292,947,NODATA,846,957,675,1647,886,70.05,170.7,185.39999999999998,115.8,321.5,436.3,366.6,597.9,381.8,200.4,363.2,444.9,485.1,1676,696.2,869.1,973.4,90.5,NODATA,975.2,301.7,228.7,539.9000000000001,174.3,204,86.7,176.9,586.6,403.7,383.7,221.7,261.2,192.64339520834335,26.659598582204797,887.1,1171.1,NODATA,887,NODATA,943.6,822.5,866,796.6,454.8,65.5,372.30000000000007,61.1,109.3,72.69999999999999,62.400000000000006,2065,17.2
932,1601,1548,1504,1097,919,825,630,243,183,561,427,66.5,142.7,494,347,252,NODATA,563,331,434,659,514,95,572,432,138,335,283,1090,NODATA,1149,1114,895,1860,959,96,157.8,201.34999999999997,114.1,328.1,406.2,394,668.9,384.1,224,367.2,536.3,561.2,1841,790.2,1179.7,1141,72.8,NODATA,1137.9,346.6,286.3,638.7,179.4,214.1,90.5,188.5,661.9,405.5,369.9,220.3,266.9,193.56773776314185,11.725112015165076,1035.6,1356.3,NODATA,1035.5,NODATA,1095.7,995,967.6,962.8,537.3,73.8,422.60000000000014,52.199999999999996,117.10000000000001,79.3,65.9,2306.5,17.4
933,1515,1461,1437,1072,878,789,596,237,168,569,463,61.1,137.4,490,307,261,302,607,284,374.00000000000006,621,537,107.5,576,437.5,139,344,296,1028,NODATA,997,1098,775,1771,927,89.5,160.3,203.70000000000002,122,301.8,394.1,379.9,653.9,397.5,204.5,361,460.6,536.2,1779.6,835.2,1030.4,1115.6,134.7,NODATA,1107.2,333.1,277.6,618.3,197.5,222.1,90.9,176.9,NODATA,421.3,422.5,251.4,266.4,199.19824311803598,19.20452289977472,977.9000000000001,1280.9,NODATA,975.2,NODATA,1014.3,909.8,929.5,843.2,508.4,80.4,378.39999999999986,48.3,112,71.7,61.4,2260,16.5
934,1526.5,1464.5,1467,1076,869,835,620,256,183,550,422,58.3,141.1,493,331,253,272,548,224,389,615,496,106,574,379,156,317,284,1015,NODATA,797,1038,715,1799,963,80.35,165.1,196.8,143.8,281,342.4,354.6,692.7,405.9,204.5,357.6,464.2,562.8,1799.7,832.3,906,1048.7,156.4,NODATA,1050.5,327.2,249.9,581.2,180.6,213.7,87.8,183.6,646.3,408.9,386.4,230,264,187.98787435754525,21.118723982390996,982,1318.5,NODATA,978.9,NODATA,988.8,894.3,938.8,825.6,489.7,64,413,52.9,106.1,67.8,67.8,2265,18.1
935,1556,1484,1454,1057,878,818,646,248,208,583,427,65,145.8,545,378,300,321,585,355,397,640,514,116.5,587,477.5,159.5,378.5,330,1160,NODATA,1156.5,1095,819,1811,944,108.2,171.3,199.3,138.8,349.8,462.9,412.6,676.8,425.7,232.8,405.7,516.8,550.7,1931.2,815.9,1140.3,1112.3,95,NODATA,1099,331.8,275.8,613.3,194.4,218.7,90.6,202.4,683.2,434.4,433.8,247.6,284.8,208.6732269631262,18.90672408525296,957.9,1306.9,NODATA,957.4,NODATA,1047.7,916.9,958.3,862.9,504.8,69.8,410.9000000000001,61,128.8,92.6,69.5,2331,19.6
936,1513,1403,1425,1009,847,816,600,217,175,530,407,64.15,142.25,531.5,332.5,248,282.5,602,254,372,599,476,101.19999999999999,572,424,164,398,314,1052,NODATA,886,965,765,1758,946.5,86.15,156.1,202.89999999999998,129.8,316.2,416,417,693.3,435.2,231.5,366.4,520,548.8,1758.6,800.3,885.2,993.3,152.4,NODATA,999.3,343.9,247.4,605.4,187.7,217.5,89.9,189.7,600.3,392.2,418.7,229.1,263.7,189.16859727658567,20.84168163673224,958.6,1243.7,NODATA,956.6,NODATA,982.6,870.7,913.9,806.2,492.3,68.4,448,57.800000000000004,113.4,71,71.3,2215,17
937,1584,1440,1437,1054,875,814,596,234,180,556,443,69.6,134,504,324,236,286,606,233,332,596,490,97,580,462,162,402,300,1014,NODATA,805,923.5,780,1811,949,75.95,154.8,212,126.7,312.5,424.3,385,663.1,422.8,218.4,395.9,516.4,566,1764.2,745,841.7,944.8,153.2,NODATA,916.7,333.9,267.8,610.1,178,207.5,86.2,194.2,551.8,370.4,363.8,213.8,280.9,216.08968008676882,20.702223818535593,973.7,1286.8,NODATA,973.2,NODATA,1017,918.3,875.7,820.5,506.6,72.4,397.5,54.39999999999999,111.8,72.15,64.7,2265,16.4
938,1558,1488,1488,1085,885,837,617,235,184,562,438,67.5,136.7,515,317,246,286,569.5,241,359,612.5,496,108,572,422.5,150,422,334,1006,NODATA,825,960,795,1831,947,85.6,161.7,202.39999999999998,133.5,312.7,392.9,370.6,673.6,421.3,201.8,368,495.1,553.5,1786.2,812.9,845.8,1011.4,77.2,NODATA,973.4,346.6,265.6,629.8,181.6,201.5,85.8,192.7,NODATA,382.9,395.7,226.6,282,208.57310652311895,20.184619175678595,999.2,1323.4,NODATA,996.4,NODATA,1032.1,906.7,964.7,922,497.4,73.2,415,49.900000000000006,118.4,83,64.80000000000001,2299,17.4
939,1436,1368,1361,989,834,783,586,235.5,159,527,414.5,61.8,143.8,497.5,324,241,285,530,249,377,576,461,93,562,424,142,364,311,969,NODATA,871,982,745,1683.9999999999998,898,74.25,165.3,189,117.8,284.3,390,375.3,616,386.3,222.5,347.5,462.3,508.1,1673,708.6,912.4,1062.8,33.3,NODATA,990.9,327.8,250.8,595.4,181.4,205.8,82.4,183.7,598.6,385.9,372.4,218,268.8,196.7193250415089,23.789247728294868,915.6999999999999,1195.7,NODATA,914.4,NODATA,961.9,860.5,849.5,882.4,466.8,66.8,386.0999999999999,54,118.4,74.80000000000001,61.5,2127,16.200000000000003
940,1686,1608,1607,1233,996,868,660,278,168,601,499,66.7,138,514,315,247,301,598,245,399,683,565,97,584,442,172.99999999999997,350.5,310.5,1015.5000000000001,NODATA,890.5000000000001,1035.5,842.5,1957,985,91.25,159.1,207.8,136.6,292.3,372.7,376.2,651.4,443.2,199.2,371.5,459.1,512.7,1808.4,820.9,901.9,1059,210.1,NODATA,1026.6,375.1,277.2,660.4,165.8,213.3,90.1,201.7,617.7,399.8,395.3,232.5,297.2,218.80911131966246,22.16881355313068,1143.3999999999999,1453.5,NODATA,1141,NODATA,1185.5,1038,1078,933.3,567.8,86,390.5,52.1,143.5,96.4,61.4,2505,16.4
941,1527,1457,1447,1095,876,792,607,228,177,547,430,63,138,486,276,249,290,554,234,350,607,492,92,557,432,143,368,307,985,NODATA,862.5,946.5,800,1765,918,75,156.2,190.64999999999998,122.2,311,408.6,369.2,660.7,382.4,205.2,327.8,467.4,560.1,1763.4,718.1,891.7,965.3,70.3,NODATA,964.7,330.5,251.3,591.3,170.4,194.8,82.5,180.1,575.7,376.5,341.7,208.8,266.1,194.37909260066067,22.303416803437138,956.0999999999999,1294.8,NODATA,955.8,NODATA,1009.9,919.7,933.9,885.8,499.6,84,375.0999999999999,44.800000000000004,108.94999999999999,76.5,58.949999999999996,2219,15.9
942,1523,1448,1425,1019,825,844,643,276,201,530,393,57.800000000000004,141.4,524,345,265,284,560,283,383,602,468,95,572,487,169,370,317,1073,NODATA,976,1065,770,1782,981,91.35,172.4,193.2,125.8,323.1,409.8,408.5,690.8,405.1,220,374.6,508.1,550.4,1886.3,772.6,994.1,1091,145.8,NODATA,1071.8,329.2,258.2,594,185.8,205,85.2,188.1,661.3,414.1,397.2,234.3,259.5,190.30395014899506,22.0324396032473,939.3,1270.8,NODATA,938,NODATA,993,869.2,896.1,793.5,480,68.2,426.29999999999995,53.8,113.45,87.30000000000001,58.849999999999994,2257,16.4
943,1555.5,1468,1483,1111.5,894.4999999999999,818.5,615,256,174,582,449,65.3,138.4,495,307,260,273,525,239,368,614,495,116.1,578,438,150,381,315,973,NODATA,816,977,750,1839,953,82.9,156.9,199.5,123.7,300.6,395.3,381.3,652.6,416.9,226.5,337.8,467.5,538.9,1759.5,792.4,854.6,1009.7,93.1,NODATA,1006.8,336.5,270.6,620.0999999999999,190.8,209.7,90.3,200.8,587.1,424.4,396.3,242.2,284,205.39047929465295,20.07743485416732,1019.5,1317.9,NODATA,1018.7,NODATA,1058,926.4,963.8,926.4,536.2,77.5,384.70000000000005,52.400000000000006,115.60000000000001,84.1,62.400000000000006,2285,19
944,1519,1446.4999999999998,1421.0000000000002,1052,859.5,766,587,216,180,543,431,66,136.4,488,293,229,265,533,240,331,607,491,95,564,446,142,359,301,989,NODATA,816,949,761.5,1760,937,72.25,157.4,200.5,122.2,299.5,407.6,361.6,642.4,408.4,181.2,350.1,470.4,523.6,1741.8,793.7,821.8,935.4,170.4,NODATA,951.8,309,258.9,571.3,170.5,200.7,87.1,190.8,575,373.8,381.3,218,271.7,203.27113876833067,22.94198924997226,965.9,1280,NODATA,963.2,NODATA,1006.2,892.8,895.4,795.5,478.3,70.3,381.5999999999999,46,118.5,75.7,66.8,2256,17.3
945,1590,1501,1496,1133,913,821,611,214,187,586,453,69.9,141.4,521,353,257,273.5,559,301,392,651.5,517.5,109.85,602,412,160,347,324,1073,NODATA,1050,1076,820,1851,946.4999999999998,94.75,158.3,217.3,133.7,323.5,380,390.7,643.5,428,236.6,396.2,471.2,527.3,1837.1,763.5,1038.4,1081.6,146,NODATA,1068.5,350.5,278.3,638.7,182.3,216.6,93.2,202.5,643.9,406.1,400.3,217.2,265.2,196.77764961816206,20.8705187740634,1017.4,1333.8,NODATA,1016,NODATA,1091,957.5,990.5,871.4,521.2,82.9,379.1999999999998,53.4,127.8,75.6,82.30000000000001,2345,20.6
946,1518,1458,1429,1055,840,779,594,243,187,557,429.00000000000006,67,146.20000000000002,526.5,373,272,322,602,304,407,614,478,98.69999999999999,586,457,137,372,316,1131,NODATA,1086,1071,762,1756.4999999999998,906,94.6,166.2,199.89999999999998,122.4,347.5,438.1,363.4,609.5,402.8,227.4,372.4,497.8,512.1,1853,771.3,1106.4,1082,10.1,NODATA,1085.7,307.2,272.5,587.1,176.9,212.6,89.9,182.7,636.1,398,409.3,216.8,259.7,195.12258735855113,21.542922933388212,957.1,1290.3,NODATA,957.5,NODATA,1048.6,914.6,933.9,947,496.8,68.5,388.60000000000014,54.6,118.6,79.3,59.2,2194,16
947,1619,1537,1518,1148,912,843,632,237,155,571,476,67.2,148.1,494,313,228,281,555,283,388,619,507,96,599.5,450,148.5,329,300,991.5,NODATA,961,1016.5,815,1879,978.5,85.3,164.5,210.6,122.8,341.6,402.3,393.6,638,419.1,215.2,357.5,486.9,545.1,1854,720,969.7,1035.5,72,NODATA,1027.8,361.2,286.9,659.7,188.5,211.1,88.8,187.8,588.4,391.9,391,227.8,283.1,211.4787014562175,22.420867519384547,1043.6,1338.9,NODATA,1043.4,NODATA,1097.9,942.3,1036.9,971.6,515,81.2,381.29999999999995,52.400000000000006,116.19999999999999,77,67.1,2390,17.9
948,1507,1420,1417,1056,879,772,573,215,197.00000000000003,558.5,420,58.05,139.85,560.5,351.5,290,310,686,310,397,613,481,95.19999999999999,570,460,159,438,349,1142,NODATA,1072,1072,750,1747,909,101,155.3,204.5,138,331.2,429.4,398.7,666.6,415.2,220.7,418.9,480.8,556.3,1804.5,763.5,1095.4,1104.9,79.6,NODATA,1103.6,316.9,269.7,598.3,187.5,208.8,88.1,183,NODATA,411.2,435.3,238.7,271.7,204.4297514046466,18.80134369744806,934.7,1244,NODATA,934,NODATA,993.2,918.3,929.6,855.1,493.7,68.7,373.70000000000005,56.7,115.5,76.3,64.4,2195,17
949,1508,1416.0000000000002,1424,1082,857.5,795.5,571.5,184,163,589,425,64,144.60000000000002,511,324,264,292,536,263,423,630,496,106,579,424,144,349,288,1037,NODATA,926,1101,775,1801,934,89.25,156.6,203,119.6,333.6,389.1,357.7,608.6,409.3,221.9,332.8,443.6,515.2,1761.9,841.1,988.2,1124.8,162.9,NODATA,1126.4,347.1,267.3,624.4,189.3,217.8,92,194,651.8,411.1,423.2,254.5,275.8,201.7352703108976,20.93663320406087,1022.8,1291.6,NODATA,1017,NODATA,1052.8,919.5,984.3,859.9,515.7,82.2,358.79999999999995,58.6,127.30000000000001,78.5,68.3,2305,17.9
950,1477.5,1378.5000000000002,1393,1034.5,821,779,555,227,168,506,416,64.3,128.6,449,296,245,309,516,256,385,602,492,95.19999999999999,578,399,170,330,269,966,NODATA,964,1044,776,1735,934,77.9,156.5,201,117.4,292.3,370.9,362.6,643,395.6,207.1,299.6,470.1,545.2,1711.3,733,1010.6,1066.1,136.8,NODATA,1063.8,299.8,253.4,558.7,165.9,186.2,78.8,169.7,657,379.6,381.9,214,267.2,196.41590856036342,15.660671511621212,938.7,1245.4,NODATA,935,NODATA,972.7,868.9,883.1,801.9,476.1,81.7,372.39999999999986,48.6,115.5,67.4,63.3,2167,15.5
951,1575,1484,1477,1138,910,847,605,221,188,592,465,65.6,135.1,515,317,261,293,557,241,383.5,629,515,99,584.5,493.49999999999994,165,373,328,1052,NODATA,933,1032,805,1855,965,89.25,158.6,200,124,304.5,414.9,413.8,664.8,427.3,220.1,370.9,464.2,533.9,1815.6,739.8,950.7,1064.9,156.7,NODATA,1051.2,345.3,270.9,624.9000000000001,182.3,224.6,92.8,202.4,657.7,403.5,389.9,234.8,271.2,207.9910394232554,22.42586192135181,1021.5,1319.2,NODATA,1019.9,NODATA,1078.6,952.6,1013.4,864.8,548.2,80.3,355.20000000000005,58.5,122.89999999999999,81.4,67.4,2325,14.6
952,1632,1557,1539,1152,961.5,837.5,629,233,206,604.5,479.5,71.39999999999999,152,557,379,329,320,601,339,426,686,562,101.1,595,502,158,417,331,1203,NODATA,1153,1189,862,1881,972,114.4,161,209,114.6,355.9,452.9,413.6,728.5,431.9,249.4,389.1,508.7,603.7,1931,856.5,1163.8,1196.5,81.6,NODATA,1186.3,362,284,654.6,192.9,226.6,94.4,199,NODATA,413.6,420.4,238.6,287,205.9540168604242,20.213044650530673,1011.5,1377.5,NODATA,1010.5,NODATA,1071.2,981.3,978.2,929.9,553.4,74.3,401.0999999999999,55.8,122,83,71.5,2430,19.4
953,1520,1419,1453,1057,821,817,578,218,172,548,425,61,133.5,487,282,247,275,530,243,359,598,482,94,570,397,153,322,286,929,NODATA,838,961,716,1782,943,77.5,157.8,198.65000000000003,123.1,305.1,379.7,359.3,653.1,405.4,216.9,345.8,489.4,551.9,1681.1,771.1,882.7,981.3,126.2,NODATA,989.9,303.3,255.7,565.5999999999999,170.9,203.1,86.3,189.8,578.6,370,368.1,223.4,265,200.4556370946238,11.515560816181011,992.5,1278.9,NODATA,991.4,NODATA,990.6,872.8,921.6,866.3,481.8,72.3,408.4000000000001,55.599999999999994,105.5,70.5,56.150000000000006,2208,15.3
954,1550,1487,1479,1096,897,816,600,238,180,563,446,65.3,145.39999999999998,488,293,240,277,562,230,352,624,514,96,561,451,146,360,303,968,NODATA,787,947,755,1823,934,75.6,164.4,191,122.3,322.3,399.4,359,626.9,412.4,197.5,345.1,474.9,492.8,1725.5,743.5,795,965.2,159.3,NODATA,974.1,330,266.3,601.4,166.9,197.6,84.3,174.7,588.2,359.8,368.1,218.5,257.9,191.00625957072063,23.53932549908986,1037.6,1337.9,NODATA,1035.6,NODATA,1080,946.4,965.1,878.3,510.1,75,397.9000000000001,49.849999999999994,107,79.45,64,2295,14.45
955,1611,1531,1520,1159,951,806,613,212,183,612,479,68,143.4,524,361,304,306,552,312,372,659,521,98,572,456,165,349,313,1148,NODATA,1079,1027,860,1859,938,101.75,158.6,197.5,125.3,328.7,437.9,393.6,651.5,432.1,231.4,387.9,483.1,551.6,1847.4,756.3,1112.2,975.4,24.8,NODATA,1049.9,343.8,303.8,660.3,210.2,236.4,98,212.8,623.8,421.6,410.2,240.7,306.9,220.75343550172752,21.0916219721772,1003.5999999999999,1350.7,NODATA,1003.2,NODATA,1098.5,999.2,1003.8,978.8,562.3,82.4,365.5,57.599999999999994,134.3,94.95000000000002,72.55,2445,20
956,1525,1423.5,1417,1068,856.5,778,584,218,192,575,438,64.3,148.5,521,334,276,320,610,312,422,635,531,117,578,445,168,345,319,1081,NODATA,1107,1110,780,1762,923,100.15,166.7,201,133.6,316,424.1,388.3,621.1,412.9,236.6,403.7,483.7,537.4,1800.8,789.3,1177.3,1139.8,107,NODATA,1126.6,328.8,265.1,597,197,227.5,93.3,195.6,684,455.9,416.3,256.7,281.5,213.16125328106313,17.852138699137946,939.7,1256.1,NODATA,939,NODATA,1034.1,889.1,890.4,832.7,517.6,75.2,361.70000000000005,58.2,106.7,74,71,2235,17
957,1495,1416,1397,1044,844,780,582,228,164,529,414,61.4,145,464,288,217,259,457,216,342,602,494.00000000000006,95.04999999999998,551,412,142,333,284,925,NODATA,753,913,730,1737,911,64.55,159.5,191.1,119.9,288.6,382.6,338.2,605.5,385.6,203.7,385.6,472.1,516.9,1632.9,737.4,808.6,948.7,142.9,NODATA,936.4,321.1,261.6,591.8,182,196.2,84.2,170.7,537.8,348.2,334,203.2,254.7,190.07925864256566,19.620209641544406,962.1,1274.7,NODATA,961.8,NODATA,1015,885.4,915.8,819.2,493.9,77.8,362.79999999999995,52.199999999999996,100.60000000000001,68.2,66.6,2175,17.3
958,1453,1381,1348,1014,809,750,556,241,143,518,419,64.3,130,465,293,212,257,504,217,332,573,477,97,554,408,163,308,277,880,NODATA,792,886,695,1690,888,60.95,162,191.9,118.2,300.5,374.7,361.9,619.5,417.6,204,331.9,453.7,514.1,1645.1,710.3,807.9,910.7,200.6,NODATA,873.4,320.3,266.8,590,178.8,206.5,84.8,181.8,527.1,353.7,343,208.8,257.2,193.75869174369979,21.658902659688092,952.9,1210.7,NODATA,950.7,NODATA,960.1,835.2,842.4,752.3,466.6,66.7,348.9,52.8,106.8,73.9,61,2180,14.5
959,1509,1439,1410,1006,877,760,585,214,206,546,NODATA,64,128.5,498,314,290,288,520.5,312,404.5,644,500,100.65,571,415,148,385,307,1059,NODATA,1096,1065,914,1744,875,96.95,162.7,200,119.2,310.8,400.3,415.9,646.6,397.9,201.5,380.8,525.3,544.2,1774.3,753.1,1107.5,1142,87.9,NODATA,1118.5,322.6,267.6,598.1,171.7,215.2,89.3,185.5,718.2,422.5,446.6,238.4,259.8,190.2705850109251,16.18185074265524,944.4,1222,NODATA,943.4,NODATA,1008,915.3,881.6,856.5,491.4,72.2,398.80000000000007,58.6,120.39999999999999,84.60000000000001,70.6,2217,16.4
960,1553,1469,1442,1094,904,766,597,188,176.5,569.5,465.5,63.14999999999999,138.70000000000002,484.5,308.5,247.99999999999997,279,507,280,390,643,534,96,565,432,159,361,305,994,NODATA,934,1046,820,1784.5,924,84.9,162.8,194.8,122.3,299.3,401.4,355.7,604.5,395.4,222.2,304.2,483.4,521,1741.5,763.4,960.7,1072,141.3,NODATA,1055.7,359.7,282.6,645.9,175,197.7,85,181.1,654.6,390.9,393.6,218,275.1,205.29444421235726,22.817804175344406,994.5,1298.3,NODATA,992.9,NODATA,1058.4,929.1,973.3,853.2,504.7,54.3,370.39999999999986,67,108.69999999999999,76.2,64.7,2315,14.299999999999999
961,1491,1435,1426,1030,829,797,617,253,211,536,401,66.3,151.9,567,367,303,294,654,411,411,624,491,96.8,597,463,131,380.99999999999994,320.99999999999994,1231,NODATA,1201,1124.5,747.5,1729,946,110.4,175.7,212.39999999999998,115.1,335.1,467.6,392,659.4,395.1,219.8,399.8,491.8,528.1,1922.4,750.7,1237.6,1138.8,22.3,NODATA,1133.3,326.2,265.1,601.1,202.7,218.7,90.6,168.6,NODATA,410.2,428.6,243.8,265.8,194.58610270125098,18.78476606937192,859.3,1270.5,NODATA,859.3,NODATA,1008.4,871.1,916.3,837,486.2,72.7,396.0999999999999,57,112.4,82,74.4,2185,16.9
962,1578,1508,1487,1107,913,800,591,210,181,581,443,71,140.29999999999998,512,323.49999999999994,250.5,304.5,556.5,247,401,641.5,525,104,580,472,138,374,326,996,NODATA,946,1072,799,1805,915,89.2,155.1,199.60000000000002,140.8,326.1,441.1,400.4,641.8,417.7,234.2,372.2,492.8,516.5,1803.8,810.9,963,1104.2,128.8,NODATA,1106.1,341.7,275.5,629.7,176.8,219.6,93.5,199.9,652,398.6,369.6,224.8,287.5,211.0349984116723,30.897837350339156,1021.8,1318.5,NODATA,1019.3,NODATA,1084.4,943.7,993.4,893,534.8,70.2,401.5,61.5,128.8,84.39999999999999,63.5,2295,15.9
963,1416,1346,1348,1016,775,755,536,191,175,519,408,59.6,140.2,467,282,227,263,501,222,339,567,452,91.19999999999999,571,412,132.5,322.5,270.5,937.5,NODATA,830.5,922,785,1679,893,69.1,167.2,197.5,117.4,296.7,385,345.3,592.6,387.7,197.6,363.5,439.3,514,1688.1,754.9,861.2,958.5,68.1,NODATA,966.7,299,253.3,556.4,161.9,187.1,81.1,177.3,584.1,357.4,381.3,220.4,241.8,179.11515617249918,16.482608998778453,867,1182,NODATA,866.2,NODATA,939.3,822.7,850,798.9,452.9,79.4,331.29999999999995,46,117,88.2,56.4,2105,15.700000000000001
964,1421,1353,1359,1008,819,778,569,212,177,523,409,66.39999999999999,140.29999999999998,464,304,284,283,563,295,359,579,456,103,566,416,151.5,371,309.5,1036,NODATA,1004,1000,845,1675,888,83.9,162.8,197,121,273.6,385.3,391.4,677.2,396.4,201.3,362.5,421.5,513.9,1723.6,720.6,1032.7,1006.5,49,NODATA,1006.2,317.6,253.7,574.7,181.4,213.4,90.3,191,631.8,406.2,401,231.7,265.2,191.77370230259157,17.658104503946454,833.6,1203,NODATA,833.1,NODATA,930,841.1,860.7,784.6,471.8,73.8,361.0000000000001,55.5,108,72.2,66.8,2161,17.9
965,1610,1506,1501,1128,908,818,635,221,178,580,451,59.3,139.5,502,299,267,309,565,315.5,403,661,545,90,565.5,443.5,165,349,306,1066,NODATA,1059,1071,825,1846,954,93.85,160.6,196.8,112.2,309.4,412.2,380.4,696.9,414.9,246.5,384.3,505.1,608.6,1837.5,804.7,1095.8,1100.2,74.9,NODATA,1100.2,345,285.3,638.2,170.6,200.9,85.1,194.8,NODATA,407.7,381.7,224,269.3,188.57831209078222,14.859981660550295,988.5,1335,NODATA,988.7,NODATA,1030.5,950.6,926.5,913.6,530.4,77.5,382.70000000000005,48.7,127,86.6,62.300000000000004,2355,16.9
966,1609,1528,1508,1106,897,760,583,191,184,592,473,80.7,140.9,485,334,284,301,592,263,392,640,515,104,579,469,146,339,307,1083,NODATA,998,1099,918,1856,941,95.75,161.4,213,124.6,340.2,423.8,387.1,668.2,422.1,246.4,378.9,513.1,574.1,1809.6,798.6,994.6,1096.5,205.1,NODATA,1039.6,345.5,283.3,624.2,193.1,211.7,88.5,219.1,655.9,423.6,408.8,228.8,291.6,210.42018527160894,14.547408157828055,1054.7,1336.7,NODATA,1051,NODATA,1064.2,972.1,985,849.6,520.4,72.5,389.10000000000014,51,129.60000000000002,89.3,71.5,2383.5,17.6
967,1454,1387,1375,1018,817,814,605,228,181,522,397,64.9,155.7,562,375,291,312,613,344,399,598,487,100.75,585.5,506.5,152,358.49999999999994,321,1134,NODATA,1122,1059,810,1702,921,96.275,168.9,204,125.4,300.4,447.6,415.9,662.2,417.1,215.8,416.8,472.9,523.4,1808,789.5,1110.2,1076.5,4.7,NODATA,1082.8,340.5,256,608.2,185.6,212.8,90,183.3,614.1,399.8,422.1,239,255.4,192.92956382399797,14.468788574682906,883,1199.6,NODATA,874.2,NODATA,961.6,846.5,863.8,878.3,451.6,70,359.80000000000007,53.5,109.3,80.19999999999999,68,2186,19
968,1488,1416,1391,1023,805,803,596,254,175,538,413,67.30000000000001,152.5,477,324,260,285,557,274,367,573,464,94,588,453,132,329,294,1005,NODATA,959,987,800,1734,938,81.15,174.6,199.4,116.7,324.8,447.1,403,643.1,386.8,213.5,375.6,490.1,527.9,1777.6,733.8,974.7,1024.4,181.6,NODATA,990.7,322.2,267.1,597.3,194.9,211.7,85.3,171.9,602,388.7,370.2,213.3,247.4,180.13855426291502,17.682663229879957,961.7,1223.4,NODATA,960.5,NODATA,991.9,861.1,849.3,780.1,487.4,71.5,395.6999999999998,60.7,109.85,80.5,69.05,2177.5,17.6
969,1443,1339.5,1362,1007.5,815,782.5,560,212,170,514,410,60,139.1,467,286,213,256,528,226,353,573,465,95,545,388,153,342,302,902,NODATA,817,944,736,1684,905,66.5,155.2,192.8,115.2,330,383.3,356.2,589.6,389.2,235,333.5,446.8,486.9,1631.6,722.5,809.6,954.1,110.5,NODATA,972.9,309.1,244.1,558.7,175.6,202.7,84.7,191.5,568.1,367.1,371.5,222.8,256.7,191.37776257574677,30.07784588957253,922.9,1199.7,NODATA,920.7,NODATA,970.4,848.5,870.2,812.4,452.4,72.8,356.9,51.5,114.39999999999999,88,52.5,2143,15.1
970,1515,1425,1417,1032,824,834,620,268,208,545,401,67.8,147.5,535,367,297,367,601,337.5,505,636,498,95,584,442,167,427,324,1191,NODATA,1215,1240,774,1758,970,119,161,203,127.1,329.6,436,401.2,653.8,409,221.1,408.7,521.4,565.9,1858.5,849.7,1265.5,1287,66.6,NODATA,1283.2,323,263.4,602.5,192.8,214.8,90.8,194,NODATA,465.9,486.3,284.4,260.7,194.26907134516554,15.71671562108306,888.8000000000001,1243.7,NODATA,888.2,NODATA,998.6,895.9,899,822.2,480,73.3,405.0999999999999,55.5,116.89999999999999,74.6,69.7,2198,19
971,1601,1546,1549,1142,913,835,603,214,181,598,458.49999999999994,70,151.25,547.5,329,282,301,603,259,417,665,539,106.5,594,485,171,444,359,1102,NODATA,975,1141,857,1902.5,990,107.9,168.1,207,128.6,341.8,442.2,423.9,701.1,444.9,223.9,372.6,495.9,557.8,1950.3,914.4,1037.6,1158.1,108.8,NODATA,1155.7,350.8,294.6,655.5,205.2,226.7,96.5,190.3,678.9,441.2,437.9,252.9,273.2,198.2408072454581,22.962436528106622,1068.3,1380.6,NODATA,1065.9,NODATA,1115.1,991.9,1034.5,959.5,562,90.3,428.10000000000014,56.5,125.8,89.1,66.6,2442,17.3
972,1502.5,1428,1424,1074.5,846.5,801.5999999999999,591,233,177,547,447,62.5,132.5,472,275,251,279,524,244,378,589,482,99,589,415,155,329,296,994,NODATA,883,1018,785,1756,936,80.45,159.8,209.60000000000002,132,295,371.5,364.2,596.1,406.1,199.9,317.6,440.9,486.7,1733.1,753.1,937.2,1045,42.4,NODATA,1022.3,336.4,262.4,604.4,169.1,210.9,89.6,191.9,600.6,399.6,393.5,229.9,274.2,203.83825929633224,19.583007165082797,953.1,1263.5,NODATA,953.3,NODATA,1037.6,888.9,921.6,910.7,488.3,79.3,351.6999999999998,51,117.30000000000001,79.9,65.19999999999999,2215,13.899999999999999
973,1547,1457,1452,1085,871,808,603,226,170,568,437,64.80000000000001,128.95,482.5,309,216.5,301.5,547,239,389,603,494,100.7,557,422,158,325,272,907,NODATA,882,1024,815,1805,949,75,164.6,187,121.3,291.6,361,359.8,642,410.4,218.6,372.8,472.3,537.7,1730.8,784.7,925.2,1036.9,106.9,NODATA,1038.3,345.6,256.7,611.4,179.4,196.7,84.8,173.7,618.1,391.8,370.4,219.3,253,185.27726709633424,24.75893242795929,995,1303.4,NODATA,992.9,NODATA,1030.7,918.6,940.2,888.1,499.6,90.6,386.1999999999998,52.800000000000004,105.9,78.8,67.30000000000001,2265,16
974,1588,1508,1488,1120,918,798,586,211,174,588,478,63.8,138.6,473,305,248,284,561,243,362,641,520,104,578.5,430,145,373,313,968,NODATA,825,988,845,1849,948,82.7,153.2,211,134.8,322.5,404.1,388.2,710.2,415.4,211.6,379.9,487.5,600.2,1806.8,827.2,920,1000.8,88.9,NODATA,1022.8,351.9,296.4,655.1,192.5,213.9,86.4,187.8,568.1,392,364.3,224.6,285.6,219.06236519591596,1.8686937143723008,1021.1999999999999,1333.8,NODATA,1021.2,NODATA,1022.2,960.9,933.2,932.3,537.3,79.5,389.79999999999995,56.3,119,77.30000000000001,62.699999999999996,2300,17.7
975,1630,1537,1516,1163,954,816,587,188,189,610,478,61.4,140,497,313,249,300.5,548.5,228.5,366.50000000000006,650,538,99.2,577,442,169,357,310,1035,NODATA,877,1013,845,1896,955,88.80000000000001,155.7,208.29999999999998,133.8,316.7,375.4,386.4,668.3,421.8,247.6,386.9,498.6,575.2,1836.9,853.7,915.9,1032,91.5,NODATA,1030.5,367.7,288.8,664.3,167.4,190.6,83.4,189.5,638.4,389,405.6,238.6,283.4,209.94908876073058,11.927714461331203,1079.6,1361.2,NODATA,1078.4,NODATA,1087.5,991.4,1026.2,988.1,559.9,92,378.79999999999995,55.4,115.60000000000001,77.30000000000001,63,2385,17
976,1563,1507,1460.5,1101.5,923.5,819,609,224,187,577,467,65.6,138.2,487,332,271,281,549,243,395,625,505,99,575,446,159,342,284,1053,NODATA,971,1035,817,1851,968,86.7,161.3,204.89999999999998,125.9,295.2,365.9,351.1,664.2,397.8,211.9,353,504.5,583.6,1762.7,805,969,1050,121.3,NODATA,1057.6,353.3,292.7,652.7,177,200.2,85.7,200.4,652.5,413.6,393.1,232.9,281.7,207.85894842117025,13.570434385161487,1001.5,1337.4,NODATA,1000.8,NODATA,1032,953.7,947.6,880.2,536.7,75.2,395.79999999999995,49.5,125.7,82.4,63.2,2385,15.2
977,1602,1518,1492,1107,878,875,683,303,167,564,444,64.4,147.6,478,290,253,291,544,222,355,612,488,91,581,429,133,333,304,982,NODATA,882,969,855,1850,1012.5,81.9,163.4,203.2,127.6,320.6,398.4,368.4,676.7,407.6,242.1,368.6,544,632.9,1845.4,785.6,922.9,991.1,81.1,NODATA,991,340.8,267.9,614.2,177.4,202.9,87.5,199.6,578,379.9,377.5,218.4,269.3,194.4193135198372,21.40448724311146,974.6,1337.6,NODATA,974.9,NODATA,1033.8,919,940.3,893.5,516.4,79.1,401.20000000000005,59,126,90.8,70,2315,17.7
978,1494,1450,1428,1035,833,809,614,252,222,560,409,74,147.7,554,367,292,298,638,346,405,618,460,108,592,492,130.5,403,362,1134.5,NODATA,1135.5,1131,810,1769,955,109.7,166.2,205.9,134.5,322.6,462.4,420.7,679.9,433.2,202.7,448.3,486.8,509.9,1861.8,821.7,1177.7,1151.2,50.9,NODATA,1147.5,316.8,263.5,596,195.4,214.1,93.5,179.2,704.4,436,491,252.4,267.1,199.75169328857135,19.874867383620135,889.6999999999999,1269.9,NODATA,889.5,NODATA,1021.9,885.8,882.4,838.8,503.9,70.3,419.20000000000005,57,105,91.4,66.7,2215,19.5
979,1429,1351,1365,1023,852,759,565,187,168,531,424,62.400000000000006,135.9,498,320,217,264,520,223,373,579,463,101,571,444.5,166,325,288.5,978,NODATA,853.5,951.9999999999999,880,1700,881,73.4,157.5,200.10000000000002,129.7,312.4,383.1,378.1,661.5,427.5,166.9,373.1,412.8,464.9,1631.4,699.3,882.9,979.6,121.2,NODATA,977.8,318,267.7,589.8,162.4,215.5,90.2,181,598.1,380.2,378.7,232.1,264.7,194.9481332460992,21.509492802125987,930.7,1251.7,NODATA,929.6,NODATA,976.2,864.3,876.9,809.5,477.7,79.7,367.5,51.1,112.8,74.4,63.2,2201,17.4
980,1627,1534,1520,1145,904,871,646,259,173,575,451,59.1,137.4,463,283,212,277,477,221,361,629,517,93,592,417,150,307.5,280,918.5,NODATA,810,964,800,1899,1027,74.95,167.8,210.9,140.6,300.1,373.2,360.1,660.6,397.9,219.2,352.2,504.9,589.8,1840.1,805.9,878.7,986.6,88.6,NODATA,986.8,355.6,275.9,637.6,170,202.5,85,198.1,582.5,381,365.5,222.8,279.5,208.17255034395143,23.966473936285,1017.5,1364.1,NODATA,1017,NODATA,1070.2,936.8,982.8,928.9,520.4,75.8,395.70000000000005,54,118.6,77.1,60,2350,16.200000000000003
981,1630,1548,1525,1168,981,797,598,191,172.00000000000003,600,485.5,63.35,140.2,484.5,300.5,231,282,546,219,358,663,551,98,555,426,149,350,307,985,NODATA,806,965,845,1883.5,935,77.2,153,193,134.5,336.3,412.5,358.9,642.9,409.9,223.6,338,483.7,565.3,1673.7,688.3,866.9,978.3,124.5,NODATA,966.3,368.2,301.4,674.6,179.5,204.6,85.7,197.7,555.5,375.6,366.2,212.2,285.3,208.91354211134438,15.964218429652137,1060.4,1379.7,NODATA,1059.5,NODATA,1103.3,1022.9,1033.6,935.9,554.8,76.5,371.9000000000001,53.3,124.3,81.89999999999999,60.5,2425,17.5
982,1500,1440,1438.5,1077.5,862.5,811.5,591,232,193,554,423,58.4,137.5,506,292,271,268,601,252,359,617,482,106,554,441,160,396,339,1094,NODATA,846,991,765,1768,922,85.95,153.4,194.3,123,292.9,446.9,374,668,407.7,195.3,323.5,448.7,510.6,1793.8,790.2,845,1033.9,139.2,NODATA,1029.8,321.9,268.7,596.7,188.7,220.6,92,180.7,644.4,407.9,403,240.8,275,202.16146340743074,21.59883244180276,972.4000000000001,1308.5,NODATA,970.9,NODATA,1026,879.5,929,833.2,487.8,63.3,382,61.7,118.4,74.9,65.19999999999999,2245,18.2
983,1337,1269,1263,921,739,690,510,186,176,484,371,72.30000000000001,144.2,519,321,262,237,597,273,342,536,423,99,576,452,158,389,310.5,1017.5,NODATA,901.9999999999999,951.9999999999999,713,1593,845,73.725,168.4,197.3,122.2,331.1,424,407.5,652.6,430.6,191.3,356.7,423.2,481.5,1634,681.7,878.6,934.5,68.8,NODATA,972.4,293.5,237.3,537.5999999999999,179.3,196.5,83,168,NODATA,357.5,404.1,212.9,244.3,182.75981655227034,14.077632176966047,827.6999999999999,1113.3,NODATA,827,NODATA,878.6,780.9,794.7,758.9,433.1,65.3,352.6,51.5,104.3,67.8,66,1984,16.4
984,1564,1488,1479.5,1108.5,914,820,621,231,175,590,450,66.10000000000001,135,473.5,316.25,227.5,304,515,234.5,360.5,612,484,104.1,592,435,152,342,296,947,NODATA,895,951,905,1834,948.5,77.6,166.1,201,130.8,313.9,399.2,383.3,659.5,411.2,239,346.3,472.4,558.1,1762.3,743,900.9,977.9,117.7,NODATA,978.2,348.9,288.5,647.1,192.5,220.5,92.8,214.3,582.3,414.2,401.4,238.2,291.9,211.83654529510312,16.038072830632306,1000.6,1310.1,NODATA,999,NODATA,1040,933.9,956.1,882.9,537.8,81.9,366.5,54.5,132.3,85.39999999999999,71.10000000000001,2325,18
985,1426,1345,1329,1002,785,742,551,210,178,513,388,60.9,144.9,508.49999999999994,343,273.5,293.5,602,323,373,599,480,92,590,428,150,357,308,1086,NODATA,1075,1023,835,1648,868.5000000000002,88.2,166.3,207,122.7,315.2,432.3,362.7,580,395.1,228.1,389.9,447.9,489.2,1722.7,769.6,1098.3,1061,93.3,NODATA,1037.5,292.8,242.4,543.3,187.6,213.1,88.8,182.7,NODATA,392.4,400.2,230.4,261.9,195.92452533190976,20.456011120214438,860,1175.9,NODATA,860.1,NODATA,962.3,830.4,841,766.7,457.9,66,335.5999999999999,52.1,114.5,79.1,71.3,2095,18
986,1526.5,1445,1470.5,1061,830.5,801.5,585,219,202,546,419,63,139,521,355,263,298,597,268,394,635,517,99,569,424,167,361,298,1097,NODATA,980,1044,790,1779,930,89.35,159.9,194,138.2,301.9,418.2,399.6,661,414.3,209.4,390.1,488.5,531.5,1807.9,795.2,1032.1,1084,52.7,NODATA,1076.1,337.5,268.6,617.5999999999999,187.8,220,91.8,193.5,618.3,420.9,377.6,231.2,267.7,202.41462821479536,22.38263869100159,951.2,1268.7,NODATA,946.4,NODATA,1021,905.9,924.1,898.5,496.4,74.4,418.1999999999998,48.7,120.8,85,69,2245,18.5
987,1580.5,1513,1478,1099,880.5,828,625,227,197,562,448,62,148,514,325,245,297,544,253,402,624,520,101,570,449,154,336,271,1014,NODATA,947,1048,815,1819,960,85.9,165.7,202,122.2,345.3,411.1,383.3,662.3,433.7,214.9,361,496.1,562.7,1754.3,765.8,981.5,1068.2,47.9,NODATA,1053.8,380.7,272,663.4,172.1,208.6,87.8,198.3,635.3,411.2,398.1,239.7,286.4,213.29208085413734,21.239627663340563,996,1315.9,NODATA,995.2,NODATA,1046.4,919.3,968.3,948.1,522.3,72.8,383.5,50,117.30000000000001,68,66.39999999999999,2365,17
988,1542,1485,1472,1093,882,824,629,256,187,583,438,65.85,140.65,542.5,370.5,275,314.5,608,259,415,641,530,108.6,573,456,159,375,327,1136,NODATA,1020,1115,865,1816,955,100.9,157.1,196,139.9,328.2,430.4,408.5,688.2,435.8,233.2,386.7,477.6,535.6,1825,807.4,1042.1,1121.6,125.6,NODATA,1129.4,347.6,266.1,625.6,202.9,235.9,98.3,197.3,700.5,448.8,446.4,266.8,287.3,212.18641266349107,21.700536739317446,997.2,1321.2,NODATA,996.8,NODATA,1046.4,928.8,965.7,871.6,525.5,69.4,382.0999999999999,53.9,115.8,78.89999999999999,73.5,2310,19.3
989,1599,1504,1505,1119,915,840,633,239,220,586,437,67.5,150.5,515,352,280,327,627,330,447,670,509,106,598,438,159,378,322,1139,NODATA,1177,1150,904,1868,990,114.75,167.4,207.10000000000002,110.4,300.5,393.6,382.9,708.8,410.8,230.3,417.3,521,632.8,1864.5,836.4,1178.8,1206.8,82.5,NODATA,1200.7,356.4,280.5,644.5,192.8,232.5,97.5,195.8,NODATA,460.4,446,256,276.5,207.3133695788272,5.643318280533973,979.8,1330.5,NODATA,978.6,NODATA,1021.7,945.8,941,897.3,529.7,74.3,388.4000000000001,55.8,131.3,89.95000000000002,67.4,2348,19.3
990,1499,1396,1401,1038,835,801.5,569,214.5,153.5,531,418.49999999999994,63.4,126.30000000000001,468,290,222,259,478,205,325,577,462,93.5,574,397,174,302,269,894,NODATA,713,883,727,1738.5000000000002,924,61.1,153.8,193,127.8,284.6,367,356.7,610.8,416.1,215.5,322.1,468.6,495.6,1674.5,768.1,757.3,906.8,164.9,NODATA,911,331.8,243.8,581.5,156.3,191.4,79.6,181,541.9,351.9,347.7,198.6,254.7,191.96882365999056,21.441289907295346,999.8,1269.4,NODATA,999.5,NODATA,1022.1,857.1,878.2,834.9,475.1,60.9,391.5,47.5,111.1,71.5,62.400000000000006,2195,12.8
991,1562,1509,1484,1096,887,833,652,260,204,574,426,63.6,144.4,555,398,285,323,615,343,446,642,519,97.6,573,471,142.5,393,335,1155,NODATA,1209,1168,795,1796,947,114.2,159.3,197,114.2,336.3,461.4,374.8,646.3,419.9,221.4,407.5,499.7,517.4,1897.6,814.9,1241.4,1191.3,2.3,NODATA,1190.3,365.1,268.3,640.5,202.4,222.5,90.8,201.5,NODATA,434.1,434.2,234.6,273.8,200.17032361594715,28.91144915714746,949.8,1334.6,NODATA,949.7,NODATA,1074.3,958.6,980.1,947.5,527.5,75,394,61.4,119,81,60.4,2335,17.3
992,1495,1433,1392,1050,828,767,573,219,163,538,415,69,139.70000000000002,445,321,266,280,539,253,377,605,483,96,576.5,414,133.5,350.99999999999994,313.5,1029,NODATA,934,1002,810,1748,902,79.8,159.5,202.5,124.4,303.8,374.2,357.2,624.3,356.8,216.3,356.6,483.9,547.5,1748.6,766.2,949.8,1025,108.3,NODATA,1025.7,319.9,267.6,592,174.2,205.5,87.8,186.1,591.9,404.1,372.1,224.4,280.4,209.76679749212914,18.742515237169602,986.6999999999999,1245.5,NODATA,958.7,NODATA,985.6,907.5,886.6,878.4,501.8,78.1,355,55.8,113.3,77,67.8,2195,17
993,1552,1443,1433,1100,927,774,549,200,170,567,433,65.4,141.5,479,316,225,264,530,228,378,632,511,102.69999999999999,575,435,148,328,285,944,NODATA,921.5,1004,805,1794,903,78.35,161.5,195.49999999999997,122.8,316.3,400.2,396.5,604.6,396.4,227.1,368.2,480.1,533.5,1639.8,695.4,944.1,1016.4,172.5,NODATA,988.7,347,275.1,628.9,172.3,198.1,83.2,187.9,624.7,397.8,384.2,219.2,274.3,204.48971795592632,13.156947341655533,1006.5,1252.2,NODATA,1006.2,NODATA,1046.8,928.3,959.5,834,496.3,67.1,357.89999999999986,50,121.35,83.70000000000002,66.3,2220,15.45
994,1584,1530,1510,1103,881,819,640,267,189,574,431,60.8,152.3,511,338,298,278,574,272,404,632,496,109.9,574.5,456.50000000000006,138,381.50000000000006,324,1104.5,NODATA,1024,1043,770,1824,952,98.6,167.4,199.7,131.1,349,467.6,413.1,701.7,389.1,203,361.7,481.4,538.1,1892.3,817.8,1048.6,1084.1,148.9,NODATA,1068.7,335.6,276.4,624.1,194.5,214.8,89,175.3,660.8,428.6,425.3,240.9,273.4,206.89026616008584,20.284138159304742,1023,1339.3,NODATA,1020.9,NODATA,1066.4,927.6,931.8,874.1,515.7,77.7,412.9000000000001,57,98.4,73.3,62.5,2315,18.3
995,1588,1531,1494,1089,854,796,610,209,186,600,465,60.300000000000004,136.4,511,337,289,314,591,338,417,672,549.5,99,574,485,143,329,300,1110,NODATA,1151,1125,885,1875,960,104.65,162.7,199.89999999999998,137.1,323.1,427.6,402.7,665.8,416.7,218.1,391.7,531.9,546.7,1917.7,856.7,1154.8,1151.7,121.2,NODATA,1145.2,360.1,290.9,653.9,195,209.1,88,191.3,NODATA,433.3,411.9,232,277.9,203.91951060138518,21.290107228441737,1057.2,1360.6,NODATA,1055.5,NODATA,1105.8,1001.1,951.9,936,565,90.6,411.9000000000001,54,112.30000000000001,68.89999999999999,66.5,2405,15.5
996,1493,1418,1391,1047,848,822,600,241,173,542,432,65.7,139.3,491,307,222,277,526,246,364,586,475,106.5,581.5,438.49999999999994,157.5,332,293.5,934.4999999999999,NODATA,887.5,994.5,778,1740,935,74.65,159,208.2,132.5,323.2,412.5,361.8,609.7,404.5,209.8,324.8,471.6,517.5,1682,774.6,907.3,989.6,72.8,NODATA,992.5,327.5,256.4,590.7,177.7,206.6,88.7,190.7,601.8,386.9,367,216.5,260,189.40863060161163,20.937001033771065,929.8,1245.1,NODATA,929.1,NODATA,998.9,846,922.6,857,478.7,79.7,378.5999999999999,51.7,123.2,83,61,2233,17.2
997,1481,1398,1397,1005,807,839.5,637.5,282,176,533,410,61.8,153.4,471,317,252,277,541,253,377,571,450,100.5,579,429,148,386,299,999,NODATA,921,1010,740,1728,962,81.65,174.3,196,125.8,289.9,391,401.5,651.1,385.4,233,338.1,496.4,532.6,1759.4,697.1,940.4,1028.3,155.9,NODATA,1008.9,316.6,258.5,577.7,197,219.3,92.9,188.6,608.3,391.3,399.8,237.3,273.1,204.40677122897586,24.00315022636611,934.9,1224.2,NODATA,933,NODATA,982.9,852.2,876,779,470.4,79.4,397.70000000000005,54.400000000000006,103.69999999999999,71.10000000000001,69.6,2170,18.700000000000003
998,1464.5,1360.5,1373.5,989.4999999999999,799,824,588.55,240.49999999999997,156,523,409,71.3,146.3,472,317,231,255,530,232,336,548,450,98.3,569,396,162,299,268,935,NODATA,821,904,760,1725,926,65.35,155.5,196.70000000000002,126.5,310.6,331.6,336.5,594.7,407.8,226.6,339.1,484,524.8,1683.2,667.9,820.4,934.2,192.8,NODATA,954.2,324.8,251.2,579.0999999999999,169.5,194.5,83.2,188.8,544.9,363.1,361.1,206.5,254.1,187.9499140141719,15.3486429563019,961.2,1225.6,NODATA,957,NODATA,970.4,830.5,860.5,768.4,482.6,67.1,387.9,48.3,115.5,68.4,62.5,2178,16
999,1582,1508,1494,1085,869,892,673,298,197.99999999999997,552,434,62.5,139.4,503.5,305,255,305,559,238,406,631,515,97,592,453,149,361,306.90000000000003,1047,NODATA,895,1063,845,1853,1002,90.6,162.3,212.2,120.9,304.5,389.6,378.4,695.2,408,204.3,374.7,494.3,555,1865,803.1,1009.7,1085.6,83.1,NODATA,1083.2,317.4,275,600.1,195.4,216.6,90.1,191.9,672,420.4,410.3,243.1,275.9,199.3802367674363,21.54981956570158,978.8000000000001,1347.2,NODATA,978.4,NODATA,1039.6,921.6,915,895.7,492.8,71.5,425.79999999999995,51.3,116,79,69.1,2325,17.9
1000,1606,1550,1539,1176,937,828,631,252,196,609,456,62.800000000000004,129.4,491,306,262,301.5,629,233,383,641.9999999999999,519.5,109.85,581,442,153,390,342,1042,NODATA,892,1063,773.1999999999998,1868,957,95.5,156,205,131.9,311.1,426.2,398.9,687.1,402,217.9,369.2,470.5,557.5,1764.9,738.2,964.2,1044.3,106.3,NODATA,1077,339.1,284.2,629,196.2,231.6,98.6,205.9,673.8,426.6,412.9,241.2,299.5,215.4688763472308,25.280299121899603,1033.8,1358.4,NODATA,1033.2,NODATA,1082.8,981.8,976.7,927.5,545,78.4,383.5999999999999,57.599999999999994,123.5,85.39999999999999,68.5,2393,18.700000000000003
1001,1500,1431.4999999999998,1433.5000000000002,1050,856.5,833,624,242.5,188,539,426,62.5,140.5,533,355,302,294,599,297,422,624,493,97,582,432,166,351,281,1172,NODATA,1071,1129,785,1770,961,97.27,160.7,205.79999999999998,124.1,333.6,395.7,368.8,684.1,398.3,225.6,367.3,485.3,579.4,1811.5,822.8,1063.9,1149.8,92.4,NODATA,1147,353.8,268.9,629.5,188,208.5,86.6,190.4,654,420,403.9,238.8,269.7,197.8700788945177,15.292987685985787,942,1282.8,NODATA,941.2,NODATA,975.3,885.7,912.2,849.6,491.9,74,394.39999999999986,51.900000000000006,119.5,76,64.6,2250,17.1
1002,1533,1440,1439,1090,889,821,599,250,172,549,434,68.05,140.15,474,278.5,240.49999999999997,281,549.5,207,342,606,492,105,577,417,155,360,311,992,NODATA,791,961,790,1776,937.5,75.7,166.1,197,128.1,284.8,392.8,366,609.4,401.3,219.8,356.1,479.5,517.8,1713.7,720.1,812.8,986.7,72.7,NODATA,962.9,306,261.6,571.5,181.3,214.8,89.5,194,604.9,379.3,388.5,251,287.2,215.11612541548527,20.9014789307931,997.9000000000001,1279.8,NODATA,997.1,NODATA,1043.2,896.3,963.2,925.2,505.1,54.4,380.0999999999999,56.4,120.3,73.2,64.4,2240,14.399999999999999
1003,1482.5,1412,1407.5,1046,790,813.5,586,250.5,189,537,418,66.5,144.60000000000002,518,354,252,311,603,263,431,595,473,97.89999999999999,574,463,144,349,301,994,NODATA,1042,1120,766,1746.5,951,92.8,162,208,116.6,324,418.6,396.1,654.6,423.4,224.4,369.5,449.8,526.4,1766.5,776.3,1060.1,1134.1,111.1,NODATA,1136.1,319.9,254.8,573.8,189.8,214,90.3,187.8,708.1,425.1,440.9,251.1,275,206.62837292288344,26.40732059270575,942.7,1238,NODATA,939,NODATA,985,868.6,889.3,831.6,479.6,58,372,54.699999999999996,115.39999999999999,71.7,69.4,2205,16.7
1004,1491,1420,1406,1024,843,831,612,253,187,533,415,67.30000000000001,147.7,488,304,246,250,552,226,364,579,450,99.5,578,435.5,132,377,321.50000000000006,981,NODATA,825.5000000000001,972,719,1752,940,76.55,165.5,193.6,120.3,313.7,385.4,367.1,623.3,388.8,223.8,328.1,492.4,511.4,1727.6,734.8,842.6,1001.2,140.9,NODATA,1000,318.1,259.5,591.6,171.1,196,82.6,186.6,603.8,372.8,381.3,217.3,268.4,193.55626806295817,24.0567439719922,965,1251.3,NODATA,962,NODATA,1008.3,867.4,908,824.1,475.5,70.8,393.29999999999995,57.5,112.2,80.8,60,2179,16.4
1005,1562,1516,1482,1107,911,821,660,266,173,574,456,60.9,142,507,355,266,308,591,266.5,418,617.5,502.5,107.65,576.5,441,152,378,304,1087,NODATA,1005,1070,935,1830,959,93.6,161.5,197,128.3,331,386.9,375,659.6,409.6,220.8,349.6,481.7,559.2,1858.8,824.8,1037.2,1083.3,136.7,NODATA,1078.7,343.9,275.1,631.9,179.9,209.4,89.7,202.9,663,399.2,387.5,242.7,270.3,195.59640351695404,20.736431101774023,1022.2,1325.5,NODATA,1019.3,NODATA,1047.8,898.3,954.2,885.5,513.2,82.9,386.5,50.599999999999994,105.7,72.1,62.400000000000006,2367.5,18.1
1006,1570.5,1501.4999999999998,1487.5,1091,898.5,788,603.5,211,204,576,452,72.2,159,576,357,322,353,676,363,423,654,530,96,596,500,144,397,341,1278,NODATA,1225,1173,825,1812,917,123,174.4,206.70000000000002,118.1,343.1,477.9,418.3,687.8,424.7,227,413.4,485.3,544,1887,785.7,1279.2,1204.7,16.3,NODATA,1201.8,374,283.6,667.5999999999999,198.9,224,94.4,189.7,716.4,446.3,442.1,247.6,270.6,203.03112291968955,19.236350509699466,952.5999999999999,1321.7,NODATA,952.8,NODATA,1060.1,955.5,976.3,936.3,521.9,69,393.5,63.4,111.8,69.5,66.39999999999999,2370,16.8
1007,1565,1484,1475,1121,923,814,576,201,178,586,450,63,136.4,468.5,308,243,309,555,265,347,631,526,90,551,425,151,348,297,1013,NODATA,898,984,827,1829.5,925,80.15,158.2,191.29999999999998,119.1,298.3,375.5,380.1,664.3,395.1,207,365.3,463.6,538.9,1713.4,762,950.5,1001.2,142.8,NODATA,1014,340.6,274.1,618.2,174.4,195.2,84.7,185.8,601.4,403.8,382.6,223,280.9,204.99682510503663,16.51666849777518,1017.5999999999999,1316,NODATA,1015.8,NODATA,1045.7,950.6,979.7,874.8,537.1,82.9,370.79999999999995,47.400000000000006,110,73,60,2305,17.4
1008,1630,1578,1574,1158,949,833,629,241,211,609,470,68.5,152.5,545,388,301,317,648,295,435,670,542,110,594,509,158,367,324,1198,NODATA,1114,1146,871,1893,960,110.75,168.3,205.45000000000002,127.5,336.3,445.7,408.2,702,427.2,216.7,405.7,489.5,539.2,1979.2,827.2,1130.5,1168.5,90.2,NODATA,1168.3,348.2,303.6,659.5,180.4,223.3,97,204.9,691.5,425.4,411.9,258.8,287.6,214.3137948854262,25.905424964913216,1050.1,1394.8,NODATA,1048.1,NODATA,1113.3,991,985.6,959.9,537,83.2,414.20000000000005,56.8,129.55,88.75,66.25,2439.5,16.1
1009,1650,1550,1538,1149,944,855,652,260,229,611,447,64,142.89999999999998,556,384,292,364.5,671,334,491.5,696,540,108,583,445,170,455,352,1185,NODATA,1171,1269,865,1887,991,128.3,158.6,201.2,117.5,314,428.6,399.9,700.8,436.2,246.8,357.7,528.9,593.8,1942.5,814,1224.9,1228.2,119.5,NODATA,1274.7,368.1,296.9,666,205.5,229.7,97.3,197.1,NODATA,491.4,475.4,289.1,280.1,207.6720329291315,18.434948822921992,1041.2,1384.9,NODATA,1035.4,NODATA,1094.9,979.7,975.1,921.7,533.8,68.4,419.4000000000001,61,117.30000000000001,79.5,65.6,2417,17.5
1010,1538,1462,1447,1096,829,796,589,263,195.5,566.5,429,61,144.2,446,384,306,356,588,368,428,631,508,105,564,457,165,375,324,1204,NODATA,1186,1143,863,1772.5,944,112.3,161.7,191,126.9,331.1,435,381.1,692.5,431,223.1,355.1,459.1,546.2,1851.6,800.2,1199.6,1171.1,40.1,NODATA,1161.4,326.4,252.3,587.9,183.2,223.9,93.7,188.3,722,450.6,463.3,261.4,256,178.00776748339646,21.963638941511586,892.6,1321.5,NODATA,892.5,NODATA,1018.1,914.7,908.6,852.5,506.3,69.3,369.29999999999995,53.9,112.2,80,63.2,2247,19.3
1011,1517,1440,1444,1090,884,802,582,230,167,553,444,66.7,141,492,283,246,264,523,235,364,599,483,92,579,386,166,338,286,1016,NODATA,829,960,735,1764,912,73.2,169.6,199,125.6,332.8,360.1,338.2,568,406.2,214.2,341.8,459.2,468.4,1661.9,807.9,840.1,978.3,226.1,NODATA,975,314.4,259.4,580.7,158.3,193,83.8,175.8,600,369.2,391,225.5,254.8,190.1171473644249,17.30329984563626,1074.1,1298.1,NODATA,1072.7,NODATA,1076.5,922.1,945.4,848,502.8,76.1,372,53,108.6,70.4,58,2250,14.6
1012,1511,1439,1425,1052,856,738,573,226,181,546,411,65.8,131.5,545,381,306,302,699,310,431,609,487,99.7,561,426,145,410.5,312,1219,NODATA,1110.5,1096,845,1745,906,102.7,158.9,199.5,126,322.4,406.7,375.3,638.5,414,235.8,408.4,488.8,550.7,1833.3,831.9,1118.6,1133.7,101.4,NODATA,1128.1,317.3,268.3,592.8,173.9,215,93.5,182.7,NODATA,422.8,395.5,237.9,250.6,187.37052491965503,19.351079665268063,947.3,1255.2,NODATA,943.8,NODATA,1001.6,897.1,928.5,845.9,498.7,71.4,375.10000000000014,51.900000000000006,111.1,69.3,64.2,2215,18
1013,1514,1416,1423,1061,852,766,590,226,167,550.5,439,60.85,138,447,306,250,299,555,254,386,581,484,102.5,576,401,163,347,291,958,NODATA,886,987,753,1766.4999999999998,926,76.8,162,197,128.1,306.1,381.6,341.9,635.4,392.2,247.3,339.5,489.1,567.9,1720.7,818,908.8,1007.9,98,NODATA,1012.8,332,264.5,606.8,183,206.6,84.1,195.1,590,391,376.1,228.3,263.1,186.11463463682713,19.650233871986625,962.2,1276,NODATA,960,NODATA,992.1,891,920,864.2,495.5,78.4,383.4000000000001,44.6,115,74.9,65.5,2239,16.5
1014,1566,1488,1467,1058,853,850,653,278,186,551,435,66,142.4,490,298,250,259,579,243,357,601,491,100,565,447,149,378,313,1057,NODATA,827,993,777,1825,993,84.65,160.8,194.60000000000002,118.5,306.7,391.5,374.8,662.6,405.5,218.1,377.2,509.1,533,1830,792.6,818.8,1006.4,124,NODATA,1009.1,339.8,250.6,603.4,170.2,187.4,79,185.7,635.1,390.2,389,225.1,263,196.56936504779708,19.61433696608788,998.9,1327.5,NODATA,997.7,NODATA,1045.1,888.8,918.8,874.9,484.5,76.4,417.10000000000014,46.3,115.3,81.8,64.80000000000001,2262,16.45
1015,1504,1456,1404,1042,852,805,618,241,176,538,421,64.9,139.70000000000002,482,300,224,295,579,235,356,600,478,108,583,434.5,127,377.5,312.5,971.9999999999999,NODATA,900,972,815,1746,923,78.8,159.8,201.29999999999998,127.5,307.3,388.7,383.1,636.8,391,212.6,372.7,481.2,544.2,1723.3,734.2,910.9,1016.4,120.9,NODATA,1020,336.1,252.1,591.2,181.6,221.6,93.3,197,616.7,377.7,360.9,224.8,271,197.24585692915488,24.505280514886504,974,1243.7,NODATA,971.5,NODATA,996,897.5,922.5,853.1,482.1,74.4,374.79999999999995,45,107.8,73.2,62.699999999999996,2206,17
1016,1551,1467,1454,1114,887,791,595,234,175,563,446,68.2,134.2,440,304,224,262,495,256,345,629,503,105.7,558,405,153,298,283.5,923,NODATA,876,955,885,1797,931,72.8,159.1,193,124.1,300.1,388.8,362.6,645.5,420.7,213.6,368.2,454.4,535.5,1695,699.6,897,955.4,104.7,NODATA,964.1,345.8,274,626.1,180.6,208.9,90,193.9,566.1,384.2,370.9,227.6,265,196.9159627863528,18.82379789745065,1015.9000000000001,1320.1,NODATA,1015.4,NODATA,1042.8,914.9,953.1,911.2,536.5,77.3,360.5,54.5,107.8,80,64.2,2304,19
1017,1586.4999999999998,1514.5,1506.0000000000002,1118.5,907.5,835,632,266,207.00000000000003,576,439,60.8,150.29999999999998,528,355,269,293,592,262,402,628,476,107.2,590,444,160,411,336,1067,NODATA,954,1052,845,1848,974,99.35,170.9,203.1,134.3,326.9,405.1,393.3,660.1,414.6,210.3,393.1,488.1,525.9,1822.4,824.9,1006.2,1084.8,159.1,NODATA,1092.2,337.7,286.4,640,199.9,223.2,94.6,208.3,674.1,438.1,443.8,265.4,301.1,221.8896002371206,18.88422554545854,1035.8,1344.7,NODATA,1034.4,NODATA,1086.6,941.6,962.6,876.7,528.2,92.9,407.29999999999995,59.5,130.8,85.9,70.1,2351,20
1018,1562,1490.5,1476.25,1105,884.5,786.5,592,196,173,554,430,69.4,139,501,324.5,244,311,531,264,384,631,513,102,575,460,148,364,306,1004,NODATA,979,997,850,1820,952,86.3,164.1,202,126.6,298,419.9,419.5,665,424,217.9,371,457.6,533.2,1745,728.5,985.8,1025.4,67.7,NODATA,1033.7,360.4,270,646.5,196.5,207.4,86.9,202.3,639.4,412,397.2,222.6,283,204.05752220516538,24.39373938616315,990.8000000000001,1286.3,NODATA,990.3,NODATA,1046.4,926,936.1,923.1,508.7,77.2,375.29999999999995,48.4,127,70.19999999999999,71.8,2295,17.4
1019,1533,1473,1444,1098,884,804,596,223,172,563,450,71,155.6,524,327,275,321,575,266,383,622,496,101,593,485,168,346,308,1096,NODATA,956,1026,835,1797,945,91.5,170.4,209.3,124.7,334.9,435.9,416,643.8,421.2,186.4,366.3,468.5,499.3,1819.7,803.1,989.8,1106.9,86.9,NODATA,1046.9,335.9,276.2,615.7,180.1,204.4,86.7,191.3,616.5,394.6,436,252.2,273.9,207.113674696291,20.543393420985975,1008.6999999999999,1281.5,NODATA,1007.4,NODATA,1063.3,914.4,942.8,921.8,507,73.2,368.0999999999999,51.25,110,76.10000000000001,73.14999999999999,2285,17.7
1020,1577,1524,1491,1079,876,832,635,260,215.5,566.5,426,66.95,147.4,523,380,297.5,309,620,312,426,643,486,112.2,578,439,160,396,340,1153,NODATA,1111,1135,825,1840,975,110.6,165.9,196.5,131.6,336.2,445.5,432.7,643,407.4,239.8,394.1,536.6,531.1,1944.1,792.9,1132,1168.8,164.5,NODATA,1142.4,330.4,259.1,594.8,196.3,233.6,98.2,207,683.6,438.8,461.1,261.5,279.3,204.69063264344962,23.87113063992492,1020,1296.3,NODATA,1019.1,NODATA,1089.8,938.4,953.9,855.5,508.8,78.5,431.29999999999995,61.900000000000006,132.5,88.4,70.9,2307,21.299999999999997
1021,1512,1432,1413,1047,847,799,587,234,197,543,413,69.2,141.5,496,309,278,305,564,309,384,614,474,103,569,443,158,353,323,1061,NODATA,995,1070,725,1763,940,92.85,159.2,198,118.3,310.3,429.5,377.6,637.3,384.8,241.9,346.8,495.3,539.4,1767.1,746.2,991.6,1088,172.9,NODATA,1068.9,316.8,254.9,577.1,186.8,211.7,88.2,182.9,674.7,421.3,438.9,246.9,269.7,208.49768711090908,14.99738315633904,987.9,1260,NODATA,986.2,NODATA,1009.6,885.3,921.2,815,484.4,68.4,390,62.1,121.25,84,64.80000000000001,2186,17.2
1022,1483.5,1397,1389,1029.5,821,796,598,233,173,529,408,63,142.10000000000002,488,328.5,314,342,558,223.5,352,582,464,95.8,569.5,472,159,356.5,302,1025,NODATA,853.5,939,825,1729,930,75.5,165,193,NODATA,NODATA,422,386.7,674.5,415.2,224.9,351.8,467.2,545.3,1731.1,770.5,878.3,982.5,66.5,NODATA,955.6,336.7,265.3,612.7,189.4,207.8,86.4,178.7,558,371,365,215.7,260.4,189.63568716115293,17.359737931302774,942.8,1238.8,NODATA,942.8,NODATA,961.8,847.6,887.3,876.3,472.9,66.3,386.6999999999998,53.5,101,69.9,69.80000000000001,2185,18.400000000000002
1023,1556,1477,1465,1089,891,793,594,215,183,570,441,67.2,140.8,525,356,303,301,574,291.5,372.5,616,492,96,568,441.50000000000006,152,342,310,1125,NODATA,1016,1021,855,1807.4,923,91.6,158.7,191.45,123.2,322.8,419.7,416.4,675.4,413.3,218.3,411.2,483.5,519.1,1826.8,794.7,1032.9,1047.4,144.8,NODATA,1019.1,346.7,282.5,637.3,191.3,215.3,90.2,181,634.9,404.8,394.9,223.7,266,197.68081738111744,23.16417863819846,983.5,1290.3,NODATA,982.2,NODATA,1056.6,936,932.2,838.7,527.1,76.1,393.20000000000005,54.5,108,74.3,72.30000000000001,2295,19.3
1024,1424,1385,1351,991,839,762,593,235,162,526.5,403.49999999999994,65.85,138.25,500.99999999999994,343.5,263.5,280,613,258,374,575,465,96,581,425,142,329,290,1085,NODATA,969,1023,872,1686,880,79,160.2,205.39999999999998,125.4,310.7,425.7,341.8,601.7,385.3,166.3,404.1,457.1,500.5,1734.7,801,968.4,1033.9,93.4,NODATA,1025.7,323.8,255.6,582.3,180.5,213.3,89.3,189.5,591.7,390.2,380.4,224.6,253.4,184.76077239850287,17.470087932165093,901.3,1226.3,NODATA,901.8,NODATA,974.5,850.9,870.3,807.9,482.9,69.5,371.4,53.2,121.4,77.4,57.400000000000006,2144,18.3
1025,1416,1341,1332,965,771,746,553,201,191,513,426,65.6,143,511,333,297,301,609,346,466,569,443,97.8,556,454,141,394,312,1111,NODATA,1080,1083,910,1652,879,92.85,156.2,195.3,111.6,335.8,404.2,393.2,617,400.8,204.7,373,481.9,490,1793.9,774.8,1124.4,1112.5,39.6,NODATA,1116.2,311.8,279.2,600.7,193,199.3,84.3,166.3,676.5,417,427.9,236.7,251.2,176.19732997668586,19.6509502164791,835,1169.8,NODATA,834.7,NODATA,961,834.7,846.4,795.4,460,58.1,373.30000000000007,49.39999999999999,102.5,77,61.75000000000001,2090,18.1
1026,1499.5,1401.5,1396.0000000000002,1025.5,809.4999999999999,779.5,577.5,237.00000000000003,174,543,444,58,127.5,490,296,250,283,585,273,379,604,486,101,569,431,160,338,306,963,NODATA,898,1015,722.5,1748,917,79.85,162.5,207,125.7,307.4,391.3,360.9,609.3,413.2,224.4,340.5,496.5,531.4,1782.8,820.9,943.4,1038,160.2,NODATA,1023.8,310.3,252.3,569.2,194.2,227.6,96,195.6,615.3,391.8,379.7,228.7,273.2,197.85220257073001,25.229587702506493,956.5,1247.3,NODATA,954.1,NODATA,1003.2,886.9,907.3,796.3,484.1,89.3,389.29999999999995,59.2,113.80000000000001,69.6,59.3,2210,16.7
1027,1598,1486,1510,1100,929,846,602,230,176,566,439,62,134.2,462,296,204,292,537,255,344,640,519,93,574,416,175,297,282,944,NODATA,873,984,817,1846,978,78.9,156.6,202.89999999999998,133.3,290.6,380.6,364.9,623.7,397.2,241.4,350.2,531.5,561.1,1747.3,741.7,911.7,1020.8,133.2,NODATA,998.8,343,270.8,619.3,175.1,202.4,86.7,189.3,610.2,398.3,386.1,222.5,275.6,201.3935930679732,25.094411820130933,993.9000000000001,1333.9,NODATA,993.4,NODATA,1079,949.6,964.3,860.7,508.9,79.8,413.39999999999986,48.650000000000006,120.04999999999998,78.5,65.19999999999999,2313,16.200000000000003
1028,1655,1576,1551,1164,924,844,676,265,212,604,469,68,154.9,568,317,295,326,669,264,386,667,518,114.39999999999999,596.5,471,150.5,448.5,365.99999999999994,1171,NODATA,988.5,1129,950,1898,989,113.25,167.2,212.2,134.3,312.9,431.9,401.7,708.8,460.6,254.5,419.4,520.6,595.2,1933,825.6,1001.6,1094.2,125.5,NODATA,1161.1,357.8,293.3,654.9000000000001,203.6,240.3,104.4,204.7,683.8,426.6,417.2,250.4,300.2,217.7654584155963,19.325100789303605,1053.9,1383.3,NODATA,1052.4,NODATA,1088.4,950.1,987.9,928.4,545,97.4,400.0999999999999,63.2,124.39999999999999,76.3,67.1,2392.5,21.8
1029,1524,1414,1429,1097,899,794,561,185,163,560,451,63.099999999999994,135.1,460,303,252,284.5,527,259.5,368.5,619,509,92.5,571,445,170,317,289,995,NODATA,917,976,749,1784,919,78.3,156.5,199.3,141,308.4,400.1,370.4,656.4,405,188,364.1,443.8,519.3,1803.6,783.1,932.1,999.5,61,NODATA,1003.7,343.6,277.7,627.4,171.2,208.4,89.6,191.9,566.2,384.6,359.5,212.2,252.1,182.8672721792792,21.801409486351822,960.8,1314.1,NODATA,960.8,NODATA,1034.7,929.2,931.1,899.8,506.1,69.5,349.9000000000001,55.300000000000004,113,76.9,63.7,2273,17.5
1030,1481.5,1391,1395.5,1067.5,844.4999999999999,730,553.5,176,170,544,415,69,144.1,449,291,251,286,479,288,330,587,470,97,564,379,151,311,294,1002,NODATA,946,940,827.5,1699,861,72.75,158.6,199.5,107.5,304.2,377.5,357,610.4,381.5,236.2,332.4,438.4,514.2,1677.4,754.4,961.9,972.9,98,NODATA,970.7,332.3,258.8,597.5,169,195.5,84.5,185.1,569.8,369.9,376.6,216,256.3,186.17799867444577,21.182443860543692,947.5,1238.5,NODATA,945.7,NODATA,989.4,875.6,909.2,849.5,491.5,76.3,348.9000000000001,47.7,118.80000000000001,77.1,69.1,2165,18.2
1031,1574,1501,1490,1093,901,868,642,272,163,564,456,73,141.6,489,304,234,270,520,227,348,603,475,100,577,432,150,342,322,956,NODATA,821,918.5,787,1855,988,73.35,158.7,206.9,128.6,311.7,372.2,362.5,638.7,406.5,226.7,359.9,494.8,527.3,1797.6,847.6,832.4,956.1,179.2,NODATA,949.2,335.2,267.3,608.8,181.9,205.2,85.4,201.8,554.5,371.3,353.4,227.5,277.2,208.1755952127983,22.372266373918947,1022.0999999999999,1341.9,NODATA,1021,NODATA,1069.2,922.7,933.5,842.9,525.7,75.9,410.6999999999998,54.35000000000001,123.9,85.5,63.849999999999994,2298,17.650000000000002
1032,1518,1467,1440,1093,884,817,628,269,200,548,427.5,65.8,144.75,543,357.5,264.5,276,617,268,414,629,504,107.4,585,445,131,362,291,1102,NODATA,1035,1108,747,1766,923,94.35,159.7,210,113.3,323.1,420.8,375.6,640,392,171.2,349.1,438.5,486.3,1833.4,795.1,1077,1134.3,88.6,NODATA,1112.3,328.3,274.6,607.7,183.2,218,90.5,196.5,643.3,396.3,400.5,234.7,275.4,205.42098344141937,19.006396885772872,1022.2,1308.3,NODATA,1019.7,NODATA,1050.2,912.3,971.1,933.6,491.1,75,372.0999999999999,47.400000000000006,117.89999999999999,83.9,61.5,2230,15.700000000000001
1033,1439.5,1373.9999999999998,1359.5,1023.5,823,721,546,197,172,526,400,59.2,143,461,292,235,264,488,259,363,578,457,98.5,573,399,139,350,299,921,NODATA,912,957,795,1677,865,74.6,163.3,199,118.9,303.4,394,356.8,589.6,373.6,203.4,342.1,431.6,486.4,1626.3,755.8,926.8,996.6,129.5,NODATA,978.5,311.4,240.7,563,176.3,201,87.4,194.6,622.6,393.8,384.3,237,260.8,187.63407548541505,21.614778942786256,913.7,1203,NODATA,913,NODATA,976.8,860.2,866.4,784.2,466.2,69.4,349.5999999999999,56.900000000000006,117.89999999999999,80.5,67.30000000000001,2100,18.1
1034,1453,1381,1355,1035,840,758,577,217,182,543,418,62.300000000000004,139.3,491,303,241,283,547,245,351,586,479,99.5,576,399,137,354,292,988,NODATA,875,957,750.5,1680,867,70.45,158.9,209,120.6,295,375.2,347.3,606.4,383.2,220.6,344,445.9,537.7,1650.4,755.9,883.4,980.8,63.1,NODATA,977.4,319.9,265.5,592.5999999999999,172.1,207.3,87.4,183.1,561.3,374,355.3,217.1,248.2,185.34842681171273,23.126520388748812,920.1,1202.6,NODATA,918.6,NODATA,951.6,865.2,866.2,857,482.4,72.8,332.79999999999995,50.099999999999994,108.9,74.5,61.2,2155,13.4
1035,1626,1503,1504,1115,901,849,645,275,205,584,418,64.5,149.2,502,312,252,290,516,262,423,630,490,106.5,590,441.5,152.5,351,307,1014,NODATA,945,1009,843,1863,1004,97.9,168.6,201,135.1,316.6,400.6,370.9,653.5,408.1,227.5,348.8,522.9,579,1903.6,887,996.4,1112,104.7,NODATA,1130.8,327.3,279.6,609.6,182.7,212.4,87.8,203.9,719.4,449,429.1,252.8,283.4,208.35318276940274,29.753810045430516,1015.6,1343.7,NODATA,1011.7,NODATA,1066.8,928.6,965.2,910.9,521,79.6,412.3000000000002,54.900000000000006,119.2,83.4,65.9,2332.5,19.6
1036,1604.5,1511.25,1499.5,1118,882,863,623,237,194.5,577,446.5,59.699999999999996,146.3,499,346,253,298.5,536,287,395,633.5,508.5,106.4,574,470,139,360,322,1020,NODATA,992,1067,830,1867,999,90,158.8,203.5,137.9,342,414.7,394.4,700.6,399.2,227.9,362.6,497.9,570.2,1867.2,748,1027.2,1083.6,109.3,NODATA,1083.4,342.4,274.6,624.4000000000001,203.3,226.1,93.3,190.6,654.2,402,382,240.7,276.4,201.46158565864425,20.151747034211883,1000,1356.2,NODATA,1000.2,NODATA,1055.2,913.5,967.8,890.7,512.5,68.9,396.60000000000014,57.5,116.4,75.7,76.6,2345,19.5
1037,1453.5000000000002,1365.5,1374.5,1028,NODATA,782,585,275,172,525,425,59.699999999999996,131,485,315,285,283,572,300,361,591,489,92,561,417,160,371,305,1105,NODATA,1031,1019,765,1686,884,84.75,158.5,194.8,127,303,391.2,384.7,616.6,406.8,214.2,346,455.4,508.2,1820.6,782.2,1046.9,1036.3,98.5,NODATA,1032.9,315.2,256.3,582.3,182.9,192.9,77.6,172.1,629.8,397.9,375.8,224.9,257.7,186.0134141986458,17.12306104041789,957.7,1212.3,NODATA,955,NODATA,986.6,867.8,916.1,859.2,461.9,72.5,360.1999999999998,50.7,112.2,73.3,61.3,2075,14.1
1038,1633,1547,1555,1157,942,844,613,205,197,625,479,57.1,141,489,335,246,283,503,272,362,649,518,105,594,421,153,316,294,960,NODATA,927,992,925,1899,970,86.3,166.4,210.15,128.4,324.6,385.6,338.5,626.6,429.4,230.6,381.1,512,561.5,1764,795.8,1000.8,1029.8,134.6,NODATA,1011.8,358.4,294.3,658.9,200.6,230.5,98.6,219.8,623.5,403.5,393.1,223.1,287.6,206.25947395085927,22.30040999277375,1047.3999999999999,1390.6,NODATA,1045.3,NODATA,1112.5,982.3,1002.5,912.8,573.4,85,395.29999999999995,54.5,143.95,106.6,70,2410,17.05
1039,1469,1415,1404,1031,796,809,623,234,192,539,403,62.400000000000006,146.75,475,362,312.5,286,554,367,413,596,478,107.5,562,451,141,358,309,1118,NODATA,1168,1079,800,1725,931.4999999999998,99.3,159.7,193.5,121.6,319.1,417.5,395.6,672.9,369,228.5,359.6,437,481.6,1852.4,782.8,1167.7,1123.7,52.5,NODATA,1115,349.5,246.7,601.2,199.1,215.5,90,192.7,641.2,404.5,426.4,239.7,254.8,180.5872674421662,20.232445261855,866.1,1267.6,NODATA,866.7,NODATA,999.7,859.7,899.5,813.6,474.9,78.9,384.6999999999998,52,123.5,87.69999999999999,72.30000000000001,2195,17.5
1040,1556,1466,1479,1097,873,824,594,208,175,569.5,438,58.5,135.1,498,292,249,310,572,253,385,617,512,100,574,448,161,362,292,1004,NODATA,946,1006,805,1810,942,82.7,156.7,198,124.6,316.4,419.7,382.6,670,406,204.7,344.4,485.1,533.5,1831.9,744.8,968.3,1044.4,121.6,NODATA,1018.9,343.3,284.6,634.5999999999999,184.1,204.2,86.1,192,596.6,383.8,374.5,222.9,267.3,201.9218333385926,17.319396786750303,956.2,1330.4,NODATA,955.4,NODATA,1047.8,925.3,969.1,834.6,508.5,78.5,401.1999999999998,60.199999999999996,119.60000000000001,82.30000000000001,67.6,2305,16.1
1041,1604.5,1512,1524,1146.5,940.5000000000001,821,621,218,183,597,458,67.2,148.2,493,336,267,289,540,263,380,653,540,110,596,411,155,363,324,1055,NODATA,967,1000,802.5,1858,927,90.85,166.2,202,112.6,319.6,390.3,373.7,631.3,414.9,239.5,355.7,482.2,518.7,1758.3,769.9,977.1,1020.8,177.6,NODATA,1022.8,336.2,277.7,620.7,184.8,218.3,91.4,209.2,639.7,425.5,426.4,253.1,299.3,217.2839947762791,16.398192671557833,1064.3999999999999,1356,NODATA,1062.6,NODATA,1106.6,963.2,1002.5,886.8,543.4,89.7,401.4000000000001,54.3,133.3,83.4,62,2385,18.700000000000003
1042,1554,1473,1474,1078,864,817,596,236,199.5,561.5,431,69.3,147.5,542.5,374,296,306,641,289,405,629,505,101.7,595,501,138,400,339,1145,NODATA,982,1090,800,1813,976,101.9,166.5,206,139.6,312.3,452.7,408.6,689.3,403.5,245.6,410,494,531.7,1789.1,785.2,982.3,1166.7,146.2,NODATA,1099.9,338.8,262.9,610.3,212.4,216.6,89.6,187.3,658,406.7,415.7,250,266.7,199.55019332841425,22.735656931094738,1012.9000000000001,1313.3,NODATA,1011.1,NODATA,1039,905.6,925.6,866.7,498.1,88.4,409.79999999999995,55.5,103.5,70,65,2257,19.2
1043,1521,1451,1434,1069,865,790,590,204,177,555,436,63,151.4,462,311,257,299,479,287,360,627,516,95,596,452,145.5,320.5,282.5,1002,NODATA,979.4999999999999,990.5,826,1771,917,78.75,163.3,208.9,129.5,336.5,418.7,374.8,624.5,387.6,208.3,340.8,466.7,526.2,1724.5,715.8,950.9,995.2,78.3,NODATA,999.5,349.9,255.6,605.8,173.2,197.9,86.3,177.7,561.6,371,368.3,220.7,263.2,198.3531135174966,16.76140269526848,945.5999999999999,1279.6,NODATA,945,NODATA,1031.2,921.3,930.1,867.3,489.4,67.8,373.0999999999999,53.2,116.19999999999999,85,71.39999999999999,2206,16.299999999999997
1044,1512,1449,1439,1044,829,847,626,267,173,527,414,62.599999999999994,135.1,454,280,223,259,468,198,363,593,477,89,583,396,141,301,256,888,NODATA,792,941,715,1765,955,67.45,161.3,203.35000000000002,113.2,292.5,366.9,357.1,674.1,380.7,207.5,327.6,486.7,564.5,1740.2,789.2,867.1,998.2,182.3,NODATA,982.6,333.4,258.1,601.7,162,189.4,81.5,179.5,575.8,358.9,362.8,211.1,263.5,197.69228444699132,14.263656613563871,973.5,1285,NODATA,972.4,NODATA,972.9,866.3,897.1,791.2,476.8,68.4,409.8000000000002,48.7,110.7,81.8,58.05,2205,13.700000000000001
1045,1428,1371,1361,1028,833,749,557,188,185,544.5,413,60.55,154.14999999999998,504.5,345,276.5,313,584,269,404,599,479,106,593,450,144,361,315,1071,NODATA,1048,1062,740,1686,885,89.1,167,202.5,126.4,325.6,442.5,415.7,599.8,398.3,207.6,382,414.5,475.4,1681.1,642.3,1050,1088.5,105.7,NODATA,1081.4,327.7,250.4,580.6,190.9,218.2,93.9,190.9,649.8,418.9,414,245.2,270.5,200.40819369230803,20.967731359766816,911.9000000000001,1165.6,NODATA,911.4,NODATA,986.8,871.2,856.5,806.2,481.9,78.8,340.5,58,112.10000000000001,79.80000000000001,70.1,2155,18.9
1046,1399,1326,1320,988,792,739,536,192,173,508.5,392.5,65.85,136.95,458.5,295,234,256,519,248,354,562,445,97,577,435,146,315,297,956,NODATA,870,937,748,1640,886,69.25,160,204.20000000000002,122,298,398.6,347,572.9,395.6,200.2,357.9,453.2,488.9,1606.1,648.5,873.1,951.9,148.8,NODATA,959.8,301.4,247.8,554.4,175.4,219.3,90.9,178.5,591.3,372.3,372.8,217.9,255.9,188.6065879075989,22.701003362638584,909.2,1183.7,NODATA,908.3,NODATA,961.5,826.2,843.4,760.4,460.7,64.8,345.4999999999999,55.4,105.60000000000001,74.7,62.199999999999996,2040,18.3
1047,1517,1437,1440,1084,876,744,541,172,175,555,416,64.05,144,497,308,237,267,557,238,371,618,509,94,573,392,155,370,305,975,NODATA,836,1015,705,1757,894,79.25,166.3,197.8,115.6,318.5,372.4,344.8,597,416.1,218.6,361.7,464.7,500.6,1707.7,764,877.4,1028.2,186.3,NODATA,1022.5,332.4,269.7,607.4000000000001,172,195.9,83.2,174,651.7,395.3,384.8,216.5,254.2,189.56732001378452,26.242715452497123,1011.2,1285.4,NODATA,1007.9,NODATA,1044.1,901.5,948.2,824.9,504.3,79.7,367.29999999999995,56.5,114.5,71.7,60.5,2245,15.2
1048,1560,1484,1473,1109,886,834,617,236,189,558,432,69,138.5,484,312,254,282,553,257,375,624,496,104,584,417,150,342,305,1010,NODATA,883,1000,750,1810,950,81.2,161,206,118.7,301.8,381.4,349.8,622.4,410.3,235.2,357.8,474,532.1,1752.8,787.2,907.2,1008.7,105.7,NODATA,1019.1,343.1,284.3,632.2,191.6,221.4,94.3,206.6,612.6,391,377.6,231.4,294.4,214.58629520502484,21.051583771494656,1009.8000000000001,1325.2,NODATA,1008.8,NODATA,1055.5,919.1,959.1,904.1,493.2,69.3,387.0999999999999,53.2,122.89999999999999,78,60.599999999999994,2318,14.5
1049,1502,1414,1413,1040,838,807,612,227,179,522,417,63.8,145.5,513,344.5,257.5,283,566,245,386,606,495,95,574,395,161,360,297,1057,NODATA,916,1025,814,1731,897.5,79.1,162.6,200,129.8,328.7,391.9,333.6,653.9,412.3,235.3,306.4,457.8,523,1677.2,715.1,944.9,1038.3,86.2,NODATA,1052.9,307.5,256.9,569.9,176.5,202.5,84,190.7,633.3,388.1,371.3,219.4,254.7,186.23593781222522,23.859281341428005,926.2,1296.4,NODATA,925.3,NODATA,986.7,883.6,893.8,840,478.6,72.4,386,51.900000000000006,105.39999999999999,77,65.19999999999999,2215,16.5
1050,1640,1567,1570,1175,955,841,629,232,177,593,455,63.5,143.7,506,336,253,325,569,240,404,666,537,96.89999999999999,580,438,141,354,295,1037,NODATA,941,1046,865,1925,989,88.75,170.9,194.5,137.4,301.3,377.9,408.5,705.6,419,214.2,386.4,482.5,560.6,1809.1,812,976,1071.4,107.1,NODATA,1070.8,356.2,279.5,643.3,169.6,179,77,192,631.7,403.7,378.4,213,273.7,197.75486345334303,15.590668480324325,1079.6,1381.6,NODATA,1079.1,NODATA,1098.2,982.8,1005.3,972.5,543.1,70.6,401,48.9,116,73.1,66,2435,16.5
1051,1456,1377,1380,1023,818,795,612,277,187.00000000000003,529,410.5,59,139.05,483,308.5,261,267,570,257,374,594,487,91,562,425,155,377,299,1038,NODATA,917,1037,715,1610.5,905,79.65,157,194,121,314.7,420.3,352.2,611.5,406.8,205.7,333.9,454.5,499.4,1735.1,775.3,921.6,1018.5,158,NODATA,1034,304.1,245.5,553,166.3,196.6,82.8,178.1,656.5,372.7,379.1,207.8,244,182.25262223455252,30.134004657057524,928,1230.2,NODATA,926.5,NODATA,979.9,848.8,905.5,770,468.1,65.2,372.1,51.3,103.80000000000001,76.7,64.4,2090,16.7
1052,1523,1454,1442,1058,875,815,611,240,196,560,425,63.2,143,514,358,276,295,574,288,386,623,485,106.7,570,446,148.5,362,308,1060,NODATA,1022.5,1053,775,1781,937,92.05,159.9,200,120.8,311.6,417,399,653,398.8,210.5,349.8,478.6,523.7,1886.9,812.8,1042.2,1072.4,107.8,NODATA,1056.6,335.4,260.2,605.4000000000001,181.8,204.4,85,183.3,626.6,412.8,418.1,231.3,273.6,198.7977722363181,27.611035157440252,951.5,1275.9,NODATA,950.2,NODATA,1030.7,926.5,942.1,843.7,504,66.3,393.60000000000014,52.1,112.69999999999999,72.4,64.7,2210,17.8
1053,1580,1499,1488,1123,908,826,618,219,175,579,447,76.7,153.9,510,363,245,305,581,271,387,626,496,106.89999999999999,616,431,156,339,303,1036,NODATA,1011.9999999999999,1010.5000000000001,825,1836,956,90.85,172.4,217,126.3,332.6,427.6,408.3,700.8,415.2,238,384.5,489.3,582.7,1828.6,762.1,1021,1037.1,65.3,NODATA,1035.7,354.2,275.2,632.0999999999999,181.5,214.4,91.3,210.9,602,413.4,415.8,222.7,272.8,201.38944269180155,17.57042345328694,986.8,1300.7,NODATA,986.1,NODATA,1022.3,918.4,939.9,921.5,509.8,76.8,383.70000000000005,52.699999999999996,127.85,93.10000000000001,71.6,2273,18.5
1054,1583,1523,1509,1131,919,844,642,250,182,581,463,72.30000000000001,144,510.5,305,268.5,282,592,233,387,650,533,99,590,419,136,373,324,1085,NODATA,919,1043,795,1852,962.5,89.3,166.4,207,134.6,314.5,380.3,371.2,655.5,398.9,205.6,380.5,466,537,1841.4,782.4,954.1,1065.2,185,NODATA,1045,351.1,287.1,648.2,181.6,212.5,86.9,193.5,641.3,405,378.7,239.6,269.7,198.7573644410365,21.260302671894145,1058.3,1356.6,NODATA,1054.1,NODATA,1082.1,941,977.2,873.3,525.6,72.4,394.29999999999995,54.5,99.9,68.2,59.6,2344,15
1055,1623,1541,1551,1174,954,806,591,204,201,619,468,61.8,139.2,495.5,361.5,302.5,308,600,343,430,681,541,114,585,448,140,348,308,1146,NODATA,1139,1108,786,1857,928.5000000000002,107.05,160.5,204,119.6,291.1,404.2,381.8,708,410.1,224.1,377.9,468.9,580.6,1880.8,834.9,1167.7,1135.9,53.2,NODATA,1130.3,342.3,282.9,631.6,201.1,221.3,94.4,189.8,674.9,442.7,444.9,250.9,290.6,217.88632092736748,12.18226488146091,985.5,1392.8,NODATA,985.3,NODATA,1074.4,985,1001.1,932.3,563.7,82.5,399.20000000000005,54.1,115.7,75.7,69.7,2365,15.5
1056,1450,1358,1378,1005,803,760,547,194,161,515,410,62,139.3,442,290,226,270,531,241,345,579,481,89,556.5,384,134,314,268,916.9999999999999,NODATA,855,914,755,1686,882,63.5,161.9,191.5,115.8,289.4,361.9,338.7,625.1,373.7,200.9,337,462.3,527.4,1621.7,722.1,876.4,933.5,92.7,NODATA,934.6,332.7,252.1,592.7,158.3,180.7,78,184.4,538.7,367,347,204.9,255.4,193.3382553981881,16.971506359667412,920.4000000000001,1227.1,NODATA,919.9,NODATA,950.5,867.6,861.2,827.7,437.4,68.9,373.6,48.099999999999994,113.2,76.39999999999999,67,2139,14.1
1057,1574,1514,1513,1108,906,836,612,243,196,560,411,65.7,140,550,364,293,321.5,599,306,418.49999999999994,651.9999999999999,512,95,587,460,150,398,322,1162,NODATA,1092,1154,825,1821,953,110.8,165.1,205,134.5,358.7,431,428.4,713.7,425.3,235.3,407,491.9,544.9,1844.1,818,1129,1189.1,123.7,NODATA,1182.3,363.9,259.5,635.9000000000001,203.6,214.1,89,196.2,740,446.4,444,265.1,263.8,199.96490168588272,19.493871579551236,1000.2,1321.9,NODATA,998.8,NODATA,1048.9,937.6,983.5,876.5,523.6,78,397.79999999999995,57.300000000000004,125.39999999999999,88,64.6,2360,18.2
1058,1551,1470.5,1484.5,1074,868.5,847.5,617,252,181,551,427,70.3,135,486,321,258,279,552,274,367,642,530,111,582,457,137,368,328,1061,NODATA,947,1063,848.9999999999998,1827,983,88.35,160.3,208,NODATA,NODATA,411,370.6,676.1,411.8,221.7,376.1,491.8,535.3,1839.1,791.3,963.3,1035.9,158.5,NODATA,1032.3,329.7,257.4,594.5999999999999,179.1,202.2,86.1,200.1,639.1,394,383.9,217.1,289.9,210.71194865058686,25.539811891081563,997.1,1335.6,NODATA,995.2,NODATA,1041.7,910.9,939.5,838.6,492.4,67.3,424.89999999999986,50.300000000000004,119.39999999999999,71.2,62.9,2278,16.9
1059,1558,1484,1492,1124,913,808,614,236,183,563,428,55.199999999999996,141.8,507,351,280,285,543,277,397,638,520,100,555,448,160,332,298,1113,NODATA,1005,1050,780,1796,924,89.3,155.7,195.3,117.8,294.7,426.3,390.9,704.8,428.2,220.3,404.7,436.4,544.5,1762.2,753.5,1007.3,1061.2,80.1,NODATA,1060.6,345.8,259.7,615.4,174.2,213.9,89.1,193,630.1,386.2,415.7,225,282.2,212.00639252780212,17.086048975487753,1002.8000000000001,1346.9,NODATA,1002.6,NODATA,1044.4,923.7,979,922.7,499.7,60.3,370.3000000000002,49.85,120.85000000000001,79.6,61.99999999999999,2322.5,17.8
1060,1474,1394,1399,1047,873,756,550,196,181,545,423,65.9,140.39999999999998,503,319,251,284,547,226,384,620.5,488,99.5,551,409,162,350,297,1040,NODATA,902,1028,934,1710,874,82.45,160.5,186.4,120.6,309.1,390.1,360.6,624.1,422,169.5,416.8,441.1,510.2,1678.3,762.8,933.3,1038.8,105.8,NODATA,1058.3,319.9,263.2,590.3,179.1,213,91.4,165.4,649.4,413.8,404.5,237.9,266.4,196.07352624747074,26.370315516191997,978,1248.3,NODATA,976.8,NODATA,996.2,890.1,891.7,872.2,497.9,79.7,358.29999999999995,49.6,108.4,72.9,67.8,2176,17
1061,1568,1479,1482,1116,884,855,601,225,158,567.5,467.5,63.849999999999994,128.55,481.5,273,220,284,521,215,357,599,492,97,557,447,162,330,288,919,NODATA,757,959,775,1839,957,74.4,156.3,194.5,137.3,310.4,383.5,353.8,688.3,416.4,202.1,356.5,475.5,582.4,1738.1,828.8,891.3,971.5,129.5,NODATA,966.7,348.2,270.5,625.4000000000001,186.9,205.3,84.4,205.1,563.6,384.3,373,228,268.5,196.31217878844933,21.644435140713988,1003,1342.6,NODATA,1003.4,NODATA,1013.7,912.9,960.2,873.5,517.7,74.6,386.29999999999995,48.2,111.4,71.39999999999999,56.4,2370,15.1
1062,1589,1545,1498,1152,954,802,623,228,167,595,478,66.39999999999999,130.1,455,295,212,310,501,240,376,620,496,93,545.5,399,154.5,308,276,910.5,NODATA,928.0000000000001,938.0000000000001,815,1834,904,69.25,148.2,195.9,135.4,311.2,361.9,360,586.4,386.4,235.7,322.9,474.8,494.2,1733.9,721.9,914.8,955.7,113.2,NODATA,954.5,366.9,282.6,659.2,176.3,206.6,88.5,189.7,536.1,386.7,340.3,216.7,266.8,202.40342920674027,15.801285116387705,1078.6,1349.2,NODATA,1077.4,NODATA,1131.7,968.8,1014.5,965.4,563,77.2,360.5,58.3,119,75.9,66.8,2305,16.9
1063,1569,1470,1470,1075,854,835,604,246,165,563,445,62.5,137.79999999999998,490,305,237,262,537,217,375,610,492,102.8,584,397.5,175.5,328.5,293,949,NODATA,790,956.5,760,1814,957,75.15,160.6,201,139.3,302,370.6,390.2,659.6,429.2,236,355.8,520.6,573.7,1720.7,747.8,830.6,972,188.7,NODATA,964.5,327.5,268.8,599.4,182.5,203.5,84.8,193.5,597.7,390.3,403.1,248.4,285.4,206.19755693247436,19.44713643690446,989.7,1284.2,NODATA,988,NODATA,1022.9,896.3,920.8,801,495.5,72.3,412.0999999999999,58.8,112.10000000000001,79.3,65.7,2305,16
1064,1579,1488,1474,1126,899,814,615,229,165,564,450,68.4,147.5,489,309,252,276,520,262,355,622,503,94,579,448,151.5,339.5,313,1014.4999999999999,NODATA,921.5,978.5,833,1841,969,82.6,169.8,198.2,118.6,341.9,419.8,357.8,585.5,411,254.2,381.8,495.5,515.2,1740.8,733.7,936.7,974.5,138.3,NODATA,996.1,353.7,278.2,635.2,197.8,216.4,91,190.4,589.5,379.8,393.3,227.2,266.8,199.35047428774703,18.50103389109447,1053.9,1333.3,NODATA,1051.3,NODATA,1108.4,926.4,962.6,915.6,539.4,77.9,365.20000000000005,55,115.7,79,70,2307,17.3
1065,1481.4999999999998,1405,1400.5,1035,808,846.5,626.5,275,177,539,422,62,143,487,295,239,275,504,260,356,571,459,103,585,420,148,353,306,985,NODATA,847,970,785,1739,946,77.6,167.1,206,122.1,294.9,385.8,376.8,646.1,403.6,206.4,363.7,464.9,534.4,1727.4,816.7,875.9,991.5,104.5,NODATA,997.3,322.8,250.1,587.6,184.1,226,95.3,198.5,583.8,405.3,397.2,234.4,272.8,194.19001165543006,25.23741922311078,916.6,1224.3,NODATA,916.2,NODATA,969.6,840.4,864.5,812.1,472.9,77.8,375.5,56.3,127.2,91.5,79.9,2175,19
1066,1440,1370,1341,972,781,819,604,250,187,520,386,73.7,139.5,502,325,271,279,554,242,380,561,NODATA,103.69999999999999,571.5,406,168,353.49999999999994,305,1095,NODATA,886,1015,718,1690,929,82,156.5,196,128.4,300.6,388.1,370.5,675.7,411.8,214.3,361.7,496.1,532.9,1788.8,786.5,892.5,1059.2,131,NODATA,1046.8,314.2,238.3,557.2,182.5,210.7,88.6,197.4,641.2,403.5,436.7,235.1,263.7,185.27037718617242,27.195489462482044,886.1,1241.8,NODATA,884.4,NODATA,945,825.7,828.9,755.1,463.2,78.2,393,55,109.39999999999999,81.5,66.2,2168.5,16.7
1067,1518,1445,1440,1089,889,816,591,216,189,563,440,67.45,140.29999999999998,516,319,248,296,616,250,354,624,488,108,579,465,149,385,334,1046,NODATA,883,1014,879,1791,916,88,163.9,203.70000000000002,132.1,314.1,422.7,389.2,662.4,408.3,209.9,388.1,469.7,546,1781.5,824.2,931.5,1047.4,154,NODATA,1027.1,344.9,261.5,615.2,189.9,224.7,95,204.4,625,402.3,376,243.8,288.4,210.18171474110406,15.455803624969187,980.6,1283,NODATA,978.1,NODATA,1023.1,897.6,935.8,826.6,522.4,80.2,355.29999999999995,56.6,126,83.69999999999999,63.8,2239,18.5
1068,1583,1514.5,1498,1153.5,944.4999999999999,783.5,583,187,175.5,584,457,67.30000000000001,142,498,313,260,286,528,268,373,662,545,105.5,579,439,140,356,323,1020,NODATA,917,997,776.5,1824,916,83.5,157.4,198,112,314.2,410.2,380.2,618.7,364.5,220.5,295.7,451.5,494.8,1727.3,750.9,933.9,1030.6,70.1,NODATA,1030.6,352.1,265.8,628.1,178.6,215.1,86.9,205.8,582.4,387.6,366.5,219.2,280.7,200.74562771090658,24.277211321523932,1032.5,1355.7,NODATA,1031.4,NODATA,1121.9,953.4,1006.9,962.4,527.2,92.5,370,59.6,123.69999999999999,78.2,61.1,2292,16.7
1069,1514,1450,1426,1064,862,802,611,242,174,545,431,69.9,140.29999999999998,488,318,247,282,540,231,368,597,476,106.4,598,404,155,322,287,961,NODATA,805,959,835,1775,935,74.35,155.8,218.95000000000005,120.2,309.1,381.7,372.6,640.4,412.4,210,369.2,461.3,505.3,1680.2,748.9,853.1,984.8,180.4,NODATA,978.5,321.8,271,600.4000000000001,176.8,200.9,87,186.3,NODATA,383,363.3,214.5,270,204.59112324540945,18.990371493920133,979.1,1275,NODATA,980.9,NODATA,1023.7,903.4,922.6,798.7,500.9,75.8,368.0999999999999,51.4,106.5,72.35,66.6,2230,18.3
1070,1613,1566,1529,1139,916,881,676,296,190,593.5,459,67.5,147.6,529,355.5,267.5,316,652,251,418,626,504,104,580,445,139,387,331,1099,NODATA,956,1004,867,1882,1001,99.95,166.5,196,129.9,321.1,418.7,397.9,730.3,409.3,216.9,373.8,506.3,624.1,1917.4,876.7,1032.2,1116.1,138.3,NODATA,1130.4,355.8,272.2,637.4,205.2,235.1,97.5,213.7,673.8,426.9,400.1,222.6,281.2,202.82301491992243,35.17835504871987,1016.0999999999999,1354.8,NODATA,1015.6,NODATA,1029.5,949.2,992.7,877.8,543.2,77.9,407.4000000000001,62.300000000000004,124.9,77.4,64.80000000000001,2412,17.6
1071,1518,1442,1438,1074,NODATA,779,587,209,179,558,444,65,147.20000000000002,501,317.5,241.5,259,518,247,363,602.5,487,106,579,420,151,339,291,987,NODATA,891,977,869,1753,882,78.1,163.1,198.9,112.9,307.7,391.5,374.4,658.1,422.6,185.3,371.4,460.6,526.7,1747.7,797.9,921,1014.6,79.5,NODATA,1020.5,322,279.7,608.5,169.7,213.8,89.4,177.6,594.8,368,379.1,209.7,263.2,188.83090517257145,20.239184569509423,955.3,1284.9,NODATA,955,NODATA,1011.9,900.7,929.6,875.8,512.8,65.4,386.70000000000005,58.7,110.60000000000001,82.5,60.599999999999994,2247,16
1072,1505,1441.5,1428,1059,843.5,800,601.5,239,155,534,432,63,132.6,453,277,231,285,507,221,344,608,507,95,558,413,130,291,261,885,NODATA,805,923,755,1774,917,64.7,157.9,198,119.9,292.8,378.9,351.4,631.3,377.9,193.8,331.2,458,520.6,1689.9,748.4,858.5,940,86.1,NODATA,937.9,338.7,256.4,602.6,174.7,197,82.3,190,551.3,366.1,324.4,206.4,262.3,195.20060858322933,18.172125989685494,951.5,1276,NODATA,950.2,NODATA,1001.4,883.5,904.2,865.4,485.6,65.7,389.20000000000005,46.6,114,66.39999999999999,58.7,2245,16.7
1073,1637,1529,1536,1173,923,860,627,228,192,617,461,62,147.3,531,354,282.5,315,665.5000000000001,314,450,660,520.5,115,554,486,151,376,334,1126,NODATA,1120,1149,825,1894,1001.0000000000002,114.85,164.1,184,114.9,311.3,437.5,390.1,722.3,442.2,246.4,387.8,501.1,605.8,1914.6,827.4,1109.1,1187.1,77.9,NODATA,1222.6,345.9,286.9,635.6,197.1,213.9,89.4,201.2,728.4,474.1,462.6,277.4,295.4,219.3533433766794,22.854819961776734,1010.1999999999999,1388.4,NODATA,1007.8,NODATA,1062.1,977.4,1015.3,932.3,546.5,100.3,392.20000000000005,60.9,131.4,88.4,70.19999999999999,2435,17.7
1074,1473,1394,1388,1038,NODATA,768,578,224,176,536.5,435.99999999999994,62.699999999999996,133.4,512,336.5,238,275,530,244,389,590,477,102,574,422,164,324,302,1026,NODATA,923,1018,772,1706,896,77.3,157.7,204.89999999999998,134,306,383.8,353.1,603.7,417.3,218.3,362.2,444.4,495.6,1665.2,732.4,938.2,1035.9,105.2,NODATA,1032.3,323.9,253.9,583.6,174.5,209.3,89,189.6,609.3,392.3,377.9,231.8,253.5,184.76892303951928,26.624445536777166,934.9000000000001,1246.7,NODATA,934.5,NODATA,999,883.3,887.5,829.7,482,79.9,366.29999999999995,51.7,114.60000000000001,75.7,57,2161,14.5
1075,1514,1434.5,1421.4999999999998,1070.5,839.4999999999999,769,584,228,168,553,406,69.5,146.7,489,314,269,317,546,298,392,622,495,106,596,450,155,345,309,1053,NODATA,1015,1028,770,1776,933,89.8,166.5,204.89999999999998,127.2,319.6,409.8,382.8,657.3,406.9,225.2,384.5,467.2,551.8,1746.9,806.2,1003.1,1068.4,131.6,NODATA,1043.6,352.3,265,630.2,201.1,216.8,90.2,197.5,641,427.1,431.4,250.1,277.5,203.58697340727383,18.678759179026095,968.3000000000001,1270.1,NODATA,967,NODATA,1006,900.4,911.5,836.7,493.5,70.2,356.70000000000005,54.6,114,69.80000000000001,74.9,2235,16.9
1076,1630,1552,1524,1149,935,822,624,223,178,597,469,68,145,497,304,273,283,505,255,398,643.5,526,101.64999999999999,592,455,152,365,311,999,NODATA,926,1029,785,1914,1005,89.25,160.7,212.3,132.7,318.7,405.9,360.9,668.7,412.2,232.8,365.8,516.3,587,1877.1,896.2,961.8,1047.3,159.3,NODATA,1024.1,356.9,294.8,661,189.8,219.9,90.7,194.8,590.8,395.3,392.4,230.2,275.8,205.7032898534208,24.511792517499142,1050.4,1394.8,NODATA,1048.6,NODATA,1092,964.8,1004.3,891.1,552,72.9,391.20000000000005,58.4,120,80,59.5,2405,16.4
1077,1612,1518,1512,1108,889,848,622,238,181,567,437,67,139.60000000000002,496,349,289,292,520,269,386,630,510,97,581,413,136,323,293,1074,NODATA,963.0000000000001,996.5,787,1849,962,88.95,157.9,204.39999999999998,130.8,297.4,392.8,370.9,663.3,383.4,235.7,338.7,504.5,542.1,1815.7,748.5,1001.3,1021.9,121.7,NODATA,1019.8,354.5,272,640.5,190.9,206.6,86.1,192.6,588.3,375.9,412.3,237.8,266.8,199.95199023935018,16.77389033024455,1057.3,1376.3,NODATA,1055.7,NODATA,1090.7,928.8,966.6,935.6,504.4,80.9,420.5999999999999,54.6,127.19999999999999,83.10000000000001,74.75,2340,16.549999999999997
1078,1626,1535,1518,1175,924,809,599,202,193,602,466,67.6,149.60000000000002,505,303,222,252.99999999999997,484,231,374,650,521,108.9,581,461,170,345,309,932,NODATA,874,1027,923,1880,977,87,168.8,196,118,314.8,407,384,641.9,437.4,238.4,360.4,467.3,534.3,1803.5,783.5,914,1040.8,236.7,NODATA,1022.2,359.3,272.3,638.2,193.5,218.6,92.3,199.6,636.9,422.2,406.5,258.7,299.6,223.14391192230502,28.530387547794813,1113.1,1372.8,NODATA,1111.1,NODATA,1120.1,974.6,1014.4,876.4,558.2,85.5,349.20000000000005,52,126.30000000000001,78.1,62,2404,18
1079,1579,1489,1513,1100,894,812,587,200,203,587,449,67.30000000000001,151.3,505,338,278,307,587,278,385,655,522,102,592,445,135,370.5,342,1061,NODATA,970,1053.5,845,1838,949,96.1,168.9,204,121.7,NODATA,447.6,399.2,668.3,407,228.5,389,495.4,547.3,1847,858.6,997.6,1094.7,130.3,NODATA,1078.4,340.6,280.7,629.9,202,225.6,91.4,191.9,648.1,408,447.5,238,291.7,208.39481077045608,26.372461046904967,1006.8,1329.1,NODATA,1005.1,NODATA,1068,948.8,940.3,876.5,553.9,89.3,392.39999999999986,64.4,114.7,75.5,70.8,2310,20.5
1080,1456,1382,1388,997,811,798,590,235,184,535,419,63.7,145.5,512,338,263,302,587.5,292,357.5,574,460.5,96,579,448,142,364,301,1056,NODATA,986,1027,776,1695,916,86.05,167.3,194.7,120.2,352.6,426.1,378,651.8,408.1,188.6,366,469.4,505.3,1784.9,841.2,1032.5,1064.9,73.6,NODATA,1048.7,327.4,250.6,588,176.6,194.3,84.3,194.7,NODATA,386.9,395.2,237.5,269.1,196.40167570152613,30.85906584811451,893.9,1224.2,NODATA,893.6,NODATA,958.2,845.4,849.6,820.3,459.1,70,394.10000000000014,54.2,122.5,77.4,70.5,2175,16.4
1081,1465,1387,1413,1047,834,789,565,208,186,535.5,400,58,140.29999999999998,475.5,298,249,260,562,260,385,605,476,96,587,426,142,344,305,969,NODATA,895,998,771,1739,928.5,81,159.6,204,126.7,298.2,393.3,336.7,613.3,375.3,219.7,309.7,446.4,498.4,1731.7,751.2,945,1044.1,57.7,NODATA,1030.8,317.8,254.2,575.4,173.8,198.6,81.7,190.6,646.7,407.4,390.4,225.3,259.8,187.3033275063131,30.637490455097282,925.5,1270.8,NODATA,924.9,NODATA,997.7,878.5,925.6,867.8,477.3,72.2,386.5,50.300000000000004,121.30000000000001,85.19999999999999,70.8,2155,17.5
1082,1488,1403,1390,1023,830,789,577,246,164,533,422,61.2,125.7,462,294,247,257,512,244,344.5,582.5,466.50000000000006,91.25,546.5,407.5,150,303,260,949,NODATA,827,920,715,1743,926,65.85,150,185,111.6,297.1,362.8,349.5,660.9,400.2,211.6,357.1,492.4,565.2,1685.6,776,853.2,963.3,117.2,NODATA,970.1,320.5,244.8,571.7,158.9,190.9,81.6,184.9,557.1,360.4,341,207.3,243.4,181.60962122643915,12.782961570051793,948.5,1263.2,NODATA,947,NODATA,958.7,865.7,879.4,831.3,481.3,72.1,386.79999999999995,46.6,108.3,71,69.1,2164,13.5
1083,1572,1502,1504,1124,897,798,605,225,177.99999999999997,567.5,450.99999999999994,56,137.20000000000002,480.5,290,248,273,564,221,334,635,522,100,566,442,148,329,295,976,NODATA,813,967,835,1829.5,946,80.55,160.5,199,126.2,306,412.8,355.4,656.7,411.1,188.9,362.7,482.2,536.5,1764.1,780,883,988.2,108.4,NODATA,1003.7,353.7,267.1,621,189.9,220.5,92.4,193,602.2,395.9,404.6,229.2,288.2,203.66275871148497,17.082219801745623,1036.5,1359.8,NODATA,1036.1,NODATA,1064,946.2,977.8,928.1,517.3,68.9,388.70000000000005,48.9,112.5,79.7,65,2365,17
1084,1590,1520,1488,1153,918,841,635,258,183,575,474.5,60.33,137.05,512,309,268,295,571,259,394,646,518,95,590,482,148,372,310,1080,NODATA,954,1042,795,1860.5,972,95.1,164.6,204.8,126.6,306.9,420,396.1,629.8,418.9,206.6,385.9,465.1,511.1,1799.8,816.8,968.4,1080.3,140.9,NODATA,1086.3,343.1,282.9,637.9,176.7,213.9,89,197.4,656,397.6,400.6,212.9,273.6,205.9757646669856,25.62841887821753,1030.6000000000001,1335.2,NODATA,1030.2,NODATA,1108.9,960.9,1007.9,889.7,509.7,86.3,350.5,57.800000000000004,116.5,80.1,60.300000000000004,2370,15.700000000000001
1085,1489,1428,1416,1047,843,801,584,229,185,533,421,62.400000000000006,145.1,535,397,287,298,626,304,402,613,486,103.69999999999999,590,480,147,383,327,1161.5,NODATA,1075.5,1067,755,1748,916,96.1,164.5,208.6,132.3,308.7,446.7,407.7,662.5,425.4,220.9,425.2,460.2,520.4,1825.7,762.1,1062.2,1062.2,119.6,NODATA,1080.1,326.4,258.5,600.4000000000001,174.2,209.4,87.8,182.4,NODATA,382.9,426.7,236.8,273.1,207.95741794308867,16.151940714630957,946.6,1241.9,NODATA,945.7,NODATA,997,887.2,888.9,827,484,67.6,366.10000000000014,54.6,110.60000000000001,71.5,72.15,2211,18.799999999999997
1086,1430,1365,1360,977,786,766,565,215,139,504,377,65.6,143,476,334,252,287,515,234,359,555,432,113.3,560,417,135,304,285,977,NODATA,836,934,800,1705,917,71.15,158.1,195.25,127.9,350.3,410.9,404.6,644.4,388.7,179.6,343.5,453.3,478.5,1729.8,789.8,913.2,958.3,41.5,NODATA,935.1,312.5,254.5,575.7,179.8,205.4,84.3,189.9,544.4,386.2,377,232.9,270.2,192.9077149067025,18.901726784509187,917.6,1211.8,NODATA,917.1,NODATA,982.3,809.7,870.7,876.1,476.4,71.8,389.19999999999993,57.75,116.19999999999999,77,67.75,2173,20.5
1087,1565,1474.5,1493.5,1107,896,837,597.5,217.00000000000003,198.5,579,446,59.699999999999996,135.2,544,332,272,303,612,281,418,638,518,110,542,436,176,370,334,1093,NODATA,964,1108,797.5,1804,928,95.8,153.7,194,127.5,317.1,433.2,407.9,688.5,432.3,243.9,411.7,501,570.8,1798.7,867.3,985.9,1130.9,108,NODATA,1129.8,336.8,286.7,634.1,197.4,227.8,96.2,184.7,663.6,430.1,417.4,241.4,282.9,211.52624206328238,16.116747254032205,991.3,1290.6,NODATA,988.9,NODATA,1035.9,930,949.7,883.3,510.8,67.6,376.0999999999999,61.3,121.5,76.9,62.1,2337,18.1
1088,1594.5,1533.5000000000002,1540,1151,869,846.5,647.5,245,212,586,431,65.4,144.3,534,399,294,342,652,332,414,656,514,110.9,593,459,140,383,332,1218,NODATA,1204,1169,835,1857,979,118.4,166.1,203,129.7,353.9,450.9,425,708.5,437,223.7,408.3,481.3,560.5,1918.1,815.8,1220.4,1183,98.6,NODATA,1153.6,358.3,264.6,624.7,208.3,232.2,95.2,199,697.9,468.5,431.1,255.1,292.5,208.26184657972215,27.297036158241063,986.1,1338.7,NODATA,985.6,NODATA,1070.3,955.2,961.6,887.5,548.5,90.1,407.6999999999998,64.7,125.9,83.69999999999999,73,2354,20
1089,1645,1589,1539,1163,924,907,692,287,181,596,463,64,144.3,522,334,284,290.5,593,235.49999999999997,393.49999999999994,651,510,112,568,461,150,348,327,1098,NODATA,917,1089,805,1917,1031,98.5,167.4,194,120,322.1,415.4,404.4,709.5,417,231,364,518.2,597.1,1895,804.9,968.5,1079.1,135.2,NODATA,1092.5,368.2,279.3,657.7,192.5,235,99,206.3,653.1,414.7,387.9,254.4,289.4,218.27162629889847,21.6094913334541,1026.3,1372,NODATA,1023.4,NODATA,1082.8,959.1,1021.8,891.1,526.2,82.7,399,60.4,122.5,78.2,70.5,2465,18.1
1090,1486,1390,1376,1035,826,798,586,224,188.5,535,408,65.8,149.4,520.5,359,296.5,295,576,290,415,606,456,105,587,439,161,365,317,1151,NODATA,1050,1102,865,1739.5,937,96.4,160.6,202.2,126.7,348.8,421.7,414.3,647.5,411,221.1,415.5,487.8,552,1798.8,760.4,1071.8,1143.4,97.3,NODATA,1134.7,327.6,253.9,582.4,197.4,NODATA,NODATA,194.9,NODATA,423,438,252.4,271.3,200.31671973422726,17.553968307862103,880.0999999999999,1189.5,NODATA,879.4,NODATA,966.1,840.6,858.8,782.8,472.9,67.6,364.0999999999999,58.3,109.1,75.8,69.5,2141,21.6
