Random ID,M01_Cervicale_Height_(mm),M03_Acromion_Height_(mm),M04_Suprasternale_Height_(mm),M07_Iliocristale_Height_(mm),M08_Crotch_Height_(mm),"M09_Eye_Height,_Sitting_(mm)","M10_Acromion_Height,_Sitting_(mm)","M11_Elbow_Rest_Height,_Sitting_(mm)",M12_Thigh_Clearance_(mm),"M13_Knee_Height,_Sitting_(mm)",M14_Popliteal_Height_(mm),M15_Interpupillary_Breadth_(mm),M16_Bizygomatic_Breadth_(mm),M18_Bideltoid_Breadth_(mm),M19_Chest_Breadth_(mm),M20_Chest_Depth_(mm),M21_Bicristale_Breadth_(mm),M22_Forearm-Forearm_Breadth_(mm),"M23_Abdominal_Extension_Depth,_Sitting_(mm)","M24_Hip_Breadth,_Sitting_(mm)",M25_Buttock-Knee_Length_(mm),M26_Buttock-Popliteal_Length_(mm),"M27_Foot_Breadth,_Horizontal_(mm)",M28_Head_Circumference_(mm),"M29_Neck_Circumference,_Base_(mm)",M30_Shoulder_Length_(mm),"M31_Biceps_Circumference,_Flexed_(mm)","M32_Forearm_Circumference,_Flexed_(mm)",M33_Chest_Circumference_(mm),M34_Chest_Circumference_Below_Breast_(mm),M35_Waist_Circumference_(Omphalion)_(mm),M36_Buttock_Circumference_(mm),M37_Thumbtip_Reach_(mm),M38_Stature_(mm),M39_Sitting_Height_(mm),M40_Weight_(kg),M41_Head_Breadth_(mm),M42_Head_Length_(mm),M43_Menton-Sellion_Length_(mm),M44_Bitragion_Submandibular_Arc_(mm),M45_Neck_Circumference_(mm),M46_Nape-Bustpoint_Thelion_Length_(mm),M47_Nape-Waist_over_Bust_(mm),M48_Biacromial_Breadth_(mm),M49_Scye_Depth_(mm),M50_Back_Width_(mm),M51_Back_Length_(mm),M52_Nape-Waist_Centre_Back_(mm),M53_Vertical_Trunk_Circumference_(Wide)_(mm),M54_Crotch_Length_(Omphalion)_(mm),M55_Waist_Circumference_Preferred_(mm),M56_Maximum_Hip_Circumference_(mm),M57_Waist-Hip_Distance_(mm),M58_High_Hip_(mm),M59_Hip_(mm),M60_Acromion-Radiale_Length_(mm),M61_Radiale-Stylion_Length_(mm),M62_Sleeve_Outseam_(mm),M63_Wrist_Circumference_(mm),M64_Hand_Circumference_(mm),M65_Hand_Breadth_(mm),M66_Hand_Length_(mm),M67_Thigh_Circumference_(mm),M68_Knee_Circumference_(mm),M69_Calf_Circumference_(mm),M70_Ankle_Circumference_(mm),M71_Foot_Length_(mm),M72_Ball_of_Foot_Length_(mm),M73_Seat_Angle_(°),M74_Outside_Leg_Length_(mm),M75_Chest_Level_(mm),M76_Bust_Level_(mm),M77_Waist_Level_Centre_Front_(mm),M78_Hip_Level_(female)_(mm),M79_Waist_Level_Centre_Back_(mm),M80_Seat_Level_(mm),M81_Trochanteric_Height_(mm),M82_Hip_Level_(male)_(mm),M83_Knee_Level_(mm),M84_Ankle_Height_(mm),M85_Torso_Length_(mm),M86_Hand_Depth_(mm),M87_Wrist-Centre_Thumbtip_Distance_(mm),M88_Wrist-Centre_Grip_Distance_(mm),M89_Ear_Length_(mm),M90_Overhead_Fingertip_Reach_(mm),M91_Index_Finger_Breadth_Distal_(mm)
1,1461,1402,1386,1023,813,801,600,256,155,514.5,417.5,63.599999999999994,135.5,424.5,286,220,275,460,210,365,586,468,89,577,375,138,259,237,873,737,979,912,730,1709,911,59.1,164.1,198.1,120.5,275,334,366.2,628.6,369,193.6,320,458.7,521,1591.9,617.2,849.8,948.6,105.3,938.1,972.6,314.2,246.7,568.2,164.6,191.9,77.8,168.5,553.6,344.4,336.5,201.7,245.3,181.12397353533487,17.085867351083273,933,NODATA,1229,932.3,827.7,973,853.6,870.3,NODATA,465.8,67.9,374.5,41.4,97.69999999999999,65,55.599999999999994,2130,14.7
2,1402,1348,1321,976,777,750,596,266,186,502,374,60,138.5,443,294,285,273,487.5,238.5,418,567,448.5,92.25,570.5,385,119,339,274,973,826,879,1039,710,1645,894,75.4,161.5,200.9,118.8,291.3,355.8,379,606.5,348.6,199.4,311.8,442.9,468.5,1649.2,644.8,930.8,1067.7,146.4,1019.6,1063.4,308.9,246,561.2,165.1,191.6,80.3,162.9,678.8,405.9,405.5,243.5,238.9,178.70833159363565,27.72011621538119,922.5,NODATA,1175.7,921,776.1,966.5,825.1,859.1,NODATA,440.2,61.3,352,44.699999999999996,102.8,67.30000000000001,58.8,2065,16.1
3,1451,1372,1378,993,805,781,601,262,185,519,394,61.5,134,458,306,277,287,512,269,439,605,479,92,538,378,136,330,273,1021,856,954,1114,750,1670,894,80.5,151,186.5,109.7,301.5,355.3,385.6,629.5,372.8,209.4,326.4,484.6,531.6,1709.3,635.1,1020.1,1113.4,61.7,1106.9,1113.1,322,261.5,594.2,169.1,181.5,74.1,160.8,719.3,428.9,399.5,253,244.7,189.54551432842814,26.919575367262926,896.7,NODATA,1196.4,893.2,835,969.2,853.2,830.4,NODATA,451.2,57.5,394.5000000000001,46.4,100,66.39999999999999,62.9,2132.5,14
4,1396,1344,1340,988,795,738,583,252,194,502.5,368,62.300000000000004,136.1,450.99999999999994,299,271.5,288,560,264,453,590,476,95.5,557,347,133,335,272,979,848,900,1074,704,1612,840,75,158.1,182.2,105.9,274,324.7,381.1,569.3,334.2,181.4,313.8,440,428.5,1624.5,678.7,973.6,1116.6,133.4,1092.3,1116.4,305.7,238.6,553.0999999999999,155.4,171.9,71.4,176.9,696.5,394,394.3,214.4,225.4,162.33787300907704,21.519617687294343,928.6999999999999,NODATA,1168.1,924.6,795.3,987.5,847,858.8,NODATA,450.5,74.2,378.9999999999999,44.900000000000006,112.5,78.3,65,2043,15.600000000000001
5,1403,1306,1313,964,767,790,560,245.49999999999997,168.5,489,385,60.9,124.75,441,265,221,265,439,211,404,566,460,89,542,362,152,293,252,844,731,791,1033,675,1638.5000000000002,898,62.3,147.6,187.3,108.3,274.4,307.4,346.8,604.4,388.4,197.7,281.2,455.6,516.2,1581.2,632.2,874.8,1069.5,149.4,990.7,NODATA,295.9,243.1,545.1,157.4,175.7,75.2,154.5,621.1,372.5,359.7,201.7,229.1,173.07114829655143,22.958909536473378,905.9,NODATA,1163.6,900.2,756.5,917.6,799.1,837.1,NODATA,429.7,70.3,356.80000000000007,45.4,90.60000000000001,59.5,56.4,2055,13.899999999999999
6,1425,1341,1332,990,793,763,575,237,154,499,387,68.1,136.3,433,259,233,272,448,196,364,559,451,89.5,535,392,144,272,232,857,701,742,928,695,1647,877,55.3,155.3,186.29999999999998,111.9,298.6,382.3,375.6,628.5,366.6,210.8,281.3,477.1,525.9,1551.2,627.3,844.7,944,97.3,939,922.3,306.1,233.1,544.5,146,169.3,73.8,156.2,549.8,326.5,327.9,197.1,228.6,172.62306229031486,16.807665500528426,921.1999999999999,NODATA,1171,918.8,823.9,942.8,836.2,882.1,NODATA,459.5,64.8,357.6,39.7,89.39999999999999,67.2,57.300000000000004,2062.5,14.15
7,1337,1291,1260,945,766,704,569,252,158,492,391,61.2,135.39999999999998,427,268.5,222.5,257.5,466.50000000000006,199,348.49999999999994,525.5,427.5,93.75,548,362,135,278,246,861,731,762,892,625,1569,841,52.85,155,192,111.5,271.7,324.6,339.6,545.7,353.5,192.4,310,432.2,466,1512.6,604.2,819.1,918.5,97.1,915.4,913.4,291.2,235.5,532.4,154.3,182.2,76.2,169.2,569.1,346.7,326.3,203.9,241.9,176.61972156027392,23.723827724662936,865.6,NODATA,1122.8,864.1,768.5,924.9,797.7,806.4,NODATA,439.8,64.7,331.79999999999995,41.6,103.2,73.5,61.900000000000006,1970,15.1
8,1437,1366,1345,1019,814,750,582,243,164,509,395,59.1,133.7,417,260,222,238,425,173,405,586,479,90.1,536,382,138,288,251,846,672,699,1012,735,1675,889,59.95,155,185.5,111.1,255.2,298.9,334.7,583.1,335.9,178.3,307.5,457.6,500.2,1592.2,648.3,775.3,1029.5,134.9,991.4,1022.7,303.8,260.7,568.7,155.5,177,73.7,169.5,607.2,384.4,371.3,214.4,244.9,183.0665930872852,28.977572981852525,940.1,NODATA,1200.7,935.3,805.2,976.8,850.4,879.8,NODATA,463.6,68.7,345.29999999999995,43.9,107.15,79.9,61.2,2115,14.6
9,1572,1521,1497,1110,NODATA,808,619,232,194,594,461,70.60000000000001,135.5,471,311.5,252,318,513,222,455,641,511,121,575,385,147,309,281,959,803,849,1066,730,1826,921,84.55,154.7,204.8,113.5,283.3,329,385,604.8,379,197.2,331,480.9,470.4,1711.4,726.7,843.6,1116.1,227.9,1001.1,1113.8,351.2,280.4,641.9000000000001,174.8,199.8,85.2,184.3,659.7,429.8,440.7,266.1,264.8,207.23366368422478,23.41342592190356,1115.6000000000001,NODATA,1327.6,1109.2,887.7,1129.1,939.5,937.6,NODATA,523.7,75.9,393.5999999999999,55,110.7,81.19999999999999,60.300000000000004,2325,16.7
10,1360,1292,1279,959,767,730,558,240,152,483,368,58.099999999999994,131.5,423,272,234,285,455,196,377,543,437,86.5,534,363,125,289,250,885,735,807,936,675,1591,850,56.6,157.4,181.20000000000002,113.9,272.7,332.8,350.2,607.2,348.9,190.5,324,431.1,503.2,1550.3,608.9,883.1,978.3,84.4,977.9,963.2,290.6,229.9,526.9,159,174.6,71.2,149.4,579.6,370,364,204.5,229.7,170.2170271507697,25.403809268763982,863.1999999999999,NODATA,1150.8,862.1,778.8,904.7,815,834.9,NODATA,442.9,57.9,343.30000000000007,47.699999999999996,95.55,60.300000000000004,58.099999999999994,1992.5,13.700000000000001
11,1391.5,1337.5,1312.5,986.5,806.5,717,537,219,160,509,405,59.699999999999996,132.4,403,267,253,270,420,212,369,579,491,93,562,370,130,273,252,913,774,842,957,760,1624,834,60.1,158.5,192,112.6,276.2,327,340.4,558.9,322.7,176.6,292.3,436.2,459.8,1553.8,658,851.4,983.9,174,900.8,977,302.7,234.2,537.7,161.6,186.4,75.8,172.1,592.7,352.9,371.4,214.8,247.1,183.51509522441927,17.119872272638855,971.7,NODATA,1184.8,969,797.7,970.6,829.7,838.4,NODATA,451.7,61.3,341.30000000000007,50,100.5,68.3,60.5,2070,14.2
12,1378,1327,1303,971,754,768,584,250,165,486,364,64.6,133.2,445,285,231,261,514,214,412,563,451,94.60000000000001,570,395,133,306,269,922,785.5,809,1017.5,655,1625,894,67.2,160.2,201.95,126.9,285.3,335.6,353.5,601.9,340.4,183.8,299.8,441.7,487.8,1597.9,658.6,858.3,1047.5,136.1,1006.7,1045.7,315,232,553.7,164.9,192.9,79.5,172.3,645.7,364.1,373.3,218.8,246.5,184.8000842422409,30.213367757866102,891.8000000000001,NODATA,1165.3,889,755.7,927.5,795.1,810.6,NODATA,423.6,69.2,348.69999999999993,46.95,104.55,73.89999999999999,59.800000000000004,2050,16.4
13,1453.9999999999998,1408,1377.5,1039,832.5,755,575.5,226,177,537,408,62.1,131.4,449,296,249,278,503,231,422,593,484,95.3,552,378,122,303,265,931,802,830,1057,760,1713,898,74.3,156.6,192.8,121.7,285.1,332.6,352.2,623.7,354,190.2,339.3,453.9,542.2,1617.7,697.1,991.8,1080.1,130,1048.7,1079.9,327.4,259.1,591.1,169.7,200.6,85.3,179.1,669.8,400.6,381.6,236.7,254.7,190.29233963366727,23.566786184889807,944.9,NODATA,1207,943.6,814.9,958.5,848,913.7,NODATA,483.9,68.4,345.70000000000005,47.699999999999996,110.19999999999999,71.2,56,2170,17.2
14,1446,1389,1383,1007,811,784,601,268,162,524,442,58.2,123.2,408,253,226,281,438,191,364,572,483,87.2,568,352,132,264,239,861,718,782,953,685,1685,880,57.65,154.2,201,110.5,272.4,322,332.7,578.8,355.7,188.2,295.9,473.2,499.2,1578.8,657.8,839.4,970.6,168.4,918.6,953.1,306.1,265.9,579.4000000000001,163.1,175.2,74.9,176,564.3,360.9,350.6,217.3,262.2,188.67571071606625,19.30488295855105,992.4,NODATA,1228.7,989.9,824,992.4,854.8,894.4,NODATA,468.2,70.5,369,39.35,104.55,66.1,56.85000000000001,2125,12.95
15,1443,1385,1382,987,800,794,621,290,171,523.5,390,63.949999999999996,131.6,446.50000000000006,294.5,255,274,486,243,423,583,437,100.5,574,385,134,325,297,942,805,880,1035,715,1703,923,78,161.1,202.3,117.8,276.8,350.4,371.2,639.5,361.8,206.4,336.9,486.8,521.7,1684.3,662.4,949.1,1059.9,116.4,1055.5,1055.7,298.3,248.2,555.7,194,197.4,84,165.8,653,422.7,432.7,259.4,255.9,196.6879561045311,21.05535276644148,913.6,NODATA,1213.5,910.2,797.2,963,833.9,876.4,NODATA,450.2,66.4,406.4000000000001,46.900000000000006,98.9,62.400000000000006,67.5,2135,16.1
16,1448,1383,1364,1001,824,793,597,254,178,531,397,62.300000000000004,132,424,280,231,278,455,215,427,600,478,96.7,543,374,125,296,274,907,725,828,1052,705,1695,896,71.125,158.7,182.3,118.1,269,329.5,333.2,611.6,324.6,177.2,282.8,479.1,533,1623.5,675.1,953.2,1083.8,111.6,1072.9,1081.5,301.3,244.7,550.9,165.1,194.3,77.6,181.1,662.3,410.5,417,249.3,252.2,183.93196116042526,22.95117042507435,923.1,NODATA,1227.4,920.8,811.5,958.4,860.4,894.3,NODATA,468.2,72.1,378.6,48.099999999999994,108.14999999999999,75.5,55.50000000000001,2142.5,16.200000000000003
17,1345,1291,1282,961,762,733,553,237.00000000000003,156,485.5,377,61.6,118,431,293.75,235.5,257,483,222,388,558,454.5,88,559,378,139,290,263.5,882,741,834,968.5,725,1595,869.5,61.03,159.4,195,128.5,270.1,310.7,352.4,524.3,352.1,173.2,322.9,409.2,412.4,1536.9,659.5,812.1,1004.8,185.6,943.5,1020.9,295.3,223.2,527.9,155.6,177.5,76.1,172.1,596.6,379.8,381.3,208.8,235.9,178.32735193976893,21.50869039866647,945.1,NODATA,1118.8,941.1,759.5,960.3,794.6,825.1,NODATA,444.2,67.5,318.1,41.3,104.9,71.5,57.5,2010,15.2
18,1465,1423,1388,1041,832,780,602,260,165,529,421,57.1,130,453,293,229,291,490,222.00000000000003,453.49999999999994,614.5,531,93,531.5,400,124,313,252,912,796,902,1139,745,1709,901,74,157,185.10000000000002,113.5,264.8,369.7,380,621.8,386.6,168.9,371,448.8,498.9,1683.3,735.3,938,1164.1,149.4,1085.2,1163.8,319.3,260,586.0999999999999,163.5,194.6,79.9,171.1,666.5,422.9,406.1,228.5,250.1,188.00121708612022,26.188110697480855,962.9,NODATA,1221.5,957,813.5,987.3,840.9,871.2,NODATA,475.3,65.5,359.5,47.199999999999996,106,75.5,57.300000000000004,2157.5,15.1
19,1333.5,1271.15,1270.5,934,726.9999999999999,740,565,257.5,178,467,347,61.4,130,418,285,259,256,448,232,439,567,448,85,538,351,125,294,254,916,756,850,1066,725,1546,845,65.6,152.2,187.3,117.2,249.5,322.7,366.9,552.5,326.3,177.8,303.3,422.7,435.7,1559.3,663.4,890.5,1108.6,159,1066,1099.5,279.3,229.9,518.9,168.3,177.1,75.2,150.8,NODATA,398.9,384.6,224.2,224.8,165.78648403613715,23.54849049018605,897.9,NODATA,1088.3,893.5,738.9,931.3,767.7,785.1,NODATA,414.4,70.1,341,43.5,88.4,54.3,63.4,1925,13.4
20,1502,1422,1413,1051,841,798,612,266,194,547,409,64.2,141.4,480,318,268,305,540,252,441,614,484,102,561.3000000000001,384,142,317,271,969,821.5,954,1124.5,785,1730,915,84.95,164.2,188.29999999999998,118.5,299,366.8,395,669.7,369.4,199.5,352.4,482.3,546.5,1686.1,704.5,1056.4,1165.5,129.9,1150.6,1161.3,322.8,278.7,609.3,188.7,193.7,78.5,175.6,NODATA,424.9,429.3,244,270.6,200.4589345548337,28.191632957154393,959.6999999999999,NODATA,1233.5,955.9,829.8,985.1,875.4,883.6,NODATA,490,69.2,382.6999999999998,51.4,106.19999999999999,63,66.8,2185,14.8
21,1445,1386,1378,1047,844,766,569,217,141,528,422,60.8,124.1,429,267,211,254,453,195,371,582,471,94.39999999999999,544,395,141,250,231,833,684,685,969,805,1725,903,55.9,155.7,184.3,112.7,263.7,312.6,324.7,614.6,378.2,167.4,316.7,413.4,488.6,1534.5,614.5,796.8,989.8,141.8,940.3,987.1,323.5,260.4,583.9000000000001,158.2,180.3,77.2,179.2,563.9,357.8,376.2,220.6,250.8,169.50618387742202,13.948952307868298,978.0999999999999,NODATA,1256.8,973.6,836.3,984.4,860.8,907.9,NODATA,481.9,75.5,339.29999999999995,43.8,108.5,67.30000000000001,55.9,2182.5,14.7
22,1417.5,1362,1354,994.4999999999999,807.5,789,586,243,144,508,434,55.4,123,423,246,205,268,411,187,370,558,486,91,541,361,133,284,255,808,683,717,935,765,1675,887,58.05,149.9,192.2,108.1,240.5,297,382.1,642.6,368.4,172.7,296.6,451.9,515.3,1550.7,622,818.6,962.8,99.9,909,958.3,307.7,243.7,556.9,161,196.4,81.9,176.7,565.1,342.5,347.7,214.4,238.6,174.86750292409405,20.11258828907548,883.9,NODATA,1188.9,883,784,947,833.4,899.8,NODATA,451.8,72.5,369.79999999999995,39.8,97.30000000000001,57.1,55,2120,13.700000000000001
23,1471,1359,1360,980,802,785,588,251,168,505,386,62.5,137.79999999999998,438,298,255.49999999999997,282,513,243,398.49999999999994,590,473.5,93.35000000000001,551,370,123,320,259,961,802,909,1006,805,1676,911,69.6,153.5,191,117.9,297.4,346.7,376.7,598.2,345.2,180.6,348.2,468.7,490.3,1592.9,632.1,928.9,1039.8,95.8,1037.5,1036.9,303.8,231.7,541.5,167.4,188.9,80.6,169.7,627.2,375.1,383,219.9,237,170.53904312026384,22.864073011447033,917.9,NODATA,1186.7,916.1,822.1,981.9,847.2,850.9,NODATA,454.5,67.8,379.30000000000007,46.7,104.3,75.6,62.400000000000006,2065,16.5
24,1602,1557,1538,1151,933,829,625,235,174,596,454,61.3,136.4,443,326,298,292.5,432,297.5,390.5,675,569,100.8,563,402,142,315,275,986,817,1069,1122,849,1875,962,89.3,160.3,192,119.4,287.7,362.3,398.5,614.3,366.5,205.8,331.1,517.7,513.6,1762.1,661.4,1051.9,1142.1,179.8,1116.7,1135,362.2,251.9,622.5,169.2,198.6,84.5,217.4,683.9,429.1,401.1,241.6,279.7,211.55632067794173,15.623155925191313,1128.2,NODATA,1342.1,1123.8,948.4,1144.3,977.3,984.3,NODATA,533.4,81.6,399.39999999999986,51.4,141.5,83.4,70,2403,18
25,1428,1373.5000000000002,1340,1005.3,804,774.4999999999999,579,241.5,169,524,421,61.5,137.10000000000002,424,255,231,252,485,194,369,567,465,84,567,384,128,309,263,873,730,726,939,735,1664,890,62.7,164.6,194.3,113.6,260.5,331,353.4,548.1,344.1,194.2,317.5,458.6,449.4,1553.7,602.4,729.8,973.7,192,873.2,971.1,314.8,241.8,560.7,159.7,189.9,80.7,169.5,600.3,364.2,351.8,207.6,241.8,179.11984252031857,24.09425953538183,997.7,NODATA,1206.1,992.3,805.7,1015.8,842.5,889.1,NODATA,477.8,73,349.4999999999999,47.300000000000004,106.1,75,61.900000000000006,2083,14.2
26,1511,1461,1443,1072,870,802,636,274,157,560,441,60,128,412,292,239,286,448,214,372,583,461,96,546.5,369.5,130.5,268,233,898.5,735,835.5,915,735,1756,911,63.8,152.5,189.20000000000002,110.2,249.9,327.4,371.6,613.7,331,195.5,294,463.2,502.9,1624.3,631.5,882.4,944,160.4,915,932.9,329,280.7,615.7,162.9,180,76.7,180.7,571.1,381.6,341,216.6,257.3,186.02475362511763,20.06839010690981,1024.3,NODATA,1276.1,1022.6,863.9,1043.9,919.9,891,NODATA,508,68.6,378.5,43.7,100,68,60.5,2240,13.799999999999999
27,1437.5,1374.5,1368.9999999999998,1025.5,811.5,778.5,570.5,217,186,523,387,64.3,134.1,464,309,288,297,553,270,441,604,485,93,551,403,126,327,277,1028,844,994,1110,730,1678,889,82.45,154.4,190.6,117.6,273.5,368.7,402.5,635,358,188.3,337.2,450.5,479.8,1659.1,678.2,1007.4,1139.5,126.8,1114,1135.9,312.4,256.6,576.8,169.8,191.7,78,179.7,687.6,411.3,408.5,234.8,251.6,186.9323603943563,30.632064299362817,958.3,NODATA,1211,955.2,831.5,995.3,860.2,870.7,NODATA,470.4,68.9,364.20000000000005,47.800000000000004,102.30000000000001,69.4,63,2135,16
28,1531,1453,1442,1116,911,768,560,166,179,582,447,64.80000000000001,146.3,441,314,242,284.5,479.5,224,396,646.5,520.5,105.19999999999999,590,384,163,282,250,931,813,807,1001,829,1782,896.0000000000002,71.35,164.7,201.20000000000002,126.3,296.5,341.2,382.5,591.5,390.3,214.5,337.8,441.5,479.4,1596.4,709.2,859.3,1039.6,141.1,978.8,1036.8,355.6,269.5,626.8,169.5,200.7,84.8,193.7,602.6,420.6,391.3,235.7,271,197.41391034126633,18.970407808486556,1043,NODATA,1277.1,1038.9,901.9,1077.3,923.7,988,NODATA,530.5,72.7,350.60000000000014,51.3,116,89.3,66.6,2294,17.2
29,1427,1385,1342,1006,811,779,603,252,150,526,406,61.6,126,417,288,224,290,475,197,374,582,476,104,578,360,133,265,246,864,746,795,935,715,1671,879,62,162.9,206,123.7,267.4,330.7,364.5,632.8,354.9,175.4,300.9,435.9,495.1,1605.6,655.5,864.8,993,112.8,978.6,992.6,311.3,242.4,556.7,169.5,204.4,84.3,181,571.6,381,374,214.6,258.9,188.33689953983958,17.97368513032324,919.3,NODATA,1221.6,918.3,806.5,965.2,841.9,848.9,NODATA,448.1,70.8,363.0999999999999,46.4,103.6,63.4,60.5,2147.5,15.600000000000001
30,1444,1396,1369,1038,825,755,580,233,168,525,422,61.2,140.2,479,305,265,305,539,259,412,581,497,96.7,575.5,400,148,315,274.5,1003.0000000000001,844.4999999999999,965.5000000000001,1023.5,725,1688,883,76.2,168.4,192.10000000000002,116.3,282.8,372.4,366.3,609.9,382.4,184.4,352.7,461.4,497.1,1635.5,645.1,1000,1038.3,123.3,1027.8,1019.6,317.3,264.9,586.7,159.7,184.5,76,169.9,622.2,386.7,379.3,208.9,249.7,185.18226804433084,21.70844724313481,973.3,NODATA,1229.1,972.3,850,998.7,871.1,881.8,NODATA,458.6,56.2,359.3000000000002,47.599999999999994,101.6,70.7,68.5,2140,15.600000000000001
31,1373,1293.5000000000002,1298,951,769,743.0000000000001,557,253.5,154,480,361,64.6,130.1,389,258,204,269,406,194,397,564,450,88.5,545,329,140,259,231,804,649,715,981,665,1595,849,54.25,151,189.8,117.5,267,298.8,336.7,517.7,342.1,195,262.5,449.7,429.6,1541.4,680.3,692.7,1019.9,226.2,899.4,1018.6,278,231.3,511.7,142.8,173.6,75.3,171.5,575.2,355.5,359.1,197.9,237,177.64027362439288,21.197152267763705,977.8,NODATA,1145.9,968.8,751.6,977.8,780.8,816.9,NODATA,427.1,58,352.6,39.5,95.8,64.2,55.5,1995,15.4
32,1572,1499,1487,1125,922,810,602,230,192,582,453,60.9,133.2,521,339,310,325,570,305,445,646,536,104.7,585,448,148,334,289,1104,903.5,1084.5,1112,795,1816,928,99.35,167.8,205,127.4,279.4,361.1,419.5,633.4,409.8,204.5,369.6,480.2,477.1,1749.9,719.8,1086.4,1136.5,154.9,1126.8,1126.9,347.6,277.1,635.2,175.1,218.4,91.4,202.2,NODATA,440.1,438.9,258.8,277.4,205.04411012665872,14.002951327853921,1089.4,NODATA,1311,1089,934.5,1125,963,962,NODATA,526.1,73.5,374.9000000000001,46.95,120.5,73.75,61.400000000000006,2372.5,16.25
33,1453,1380,1364.5,1032.5,809,780,565.5,212,147,498,371,64.6,124.80000000000001,434,290,226,314.6,450,220,415,606,489,95,549,366,143,293,256,906,732,812,1017,767,1718,922,69.75,155.8,195,120.6,259.2,324.7,356.7,617,375.8,178.2,326.7,458.2,510.1,1612.1,644.2,869.6,1080.6,167.5,1017.2,NODATA,322.1,242.8,567.3,156.2,189.8,81.4,182.8,653.7,409,401.9,229.1,250.5,188.88628389757366,25.609903842927185,965.8,NODATA,1229.4,961.5,798.3,990.2,864.4,885.5,NODATA,459.1,67.5,361.6999999999998,45.4,104.80000000000001,81.4,55.599999999999994,2168,16
34,1482.5,1420.5,1412.5,1046.5,860.5,778.5,590.5,219,160.5,546,422,61.900000000000006,141.4,455,282,235,304,464,196,382,596,476,100.8,567,361,147,274,255,907,760,819,954,721.4999999999998,1729,892,65.3,161.6,195.3,123.8,272.9,340,357.4,614.5,351.5,186,350.5,485.2,534.7,1575.2,653.8,894.1,976.2,101.1,970,967.1,323.8,261.4,589.7,177.1,190,78.8,164.2,581.6,386.2,357.3,229.3,261.1,187.9121937407975,17.18522565229635,970.9,NODATA,1247.8,970.2,869.8,1001.5,889.3,927.2,NODATA,499.8,81.3,378.5999999999999,44.6,109.5,87.30000000000001,62.9,2147,15.4
35,1459,1381,1380,1051,842,764,577,218,147,531,443,56.3,120.7,445,261,256.5,279,508.49999999999994,219,352,588,500,87,550,377,142,287,251,945,777,785,937,725,1701,881.5,60.9,148.7,196,119.1,275.9,321.3,335.1,610.3,378.8,188.8,326.7,437.3,481.4,1587.9,654.4,825.8,952.4,144.7,910.2,943.4,339,263,608.5999999999999,179.3,188.8,79.4,175.7,559.2,372.3,362.7,228.8,272.4,202.36056427815834,21.34223065362073,975.5999999999999,NODATA,1263.2,973.5,830.9,1004.6,860,905.2,NODATA,484.6,80.8,349,51.4,109.7,65.6,59.900000000000006,2200,14
36,1374,1315,1296,945,758,753,589,268,164,475,355,68.1,135.8,416,262,213,250,465.5,200.5,365.5,530.5,408.5,88.79999999999998,544,374.5,125,295,249,856,736,727,914,675,1614,871,56.9,157.3,190.10000000000002,99.2,248.6,317.4,316.1,552.9,334.4,185.1,279.5,465.6,482.4,1554.4,616.7,768.1,961,153.5,915.2,960.7,299.1,240.3,546.7,156.8,182.6,75.8,161.5,589.2,363.5,379.5,219.4,238.9,174.64639983306455,24.014791582536645,886.8,NODATA,1169.8,885.5,733.3,936.8,784.4,826.9,NODATA,431.6,62.8,361.1,40.8,106.1,70.19999999999999,55.7,2015,10.600000000000001
37,1557,1481.2,1465.5,1121,NODATA,765.5,564.5,174,172,583,456,58.4,124.5,430,284,253,304,488,221,361,632,511,92,545,387,134,318,272,920,783,881,969,845,1800,881,72.4,149.6,192.7,124.5,276.2,366,366.4,638.2,362.5,196.4,335.7,473.1,542,1623.7,630,950.2,983.3,78.6,983.1,982.9,356.5,281.3,645.8,178.6,209.2,87,190,586.4,385.1,361,207.4,264.9,192.61330508710125,19.477167538151118,1025,NODATA,1321.6,1024.9,946.4,1061.9,957,946.6,NODATA,533.8,76.1,365.39999999999986,49,111.4,81,61.4,2325,15.4
38,1455,1397,1366,988,792,791,598,235,168,522,430,56.7,122.5,493.5,305,314,313,524,349.5,432.5,603.5,492,94.5,549.5,402.5,131,367,268,1094,904,1168,1170,735,1691,899,89.75,155.7,190.5,134,280.7,374.2,427.1,610.6,379.8,211.7,361.5,488.9,474.4,1728.7,587.9,1100.2,1102.4,187.3,1192.1,1035.1,322.7,262.1,594.3,172,188.8,79.6,173.8,659.6,414.5,410.6,229.6,264.7,191.84708004600571,15.041329473180658,997.8,NODATA,1179.9,993.5,810.5,1013.3,854.4,878.3,NODATA,461.5,72.3,375.19999999999993,43.2,114.1,72.69999999999999,71.2,2150,15.2
39,1335,1280,1262,889,711,756,588,290,187.5,460,361,57.800000000000004,140.39999999999998,505,334,290,309,566,291,422,559,444,90,544,407,120.5,360,298,1082,926,1012,1089,695,1550,872,81.1,155.3,190,109.2,294.7,386.9,384.2,597.4,366.9,189.2,344.3,510.1,468.2,1722,704.2,1019,1106.7,134.3,1094.4,1106.5,273.2,223.3,507.6,172.8,196.6,82.5,154.8,NODATA,393.7,400.9,230.4,226.2,168.0490390676897,19.518918366466306,858.8,NODATA,1111.7,857,724.5,909.6,761.5,736.8,NODATA,397.8,63.9,394.30000000000007,43,88,67.5,61.6,1915,14.299999999999999
40,1488.9999999999998,1420,1413,1065.5,871.5,764,572,212,169,556,433,57.5,136.3,450,286,259,263,470,209,380,614,506,91,564,380,133,321,279,926,765,816,953,720,1740,891,71.35,157.1,200.2,123.8,276.7,333,386.2,626.8,363.7,180.3,343.8,448.3,501.5,1573.4,647.9,870.8,1012.5,136.3,978.3,1012,330.6,263.3,603.5999999999999,180.5,198.7,82.2,170.1,627,401.6,400.2,245.9,258.9,198.97103426684973,18.434948822922003,1008.2,NODATA,1255.5,1006.4,871.9,1029.4,912.7,883.8,NODATA,504.2,82.9,356.60000000000014,42,100.39999999999999,70,58,2165,15
41,1422,1343,1334,982,791,782,584,249,148,500.5,398,56.85000000000001,124.5,374.5,250,179.5,270,422,190,357,561,457,77,533,342,111,247,229,750,636,700,911,695,1658.5000000000002,884,50.6,145.6,190,103.7,248.3,307.9,331.9,579.8,313.4,194.1,289.1,471.3,505.4,1534.9,634.9,768,952.8,137.5,890.9,940.7,299.3,238.5,543.4000000000001,143,169.2,69,149.2,548.4,348,364.5,204.3,224.4,167.0516806846238,21.3196460156687,933,NODATA,1185.3,928.8,795.5,950.1,810.2,834,NODATA,448.8,79.8,362.5,42,92.30000000000001,63.099999999999994,61,2045,15
42,1417,1361,1352,1013,802,761,571,218,179,524,394,63.3,133,460,314,263,268,539,261,436,606,490,90,564,379,122,310,276,959,800,867,1063,765,1660,869,77,157.2,196.34999999999997,123.8,300.5,357.2,401.5,616.3,353.3,193.4,310.8,446.4,462,1645.1,652.6,906.8,1097.4,170.5,1044.2,1097.7,319.6,250.8,574.1,169.8,187,78.8,164.2,729.4,415.9,421.4,246,252.6,185.45521288130215,24.80194048075436,948.3,NODATA,1181.4,943.3,777.8,991.5,842.4,816.3,NODATA,458,59.3,363.70000000000005,47.599999999999994,101.25,71.5,58.3,2122.5,14
43,1435,1356,1356,1025,805,729,555,213,163,502,398,61.7,125.5,427,255,234,281,480,230,396,599,508,93,539,350,139,296,254,886,767,843.5,988.5,780,1663,858,63.7,149.8,189.20000000000002,111.1,279.9,348.6,345,514.1,360.4,195,297.9,427.1,410.9,1532.3,609.8,789.4,1009.8,214.7,929,1005.6,311,249,568.3,170.1,192.2,80.9,171.6,612,376.9,369.2,215.3,247.2,180.86398981069647,19.555997616756557,1050.1,NODATA,1204.2,1042.9,835.4,1046.3,868.1,887.1,NODATA,453,60.1,340.10000000000014,45.5,99.5,69.4,54.3,2100,14.1
44,1355.5,1303,1266.5,972.5,780,687.5,529,219,170,498,371,63.2,139.5,480,342,317,296,560,296,424,593,486,94.7,555,372,129,360,284,1179,980,1011,1068,759.5,1579,811,79.1,157.6,191,101.3,277.2,377.1,409.3,559.1,386,181.7,350,430.7,443.2,1622.1,651.1,1033.2,1089.2,97.7,1088.7,1083.4,301.1,254,565.9,189.9,189.3,80,165.8,NODATA,381.5,368.5,210.8,235.9,175.21052198421143,21.99668593888246,901.7,NODATA,1093,898.7,804,969.3,832.9,840.4,NODATA,453.6,60,314.70000000000005,47.699999999999996,112.5,80.19999999999999,59,1990,16.8
45,1457,1388.5000000000002,1386,1039,852,774.5,580.5,247.5,172,536,405,61.1,127.8,439,284,237,283,505,238,420,625,504,95.60000000000001,555,385,139,310,268,910,743,929,1065,755,1716,894,72.2,151.7,192,114,270.4,326,367.6,600,372.8,196.1,295.3,442.7,486.7,1609.5,632.6,961.1,1087.3,107,1075.9,1085.7,306.9,250.7,560.9,158.8,184.5,79.6,178.2,640.3,397.4,404,249.4,249.6,193.79825195145597,16.936390900314038,967,NODATA,1224.1,963.8,860,1009.9,881.5,897.6,NODATA,483.4,69.2,358.1999999999998,44.900000000000006,104.60000000000001,76.10000000000001,62.1,2165,14.7
46,1393,1309,1298,970,791,738,546,211,166,493,387,60,134,423,271,237,260,422,197,379,562,466,89,549,364,132,263.5,228,863.0000000000001,681.5,778.5,928,755,1604,837,57.25,154,193.5,113.7,262.5,316.3,354.3,609.4,357,182.6,314,428.4,499.8,1498,567.9,850.2,978.8,73.7,977.8,NODATA,294.3,229.9,526.4,156.7,181.7,76.8,184.3,578.5,350.1,362.4,210.4,233.7,169.5412828509675,23.356656914702956,852.6,NODATA,1148.8,851.6,778.9,916.1,815.6,825.3,NODATA,429.5,66.9,329.70000000000005,45.300000000000004,108.2,74.80000000000001,59.400000000000006,2015,16.599999999999998
47,1429,1363,1342,999,821,755,595,247,155,515,377,63.8,134.3,408,278,242,302,475.99999999999994,267,442,625,503,101.05000000000001,543,341,138,304,239,892,725,901,1022,751,1654,856,65.15,152.6,189,118.1,270.1,305.8,360.3,600.5,333.4,178.9,307.7,439.9,475.3,1655.4,759.1,954.2,1081.8,235.1,959.8,1079.7,309.7,255.7,570.9000000000001,155.9,188.4,79.6,174,613.2,393.7,364.8,237.9,239.5,180.08845919704373,10.724719402362116,1024.2,NODATA,1162.3,1008.1,789.1,963.3,808.6,890.1,NODATA,458.5,68.6,341.19999999999993,44.3,105.5,67.5,62.800000000000004,2082,16.4
48,1433,1368,1370,1001,820,790,581,234,181,526,397,61,139.4,465,320,240.49999999999997,298,481,258,436.5,596.5,485,98.45,544,363,161,312,251,911,761,916,1068,745,1692,907.5,73.35,157.6,191,116.4,267.4,340.8,372.9,615.4,377.7,213.5,329.6,481.7,514,1653.1,669.1,976,1085.9,101.6,1083.1,1085.9,316.8,244.6,568.1,171.4,200.2,83.6,183.5,633,405.2,379.6,230.7,247.1,182.9136474675571,25.2647172922824,911.1,NODATA,1199.9,908,809.5,973.8,843.7,857.5,NODATA,468.8,51.1,388.29999999999995,50.599999999999994,113.6,83.2,61.269999999999996,2133,17.3
49,1568,1514,1490,1102,892,820,647,279,203,572.5,445,60.9,136.9,508,359.00000000000006,317,334.5,585,356,470,661,540,94,561,402,131,355,294,1146,962,1211,1221,755,1796,942,104.95,157.2,198,119.7,303.4,366,408.6,675.5,375.7,207.7,335.2,491.1,535,1830.9,688.9,1240.1,1238.5,71.6,1236.1,1213.5,325.1,290,620.8,188.6,209.6,87.5,181,NODATA,446.2,439.3,253.4,275.6,202.45225607754014,20.763242605438997,1009,NODATA,1310.2,1006.5,937.4,1070.9,955.9,936.7,NODATA,513.8,56.6,390.3000000000002,45,108,67.4,71,2290,16.299999999999997
50,1488,1380,1390,1044,851,782,587,229,173,537,413,59,136.4,434,296,237,271,448,221,394,597,490,91.5,564.5,387,163.5,261,249,867,744,764,977,735,1735,920,64.5,164.2,199,105.8,277,327.3,335.1,565.8,351.4,189.7,328.4,485.8,483.5,1611.3,660.6,772.2,999.2,207.4,886.4,998.7,346.5,241,589.5,150.9,179,76.4,181,600.6,378.7,378.4,214.7,244.3,183.04328061955232,21.501434324047917,1042.7,NODATA,1275.5,1037.8,835.3,1050.1,878.5,909.8,NODATA,482.1,70.3,387.79999999999995,48,106.30000000000001,77,62.800000000000004,2193,14.5
51,1416,1359,1346,1012,822,742,572,232,164,512,391,62.9,141.8,469,279,234,275,495,235,423,597,488,90.3,544,380,138,320,263,931,784,855,1063,695,1659,871,68.6,160,183.5,116.4,278.5,338.1,335.8,595.4,367.5,159.1,325.8,441,513.4,1593.8,659.5,960.5,1081.7,99.7,1078.5,1077.4,302.8,237.5,546.5,161.8,179.9,73.6,166.9,630,386.5,371.9,213.7,237.5,183.13722285215994,21.96127948398985,912.4000000000001,NODATA,1211.5,908.2,812.7,958,846.9,868.9,NODATA,454.1,74.8,344.19999999999993,49.1,104.3,74.80000000000001,62.2,2075,14.6
52,1490.5,1423,1416,1085,886,713,558,198,170,543.5,437,56.3,112.4,434,289.5,245,284.5,439,218.5,366,618.5,522,89.1,564,371,149,289.5,253,925,781,845,946,865,1715.5,842,66.7,151.9,198.1,108.9,244.1,327.4,362.2,603.5,377.3,204.1,310.5,432.9,494,1575.4,661.4,913.4,961.9,84.6,961.6,957.2,342.1,248.4,597.9000000000001,160.4,192.5,81.9,187.1,585.6,376.2,368.9,224.5,261.1,204.52537388196203,18.61673464924009,979.2,NODATA,1264.9,978.6,894.6,1032.8,928.9,950.8,NODATA,486.6,76.1,341.89999999999986,38.7,105,69.4,58,2205,14.299999999999999
53,1424,1319,1321,974,803,743,551,211,135,490,376,59.35000000000001,129,402.5,264,238,269,424,182,352,569,468,89.39999999999999,539,346,142,278,247,839,723,729,883,740,1638.9999999999998,875,54.5,147.9,187,113.9,265.8,307.5,347,569.7,358.3,208.8,307.5,479.1,520.4,1510.4,631,802.6,924.7,118.6,910.7,924.7,297.5,239.3,537.8,153.9,178.4,75.6,176.4,554.1,352.3,341.8,215.3,236.6,167.209786286662,23.1868591912255,907.9,NODATA,1151.1,905.1,789.3,947.9,830,852.3,NODATA,449.6,72.3,366.5,46.900000000000006,100.7,75.6,61.4,2068,16
54,1391,1321,1322,1007,806,743,556,228,175,519,417,60.599999999999994,142.3,442,284,266,279.5,466,236.5,416.5,580.5,475.5,99,568,383,149,306,269,989,756,875,1072,705,1637,855.5,72.05,163.4,197.5,119,287.8,359,401.1,575.8,388.8,166.8,304.8,400,413.7,1581.4,585.2,902.4,1078.5,139.8,1041.2,1078.5,299,247.1,549.8,172.6,183.3,78.4,161.6,650.7,416.8,385,218.8,241,175.17534734122398,29.87911232337462,952.5999999999999,NODATA,1148.4,948.4,812.8,996.6,849.7,872.3,NODATA,477.3,66.3,338.39999999999986,45.099999999999994,89.80000000000001,53.5,65,2055,15.2
55,1512,1444,1424,1051,893,799,612,254,195,562,415,63.099999999999994,140.2,491,341,271,314,529,307,460,637,527,105,559.5,411,126,334,260,1031,881,1081,1134,805,1727,900,92.2,160,187,119.5,293.1,381.2,370.6,551.9,388.1,198.9,348.3,477.4,466.7,1733.2,698.1,1050.2,1179.5,27.4,1157.1,1166.8,329.1,249.7,580.5,173.3,196,85.3,192.8,NODATA,435.4,412.7,237.8,252,190.99768944605142,23.127341135442304,909.5,NODATA,1254.2,909.4,882.1,1077.2,892.7,889.9,NODATA,516.2,74.3,377.0999999999999,49.6,103.4,81.4,56.4,2205,17.1
56,1479,1436,1398,1065,848,790,592,224,175,539,430,60.4,133,457,290,244,283,446,222,417,620,520,94,555,374,140,290,254,928,756,850,1049,715,1716,901,69.95,154.8,192.40000000000003,119.6,304.4,338.7,363.5,611.2,348.9,199,295.5,456.9,508,1633.6,635.2,906.5,1067,111.7,1059.1,1063.7,339.2,260.5,601.4000000000001,156.3,187.2,77.7,170.3,640.6,369.9,369.7,221.6,244.5,192.35442817720784,27.12220489069058,958.1,NODATA,1247.7,955.5,846.4,1019.3,896.5,937.4,NODATA,481.4,72.3,345.79999999999995,41.6,104.65,75.9,65,2195,14.1
57,1352,1271,1289,972,770,739,542,233,162,497,377,62.5,138.5,435,301,286,245,518,279,449,585,488,101.5,590,367,138,345,281,1046,820,961,1134,733,1592,863,77.05,165.5,208,119.6,282.9,334.4,396.6,582.7,355.4,188.9,348.9,410.8,447.2,1537.9,670.5,1016.3,1152.5,132.8,1123.1,1152.4,298.6,236.7,516,162.7,189,80.1,167.8,663.4,400.9,392.6,232.7,240,176.29218976955087,18.459624006371982,909.8,NODATA,1084.8,904.2,777,942.1,802.8,853.1,NODATA,444.4,79.9,332.5000000000001,45.5,98,75.1,55,1973,15.5
58,1415,1342,1340,985,832,741,545,212,181,532,401,59.6,138,451,288,257,288,512,258,417,607,503,89,567,370,133,321.50000000000006,267.5,972,784,945,1071,760,1639,847,74.9,161.8,200.7,113.8,287.1,327.3,356.9,555.2,345.6,207.2,363.8,481.9,473.8,1553.3,602.8,986.8,1100.1,96.1,1098.8,1098.3,314.9,256,580.6,170.9,185.8,80.2,166.4,687.2,403,382.8,224.2,244.6,179.8491516983314,18.08009622160206,915.2,NODATA,1164.1,914.5,819.1,990.4,864.2,853.6,NODATA,477.1,79.2,350.4,48,94,66,60,2045,14.5
59,1314.5,1245,1229.5,907.5,726.5,742.5,572.5,278,174,466,348,60.8,127.69999999999999,414,286,247,222,466,218,412,531,394,87.2,531,343,135,318,273,909,716,804,1022,710,1549,861,63.65,148.9,185.79999999999998,103.2,249.7,325.1,331.7,553.7,339,185.1,311.6,429.1,475.9,1582.5,681.4,920.5,1079.3,144.5,1022.6,1078.6,263.5,233,504.40000000000003,160.2,176.3,75,152.8,NODATA,374.8,376.4,215.9,231.7,177.63374922708442,23.6723311486336,845.3,NODATA,1084.1,836.2,700.8,877.7,730.8,786.2,NODATA,411.7,68.6,325.4000000000001,44.2,93.4,66.39999999999999,54.5,1945,16.1
60,1384,1310,1302,972,784,724,544,219,175,505,374,71.8,140.1,479,311,270,269,519,264.5,406,576,441,89.45,555,393,153,293,271,1016,833,925,1056,730,1621,871,72.1,155.8,195.2,117.7,293.1,365.9,377.2,623.9,375.8,198.4,362.9,426.7,496.6,1581.1,644.7,981.6,1069.6,139.6,1075.9,1075,282.3,250.8,538.4,160.9,170.6,74.9,164.1,642.9,389.6,401.4,230.4,242.2,182.4753510057879,22.58491327859887,888.6,NODATA,1131.1,884.9,749,909.2,827.7,856.4,NODATA,453,72.7,334.70000000000005,47.800000000000004,102.5,74,59.5,2065,15.9
61,1463,1381,1382,1028,832,781,586,253,185,535,407,62.699999999999996,137.10000000000002,443,292,253,276,492.5,222.00000000000003,408,598.5,480,98.94999999999999,540,383.5,143,319,280,930,736,827,1086,697,1711,919,74.75,157.9,180,122.7,278.8,354.1,363.1,620.3,373,193.7,303.4,465.7,526,1661.6,672.7,909.3,1097.1,138.9,1045.1,1097,291,247.1,543.9,157.2,188.1,79.2,166.3,661.1,417.2,419,234,245.2,185.908759621154,23.15790162360366,952.3,NODATA,1221.9,950.8,813.4,975.6,856.6,878.9,NODATA,477.8,72,369.5999999999999,48.4,103.4,74.80000000000001,62.1,2115,15.3
62,1373,1303,1295,956,786,710,551,235,157,489,367,61.4,133.9,441,307,250,287,517,252,413,575,461,90.3,524,372,128,302,271,947,791,930,1026,735,1577,830,64.35,152.6,174.5,120.3,266.4,339.7,363.2,602,345.8,180.1,342.4,445.8,477.5,1576.6,669.6,1008.9,1048.7,134.3,1013.2,1046.5,291,228.9,528.7,148.9,174.5,74.3,157.4,614.1,375.2,348.3,198.5,236.8,172.88030961496926,18.875326476354644,914.5999999999999,NODATA,1143.7,911.9,780.3,921.1,808.2,826.8,NODATA,451.5,65.3,365.5999999999999,45.599999999999994,102.10000000000001,70.4,57.300000000000004,1985,16.549999999999997
63,1437,1361,1356,1014,815,775,583,242,157,519,414,59.800000000000004,130.29999999999998,439,300,270,257,465,199,358,573,453,87,550,381,162,283,259,921,705,789,937,755,1685,910,62.35,157.9,189.20000000000002,121.8,257.1,339.6,394.9,590.9,379.9,190.2,320,451.5,481.4,1600.2,641.1,842.5,960.3,146,925.9,NODATA,308.1,260.8,573.2,167.7,184.7,77.8,169.8,584.3,371.8,346.1,204.1,241.2,183.65050670568013,25.199211427756836,959.1,NODATA,1166,959.5,813.1,988.8,844.5,849.3,NODATA,464.7,66.9,356,44.2,107.30000000000001,74.80000000000001,53.8,2162.5,15.350000000000001
64,1409,1330,1327,977,805,774,572,247,195,508.49999999999994,376.50000000000006,65.4,140.55,490.5,356,321,324,556,339,499,612,497,96.89999999999999,549,384,132,378,273,1159,912,1179,1247,740,1613.5000000000002,881,95.3,158.3,186,114.9,297.3,368.8,423.6,618.4,361.3,195.7,366.5,480.2,491.4,1770.1,641.4,1159.2,1227.9,138,1279.2,1259.6,283.7,239.1,506.90000000000003,163.4,194.9,83,181.6,NODATA,427.4,425.6,239.2,240.6,179.4285932191369,24.498574191433764,904.7,NODATA,1147.4,902,766.7,971.8,829.6,840.6,NODATA,443.6,75.8,370.80000000000007,46.2,103.6,76,62.300000000000004,2040,17.5
65,1516,1437,1424,1074,880,775,592,230,162,555,434,58.6,130.5,448,274,222,256,503,205,365,618,510,85,544,354,150.5,275,248.5,831,699,768.0000000000001,914,779,1762,897,59.45,153.4,189.3,107.9,251.8,322.4,341.3,494.6,371.2,207.2,312.3,474.2,424.9,1558.8,578.1,855.4,944.9,188.8,855.4,944.8,334,255.1,590.7,163.6,179.4,76.8,192.3,552.6,366.6,339.9,219.1,262.5,199.8623417278998,16.89629172983683,1086.7,NODATA,1280.3,1111.6,897.9,1131.4,934.2,951.3,NODATA,502.9,71.4,367.4000000000001,47.199999999999996,124,89.5,58.2,2240,15.8
66,1432,1389,1371,1041,819,759,586,232,158,526,406,65.1,133.2,412,275,206,234,472,201,382,601,501,89.9,543,362,144,284,248,841,711,731,967.5,766,1683,869,60,155.2,182.5,107.5,265.8,319.2,362,582.4,377.1,166.3,334.4,414.6,467.7,1578.3,642.6,825.1,995.6,89.3,989.2,1002.5,318,259.4,580.4000000000001,153.7,180.9,76.5,168.2,583.5,364.5,343.7,201.8,231,176.31736665370806,26.726674950110276,943.8,NODATA,1210.1,942.7,854.5,995.4,853.8,898.4,NODATA,480.6,67.6,336.29999999999995,47.75,102,74.9,NODATA,2151.5,15.45
67,1426,1349,1320,1002,804,744,552,214,118.50000000000001,480.5,395.5,63.69999999999999,135.25,447,280,216.5,279,487,203,379,581,481,87,539,398,148,276,250,866,742,815,946,695,1668,872,59.3,154.4,184,106.4,252,324.2,342.6,590.4,373.3,200.5,344.1,451,494.4,1541.9,606.2,858.9,968.6,102.2,956.7,960.3,309.5,257.1,573.5,153.4,186.1,77.6,150,555.6,338.1,336.7,202.3,239.8,181.61627178449567,21.887258657217387,945.4000000000001,NODATA,1222.2,945.2,843.2,982.9,867.9,856.5,NODATA,459,65.3,343.29999999999995,42.9,92.30000000000001,68.8,52.5,2105,14
68,1450,1393,1361,1011,833,773,590,250,175,527,395,62.800000000000004,135.7,430,300,249,298,470,256,426,594,488,92.5,575,391,134,284,260,913,792,912,1041,675,1680,863,70.4,159.1,193.10000000000002,129.9,277,342.5,384.1,612.3,335.7,187.3,307.3,452.2,505,1606.6,633.7,1000.5,1077.2,76.7,1064.8,1060.5,302.5,234.7,542.4,157.1,185.9,78.4,189.1,653.2,394.9,369.5,206.7,252.4,180.93063652328397,26.45528928163251,912.8000000000001,NODATA,1202.8,912.8,836.1,980.7,876.2,883.1,NODATA,474.3,69,358.4,46,109.9,80,64.80000000000001,2092,14.6
69,1324,1261,1252,958,788,708,512,173,167,500,362,60.300000000000004,135.39999999999998,469,333,276,256,540,244,398,583,456,98.2,558,402.5,145,321.5,273.5,1001,820,910.5000000000001,1018,790,1559,800,70.55,155.6,191,125.7,286.6,343.4,406,522.3,382.5,201,343.8,404.2,394.8,1515.3,599.2,925.7,1033.2,139.7,1005.9,1033.1,310.5,242.6,559.4,177.4,NODATA,83.9,176.2,NODATA,396.4,417.2,252.3,243.5,179.88598822719717,16.722964983560523,908.2,NODATA,1079.5,904.6,768.5,970.3,815.2,837.8,NODATA,453.5,48.8,308.19999999999993,43.099999999999994,108.69999999999999,78.3,64.7,2042.5,17.2
70,1463.5000000000002,1392,1375.5,1011,831.9999999999999,781.9999999999999,599,251.5,164,520,407,54.800000000000004,128.2,431,285,218,259,445,197,360,584,458,88.5,531,359,140,279,250,872,732,731,913,695,1710,915,57.85,156.2,181.29999999999998,108.1,245,305.1,342.3,573.1,363.2,192.5,301,468.7,476.9,1598.6,621.5,753,944,158.4,896.5,939.8,318.2,248.4,574.7,156.1,178.4,73.2,164.4,557.8,350.8,362.3,204.5,227.9,165.4619058119445,25.806928209250053,992,NODATA,1238.3,990.5,833.6,1015,865.9,916.9,NODATA,477.1,68,380,46.5,99.9,67.6,48.5,2140,13.799999999999999
71,1400,1340,1319,983,792,736,571,220,205,512,370,62.599999999999994,139.4,490,356,323,289,565,341,461,614,485,89.60000000000001,552,372,129,342,273,1131,905,1135,1191,695,1632,874,89.85,158.3,187.5,121.6,297.5,346,418,606.5,354.4,207,318.6,442.1,445.5,1757.6,726.8,1130.7,1225.6,80,1225.5,1190.3,300.4,235.2,541.6,161.2,183.4,77.3,178.4,NODATA,425.3,408.6,228.6,239.8,175.85965346179862,24.542580467911478,891.6,NODATA,1147.5,890.9,811.6,988.9,840.2,854.3,NODATA,455.9,72.8,346.4,46.6,115.45,84.39999999999999,59.65,2071,15.649999999999999
72,1456.0000000000002,1387,1381.5,1017,813,807.5,595,244.50000000000003,168,523,407,63.2,146.5,449,288,240,296,466,246,399,581,479,96,584,375,146,283,252,896,777,913,1001,725,1706,931,67.1,164.4,196.4,121.3,274.2,336.6,351.8,629.1,358.4,213.6,287.5,462.1,544.7,1599.2,630.7,945.9,1046.6,121.5,1048.6,1061.8,319,237,559.2,155.3,182.8,78.8,172.3,572.5,391.3,371.1,238.3,255.2,185.25304548889017,18.56606021766923,913.3,NODATA,1221.6,911.8,791.8,950.5,845.7,865.5,NODATA,471.8,72.6,375.19999999999993,47,106.4,71.39999999999999,54.1,2125,21.200000000000003
73,1434,1379,1369,1025,822,775,574,227,165,526,406,64.1,135.5,467,303,248,277,512,234,396,591,460,84,562,387,122,276,239,931,779,878,977,745,1668,868,66.9,156.2,188.7,103.5,266.5,345.3,343.1,592,368.5,176.1,325,445,493.2,1575.1,628.1,964.9,1004,77.2,1003.8,1001.1,317.8,232,554.0999999999999,160.1,188.1,78.6,165.2,NODATA,372.7,342.5,200.7,242.8,181.31139733768828,18.135496255905377,925.1,NODATA,1226.2,923.9,847.9,981.7,878.2,862.8,NODATA,465.5,66.9,352.70000000000005,43,101,76.5,57.95,2105,15.2
74,1516.5,1463,1440.5,1098.5,884,760,607,234,171,553,425,62.1,130.39999999999998,432,288,232,290,521,198,383,603,487,94,537,351,150,281,251,894,778,774,916,785,1745,874,62.5,151.7,184,117.7,287.2,321.9,345.7,610.9,387,189.7,333,443.5,510.4,1583.5,648.7,873.7,962.7,131.9,942.8,961.3,347.5,269.2,625.9000000000001,166,181.6,78,161.4,590.5,389.9,352.1,212.9,255.9,190.3,16.90476345067991,1003.5,NODATA,1296.1,1001.7,871.6,1036.1,905.8,948.6,NODATA,505.4,71.2,348.4000000000001,40.599999999999994,95.3,55.300000000000004,59.800000000000004,2245,16.200000000000003
75,1477.5,1391.0000000000002,1400,1039.5,841.5,775.5000000000001,586.5,242.99999999999997,164,537,415,59.1,130.5,439,282,233,271,467,220,431,605,492,98.2,554,355,159,302,260,861,741,777,1024,725,1720.5,906,68.45,153.8,191.1,118.7,258.9,312.2,342.2,563.4,394,194.3,304.8,457.6,465.4,1623.1,636.8,809.2,1058.5,191.8,952.9,1055.9,294.9,259.3,559.7,153.4,178.1,75.5,185.2,625.9,403,403.4,233.2,250.2,184.0137959691378,14.59594681007184,1015.9000000000001,NODATA,1250.8,1009.9,824.1,1038.5,860.7,891.8,NODATA,480.2,55.9,369.5,40.4,113.69999999999999,80,61.2,2200,15.700000000000001
76,1452,1385,1392,1031.5,836,780.5000000000001,582,240,147,518,402,58.4,125.8,398,260,192,265,398,196,372,568,486,93.2,532,355,135,261,232,787,687,704,915,782.5,1712,898,53.1,148,186.8,117.5,283.5,309.2,336.4,591.4,354.1,167.5,325.2,446.8,504.8,1527.8,608.4,807.3,940.7,118.7,923.2,940.4,313.5,254.8,574.3,152.7,183.7,77.6,179.5,550.2,344.9,328.2,214,246.5,179.46614968155467,22.541517617039055,951.4000000000001,NODATA,1238.6,949,832.7,989,869.5,877.1,NODATA,479.7,69.8,373.79999999999995,48.2,106.19999999999999,73.4,59.699999999999996,2115,17
77,1417,1372,1372,1010,795,792,593,256,212,514,367,63.8,137.79999999999998,477,347,323,308,555,330,455,606,457,96.5,564,410,146,370.5,309,1126.5,913,1114,1175.5,737.5,1672,937,97.7,154.9,195.10000000000002,119.2,276,346.7,433,623.6,374.1,195.3,305.7,436.6,430.5,1767.9,736.7,1073.7,1182.4,124.9,1219.5,1200.9,307.9,244.4,561.1,174.8,193.2,80.8,167.5,NODATA,442.8,450.7,243.6,244.7,183.57345169686522,26.55221034817754,940.5,NODATA,1193,939.6,815.6,1022.5,844,877,NODATA,440.6,67.8,370.5,47.199999999999996,106.89999999999999,78.2,61.7,2115,15.2
78,1403,1356,1330,974,771,781,598,270,160,492,382,53.9,125.1,425,249,242,255,436,205,432,582,480.5,84,518,347,138,310,255,875,700,742,1040,675,1646,894.5,65.05,150.5,176.5,98.7,248.9,306.8,344.6,627,353.6,181.1,311,432.7,473.6,1656.9,790.9,894.6,1067.3,131.2,1040.2,1053.4,298.2,229.2,535.8,147.6,171.2,72.1,159.8,655.4,390.3,383.7,209.8,222,159.8341430186689,25.90545509730541,914.8,NODATA,1216.8,911.2,783.6,948.8,823,838.8,NODATA,446.1,52.9,379.1,37.8,96.1,60.199999999999996,55,2045,12.2
79,1400,1319,1328,965,770,747,565,215,171,505,387,61.6,133.5,425,297,255,277.5,489,219,405,564,465,92,580,375,136,293,268,965,792,828,1066,700,1620,876.0000000000002,70.1,168.2,199.7,125.7,290.7,362.2,350.6,541.6,363.2,185.3,331.7,451.7,425.6,1610.3,671.2,829.3,1072.2,189.1,976.4,1066.2,315.6,256.3,581.0999999999999,169.7,188.1,79.4,169.2,651.7,395.8,385.5,246.4,251.3,184.41425084601644,24.10089795382446,961.2,NODATA,1169.7,956.8,772.1,1000.2,812.2,847.9,NODATA,446.5,69.4,364.9,46.2,94.1,63,63.5,2075,14.2
80,1444,1348,1341,1004,827,749,554,194,136.5,522,413,59.39999999999999,132.10000000000002,431.50000000000006,292,242,275,478,235,373,573,465,86,548,357,161,252,246,909,716,788,926,716,1667.5,867,57.65,151,187.3,108.7,271.1,334.5,360.6,599.6,366.3,196.6,310,451.9,486.9,1525.1,586.4,872.3,959.1,77,958.6,958.7,326.7,240.3,567.3,154.1,176.2,75.3,182.6,545.2,344.7,334.7,213.5,246.6,186.3193471914593,23.787380169192105,908.7,NODATA,1202.3,907.6,831.7,978.4,856.8,899.9,NODATA,483.2,79.5,359.4,45.9,114.2,77.2,61.3,2135,14.299999999999999
81,1400,1322,1309,986,780,750,573,244,190,507,393,62.400000000000006,138,467,283,264,268,488,221,429,585,478,90,548.5,365.99999999999994,144.5,322.5,272.5,961.5,779,811.5,1065,705,1612,863,72.8,156.7,189.5,117.3,236.5,320.3,364.7,606.2,372.8,226.6,346.1,461,533.5,1589.4,658.5,943.6,1116.8,124.9,1097.4,1115.9,302.1,249.7,569.4,170.8,197.2,82,162.1,675.4,410,406.5,240.8,249.8,180.01735364660738,22.1614793874366,902.5,NODATA,1141.6,898.8,777.6,920.6,808.4,832,NODATA,436.4,65.3,342.0999999999999,47.9,97.8,76.7,59.699999999999996,2025,14.5
82,1359.5,1305.5,1288.5,975.5,790.9000000000001,738.0000000000001,546,225,147,491,380,58.6,125.9,406,282,222,266,428,235,433,558,476,82.30000000000001,554,388,128,276,243,895,734,840,1058,690,1605.5,845,59.85,151.7,190,125,270.4,337.9,365.9,583.1,342.4,171.2,295.7,412.9,459.4,1566.7,648.7,887.9,1081.2,118.5,1060.7,1070.8,295.7,228.6,532.3,149.3,168,70.6,168,602.7,361.4,341.3,221.5,234.6,172.79470374157873,25.03055919087468,886.2,NODATA,1133.6,880.1,767.7,931,793.3,810.3,NODATA,444.1,64.7,331.70000000000005,38.8,101.5,73.1,66.39999999999999,2010,14.1
83,1415,1358,1344,1016,828,712,561,209,165,528,402,65.8,136.1,451,280,236,268,453,214,408,588,482,106.8,558,387,137.5,313,265,888.0000000000001,734,806,1040,720,1645,846,70,150.4,199,114.2,304.6,361.6,353.2,555.9,367.6,188.2,319,431.3,472.5,1581.2,608.6,889.8,1067.2,113.8,1053.7,NODATA,309.5,255.4,567.6,172.6,203.7,85,179.1,636.4,403.6,386.8,230.1,252.8,188.4087585502519,25.217364520783438,943.8,NODATA,1183.6,941.5,830,989.2,853.3,887.9,NODATA,462.8,59.3,342.60000000000014,50.599999999999994,96.1,66.7,59.5,2117.5,15.8
84,1448.5000000000002,1388,1374,1031,NODATA,783.5,601,254,167,522,416,54.699999999999996,129,420,290,248,261,426,204,388,599,489,90,552,374,135,296,248,919,714,811,978,672,1692,909,66.2,155.4,192.60000000000002,115.2,265.8,325.7,346.5,620,357.8,174.7,321.1,442.2,502.9,1643.3,653.2,889.3,1048.3,163.4,991.3,1034,299.6,243.3,551.5,170.3,199.6,84.2,192,634.8,377.2,384.2,236.6,248.6,185.7741405750627,25.1034060687093,949.6,NODATA,1237.7,946.5,786.2,981.9,840.6,869.7,NODATA,462.6,69.1,357.8000000000002,49.900000000000006,115.7,81.4,60,2096,16.7
85,1469,1396,1393,1085,873,752,555,210,164,557,455,58.69999999999999,122,433.5,261.5,240,275,447,224,402,595,493,91,563,369,154,301,247,892,754,858,1003,700,1709,868.5,66.65,151.7,200,114.5,245,328,346.8,589.5,380.3,173.6,317.1,414.1,473.2,1548.5,625.2,919,1028.5,140.3,995,1023.7,310,250.8,569.2,176.8,193.1,80.2,176.6,613.5,384.3,387.4,229.2,256.1,188.11632078997695,24.120983119442563,1009.5999999999999,NODATA,1251.9,1006.3,869.3,1030.2,916.3,937.4,NODATA,511.1,67.7,329.5,43.3,102.69999999999999,58.3,57.5,2185,13.899999999999999
86,1358,1303,1296,978,786,710,511,179,171,503,382,57.800000000000004,138.2,427,283,257,233,431,245,370,586,472,83.10000000000001,556,372,129,301.5,274,913.0000000000001,726.5,803.5,940,705,1588,826,61.45,154.9,191.6,114.3,274.3,343.4,385.3,601.9,335.3,174.5,287.1,414.2,493.2,1536.6,607.6,931.7,995.8,67.5,993.6,994.8,281.3,238.2,527.6,156.2,180.7,76.4,162.4,612,374.9,364.6,216.3,227.1,165.19636467817608,15.686596147502982,851.2,NODATA,1111.4,849.8,783.7,913.9,808.5,858.5,NODATA,444,66.1,326.29999999999995,47.300000000000004,100.60000000000001,71.6,53,1995,14.9
87,1392,1336,1317,990,811,706,554,211,177,514.5,386.5,58.849999999999994,138.85000000000002,463,323,281,281,540,259,448,587,462,93.6,559,373,143,337,292,1050,822,951,1012,715,1600,827,77.7,161.9,194.89999999999998,129.5,289.4,362.5,354.6,588.3,372.4,209.4,326.2,436.7,477.9,1589.1,660.6,1020.2,1123.9,157,1071,1119.7,311.4,232.6,549.1,167.2,169.4,74.7,164.7,678.8,420.6,415.2,228.9,244.6,185.66773049968623,22.182475977381362,933.9,NODATA,1177.4,931.6,776.9,960.8,836.7,855.3,NODATA,451.8,65,339.5,43.5,103.2,77.5,54.5,2055,15.8
88,1373,1324,1293,973,790,757,563,232,158,503.5,411,62.5,131.4,418.5,277.5,248,285,447,268,424,583,487,92,559,378,131,285,232,919,769,944,1015,725,1614,864,67.5,153.7,200.10000000000002,121.7,261.1,346.3,359.7,551.6,338.9,176.1,300.7,447.2,472.2,1597.8,573.6,951.1,1040,50.3,1036.5,1028.4,306.4,239.4,548.3,165.1,178.6,75.8,159.8,618.4,379.8,391.3,234.5,244.7,178.58015826979056,26.600794016803874,884.6999999999999,NODATA,1139.1,884.3,834.4,950.2,822,855.5,NODATA,432.4,57.7,342.29999999999995,39.900000000000006,93.10000000000001,66.2,60.4,2060,14.5
89,1457,1359,1356,1032.5,827.5,760,559,203,163,518,403,54.400000000000006,126.30000000000001,450,289,238,279,472,242,402,594,472,94.3,546,385,147,294,251,901,741,867,1020,765,1702,905,66.9,146.7,193.4,114.5,268.8,345.4,360,616.8,379.9,173.9,305.6,445.6,527.9,1583.9,659,922.1,1034.9,104.8,1027.7,1015.1,311.8,246.7,560.5,158,182,75.4,179,627.5,377.7,380,216.1,244.5,177.33072668794728,21.972742001473975,928.4,NODATA,1206.8,924.9,823.6,964.4,866.5,884,NODATA,460.5,78.7,329.0999999999999,44.3,115.1,75.6,62.9,2155,14.8
90,1401.0000000000002,1343.5000000000002,1331,986,793.0000000000001,760,579.5,246,144,515,402,55,122.2,426,270,236,270,444,224,424,582,470,94,539,361,135,287,254,871,772,805,1015,680,1643,877,63.85,152.6,193.29999999999998,120.6,269.4,327.7,335.3,579.2,363.2,165.3,316.4,433.6,461.8,1612.7,660.8,864.5,1046.9,182.2,956.6,1046.4,300.5,246.3,552.4,157.9,175.7,74.6,157.3,619.2,386.3,365,230.1,231.9,173.0918687918626,22.19028889612255,955.7,NODATA,1189.3,948.5,773.5,960.9,824.1,844.9,NODATA,451.1,67.3,352.69999999999993,41.3,94.39999999999999,65.4,65.5,2035,13.899999999999999
91,1404.5,1340,1319.5,974,794,742.5,557,230,190,512,381,62.800000000000004,131.4,480,346,312,316,597,291,422,582,469,97,549,393,140,341,286,1079,872,981,1092,695,1620,870,82.95,153.1,191.70000000000002,122.4,286.2,386.2,413,578.1,369.5,213.2,344.1,462.3,442.3,1702.1,673,1019.7,1113,85.1,1115.1,1112.7,304.1,237.2,555.9000000000001,167.8,184.6,79.8,171.1,664.2,396.1,395.1,223.8,248.1,183.64256198696086,23.826431466891176,904,NODATA,1142.5,903.5,818.9,996.3,824.2,878.8,NODATA,448.3,72.2,352.30000000000007,51.7,107.30000000000001,69.6,64.9,2035,16.4
92,1486,1414,1405,1015,823,823,630,265,207.00000000000003,537,402.5,61.7,140.85000000000002,509,326,293.5,307,539,291,448,607,469,95,556,392,151,352,283,1039,859,1032,1163,740,1728,946,90.65,160.7,181.20000000000002,110.7,289.8,358.3,385.5,648.4,375.5,198.8,308.2,499.7,528.5,1775.6,702.7,1094.1,1180.9,191.5,1180.4,1180.3,323.8,246.2,576.5,167.8,200.4,84.2,187.7,721.8,428.1,406.2,230.5,244.1,178.42269761657047,26.89373712782128,1028.1,NODATA,1250.4,920.9,836.6,1003,870.9,874,NODATA,478,73.6,407,46.7,114.1,69.4,63.5,2192,15.3
93,1574,1484,1467,1107,890,819,627,255,180.5,567.5,421.5,60.8,134.35,455,292,247,293,463,254,444,656,523,105.60000000000001,547,373,160,309,257,900,755,928,1114,775,1806.5,948,80.4,157.3,195,112.4,270.9,333.6,362.1,609.7,359.3,213.3,321.8,502.6,539.8,1716.8,686.1,1010.9,1151.5,121.3,1128,1139.8,325.2,261.5,593.7,161.8,192.9,82.3,184.4,669.5,430.1,399.4,231,252.6,185.69731833433156,21.219514124756113,1009.8,NODATA,1304.9,1006.5,888.5,1073.5,921.8,978.2,NODATA,500.8,61.2,370.20000000000005,50,117.6,74,72.4,2315,17.5
94,1456,1390,1389,1065,842,747,573,225,155,514,407,49.900000000000006,125.9,476,309,285,299,568,294,416,609,523,92.05,551.5,385,138.5,331.50000000000006,254,1051.5,883,1051,1044,715,1635,853,78.55,167.3,179.4,115,255,368.2,416.9,667.7,396.8,193,372.6,426.5,501.8,1675.8,602.4,1078.7,1081.3,21,1061.3,1065.6,329.4,245.4,586.0999999999999,165.9,201.6,83.7,165.1,NODATA,379.4,380.3,221.4,248.1,185.17003340942009,18.858100505314038,929,NODATA,1214,929,908,986.4,885.1,886.3,NODATA,481.1,63.2,346.89999999999986,42.300000000000004,99.60000000000001,71.5,63.5,2155,13.799999999999999
95,1476.4999999999998,1389.5,1370,1028,829,775.5,598.5,238,156,514,396,64.4,133.5,405,269,201,269,443,186,358,608,500,78.5,541,362,135,261,235,806,806,732,912,777.5,1706,899,54.3,159.5,181.5,113,263.2,299.6,338.9,567.3,355,225.6,304.6,487.8,520.6,1581.5,615.8,825,936.7,101.8,932.2,935.3,308,254.1,572,148.4,170.6,74.9,167.4,549.6,342.5,321.4,199.6,226.2,175.0705806720443,17.444817890411695,937,NODATA,1221.5,936.7,835.2,1004.3,878.6,899.6,NODATA,465.4,69.1,353.79999999999995,44.800000000000004,103.2,70,53.7,2145,15.700000000000001
96,1424,1364,1349,998,822,737,565,235,193,533,386,58.9,136.2,474,323,283,272,569,293.5,451,622,485,95.7,555,403.49999999999994,121,384,311,1029,826,1035,1136,719,1646,865,86.55,162.1,185.79999999999998,117.8,293.7,375.7,380.4,601.2,358,182.3,335.1,454.1,501.6,1674.9,722.5,1108,1174.2,142,1146.8,1150.4,298.9,240.5,548.6,177.7,186.4,77.7,181.6,NODATA,427.3,418,224.5,235.7,170.06804687415683,18.695645717302817,960.4,NODATA,1194.5,958.9,818.4,983.2,864.7,881.5,NODATA,471.9,76.5,356.39999999999986,48.8,107.6,82.69999999999999,59.800000000000004,2083,15.600000000000001
97,1445,1387,1384,1023,828,797,599,255,166,534,406,60,138.6,478,327,290,290,506,249,437,600,476,100.15,578,403,145,325,291.5,1074,830,933,1078,695,1703,911,82.5,167,206,121.1,296.2,363.1,433.9,663.3,376.1,205.4,346.2,446.7,474.2,1681.2,670.3,962.1,1109,122.9,1091.9,1108.5,301.1,257.6,562.9,181.6,218.8,88.6,181.3,NODATA,420.5,416,234.6,252.6,188.63113276982162,27.953572139108626,958.9,NODATA,1185,958.4,836,994.7,854.5,849.6,NODATA,471,71,368,40,111,73.5,73,2115,15.3
98,1322,1236,1249.5,935.5,750,686.5,485,159,159,485,358,58.2,135.29999999999998,415,268,232,268,467,223,420,574,448,88,546,349,145,279,251,841,731,770,1020,690,1546,812,58.6,153,177.7,122.2,258.3,309.4,321.9,513.5,344.3,189.6,292.7,409.5,425.5,1506.6,647.2,818,1040.6,115.5,1021.8,1036.7,289.4,234.7,525.6,144.3,172.9,73.9,174.1,612.1,374.3,383.1,222.9,234.9,165.54360805861296,27.640011402116304,866,NODATA,1102.7,862.9,750.5,924.4,780.8,842.7,NODATA,433.5,50.7,320.29999999999995,42.300000000000004,109.60000000000001,79.1,59,1977,15.1
99,1335,1275,1269,948,762,732,555,229,184,479,360,58.2,137.10000000000002,441,285,257,271,496,222,419,580,468,90.60000000000001,540,368,135,301,264,963,748.5,798,1027.5,660,1569,853,66.25,153.8,179.39999999999998,118.2,267.7,324.3,353.4,578.5,356.7,168.3,307.1,415.9,458.1,1531.1,626.9,914.1,1062.7,133.3,1025.7,1062.6,296.5,235,534.2,158.5,180.6,76.4,174.3,631,407.7,411.8,236.2,245,181.4643622590359,21.754278337525534,893.8,NODATA,1128.3,890.1,760.5,919.8,794,843,NODATA,418.1,58.9,332.19999999999993,48.4,109.39999999999999,73.2,59.55,1971,15.5
100,1503,1427,1393,1038,840,799,611,248,148,533,436,59.800000000000004,135.1,449,289,269,295,474,212,417,589,497,91,557,384,133,288.5,259,974.5,754.5,874.5,1022.5,750,1732,918,68.9,160.7,190,117.3,286.8,335.1,390.7,600.4,377.5,212.5,345.5,485.5,512.8,1648.6,611.5,909.1,1041.1,171.7,990.6,1035.5,340,252.7,599.6,178.1,197,82.7,191.4,602.1,401.9,365.3,233.5,258.5,195.9784701206845,22.898107874324026,1017.8,NODATA,1210.6,1016.3,846.1,1032.4,889.4,887.4,NODATA,480.5,72.1,350.4000000000001,42.400000000000006,98.69999999999999,67.2,61.1,2195,13.700000000000001
101,1481,1431.5,1418.5,1064,860.5,758.5,603,236,166,540,414,66.39999999999999,129.8,470,322,258,266,537,242,391,616,504,101.8,558,396,140,330,282,942,785,881,1028,755,1744,895,75.1,153.3,193.2,111.5,303.2,358.4,347.8,598.2,375,198.4,322.8,448.9,487.2,1638.2,626.5,925,1045.6,141.5,1006.8,1032,323.7,253.5,585.7,167.1,192.8,82.6,185.3,632.6,388.7,379.8,217.9,252.9,184.71281960835128,22.258436467956173,1000.7,NODATA,1283.4,1000.1,859.2,1039,896.8,921,NODATA,484.4,70.7,369.0999999999999,45.9,121.5,95.39999999999999,58.8,2215,15.5
102,1503,1441,1423,1043,834,810,634,272,195,547,428,63.5,134.70000000000002,484,310,282,330,569,278,437,602,490,98,564.5,405,139,355.5,284.5,1027.5,865,1026,1130,785,1732,946,91.45,156.3,199.3,125.4,284.9,355.9,397.5,630.2,381.4,187.2,356.5,499.7,497.6,1796.5,728.7,1002,1145.7,168,1136.2,1130.8,327.4,279.6,617.5,171.3,192.6,79.2,181.3,NODATA,415.2,415.8,219.8,251.5,182.91465265383198,22.859845867256173,1004.9,NODATA,1254.4,1002.6,836.9,1045.6,869.6,839.9,NODATA,482.7,76.8,401,51.8,108.5,79.7,60.7,2215,14
103,1466.5,1393.5,1393.5,1029,832,797,591.5,232,166,518,398,62,131.4,421,262,224,269,399,224,409,611,495,91.19999999999999,591,342,151,267,240,838,664,725,986,689,1726,919,64.55,158.8,197.39999999999998,123,268.2,307.2,339.9,629.1,366.9,177.8,295.7,459.8,522.9,1581.3,685.3,853.7,1033.5,115.5,1023.6,1028.6,310.4,237.2,549.4,147.2,179.4,79.3,185,620.4,378.1,394.5,231.1,238.3,178.44044132780564,21.7926123453933,939,NODATA,1257.5,934.5,823.5,983.4,871.1,932.5,NODATA,457.2,69.9,376.89999999999986,47.1,114,78.89999999999999,61,2148,15.8
104,1452,1346,1352,1037,819,721,510,151,134,511,393.5,62,134.5,423.5,265,219,262.5,466,220,338,591,479,94.1,560.5,377,147,289,251,833.5,725,765,891,777,1685,860,56.9,159.3,191,113.8,274.9,326.7,353.1,533.3,362.1,202.4,324.7,433.4,439.5,1503.9,605.7,739.6,902.7,262.5,831.3,901.3,332.5,247.2,590.5,157.5,191.3,80.7,166,526,360.7,355.7,204.5,242.1,180.42934986579093,12.889016475313847,1077.1,NODATA,1204.5,1072.4,814.6,1050.4,883.9,901.1,NODATA,464.2,63.7,316.70000000000005,42.5,98.4,63.5,64.5,2135,16.9
105,1415,1361,1360,1024,834,734,554,211,163,528,413,61.6,123.4,443,301,241,273,470,225,386,578,480,97.4,552,377,129.5,303.5,252,907.5,738,858,956,775,1673,874,63.2,158.3,188.9,108,243.5,310.8,363.9,596,365.7,173.1,331.4,414.2,478.8,1565.5,613.6,906.9,993.3,107.1,983.4,993.1,301.1,248.8,557.8,151.4,187.9,83,177.1,NODATA,351.6,358.4,221.8,254,186.96822554890235,19.442672998333325,931.3000000000001,NODATA,1194.1,926.2,824.2,969.9,856.3,881.5,NODATA,484,72.5,334.39999999999986,46,100.19999999999999,76.39999999999999,63.7,2095,14.399999999999999
106,1494,1422,1412,1091,856,776,582,236,185,556,431,61.4,139,419,289,256,298.5,494,258,404.5,627,506,89,574,386,134,286,240,943,819,940,987,785,1724,897,74.15,156.6,198.1,110.5,279.5,345.6,396.6,594,362.2,196.7,333.5,439.7,476.8,1634.5,630.2,962.1,1028.7,113.5,1027.4,1028.3,307.6,252,563.9,158.2,178.9,77.4,177,NODATA,387.2,401.2,234.5,259.2,191.11893419367593,14.585168272742985,958.6,NODATA,1240,956,845.1,1053.3,896.5,891.8,NODATA,479.7,56.1,341.4000000000001,41.7,112.4,82,71.39999999999999,2165,17
107,1299,1248,1220,893,704,720,551,231,132,447,343,69.3,132,397,269,224,253,408,195,355,524,433,87,545,360,132,262,241,871,709,718.5,909,665,1567,866,52.85,158.4,188.7,115.4,264.4,312.3,344.3,539.3,351.6,175,318.6,437.4,431.1,1513.1,637.1,762.8,954,126.1,924.5,940.8,281,238.5,521.3,154.6,180.3,75,153.3,544.9,338.7,345.4,216.4,230.2,169.8881618135849,26.07163467609517,848.5,NODATA,1098.8,846,722.4,914.3,755.7,780.6,NODATA,411.9,60,339.70000000000005,42,90.19999999999999,68.2,61.449999999999996,1940,14
108,1310,1259,1233,887,714,714,542,222,145,447,326,65.8,138.2,423,279,239,255,437,214,398,535,419,90.39999999999999,547,354,127,292,256,897,718.5,756,983,655,1567,864,58.05,154.9,188.05,116.2,271.6,323.2,329.1,613.2,321.8,177.8,301.8,450,503.7,1570.7,647.9,879.9,1014.2,129.8,989.6,1001.1,284,213.9,502.5,149.7,168.1,73,162.1,609.4,365.1,353.2,218.1,229.4,174.94218995745175,20.255921821622078,860,NODATA,1117.1,857.3,730.2,871.3,760.2,824,NODATA,419.4,68.7,350.9,42.800000000000004,100.15,73.1,56.5,1930,15.55
109,1411,1345.5,1336.5,996,827,758,562,203,156,522,419,58.5,141.4,409,272,206,255,454,201,381,591,480,97,558,375,139,274,244,792,702,771,945,747,1664,872,57.85,161.7,187,107.4,267.7,333.2,347.8,582.1,351,159.6,318.2,433.8,464.2,1521.6,613.4,820.5,969.1,137.4,939.3,961.4,313.4,246.1,560.1,164.8,185.9,80.6,192.6,570.2,371.7,370.4,219.5,257.6,190.0786900659017,22.27445373236409,953.8,NODATA,1196.3,951.9,816.4,971.6,848.8,868.9,NODATA,458.1,75.4,360.0999999999999,54.900000000000006,114.9,84.9,59.800000000000004,2120,16.599999999999998
110,1397,1317,1303,981,821,766,562,225,200,511,379,62.300000000000004,143,441,313,310,294,551,330,471,601,480,93.50000000000001,570.5,396,145,343,293,1070.5,917,1094,1161,675,1626,878,89.6,169.4,194,120.3,302.8,389.5,410.3,599.7,347,214.3,326,467.7,463.9,1722.6,628.4,1066,1199,74.5,1194.9,1185.7,292.3,229.7,528.6,173.6,185,75.8,174,NODATA,427.1,443.7,263.6,240,177.42341230773386,23.87481857869202,890.7,NODATA,1146.6,889.6,816.2,991.7,821.8,836.9,NODATA,460.6,56.6,346.20000000000005,46.5,109.39999999999999,78.2,64,1983,16
111,1379,1326,1300,984,809,702,542,196,147,512,397,62.1,127.4,390,257,215,251,391,215,354,565,465,85,531,367.5,133.5,280.5,242.5,836.5,713,699.4999999999999,877.5,665,1610,814,50.8,151.3,177.60000000000002,114.2,266.1,327.5,319.7,516.4,324.5,184.5,270.6,431.3,424.9,1476.6,632.4,743.7,921.9,142.9,879.3,907.3,306.7,228.2,538.3,143.2,173.9,75.5,168.7,554.2,337.7,344,200.6,224.5,165.11112477953048,22.665561426066166,955.6999999999999,NODATA,1178.4,953.4,812.8,988.1,827.9,855,NODATA,467,74.7,329.5,46.6,110.60000000000001,76.5,60.099999999999994,2035,15
112,1472,1409,1385,1050,867,742,590,220,194,549,399.5,60.4,144.4,477,335.5,268.5,324,558,304,477,625,504,98.10000000000001,556,403,138,350,302,1023,868,1028,1158,747,1694,870.5,85.3,159.1,184.1,100.2,288.1,367.8,380.5,601.1,374.9,190.4,338.1,456.5,488.8,1668,695.5,1116.7,1177.3,96.8,1176.8,1177.2,322.8,248.8,575.4,176.9,187.6,80.1,178.7,727.3,426,425.3,253.9,253.2,189.57034849454902,19.145595700871592,967.8,NODATA,1230.1,958,871,1028.9,889.2,932.5,NODATA,502.5,62.6,344.0999999999999,49.699999999999996,113.9,76.10000000000001,54.2,2185,16.299999999999997
113,1421,1363,1339,1021,778,740,588,253,164,517,405,60.5,128.6,435,289,224,243,484,238,390,586,478,93.3,566,388,141,289,287,862,770,859,1001,778,1664,876,64.6,159.8,193.5,107.1,278.4,358.1,357.1,579,378.4,161.5,341.8,429.9,486.2,1613.9,602.7,879.7,1013.7,137.1,980.2,NODATA,303.1,233.5,542.7,159.5,192,79.3,175,597.9,363.3,381.5,216.6,236.6,174.1323200360157,21.409189471478754,959.7,NODATA,1189,955.7,822.6,976.5,847.7,904.4,NODATA,467.7,70.9,323.89999999999986,49.25000000000001,108.2,76.5,60.5,2089.5,16.1
114,1547,1475,1445,1080,872,820,607,236,186,555.5,429.5,70.64999999999999,141.20000000000002,474,318,284,310,533,272,467,663,526,103,546,406,148,306,269,1018,852,989,1152,805,1780,938,84.45,157.5,191,118.1,293.4,358.5,409.3,678.4,398.3,196.4,361.2,489.5,555.4,1711.2,654.3,1049.6,1193.4,124.5,1172.2,1185.3,329.6,265.5,599.2,172.4,197.1,86.3,189,705.7,395.2,370.3,222.2,272.8,194.16004539943447,22.84572407020015,1006.2,NODATA,1263.7,1002.2,881.7,1022.5,916.4,913.8,NODATA,484.4,73.4,365.29999999999995,46.2,111.5,70,61.5,2290,15.5
115,1415,1368,1369.5,1004,805,789.5,591,247.00000000000003,156.5,509,392,71.5,130,454,289,233.5,269,525,211,376.5,648.5,473,104.1,578,425,130,294,268,891,782,812.5,984,795,1683.5000000000002,907,65.35,162.7,198,135.6,295.3,NODATA,379.4,589.1,377.7,199.6,322.2,447.4,470.2,1637,715.2,830.8,985.5,172.7,941.9,1001.5,313.2,235.5,557.3,162.2,189,81.9,183.2,587.4,365.4,364.4,213.8,241.4,179.8380081776741,23.37521072952228,961.3,NODATA,1195.5,959.5,788.6,990.4,834,861.6,NODATA,455.5,72.9,358,51.3,110,74,68,2105,16.5
116,1280,1221,1217,899,732,634,470,165,136.5,455.5,328.5,64.15,138.1,409,264,238,244,414,221,395,567,447,82.10000000000001,543,343,128,293,256,874,792,763,925,655,1518,801,58.05,160.3,185.2,95.7,263.4,333.1,320.8,508.3,338.4,177.1,316,410.2,418.5,1469.2,617.9,822.2,973.7,155.1,913.9,970.1,285.1,212.5,502.29999999999995,156.3,173.5,75.6,149.5,598.2,380.4,363,210.4,217.4,174.360741458405,18.215238772614068,907,NODATA,1117.2,904.9,751.9,933,792,810.7,NODATA,422.4,52.6,321.39999999999986,37.5,81.30000000000001,63.5,53.2,1895,14.5
117,1436,1378,1353,1042,828.5,755,565.5,208,174,529,396.50000000000006,60.5,127.4,470,303,264,292,519,290,452,612,490,88,550,396,122,319,265,961,807,996,1007,725,1644.5,856,79.25,152.9,192.10000000000002,120.4,263.4,340.5,382.6,591.5,351.3,183.7,333.9,418.9,464.3,1616,681.4,1025.3,1136.7,111.6,1127.2,1132.5,319.9,256,582,164.7,195.5,80.3,160.8,NODATA,419.3,438,235.1,239.5,176.09264265365047,29.667993607441126,937.9,NODATA,1189.7,937.1,826.3,1004.3,875.8,862.3,NODATA,476.1,64.6,315.60000000000014,45,101.6,77.69999999999999,61.2,2120,15.700000000000001
118,1369,1292,1302,970,780,742,538,215,154,491.50000000000006,400.99999999999994,55.7,120.75,411.5,260,249,247,452,204,391,554,470,87,546,358,139,272,233,886,724,750,966,695,1611.4999999999998,843,57.25,151.3,194.1,108.3,258.9,315.4,343.4,577.3,355,181.2,288.7,412.9,432.7,1536.4,590.4,846.1,977.9,150.3,941.5,974.6,286.5,232.5,524.2,152.8,176,76.5,147.2,581.6,350,335.3,202.3,223.3,164.00868292577817,23.399916493769698,934.7,NODATA,1181.1,934,784.4,955.5,804.6,842.1,NODATA,444.4,65.4,346.89999999999986,43,90.9,56.1,62.1,2010,14.6
119,1424,1349,1342,980,799,760,578,247,151,515,405,55,135.39999999999998,432,284,239,279,441,219,403,563,449,96,552,347,142,275,241,898,796.5,806,983.5,720,1642,855,61.6,157.4,191.64999999999998,113.4,250,331,337.1,568.6,350,187.3,294,460.2,467.8,1568.3,661,844.8,1012.4,150,955,1008.6,296.1,248.7,548.9,160.6,174,72.2,170.8,595,369.1,360.8,226,247.8,189.46187169094142,24.102234501161153,963.4,NODATA,1211.1,961.3,813.4,986.8,838.6,842.5,NODATA,462.7,65.1,365.20000000000005,38.7,102.25000000000001,68.65,62.5,2075,13.35
120,1494,1423,1421,1066.5,854,779,591,231,170,536,408,73.1,136.5,461,300.75,266.25,311,467.24999999999994,231.25,432,640,509.5,93.9,574,412,151,305,275,960,754,910,1082.5,805,1740,907,76.55,157.7,197.5,113.5,269.7,360.2,387.7,594.4,381.8,180,327.8,435.2,431.2,1676.8,682.3,857.3,1105.9,187.6,1030.4,1100.1,319.3,240.6,562.4,162.2,189.4,76.3,173.2,654.4,397.2,377.7,229.4,257.8,194.62587684727328,21.621573983019225,1038.1,NODATA,1265.8,1034.9,850.5,1085.3,892.8,917.5,NODATA,470.5,65.1,374,42.599999999999994,104.39999999999999,74.80000000000001,60,2175,16.1
121,1377,1314,1323,977,788,760,560,234,162,505,414,64.1,139.60000000000002,410,257,214,261,410,205.49999999999997,390,548.5,465.5,87.5,565,365,139,256,255,835,716,746,964,675,1629,855.5,58.25,160.2,191.4,103.6,260.3,316.5,314.6,605.4,359.1,163.8,291.8,427.7,490.9,1579.5,636.2,853.2,988.1,166,921.8,987.8,314.6,240.3,563,167.1,186,79.9,177.5,564.3,362.2,365.2,234.2,247.1,181.57496015208903,24.16351240818986,925.4,NODATA,1203.7,921.9,759.4,925.2,787.9,842.1,NODATA,447.9,65.1,355,45.4,101.8,67.1,60.4,2075,13.899999999999999
122,1337,1275,1257,911,737,736,573,258,155,473,362,57.199999999999996,129.2,413,308,256,249,443,246,362,528,432,79.7,525,374,122,289,239,961,779,871,917,636,1553,846,57.05,152.5,183.10000000000002,107.3,265.3,358.8,365.7,586.2,328.5,170.6,303,455.2,455.4,1559.9,557.9,883,940.2,128.2,956.5,921.3,289.6,227.8,521.8,144.8,167.5,71.5,159.9,554.6,331.4,322.4,192.1,225.2,161.1712307600532,26.74080455071788,879.4000000000001,NODATA,1119.1,878,751.2,916.1,785.9,784.4,NODATA,421.7,68.4,359.30000000000007,42.25,105.9,71.9,61.8,1936.0000000000002,14.6
123,1414,1354,1324,993,795,744,581,255,157,504,406,55.4,135.29999999999998,430,279,260,270,501,220,391,566,466,88,548,365,135,263,243,922,780,847,976,695,1637,864,62.6,161.2,184.7,109.2,261.1,311.5,348.7,520.3,348.1,200.4,283.4,464.5,429.5,1573.8,576.9,924.2,983.9,188.9,924.2,982.5,311.2,244.7,558.7,148.1,173.9,74.3,162.2,578.6,366.3,362.8,212.3,229.4,171.9588014036489,22.039441758545493,1006,NODATA,1182.3,1001.1,817.1,1022.6,840.3,853.9,NODATA,459.3,59.7,350.1,38.5,96.44999999999999,65,59.5,2067.5,12.8
124,1403,1364,1366,994.5,796,760,590,255,162,512,397,64.5,127.10000000000001,429,280,255,254,464,209,381,561,453,91.89999999999999,528,384,135,316,281,932,767,746,935,695,1648,884,63.9,148,188.4,113.8,268.4,309.8,378.1,616.8,353.5,182.2,321,422.2,452.7,1590.1,622.9,817.3,956,138.1,927.2,952.9,291.4,224,526.7,170,184.5,79.5,175.1,592.3,365.7,384.4,235.2,251.3,184.7484520356022,26.327240235208855,937.8000000000001,NODATA,1201.6,934.8,799.7,972.2,837,879,NODATA,453.4,78.9,374.20000000000005,50.9,99.2,59.900000000000006,60.300000000000004,2075,13.799999999999999
125,1403,1340,1307,970,799,725,572,215,154,505,385,60.599999999999994,132.3,408,264,238,268,437,208,367,580,475,93,549,356,122,276,239,870,710,791,946,706,1629,849,57.5,153.4,184.35000000000002,119.6,262.3,331.2,372.5,609.9,340.1,180.3,326.7,462.8,494.7,1528.7,588.8,857,970,114.7,957.1,964.6,311,242.4,556.9,158.2,175.7,74,172.6,575.3,358.4,347.9,211.1,249.7,183.34897368686677,19.704260470653377,915.6,NODATA,1168.1,914.4,800.9,958.4,836.1,869.1,NODATA,456.9,70.7,352.20000000000005,44.25000000000001,109.80000000000001,83.5,59.6,2065,16.299999999999997
126,1370,1285,1290.5,956.5,768.0000000000001,722.5,546,211,163,484,365,59.3,134.3,427,282,249,273,443,209,415,572,453,87.69999999999999,545,346,135,290,263,899,708,785,1027,685,1592,846,60.75,154.9,180.9,108.2,260.6,320.6,337.3,591.6,349.3,194.2,296.2,438.8,483,1535.9,651.4,869.5,1057.3,131,1017.7,1053.9,296.1,227.2,527,146.7,174.2,74.2,158.7,NODATA,365.8,365.9,225.5,240.4,178.6306305235329,22.341214599755908,901,NODATA,1142.2,897.7,770,917.5,799,845.3,NODATA,439,64.7,346.69999999999993,48.5,106.8,73.4,60.199999999999996,1995,14.1
127,1352,1279,1289,952,756,746,560,215,150,481,367,57.2,122.75,449.5,299.5,243,265,454.5,232,376,549,425,88.2,526,391,141,295,264,937,800,851,958,755,1577,846,60.65,142.9,186,116.8,279.4,340.6,353.3,571.8,376.4,195.3,299.7,427.4,459.5,1564.2,603.8,866,973.1,151.8,943.4,962.6,311.3,237.7,553.5,154.2,178.9,76.2,180.3,552.3,362.6,341.2,204.2,232,166.7372471566141,16.95207190512612,910.5,NODATA,1145.6,907.5,758.7,932,774.2,821.5,NODATA,427.2,66.1,351.9000000000001,43.099999999999994,108,70.1,64,2060,15.2
128,1398,1360,1320,973,758,751,578,257,182,505,368,63.2,128,453,332,294,264,531,278,446,623,496,89.75000000000001,574,378,145.5,356,279.5,1062,879.5,1010,1148,723,1632,878,86.7,159.9,195,113.4,256.8,348.4,420.1,619.7,389,183.7,356.5,464.8,491.5,1670.8,688.9,1100.6,1172.7,96.1,1170.4,1168.6,288.9,234.8,530.4000000000001,160.1,185.8,80.1,162.7,NODATA,416.2,408.6,232.4,236.5,170.36188852358816,18.422053081633322,873.3000000000001,NODATA,1131.7,872.8,777.2,950.6,817.3,850.2,NODATA,437.7,64.2,364.30000000000007,47.5,98.80000000000001,69.6,59,2031.5,16.299999999999997
129,1345.5,1290,1270.5,963,747,734,566,232,176,476,360,62.1,128.7,437,286,251,258,493,239,425,581,459,94.1,530,402,135,298,252,932,728,885,1071,705,1583,849,67.9,151.6,182,116.1,273.2,325.7,372,605,350.9,180.2,298.3,410.8,481.8,1632.5,628.1,942.5,1108.4,117.2,1085.1,1101.9,307,240.3,556.5,158.8,181.4,75.4,144.4,NODATA,379.6,380.7,215.3,220.2,162.95547070526172,21.713611144377776,877.9000000000001,NODATA,1117.8,876.3,760.7,920.9,785.8,840.1,NODATA,425.9,53.3,318.0000000000001,43.7,88.2,69.7,56.2,2005,13.700000000000001
130,1465.5,1383,1386.0000000000002,1032,NODATA,804,597.5,242.5,176,523,392,67.4,137,439,296,235,237,472,223,418,601,483,97,541,384,146,310,273,909,772,818,1063,802,1705,932,76.6,151.2,182,108.6,266.6,339.9,372.9,615.6,389.8,207.6,324.1,448.8,495.9,1663.7,668,902.6,1115.6,207.7,986.1,NODATA,316.5,241.5,563.8,171.8,209.9,87.5,188.2,672.2,403.1,408.4,236.5,267.3,191.4814921027292,23.294988950472355,1000.3,NODATA,1223.4,995.4,792.6,992.9,835.2,887.1,NODATA,447.7,70.6,368.5,52.5,115,73.2,65.6,2192,16.9
131,1435,1368,1360,1043,845,738,557,215,157,527,414,58.2,127.69999999999999,410,249,231,256,457.5,195,350,590,489.00000000000006,87.95,533,356,138,276,232,855,694,710,915,725,1698,879,56.85,158.1,177.5,107.2,249.6,297.6,340.8,552.6,361.2,174.1,292.7,408.5,429.3,1570.3,705.6,774.1,929.7,152.6,880.2,921.1,310.9,254.2,567.6,160.5,184.9,78.6,168.6,543.7,349.9,350.9,215.9,245.3,177.63887063331646,15.64624114307781,999.4,NODATA,1241.4,998,846.8,1035,875.4,883.6,NODATA,488.2,69.5,338.5,50.7,99.3,61.4,58.2,2135,13
132,1453,1374,1346,1013,819,767,605,240,215,532,375,67.4,147,514,310,334,317.5,617,378,514.5,643.0000000000001,520,104.60000000000001,570,403,145,376,303,1160,980,1254,1334,714,1660,897.5,110.3,163.7,192,117.2,307,386.8,392,623.3,374.1,239.9,354.5,495.6,540.9,1836.6,664.6,1280.7,1322.8,33.8,NODATA,1363.3,321.7,237.7,562.6,167.4,188.4,80.9,166,NODATA,465.4,451.4,268.3,257.8,189.87541486284778,13.692013954392657,891.9,NODATA,1194,891.7,858.1,980.8,874.9,925.3,NODATA,464.1,56.9,350.80000000000007,50.8,111.7,81.5,58.6,2093,16.599999999999998
133,1453,1399,1384,1042,846,759,581,224,183,530,403,53.9,129.70000000000002,492,319,281,271,558,251,402,614,511,91.89999999999999,546,373,148.5,297,252,1037,846.5,969,1033,760,1685,870,73.95,153.4,193.2,108.3,281.8,342.1,354.6,602,371.6,164.3,370.3,451.5,505.4,1638.2,677.3,1006.7,1064,80,1064.1,1050.5,332,243.9,585.1,150.6,176.8,75,174.8,641.1,368.7,370.5,210.4,248.9,186.9493320213458,16.26604049760867,924.9,NODATA,1218.6,923,844.9,999.3,886.2,886.4,NODATA,485.8,66.5,337.5,41.7,95.1,71.8,57.400000000000006,2155,14
134,1468,1403,1389,1031,831,789,586,229,170,531,415,61.2,139.5,474,294,249,305,542,233,389,624,499,91.5,587,421,143,324.00000000000006,281.5,918.5,821.5,857,1008.5,730,1724,920,75.2,162.2,198.9,119.2,304.1,378.6,357.6,629.3,380.7,201,350,460.3,526.3,1659.3,734.5,957,1040.2,103.7,1032.9,1025.8,312.8,242.9,560.6,163.7,194.3,80.8,178.8,640.5,381,397.6,225.8,250.8,185.49795632042108,23.99987784375521,934.1,NODATA,1237.9,931.7,830.4,974.3,874.8,903.6,NODATA,479.8,74.5,367.70000000000005,48.5,105.3,70.7,60,2157,14.299999999999999
135,1508,1440,1412,1035,868,764,590,215,192.00000000000003,546,397.5,62.599999999999994,138.5,508.49999999999994,373,326,310,621,331,426,627,491,95.7,563,416,149,339,311,1168,940,1122,1104,750,1730.5,898,98.3,160.1,191.6,121.1,310.9,397.2,425.1,627.4,362.1,184.8,342.2,474.9,466.2,1800.5,697.4,1116.2,1127.7,110.8,1139.5,1170.9,343.9,268.4,625,184.6,200.1,84,170.2,NODATA,429.9,448.8,242.4,253.5,186.84961667125702,16.57854816431258,987,NODATA,1237.6,985,876.2,1060.5,894.9,907.8,NODATA,492.3,73.6,382.1999999999998,51.2,105.19999999999999,78.89999999999999,61.6,2209,16.4
136,1445,1367,1368,1032,802,775,574,245,189,532,399,62.5,140,477,317,287,247,536,324.5,435,606,476,95.65,568,395,140,371,305,1056,861,1046,1132,805,1691,915,87.2,159,196,121.7,283,357.7,402.9,619.8,395.1,209.6,342.5,458.8,513.5,1751.3,648.1,1084.4,1161,55.4,1149.2,1158.8,296.7,237.8,541.0999999999999,169.1,191.8,80.7,172.3,688.1,409.1,421.1,234.2,233.3,172.89670914714884,16.00070662230378,935.8,NODATA,1178.5,935.6,880.4,990.7,867.6,875,NODATA,465.1,69.6,346.29999999999995,46.900000000000006,100.5,82.4,68.89999999999999,2123.5,16.9
137,1392,1309,1328,944,765,771,565,235,168,492,375,63.4,136.5,432,281,223,267,430,223,397,568,458,100.39999999999999,562.5,371.5,153.5,301,247,878.5,737,803,975,660,1643,890,63.75,161.8,192.7,121.9,280.1,332.4,344,575.1,364.9,201.7,313.4,462.2,459.2,1614.4,629,813.8,1004.5,189.7,915.9,1001.6,299.8,228.4,529.3,150.9,185.5,80.1,177.5,609.9,374.1,384.6,220.1,252.8,183.25006871841043,18.673348748842287,948.0999999999999,NODATA,1185.8,943.3,758.4,960.8,788,849.3,NODATA,440.4,65.1,406.29999999999995,48.8,106.1,70,59.3,2030,15.4
138,1365,1316,1311,973,779,752,569,246,170,505,396,59,125.39999999999999,476,321,252,281,512,239,428,590,483,98.80000000000001,563,388,131,334,278,925,767.5,872.5,1041.5,705,1630,871,73,158.8,195.60000000000002,117.9,289.1,341.8,354.1,592.8,357.6,172.5,329.8,420.1,452.1,1591.8,601.5,936.1,1091.2,160.6,1042.6,1086.9,295.6,238.2,539.8,167.8,200.7,83.4,185.8,NODATA,376.2,393.4,223.6,246,184.27671594323047,24.265895265383126,936.8000000000001,NODATA,1170.4,933.6,776.2,956.1,825,833.8,NODATA,446.9,68.3,346.5,48.5,109.5,76.2,54.6,2050,15.700000000000001
139,1365,1315,1304.5,968.5,781.5,740,549,214,158,504,403,58,140.6,411,256,227,269,457,197,368,554,461,99,544,372,126,283,249,892,744,735,923,705,1626,860,60.3,159,182.8,111.2,282.7,316.1,341,539.7,348.5,159.4,312.2,432.6,409.1,1503.7,582.6,743.3,949.1,190,876.2,947.8,311.9,241.7,559.1,149.5,186.5,80,182.6,586.5,374.9,406.2,217.1,250.5,182.6638076908258,21.619760558760255,985.1,NODATA,1182,981.1,795.1,996.6,827.8,859.8,NODATA,445.9,65,346.5999999999999,41.4,112.10000000000001,70.9,58,2040,13.700000000000001
140,1416,1345,1341,1013,835,734,542,188,157,527,415,61,130.7,427,301,250,283,446,229,382,602,492,90,533,367,154,263,244,916,752,843,959,720,1653,838,61.2,151.7,184.90000000000003,126.8,269.3,316.6,368.4,608.7,384.7,192.8,311.9,428.5,485.3,1534.9,570.8,885.9,990.1,82.9,990.1,983.4,316.3,262.7,581.4,157.8,173.2,75.1,164.8,557.5,350.8,340.1,205.4,237.9,179.1307059639187,20.640469195095488,917.4,NODATA,1193.7,917.8,834.5,968.2,856.7,878,NODATA,471.7,64.8,330.0000000000001,42.400000000000006,101.49999999999999,65.1,61.3,2125,14.049999999999997
141,1383,1326,1301,971,741,770,580,244,186.5,497.5,389.5,54.400000000000006,134.25,483.5,311,283.5,313,554,293,454,582,483,89,567,407,138,334,291,1064,927,1031,1157,725,1611,884,83.3,165.5,193.1,129,277,366.4,394.1,601.8,362.2,199.7,307.9,432.9,471.1,1722.3,710.2,1079.9,1164.8,90.3,1164.8,1164.6,308.8,245.7,563.3,175.6,189.3,79.4,166.9,NODATA,408.4,418.2,246,240.7,183.3911325921279,27.233782622336353,880.5,NODATA,1140.3,873.2,790.2,951.7,805.2,834.2,NODATA,455.2,70,347.60000000000014,50.199999999999996,102.4,69.3,58.099999999999994,2015,14.7
142,1356,1279,1292,952,731,749,559,239,175,473,353,58,129,392,263,247,267,453,254,442,569,486,91,555.5,355,130.5,305,242,893.5,748,899,1022,655,1591,845,69.55,155.4,196,108.1,277.9,335.9,366.8,596.2,347,185.5,311.1,432.1,479.1,1569.2,613.4,948.8,1097,107.3,1090,1090,261.8,225.3,495.5,146.3,172.2,73.3,162.6,689.4,391.1,404.5,212.8,225.6,164.46729705257258,25.64100582430528,850.1999999999999,NODATA,1126.2,847.8,742.9,912,787,804.9,NODATA,422.7,60.9,353.9000000000001,41.6,NODATA,NODATA,56,1965,13.200000000000001
143,1428,1368,1326,1025,801,741,577,245,171,505,386,61,126.89999999999999,410,265,218,258.5,435,235.5,386.5,583,478,88,547,381,110,282,237,831,694,787,936,700,1649,848,58.85,154.1,193.29999999999998,111.5,258.1,316.6,342.7,578.8,325.5,184.9,324.5,438,512.8,1528.9,661.1,893.1,981.1,143.1,950.6,980.9,310.7,237.2,553.7,154.8,179.9,75.5,162.2,585.2,356.3,341.1,198.1,243.8,176.0339196620992,16.808691626206876,940.3000000000001,NODATA,1187.1,939.2,797.2,964.3,858.7,858.2,NODATA,460.7,61.1,318,42.400000000000006,98.5,62.699999999999996,58.7,2065,15.2
144,1380,1312,1287,962,798,717,540,211,178,522,389,61.7,134.70000000000002,456,293,267,275,501.5,274,423,596.5,471.50000000000006,95.1,546.5,376.5,130,328,273,973,808,915,1070,675,1601,839,72.9,152.3,188.9,113.1,273.5,344.8,373.4,568.5,349.6,178.8,334.4,431.1,458.5,1620.2,684.8,970.1,1093.2,139,1046.1,1091.7,292.7,231.3,530.7,165.9,186.3,79.2,182.8,653.7,405.5,394.2,248.1,246.1,180.069433889474,26.794656955898166,932,NODATA,1137.3,927.8,793,949.7,820.2,872.8,NODATA,464.6,67.8,338,48.3,105.9,71.6,63.8,2015,15.9
145,1523,1441,1415,1071,863,777,572,225,179,552,404,67.1,138.6,451,288,229,298,549,207,419,619,519,94.80000000000001,576,385,150.5,317,270,878.5,740,814,1068.5,829,1770,928,74.35,166.3,196.29999999999998,106.9,286.9,360.3,375.7,649.3,391.8,199.4,335.7,471.3,572.6,1675.4,728.1,929.1,1091.3,134.5,1055.8,1082.5,306.8,252.8,564.7,170.2,179.9,75.8,194.1,620,416.4,427.5,235,258,180.12825155756877,19.527899470667027,975.2,NODATA,1246.6,968.5,840.7,984,871.5,901.8,NODATA,496,68.3,359.5999999999999,50.300000000000004,114.7,78.1,57.9,2245,13.899999999999999
146,1396,1302,1323,934,744,784,561,256,166.5,483.5,395.5,56.7,125.55,420,271.5,251,255,430,200,406,549,466,94,558,348,151,298,262,929,745,723,998,670,1642,913.5000000000002,64.15,155.1,194.5,119.9,284.7,319.1,348.4,624.6,364.3,201,310.5,465.1,493.9,1626.7,731.6,819.8,1031.6,129.4,1000.5,997,269,232.3,508.3,176,191.3,80.7,161.2,649.5,366.1,388.6,236.7,243.7,177.86226779913403,25.47085827708073,866.9,NODATA,1182.1,864.3,737.5,921.8,773.8,840.6,NODATA,423.6,72.3,398.79999999999995,45.099999999999994,102.89999999999999,73.3,58.9,1985,13.600000000000001
147,1463,1397,1382,1043,820,779,589,235,175,516,388,64.80000000000001,128.8,449,299,241,286,485,292,444,592,475,92,565,386,140,309,262,907,755,856,1053,725,1698,893,73,156.6,199.85,111.9,264.1,326.6,361.3,600.8,360.3,201,325.9,446.4,491.9,1617.3,614,941.2,1097.7,117,1080.8,1090.9,319.1,271.6,596.8,169.5,195.6,81.8,169.2,644.4,397.5,397.8,227.1,256.4,188.96547110920866,16.064184492671632,967.7,NODATA,1237.2,965,850.7,1007.2,873.5,869.4,NODATA,478.6,65.1,341.79999999999995,49.45,99.3,66,63.7,2155,16
148,1416,1343,1330,1009,806.9999999999999,756,573,230,192,527,407,59.2,134.9,475,288,278,278,494,250,424,601,494,83,564,369,143,328,285,1006,835,878,1051,695,1650,873,78.95,159.9,193.4,110.6,260.7,350.1,374.1,618.4,380.8,182.6,330.1,431.9,488.4,1561.3,663.1,966.7,1121.1,132.5,1093.3,1111.6,304.3,255.6,568.9000000000001,163.2,186,78.6,169.9,699.6,412.1,427.7,239.2,244.7,179.50650720262013,24.482485897347093,931.4,NODATA,1174.9,928,798.9,954.1,853.3,879.6,NODATA,457.3,65.1,336.20000000000005,45.199999999999996,99.9,71.10000000000001,57.1,2135,13.200000000000001
149,1364,1297,1286.4999999999998,949.4999999999999,760.5000000000001,758.0000000000001,580.5,253,155,491,379,58.7,127.10000000000001,414,288,230,244,462,210,374,549,443,89.3,547,386,140,261,244,855,692,797,942,634,1602,878,57.75,148.7,188,109.3,266.7,323.7,370.5,597.4,343,192.5,300.7,435.4,500.3,1559.5,606.9,878.3,976.3,101.4,970,973.5,296.7,216.5,519,157.8,178.6,74.8,175.5,584.9,366.5,352.2,227.9,234.6,173.94827184908243,25.341169757641996,863.4,NODATA,1122.8,862.7,762,902,803.6,822.4,NODATA,437.1,73.8,356.80000000000007,47.300000000000004,104.80000000000001,71.7,65.7,2031,14.2
150,1435,1373,1354,1000,798,765,586,234,156,515,421,63,125.3,453,287,270,276.5,467,231,397,600.5,499.5,83,540,377,140,259,233,963,770,859,975,785,1669,883.5000000000002,64.2,148.4,191.5,104.9,258.5,321.6,376.8,609.7,366.1,176.4,325.9,459.5,477.5,1616.5,686.9,907.9,1028.6,122.9,995.9,1019.7,315.2,249.3,569.3,147.5,164.4,70.2,168.8,610.6,341.8,343.3,194.4,244.8,177.57461809554763,23.12084866242471,954.1999999999999,NODATA,1211,952.1,831.3,990.8,857.3,844.5,NODATA,463.1,68.7,358.80000000000007,41.8,103.80000000000001,66.5,53,2095,15
151,1401.4999999999998,1334.5,1319.5,991,795,730,541,192.5,115,500,388,64.1,126.19999999999999,414,267,191,270,438,213,386,566,475,92.2,546,389,134,244,233,798,712,764,961,725,1672,880,55.8,154.3,185,110.9,275.8,330.2,359.4,489.8,354.9,160.8,285.9,424.1,397.1,1572.6,652.8,711.2,978.7,232.9,859.5,973.1,321.1,240.9,567.1,154.1,170.9,72.8,169.2,564.7,354.9,354.1,196.2,247.3,178.23594697286177,20.214661277132926,1055,NODATA,1179.2,1048.8,822.1,1052.6,844.3,871.8,NODATA,475.3,69.8,339.70000000000005,43.4,109.1,77.4,61.4,2135,15.5
152,1409,1345,1317,957,771,775,603,261,158,495,380,58.5,130,448,305,263,285,480,244,397,578,461,87,566,386,130,287,252.5,961.9999999999999,792,870,988.5,705,1632,883,66.6,163.4,193.29999999999998,117.6,269.5,348.2,382.7,615.3,376.3,166.9,326.3,447,482.4,1601.8,670.6,930.8,1031.6,112.2,1018.4,1021,294.3,234.2,531.5,152.7,178.7,76.1,164.5,609.5,363.7,353,213.4,231.8,175.37437375483046,22.0263263372627,890.3000000000001,NODATA,1149.9,888.9,778.1,942.8,824.4,811.6,NODATA,440.9,65.4,356.80000000000007,41.1,95,74,56.7,2035,14.8
153,1380,1317,1321,1006,NODATA,709,523,189,153,505,371,62.300000000000004,132.6,444,300,244,279,488,238,423,598,482,95.39999999999999,552,391,143,310,261,936,760,895,1047,812.5,1633,844,71.6,156.9,194.90000000000003,113.2,262.2,339.4,361,550.2,346.2,168.4,306.3,422.4,451.4,1593.8,607.1,918.6,1079.2,128.6,1056.4,1077.1,293.8,254,548.5999999999999,160.6,182.7,78.7,175.8,678.7,403.5,390,227.1,241.9,176.96530972076846,26.289662503238024,945.6,NODATA,1189.5,942.7,817,1008.4,849.9,888.1,NODATA,486.8,54.2,318.29999999999995,46,102.5,72.4,60.85,2105,14.9
154,1440,1381,1354,991,801,771,608,256,174,487,351,62.300000000000004,131.4,454,289,255,261,496,248,468,614,489,89,549,368,127,329,279,942,821,873,1139,685,1665,900,77.4,155.9,191,106.6,264.5,332.4,359,629.6,332,211.2,328.1,471.9,535.7,1659.7,756.7,996.3,1181.7,150,1153.6,1180.6,319.6,249,574.4,169.6,190.6,80,156.5,NODATA,408.4,394.1,223,236.8,165.11815487068134,23.69240358791605,939,NODATA,1197.7,927.3,789,948.3,833.9,887.5,NODATA,435.9,70.5,370.79999999999995,45.099999999999994,102.2,71.4,52.9,2105,16.4
155,1401,1352,1325,1015,801,710,556,193,149,519,415.99999999999994,58.650000000000006,125.60000000000001,424,278.5,219,262,392,216,372,578,466,87,557,350,112,272,243,864,708,828,903,768,1629.5,830,55,162.4,195.6,109.5,267,321.1,339.8,535.6,369.3,196.6,335.9,413.5,468.7,1523.5,673.5,859,933,91.6,932.3,932.8,307.4,245.9,556.5,148,175.9,75.8,187.2,562.1,340.2,326.2,191.4,238.4,176.53402418531792,20.514451194575862,923.2,NODATA,1153.1,919.7,831.6,970.3,849.5,857.3,NODATA,460.9,68.4,317.39999999999986,42.300000000000004,116,82.69999999999999,63,2075,15
156,1458.9999999999998,1380,1375.5,996.5,818.5,774,602,238,150,517,401,65.3,140.3,414,274,217,282,460,208,393,576,462,94.5,576,395,135,285,251,853,741,825,961,747.5,1712,909,63.4,160.4,203,114.3,295,347.6,351.2,626.5,353.1,193.3,292.7,469.9,516.1,1636.1,639,901.3,980.3,117.4,972.6,973.7,317.5,260.8,580.2,167.7,191.2,81.6,186.7,594.3,371.8,356.2,230.9,249.1,187.43515089513997,24.19375646021898,931.5,NODATA,1238.2,929.9,814.1,969.7,843.5,886.9,NODATA,467.9,74.2,387.6,45.5,105.1,78.2,52.800000000000004,2125,15.3
157,1442,1389,1384,1028,815,797,598,264,169,515,400,60.099999999999994,134.1,472,333,268,278,529,251,428,593,479,99.2,579,372,146,300,257,1018,796.5,908,1068,735,1718,928,77.1,158.1,194.3,117,278.5,374.4,368.4,627.7,388.3,188.9,345.8,454.5,508.9,1687.4,634,965.2,1085.5,151.8,1046.3,1079.9,290.3,234.9,528.3,157.9,191,81.6,179.2,649,406,403.1,241,259,189.14462073639098,16.477348393822556,968.5,NODATA,1240.2,965.2,816.7,994,835.1,882.1,NODATA,473.5,72.6,375.8000000000002,43.25,116.89999999999999,82.10000000000001,65.7,2159,14.1
158,1418,1362,1339,1023.5,821,736.5,577.5,224,159.5,530,406,60,125.39999999999999,NODATA,298,226,284,502,221,397,586,473,95.5,550,364,134,310,257,906,758,894,995,750,1670,866,66.4,153.6,186,121.2,274.1,324.6,342.3,574.9,377.9,182.5,343.3,416.6,479.7,1540.8,629.8,936,1040.2,152.7,NODATA,1028.2,316.4,241.4,559.5,159.4,187.9,79.5,195.4,622.1,384.5,406.4,222.4,252.2,176.19553458794454,28.992357676641284,971.5,NODATA,1199.5,968.7,818.8,981.8,864.5,860.3,NODATA,482.2,71.5,325.4000000000001,44.900000000000006,120.19999999999999,80.3,55.7,2140,15.1
159,1488,1422,1392.5,1056.5,840.5,762.5,599,252.5,170,543,404,61.5,124,422,275,237,291,497,267,401,636,519,89,546,366,119,307,252,892,744,882,1063,755,1708,881,73.2,150.7,189.89999999999998,120,262.7,331.7,367.6,581.6,351.1,197.4,315.7,471.7,508.8,1594.8,678.5,939.7,1117.9,166.1,1040.5,1117.9,311.9,245.7,565.9000000000001,145.9,174.5,76,182,680.2,431.8,427.2,230.2,255.5,187.32373115320735,21.461267034024225,1026.7,NODATA,1218.3,1019.2,860.6,1022.8,891.8,903.6,NODATA,480.6,54.1,351.5999999999999,40,121.8,92,52.9,2145,14.6
160,1426,1354,1348,994,818,754,588,257,200,515,364,61.1,138.7,462,307,261,273,483,260,494,622,514,94,544.5,365.5,150,345,284.5,991,782.5,1016.9999999999999,1202,705,1655,875,84.6,154.5,189,115.5,268.8,337.7,372.6,590.9,376.6,200.2,305.4,444.4,470.1,1700.5,713.2,1035.9,1254.7,164.3,1168.8,1252.5,300.3,245,562.8,169.8,189.4,79.6,179.3,730.8,438.1,420.2,245.9,238.3,173.47450811795255,20.801385559278383,951.0999999999999,NODATA,1180.7,940.7,786.8,984.2,836,863.6,NODATA,468.9,69.9,358.20000000000005,44.800000000000004,105.1,61,61.4,2095,15.600000000000001
161,1459,1390.5,1375,1016.5,826.9999999999999,774,579,234,175.5,534,414,61,128.7,448,294,239,277,481,243,408,489,NODATA,101.1,527,371,148,288,257,897,724,793,1006,709,1686,876,67.65,149,178.70000000000002,120.2,258.6,317.9,359.2,595,363.1,181.3,316,461.5,478.9,1632.9,685.8,892.2,1047.2,161.3,990.5,1043.5,308,232.6,547.3,162.5,179.2,75.8,181.3,650.2,376.7,405.9,236.8,244.3,184.68190638854435,21.160092492510188,963.5999999999999,NODATA,1220.8,960.2,802.3,997.4,859.7,918.1,NODATA,480,80.7,385.5,44.699999999999996,109.80000000000001,79,58.3,2124,16.1
162,1360,1287,1272,939,763,720,545,231,162,489,366,64.1,155.29999999999998,466,346,284,284,562,282,393,555,449.5,98.9,573.5,392.5,128,308,270,1042,868,1032,991,765,1575,833,72.3,166.1,199,108.3,265.2,359.4,407.8,564.3,352.4,186.9,370.5,450.7,441.1,1619.2,587.9,1034.2,1011.5,92.9,1018.8,1011.7,298.4,236.1,540,172.9,194.7,81.2,165.5,NODATA,386.6,376.2,219.8,241,175.29099893710355,15.278585465339981,879.6,NODATA,1083.1,879.2,786.7,943.2,798.6,810.3,NODATA,430,63.8,346.4,44.699999999999996,96.1,70.1,58.3,1987.5,16.9
163,1431.0000000000002,1355,1328,963,792.5,781,593,254,171,515,372,58.5,130.6,431,280,236,278,462,242,448,593,451,86,544,358,133,302,262,882,754,851,1064,675,1663,894,71.3,155.9,182.7,118.3,263.8,326.4,344.7,614.5,337.5,206.7,315.5,491.6,545.1,1690.2,656.9,947.3,1104,113.3,1091.6,1101.4,303.9,237.2,548.9,163.4,177.8,74.2,177.8,685.6,419.4,403.2,244.8,247.7,180.5418265242145,25.316672453558947,885,NODATA,1198.2,881.3,771.7,935.7,818.8,854.5,NODATA,458.8,67.8,386.79999999999995,44.6,108.2,72.1,57.199999999999996,2073,14.5
164,1436,1369.5,1344,981,786,800.5,620.5,274,172,505,384,54.400000000000006,132.79999999999998,450,306,278,275,483,243,422,585,459,93.9,538,404,138,288,255,996,784,911,1100,735,1686,943,75.6,154.4,176.20000000000002,105.5,281.2,365.4,394.7,688.7,368.8,184.4,335.8,475.1,538.8,1756,745.7,992.8,1121.9,125.5,1104.5,1113.6,299.1,226.6,533.8,165.7,187.5,80.4,166.9,678.6,389.4,386.1,234.3,238.3,171.0216375036183,17.833583907663776,901.4,NODATA,1183.7,898.5,775.9,930.7,804.5,829.8,NODATA,443.9,71.9,382.1,45,96.5,71.39999999999999,62.9,2100,15.1
165,1457,1402,1392,1000,815,804,609,249,154,523.5,392.5,62.25,140.6,443.49999999999994,271.5,217.5,297,462,222,406,580,464,100.7,544,375,137,291,265,839,754,811,1008,716,1723,931,67.3,158.7,182.8,118.4,285.9,328,331.5,571.6,373.2,186.9,311,489.6,486.2,1656.2,648.9,826.5,1045.2,153.5,999.3,1045.1,324.6,224.8,557.9,164.6,199,85.2,173.2,605.3,411.7,413.3,230.9,248.2,181.62790511365722,22.77954911143887,957.6,NODATA,1240.6,955.3,804.1,1010.8,840.3,883.3,NODATA,471.7,65.1,402,48.9,105.3,67.2,65.19999999999999,2117,17
166,1376,1313,1310,950,768,761,579,252,160,493,371,61.3,132.4,411,262,217,240,421,199,387,560,471,99.39999999999999,540,344,140,275,237,815,673,691,971.5,650,1611,873,55.75,147.4,184.7,106.9,251.3,300.5,340,569.8,333.3,171.5,284.4,452.8,450.4,1616.5,694.9,754.2,1011.8,168.3,917.2,1008.5,299.8,233.8,538.8,150.5,182.4,75.5,173.7,611.9,370.3,355.4,218.3,229.3,165.15372540518837,24.821619925491262,917.5999999999999,NODATA,1160.3,913.1,749.3,950.5,786.4,824.2,NODATA,443.5,68.5,376.6,46.4,99.69999999999999,69.5,64.80000000000001,2033,15.3
167,1512,1425,1406,1055,843,767,583,248,175,541,455,60,142.7,457,298,272,301,522,296,445,619,539,87,575,441,131,319,298,1015,844,1015,1090.5,775,1715,894,85.15,173.3,188.25,114.7,275.9,435.6,374.5,624.8,368.9,198.4,355.1,494.1,503.6,1750.5,810.2,1030.3,1127,191.1,1099,1089.5,309.6,281.3,602.4000000000001,199.9,191.7,79.6,166.1,NODATA,418.9,415.7,251.3,258.7,199.7260861146283,16.76143097846062,1050.6,NODATA,1263.8,1044.9,859.5,1047.4,878.4,917.3,NODATA,496.1,56.1,369.5999999999999,53.5,102.69999999999999,69.1,48.949999999999996,2085,14.5
168,1515,1442,1429,1052,841,809,629,275,162,522.5,397.5,64.1,130.15,446,298,256,286,449,242,450,641,520,89,545,385,141,318,254,935,774,910,1090,765,1744,925,79.65,154.6,192.39999999999998,116,267.3,347.1,404.7,598.7,373,210.3,328.1,493.7,485.7,1731,688,920.8,1137.9,135.2,1107.2,1133.9,318.5,256,581.2,164.3,182.2,76.6,181.5,637.6,415.3,395.1,249,266.9,194.42283618231875,19.625012562576412,990.0999999999999,NODATA,1233.6,985.4,854.9,1060,883.6,872.6,NODATA,471,64.7,378.29999999999995,42.300000000000004,109.60000000000001,68.8,60.099999999999994,2200,14.6
169,1444,1393,1375,1006,803,784,607,248,222.5,520,345,61.449999999999996,141.2,487,337,315,294,561,296,384,630,476,97.6,546,441,129,375,303,1102,902,1088,1220,720,1692,936,101.5,164,184.8,120.5,316.2,395,395.5,642.9,389.4,211.3,336.5,491.1,510.1,1791.3,724.4,1096.5,1247.9,78.1,1247.7,1247.4,319.6,248,572.5,169.5,192.4,80.9,171,NODATA,471.3,454.3,272.9,252.2,188.3544400998648,26.832300866606037,893.2,NODATA,1219.3,891.5,815.1,997.7,843.7,879.8,NODATA,450.1,65.9,373.4000000000001,44.900000000000006,103.6,67.4,58.5,2130,15.8
170,1458,1412,1372,1011,814,808,638,307,195,536,402,66.9,138.7,463,312,242,276,526,187,401,555,426,109.5,547,438,138.5,309,279,936.5,773.0000000000001,764.4999999999999,1029,710,1701,923,72.3,157.4,195.2,109.3,266.7,330.4,377.5,618.8,388,189.7,332.1,481.2,526.5,1690.7,639.2,892.2,1058.6,124,1041.5,1057,306,244.7,559.4,166.2,200.6,85.3,175.9,645.3,404.2,393.8,231.9,266.8,198.94895336698102,24.502223629964238,908.4,NODATA,1211,907.6,784.4,976,827.9,884.7,NODATA,470.3,72,380.9000000000001,56.3,105.1,75.1,59.1,2130,15.700000000000001
171,1444,1360,1358,997,809,792,587,245,181,514,386,61.3,152.3,501,334,225,301,577,327,423,594,462,98.69999999999999,571,427,144,370,299,1134,1002,1105.5,1061.5,785,1692,913,94.3,167.1,196.5,109.3,295.3,455.3,457.7,726.4,398.3,223.8,388.9,482.6,549.9,1743.8,748.4,1129,1106.4,67.4,1102.6,1096.8,308.5,244.3,557.1,176.1,190.6,81.8,161.9,NODATA,436.9,417.8,239,252.6,189.3508647666924,10.243346338731262,892.4,NODATA,1189.5,888.4,825,940,849.8,823.5,NODATA,455.4,66.5,385.4,49.800000000000004,94.60000000000001,65.7,58.550000000000004,2095,14.9
172,1481,1419,1404,1065,855,777,596,241,176,549.5,425.5,60.55,134.05,435.99999999999994,294,262,287,470,243,420,609,488,90.39999999999999,554,395,141,318,277,982,804,909,1070,795,1727,911,74.9,160,189.3,115.3,270.4,342.9,365.8,656.6,371.1,197.5,318.1,446,540.8,1672.8,660.3,975.3,1097.6,98.8,1094.7,1097.6,321.5,253.3,579.5,164,191,76.9,190.1,NODATA,392.8,386.5,217.1,257,184.96709816339427,18.25798451663012,949.6999999999999,NODATA,1271,948.5,850.9,991.9,865.5,905.2,NODATA,498.3,75.9,350.20000000000005,49,107.4,79.3,57.800000000000004,2203,15.1
173,1554,1468,1476,1054,885,833,612,243,175,575,437,65.4,140.5,487,346,321,332,544,311,426,644,514,98.9,564,401.5,159.5,322.5,269.5,1110.5,920,1053,1117,861,1810,943,93.30000000000001,161.2,194,115.1,301.5,369.2,434.6,726.8,409,239.2,335,534.8,576.4,1785.4,726.2,1117.9,1140.2,75.5,1138.5,1122.5,336.3,261,600.9000000000001,167.9,192.9,80.5,188.7,651.7,399.2,396.2,220,272.2,202.41146789474726,21.16809947055167,995,NODATA,1305.4,993.9,919.5,1031.7,937.7,945.5,NODATA,514.3,71.1,439.5,50.4,121.30000000000001,80,67.5,2340,16.299999999999997
174,1450,1370,1341,1007,816,726,553,215,180,522,428,56.4,136.9,487,288,248,278,520,250,418,604,515,104,568,369,156,325,263,959,822,890,1089.5,765,1669,883,76.55,162.3,191.3,119.5,276.8,335.1,350.4,557.6,406.7,199.2,354.8,463.7,476.9,1611,687.9,926.4,1110.9,192.9,993.4,1110.6,323.9,255.4,586.5,177.6,208.3,85.9,173.1,693,406.4,397.2,243.3,263.8,191.27834626478395,18.608506124760662,1003.8,NODATA,1194.7,1000.6,810.9,1003.2,844.9,876.3,NODATA,462.2,51.9,346.0999999999999,46.3,107.15,66.39999999999999,57.300000000000004,2250,14
175,1366,1309,1294,943,748,751,569,240,163,489,384,58.2,132.3,445,266,214,260,467,221,377,572,468,84,544,375,123.50000000000001,291,260.5,868.0000000000001,697,786,998.0000000000001,675,1561,850,60.7,152.9,190.6,112.5,259.4,348,352.5,612.8,369.6,169.7,340.7,443.9,511.2,1574.8,693.8,889.9,1021,145.9,960.7,1020.5,303.5,247.5,557.9,161.3,181.4,74.6,145.9,NODATA,372.3,375.3,197.7,213.6,159.1250456313535,21.161259816828263,907.5,NODATA,1133.3,905.1,761.6,896.7,797.5,829.9,NODATA,433.9,67.4,357.70000000000005,46.1,86.4,54,51.3,2035,12.5
176,1432,1339,1343,981,NODATA,798.5,594.5,257.5,189,518,384,69.5,136.6,469,302,275,283,521,244,397,579,460,98,537,395,144,315,274,972,836,903,1036,730,1655,913,75.4,148.8,187,120.3,265,343.8,375.9,592.1,378.5,224.1,331.9,479.5,470.2,1684.5,640.2,941.3,1078.9,191.8,1000.1,1065.9,302,257.5,564.0999999999999,170.9,190.2,80.9,158.8,649.8,402.5,406.2,230.8,252.7,186.47171435697533,21.161259816828284,988.3,NODATA,1193.9,983.8,796.5,1002.4,825.7,813,NODATA,477.3,78.9,375.19999999999993,46.5,101.6,68,61.4,2105,16.200000000000003
177,1370,1303,1295,977,775,755,558,233,167,511.50000000000006,377.5,60.75,134.60000000000002,410.5,254,221.5,262,494,223,389,558,461,84,571,372,120,279,247,830,689,782,959,665,1619,866,63,162.4,190.39999999999998,112.8,250.9,328.9,336.8,576.4,352.8,169.3,316.3,424.1,500.4,1525.3,642.4,882.7,1005.1,131.5,970.7,998.1,302.2,237.3,540.9,161.2,178.7,76.1,171.7,NODATA,436.7,393.2,228.4,244.6,178.8781846575481,15.726102060590433,899.6,NODATA,1147.8,897.7,768.1,916.7,802.7,833.4,NODATA,473.2,61.1,324.1,43.5,115,74.5,66.39999999999999,2015,15.4
178,1418,1370,1337,1006,808,788,609,262,168,514,400,70,133.6,409,270,236,289,441,207,416,575,467,88,557,360,122,278,242,891,715.5000000000001,816.5,1002,720,1671,891,61.6,153.6,194.60000000000002,119.1,275.2,317.4,327.1,600.7,340.7,182,301.8,442.2,486.3,1557.9,635.7,898.4,1042.2,137.8,1006.6,1057.3,309.7,262.6,573.7,153.9,177,75.7,161.2,615,373.4,353.1,226.6,244.3,181.07545570664792,16.54499454490658,934.3,NODATA,1209.8,932.7,796.5,965,835.4,843.1,NODATA,469.1,69.6,345.4000000000001,44.25000000000001,97.10000000000001,67.65,59.3,2090,13.899999999999999
179,1396,1341,1331,983,761,788,605,280,179,485,399,57,122,461,273,254,274,522,238,426,581,501,90,549,385,138,303,271,945,812,861,1101,675,1634,898,75.85,152.5,190.79999999999998,120.6,277.6,336.2,352.4,569.8,366.1,168.2,342,448.5,473.6,1647.1,668.3,923.9,1119,155.1,1084,1113.5,308.2,239.7,551.4,183.6,192.7,77.9,161.5,NODATA,398.7,420.2,243.2,245.8,189.2306525706125,24.947571395558057,904.5,NODATA,1172,900.9,749.4,963.9,814.5,845.4,NODATA,431.7,66.9,343.4,44.5,90.64999999999999,61.8,55.9,2042.5,13.250000000000002
180,1373,1302,1300,971,755,768,565,248,163,483,383,56,114.1,403,251,215,271,388,207,398,573,485,83,531,355,146,249,226,836,678,837,1021,635,1616,872,55.35,149.2,191.89999999999998,118.2,242.2,298.3,354.2,609.4,362.7,166.4,300.1,426.1,488.8,1556.3,678.6,890.2,1034.1,143.2,1001.3,1032.8,285.7,236.7,530.6,158.8,173,72.3,153.4,581.3,357.9,329.8,198.7,232.5,169.472354947753,19.695532708817353,903.5,NODATA,1147,898.9,760.3,904.8,783,850.7,NODATA,450.7,67.5,342.1,37,96.8,66,61.7,2007.5,12.5
181,1409,1339,1330,997,803,742,566,235,174,508,422,63.4,131.2,448,265,206,277,484,203,381,574,490,91,554,371,143,297,245.5,834.4999999999999,749,772,998.5,702.5,1659,872,62.55,161.3,194.3,114.8,282.1,320.7,325.8,557.3,392.2,177.6,331.5,445,473.3,1539.4,642.1,804.7,1042.5,178.6,946.4,1038.1,304.1,240.2,551.5,157.7,189.4,79.3,161.3,633.7,352.7,351.8,197.5,236.9,174.12643352034544,25.142525709585463,961,NODATA,1198.1,956.7,782.4,970.8,843.6,869.8,NODATA,451,66.7,341.20000000000005,44.5,98.80000000000001,60.099999999999994,60.8,2060,13.200000000000001
182,1411,1343,1352,1010,785,747,571,249,167,515,381,68,130.39999999999998,443,311,257,287,534,250,390,577,462,97,541.5,352.5,148,328,275.5,969,825.5,876.5,982,760,1635,852,70,153.6,189,126.2,272.6,427,386.6,593.2,380,198.4,336.3,440.6,470.1,1594.7,639,903.7,1026.1,181.9,1018,1006,293.8,245.8,538.9,165.3,195.2,81.4,179,606.8,401.6,384.2,222.4,246.5,180.0397327666726,14.544471825108195,977.3,NODATA,1171.1,910.8,795.4,979.4,820.6,889.2,NODATA,466.2,65.3,354.0000000000001,46.900000000000006,102.89999999999999,74.3,59.6,2076.5,16.9
183,1378.5,1301,1291.4999999999998,940.5,750,730,555,206,137,480,381,59.800000000000004,132.6,441,295,226,285,464,206,364,544,453,94.3,542,358,152,269,255,880,777,737,951,665,1615.5,857,58.6,156.4,187.39999999999998,109,244.4,315.7,351.3,642.2,368.7,194.9,336.6,449.1,547.6,1551.6,658.7,890.5,982.3,116.2,957.8,973.3,317,231.2,548.2,156.5,180.9,76.7,171.7,577.8,358.4,359.3,215.4,242.1,171.62497693573044,14.729371931618358,882.6,NODATA,1156.8,882,766.4,871.3,791.8,842.3,NODATA,448,79.4,368.79999999999995,49.5,108.4,78.3,60.199999999999996,2077,15.3
184,1411,1332,1316,1002,808,731,544,223,193,521,397,57.800000000000004,130.5,449,280,278,287,490,257,433,595,486,84,558,351,140,323,283,984,791,924,1117,675,1609,845,77.25,158.4,190.85000000000002,113.6,292.6,366.4,361.1,572.9,363.1,178.9,307.3,428.6,474.2,1658.5,674.7,1017.2,1130.2,66.6,1128.3,1111.7,289.6,240.8,539.5,168.1,181.7,77.9,157.7,NODATA,405.6,417.2,222.7,222.4,172.96860987085236,29.941003003631828,880.1,NODATA,1156.8,879.4,813.5,970.3,860.4,874.2,NODATA,466.1,67.6,320.9999999999999,43.2,92.2,54.15,55.85,2057.5,14.15
185,1540,1464,1449,1095,865,825,613,236,148,549,437,71.2,139.9,452,301.5,235,290.5,444,229.50000000000003,393.5,613.5,510,99.95000000000002,571,376,165,284,252,922,799,874,971,834,1793,948,70.4,161.5,193,110.6,291,347.7,385.2,625.9,406,214.3,341.5,470.1,535.2,1647.8,689.7,943.4,1003.4,102,999,1000.6,337,261.6,603.2,164.9,190.6,81.8,179.1,NODATA,373.8,352.3,210.9,266.6,190.66170818352037,23.709598900329983,1000.8,NODATA,1270.9,998,898.8,1037.5,902.7,924.2,NODATA,491.9,70.8,366.70000000000005,44.3,107.10000000000001,69.9,67.3,2297,15.9
186,1385,1317,1304,980,787,739,587,277,153,NODATA,397,48.6,120,388,249,212.99999999999997,235.49999999999997,411,200,323.5,545,474,88,545,350,133,272,237,861,735,743,943,705,1618,862,54.45,144.8,193.4,110.8,249.9,309.1,326.1,582.9,353,183.5,294.7,432.6,453.7,1554.9,629.9,774.3,944.5,150.1,900,938.7,304.7,244.6,551.2,165.1,187.4,79.5,158.2,554.8,347.5,341,221.4,236.4,178.69190944479305,22.341126213942424,934.6,NODATA,1198.3,933.5,784.5,957,816.6,858.8,NODATA,447.4,65.6,341.9,38.9,94.7,61.4,59.900000000000006,2005,15
187,1412,1364.5,1345,967.5,809,761.5,590.5,258.5,202,510,374,60.9,137.79999999999998,499,356,303,288,580,345,440,605,475,101.7,560,419,120,360,299,1091,927,1133,1099,730,1645,890,93.4,154.5,197.2,111.1,291.1,400.4,417.8,644.6,362.8,177.8,350.7,458.1,470.5,1753.6,692.2,1166.9,1133.8,60.1,1128.5,1132.2,296.3,238.7,545.1,184.6,191.1,79.1,178.5,720.8,424.3,440.7,244.1,249.6,182.13538119383003,17.532848033964044,860.7,NODATA,1178.4,859.6,800.6,967.6,854.6,839.9,NODATA,450.5,73.1,381.0000000000001,50.7,104.2,74.4,61.900000000000006,2060,16
188,1444,1396,1357,1021,804,769,605,248,163,510,384,57.800000000000004,128.4,466,290,262,284,481,242,406,608,487,90.8,548,411,135,310,274,946,775,917,1030,785,1685,911,74.15,155.9,188,111.8,309.8,346,396.9,646.4,353.3,190.4,349.7,454.9,526.5,1692.9,709,976,1049.3,148.9,1017.1,1047.7,327.8,234.6,569.4,167.7,184.8,78.8,165.9,NODATA,390.5,377.7,211.7,245.3,174.02730802985343,25.058780724589752,849.3,NODATA,1186,954.9,800.4,958.5,853.7,864.4,NODATA,458.2,70.7,361.20000000000005,44.1,113.75,79.9,62.05,2130,16.299999999999997
189,1520,1430,1427,1092,894,755,555,186,164,571,447,61.3,133.2,437,265,234,269,458,220,369,613,510,91,550.5,352,172.5,279.5,252,896,719,760.5,938,796,1754,889,62.05,148.7,185.2,111,268.4,322.2,340.5,592.3,379,201.5,316.3,464.9,522.1,1575.7,639.1,832.5,986.3,106.9,980.8,981.3,329.7,253.8,587.4,153.8,182.6,77.2,177.3,569.7,366.1,345.9,205.4,262.9,186.39408229719317,19.412237088214535,986.6,NODATA,1285.3,985.7,879.7,1043.2,913.8,964.4,NODATA,530.3,73.8,350.4000000000001,47,118,86.4,65.19999999999999,2260,14.299999999999999
190,1428,1356,1354,1016,NODATA,798,624,296,192,521,391,56.7,148,490,353,335,320,576,331,447.5,593,477,99,569,402,125,344,287,1142,931,1152,1145,705,1644,913,94.8,160,194.7,122.8,318.5,400.4,431.1,668.9,369.4,180,343.4,453.7,527.2,1799.3,648.8,1200.1,1150.2,152.3,1129.6,1168.5,276.9,240.2,525.4,171.1,180.7,76.8,172.6,NODATA,394.7,417.4,245,233.3,170.90389455022387,19.714632210781037,914.3,NODATA,1167.8,827.9,762,947.1,821.8,832.4,NODATA,446.2,58.2,348.20000000000005,46.1,102.8,71.7,56.7,2025,17.3
191,1426,1343,1334,957,780,804,601,275,180,503,382,63.2,137.89999999999998,457,305,268,295,540,261,432,573,433,87,555,392,139,308,265,979,810,875,1070,700,1654,899,72.9,155.6,194.39999999999998,119,271.6,346.8,385.3,638.6,350.9,207.1,331.7,493.4,522.3,1681.5,609.9,970.9,1095.4,103.1,1092.3,1094.4,295.8,228.9,536.2,162.9,186.6,79.4,181.4,NODATA,386.7,389.1,219.8,244.3,182.30385453779735,18.64482253448956,900.3000000000001,NODATA,1172.9,897.7,797.2,945.5,822.8,880.4,NODATA,453.8,70.4,382.9,46,112.54999999999998,79.3,59.45,2082.5,15.700000000000001
192,1427,1354,1344,1004,817,739,558,214,180,539,418,59.6,133.2,476,327.5,306,315,545.5,296.5,461,618.5,514,95.5,544,386,157,321,270,1098,910,959,1149,765,1664,857,86.95,156.6,190.39999999999998,120.4,284.8,354.6,420.2,634.8,395.4,184.7,352,432.2,489.8,1682.7,699.9,1105.8,1186.7,76.1,1186.3,1183,312.4,254.7,578.1,175.8,189.3,77.1,173.2,NODATA,419.4,427.5,247.5,245.9,177.56517322553242,13.177139653967311,915.7,NODATA,1157.5,915.4,839.6,962.8,862,904.3,NODATA,478.1,80.6,342.9,45.9,101.1,67.8,65.8,2155,14.6
193,1431,1374,1341,987,811,780,585,248,149,516,416,52,123.80000000000001,441,252,228,280,433,210,394,588,506,85,562.5,381.50000000000006,143.5,290.5,246,882.5,748.0000000000001,796,994,715,1684,892,61.05,160.1,194.3,121.5,288.2,337.6,354.5,601.4,374.1,173,323.3,459,488.8,1585,679,864.7,1013.8,183.4,930.9,1012,307.8,251.7,565.6,159,175.1,74.8,156.6,602.1,365,353.8,196.9,238.7,173.53237617211374,13.021005512000242,977.8,NODATA,1196.2,972.6,794.4,972.3,829.6,867.8,NODATA,476.1,69,360.6,40,102.5,64,54,2117.5,13.100000000000001
194,1510,1455,1427,1066,873,785,606,243,169,547,454,61.349999999999994,125.39999999999999,465.5,303,286,306.5,538,285,455,644,555,92.5,543,390,135,312,277,1040,872,1021,1125,771,1734,916.5,87.25,160.9,182,127.5,273.9,347.3,405.3,639.1,384.5,198.4,318.9,467.3,513.7,1714.5,641,1056.5,1150.5,89.1,1149.3,1148.8,338.8,260.7,608,172.1,194.8,81.6,168.7,NODATA,408.9,399.1,230.2,255.7,187.97749373625078,22.046229059872527,931.3000000000001,NODATA,1238.7,929.9,842.2,1026.5,897.6,928.9,NODATA,492,86.2,363.9000000000001,42.1,99.3,64.80000000000001,61.5,2235,14.399999999999999
195,1440.5,1381,1371.4999999999998,1010,818.5,766.9999999999999,598.5,249,189,528,395,57.5,131.8,457,297,279,284,559,282,497,625,510,92.89999999999999,560,376,146,328,275,1015,821,938,1188,743,1672,897,86,156.8,186.8,114.1,279.5,348.7,370.9,587.8,350.6,179.8,333.9,461.6,465.4,1694.3,671.4,1002.3,1219.5,89.2,1213.4,1213.3,309,250.6,562.4,158.6,181.7,76.7,180.8,NODATA,426.8,439.7,248.9,252.5,189.688591737867,27.125554526701492,891.9000000000001,NODATA,1204.1,890,802.7,1012.2,882,903.5,NODATA,456.4,62.6,369,50.4,110,77.5,59,2135,14.8
196,1438,1363,1349,1007,838,728,557,212,167,514,397,63,132,415,253,206,267,404,187,365,596,480,96.4,531,351,147,283.5,253,787,677,738,929.5,767,1663,846,56.9,151.4,186.4,113.7,262.3,313.9,310.2,574.7,360.6,197.8,285.8,464.5,530.8,1488.9,595.1,827.8,975.1,128.4,951.3,970.1,303.7,254.1,564.5,152,177.8,76.1,177.2,589.6,373.5,360.4,210.5,240.4,174.90449924629283,14.884351477688124,944.1999999999999,NODATA,1221.4,940,815.8,960.2,854.1,888.1,NODATA,477.6,70.8,348.20000000000005,38.7,102.6,76.10000000000001,57.800000000000004,2130,13.5
197,1428.5,1347.5,1342,1012.5,796.5,761.5,570,228.5,153.5,502,396,64,131.6,442,283,245,281,504,255,405,597,493,85,522,373,122,331,275,920,814,821,1005,705,1647,870,68.2,153.6,182.39999999999998,108.1,274.7,335.1,371.8,525,357,200.8,338.3,449.5,435.1,1590.5,630.7,863.9,1045.6,184.3,1016.1,1035.3,315.8,244.7,570.2,161.3,182.7,74.3,154.4,644.2,382.6,393.5,217.4,224.3,166.78257872574875,22.6863014478886,996.5,NODATA,1170.2,993.6,812.2,1022.2,844.7,854.8,NODATA,436.7,65.5,329.30000000000007,41.5,95,69.80000000000001,62,2050,15.3
198,1415,1347,1328,973,NODATA,791,594,265,175,496,392,54.400000000000006,125.60000000000001,441,265,243,256,457.5,243.5,402,579.5,486.50000000000006,83,536,366,133,324,252,919,794,841,NODATA,750,1645,895,68.45,152.5,181.9,106.4,273.3,347.4,348.7,595.3,344.1,199.9,306.5,468.6,508.4,1664.1,763.2,968.7,1048.1,133.9,1015.5,1026.3,296,250.7,559.8,166.1,190.1,78.9,163.3,651.6,378.9,362.4,231,237.9,177.0416857471501,14.530242258838951,914,NODATA,1169.2,910.5,780.1,942.6,801,873.8,NODATA,429.4,67.9,353.5,42.800000000000004,95.60000000000001,59.2,55.5,2095,12.1
199,1413,1317,1319,1002,783,766,578,234,192,501,373,60.75,138.35000000000002,433.5,286,253.5,250,499,239,431,580,452,96,561,374,143,281,249,921,753,884,1094,710,1651,898.5000000000002,70.5,159.7,197,105.9,263.7,335.6,380.2,608.5,372.8,204.3,332.3,464.8,528.9,1645.4,700.4,968.9,1114.7,131.9,1076.2,1114.7,298,231.7,532.8,160.5,199.7,83.3,176.7,678.8,387.4,374.5,217.3,247.2,183.19298694115713,21.823671800804497,915,NODATA,1150.6,909.3,783.1,937.4,804.3,828.9,NODATA,443.2,69.4,333.39999999999986,47.5,111.30000000000001,70.8,63.3,2055,16.9
200,1451,1378,1370,1012,837,749,567,225,178,511,377,60.5,132.20000000000002,444,308,255,299,468,241,423,604,499,90,565,374,135,278,249,943,763.0000000000001,892,1062.5,745,1680,890,73.4,157.4,202.2,120.2,290.4,338.9,358.4,609.9,360.6,183.1,327.4,474.2,494.1,1651.6,689.5,973.4,1098.2,116.2,1074.5,1099.7,298.9,245.1,549.4000000000001,160.6,180.6,77.4,189.6,653.6,394.7,397.1,230.5,255.6,189.17055595395598,20.237571245374003,935.3000000000001,NODATA,1229.5,934.6,819.1,997.3,851.1,886.9,NODATA,464.2,80.8,370.69999999999993,45.199999999999996,115.19999999999999,79,60.4,2135,16.1
201,1442,1381,1356,991,809,778,600,241,157,528,396,62,133.4,425,264,216,270,430.5,235,379.5,585.5,465.99999999999994,99.14999999999999,542,361,150,270,249,821,695,805,961,726,1682,897,60.1,154.1,184.8,117.3,273.5,312.2,347.5,566.5,361.6,182.4,299.5,473.1,477.9,1623.6,633.4,822.4,992.3,208.9,882.4,991.9,325,245.2,576.5,158.2,179.4,77,175.6,581.1,363.2,364,220.6,245.4,178.2342822970196,11.416158594744159,1018.6,NODATA,1200.3,1012.9,809.7,990.2,824.3,882.6,NODATA,462.8,65.4,375.9,50.4,109.3,76.6,66.5,2127,15
202,1381,1302,1293,899,771,724,572,253,157,493,384,58.5,137,432,308,253,262,512,272,404,586,480,86,533,389,154,308,271,983,808,972,1022,770,1599,837,68.7,152.5,183.5,107.8,299,372.4,374.7,608.5,394.2,168.5,347.7,431.6,492.5,1578.4,587,989.4,1028.6,109.5,1026.3,1039.3,295.7,232.9,531.7,163.3,184.7,76.1,161.7,620.2,372.9,377.5,223.1,231.7,169.07344488255484,26.85183495056002,865.3,NODATA,1157.2,865.2,755.8,937.2,825.6,847,NODATA,444.5,56.2,325.4,48.6,102.30000000000001,78.3,62.2,2025,17.2
203,1462,1414,1381,1013,827,791,607,261,173,517,406.5,65,133.55,462.5,300,260.5,286.3,513,218,398,583,467,95,535,384,118,322,273,946,796,858,1023,715,1704,914,71.4,153,180,119,275.8,361,385.3,622.1,343.6,195.4,336,472.6,499.2,1639.2,647.7,921.7,1035.5,118.7,1020.9,1032.1,300.1,228,535.9,149,185,79.7,163.2,NODATA,350.8,389.8,222.9,246.3,173.25328906391502,24.05205038338935,946.5,NODATA,1211,945.4,827.8,987.2,874.5,886.2,NODATA,462.3,72.3,384.29999999999995,49.5,102.30000000000001,72.8,61.8,2111,16.200000000000003
204,1430,1359,1344,1011,802,772,580,252,172,523,397,53,128.4,452,282,248,289,514,225,420,594,482.5,89,527.5,365,127,295,269,896,794,834,1053,725,1637,880,72.25,149.7,180.5,116.4,266,321.1,335.8,538.5,369.4,189.7,352.5,452.5,490.7,1562.5,720.3,913,1105.8,127.3,1080.8,1103.4,293,224.9,518.2,158.5,179.4,78.3,177.1,687.5,420.5,407.8,237.4,244.9,184.13167126130008,23.549749266457813,912.8,NODATA,1167.3,908.9,785.5,971.8,824.5,834.7,NODATA,465.1,65.2,330.79999999999995,45.7,113.5,78,49.900000000000006,2045,14.8
205,1433,1351,1371,1005,819,746,564,228,177,523,399,67.6,132,418,275,236,283,439,213.5,394,583.5,459,94.5,552,342,155,305,258,859,716,783,975,745,1661,868,66.6,165,185.3,123.5,252.9,314,353.8,590.6,354,210.1,275.6,464.8,489.1,1602.1,655.8,853.7,1026.8,153.1,986.6,NODATA,291.1,249.1,543.2,161.1,197.5,84.2,170,642.3,391.2,380,223.2,245.9,182.15950000350273,25.195370864660404,941.5,NODATA,1211,940.7,788.4,982.8,838.9,853.4,NODATA,458.4,65.7,386.79999999999995,45,100,66.10000000000001,53.5,2100,16.9
206,1420,1358.5,1359,1017.5,829.5,740,554.5,198,161,528,398,63.7,137.20000000000002,441,292,265,278,471,242,404,606,507,86.19999999999999,552,378,128,304,255,955,788,883,1025,736,1656,854,68.75,156.8,187.2,113.6,262.4,319,372.2,587.6,355.5,179.2,333.8,421.3,452.5,1592.9,659.2,991.1,1068.2,118.4,1054.4,1054.5,315.9,244.6,568.4,164.6,177,74.8,189.4,603.5,381,374,222,251.8,178.6488344809647,22.212440566372013,958.6,NODATA,1190.6,956.5,840.2,992.7,858.5,903.3,NODATA,486.2,75,345.5,43.7,115.19999999999999,82.5,61.8,2114,16
207,1425,1367,1312,1005,804,746,592,240,179,526,403,62,137.3,457,305,295,267,526,273,420,593,493,97,556,406,122,358,271,1022,861,1000,1063,745,1651,851,77.15,158.6,191.9,108.9,287.5,362.2,403.3,577.6,338.6,191.7,324,454.5,463,1649.2,665.9,1006.3,1088.5,173.3,1037.8,1065.6,305.2,239.3,555,159.6,188.8,78.6,180.3,656.2,391.4,381.8,209.9,242.8,178.56703314953467,24.043328386359224,1005,NODATA,1170.9,1002.7,831.7,1010.3,846,866.3,NODATA,479.3,64.1,330.39999999999986,45.5,108.9,77.8,60,2070,16.4
208,1468,1403,1404,1045,841,765,586,215,165,538,420.5,60.55,138.9,445,291.5,261.5,272,495,251,413,601,477,101,570,393,138,310,271,966,773,901,1023,815,1721,904,72.6,164.6,191,121.2,285.6,436.6,384.5,608.3,378.8,197.3,330,438.4,485.7,1669.1,670.6,944.3,1066.6,153.4,987.7,1064.2,336,270.4,610.5999999999999,165.2,203,87.2,181.2,627,385.6,386.2,221.9,263.1,198.26122625591927,23.117468867868574,1006.6,NODATA,1222.5,1001.7,853.2,1009,864,889.2,NODATA,491.8,75.4,364.29999999999995,50.199999999999996,118.80000000000001,68.89999999999999,57.9,2225,16.8
209,1368,1304,1287,984,785,725,541,216,153,506,392,55,131,423,272,244,263,447,233,384.5,558.5,451.5,84,543,349.5,125,268,225,849,713,824,927,695,1580,821,57.95,150.1,188,100.4,268.4,322.1,362.7,521.7,353.9,205.6,310.4,422,425,1507.5,610.5,817.5,991.2,127.7,953.5,987.8,291.4,225.8,522.9,149.3,169,72.8,175.1,582.1,351,328.3,201.5,229.1,169.88127978125974,22.57122218870376,922.4000000000001,NODATA,1131.2,919.7,794.7,982.3,831.7,835.5,NODATA,443.1,68.9,319.1,49.3,98.80000000000001,88,55.300000000000004,2005,15.5
210,1489,1430,1408,1089,898,747,573,212,160,566,440,63.6,129.1,452,287,224,281,471,218,406,618,505,90.5,534,380,136,297,241,887,715,800,1014.4999999999999,775,1736,868,65.25,152.4,181.5,103.4,254,306.3,343.1,569.3,370,173.8,323.5,420.7,442.5,1531.9,643.9,843.1,1033,104.3,1025,NODATA,327.7,261.7,592.0999999999999,154.9,180.3,77.1,179.9,607.3,390.7,363.9,217.3,249.9,185.66745960988368,21.367712672579838,998.3,NODATA,1290.4,997.3,894,1075,926.5,950.8,NODATA,514.7,78.2,342.29999999999995,43.5,103.5,67.35,59.849999999999994,2245,14.1
211,1337,1268,1276,950,766,709,522,202,169,480,365,65.3,129.8,398,246,219,230.5,433,227.99999999999997,344.5,557,443,80.7,544,340,143,282,244,808,687,749,915,665,1587,833.9999999999998,53.45,149.7,179.5,115.9,256.8,303.5,353.8,522.1,319.2,170.6,291.6,411.9,409,1489.8,593.5,761.4,937.4,154.4,893.9,912.9,291.1,227,525.6,143.6,168.6,71.4,161.1,563,356.9,348.6,198.6,231.6,172.8361906522249,20.473481108966073,924.5,NODATA,1122.5,923.4,770.1,963.3,795.9,845.2,NODATA,434.8,63.6,342.9,43.6,105.9,79.1,51.2,1936,14.399999999999999
212,1527,1465,1455,1072,877,780,611,246,192,573,420,65.4,137.5,495,344,300,327,579.5,267,489.00000000000006,644,524.5,106.20000000000002,577,396,145,352,285,1085,872,1020,1162,805,1774,914,94.35,158.8,200.5,124.1,292.9,352.8,394.8,645.5,389.2,215.7,371.3,485.7,537,1712.2,711.5,1066.4,1202.5,102.7,1198.5,1201.4,335.1,261.9,604.0999999999999,173.1,209.1,88.5,205.8,NODATA,NODATA,407,232.4,266.9,194.13166278155444,22.55593464781496,977.2,NODATA,1269.5,972.4,874.5,1035,920.4,910.3,NODATA,528.8,76.9,394.29999999999995,46.5,123.3,93,65.9,2290,15.8
213,1339,1264,1272,947,775,709,531,217,145,482,395,62.300000000000004,124.2,403,254,240,250,442,195,379,542,460,91,564,368,128,275,245,880,730,695,917,655,1573,845,54.25,157,198.2,115.4,266.7,322.6,330.4,600.5,341.1,147.7,306.6,404.7,463.4,1473.5,569.3,822.7,940.7,137.7,902.6,937,292.8,216.9,514.7,143.4,174.3,74.9,162.3,561.9,352.2,337.1,208.8,227.5,170.4887539350873,16.541193540702352,882,NODATA,1135.7,881.6,744.3,894.9,778.4,845.4,NODATA,428.7,64.2,327.19999999999993,41.4,99.95000000000002,72.6,54.05,1962.5,13.149999999999999
214,1357,1294.5,1288,938.5,753.5,754.4999999999999,567,234,158,492,376,59.6,132.4,419,266,227,245,493,198,348,536,409,88.4,554,384,130,300,274,884,745,718,898,732.5,1600,876,58.9,160.7,189.1,109.7,285.3,352.5,341.9,591.3,357.5,181.4,328.5,448.7,495.8,1558.4,656.8,761,925.1,106,919.8,925,296.2,228.7,528.7,163.3,194.3,78.7,162.2,568.4,363.2,372.9,204.5,229.6,164.90520334900066,23.540420400349003,853.3,NODATA,1144.4,849.9,747.3,901.2,776.1,815.8,NODATA,440.1,73.7,360.30000000000007,48.7,102.4,80,58.9,1985,16.599999999999998
215,1389.5,1320,1337.5,1000.5,823.5,720.5,540,204,165,521,411,62.5,131.2,415,270,228,260,468,237,388,583,470,95.19999999999999,544,365,128,279,255,837,719,774,974,710,1633,847,61.35,151.7,184.4,102.1,277.5,309.4,355.9,530,341.7,170.3,285.9,403.7,385.2,1531.1,613.2,752.7,990.4,176.8,923.8,989.6,295.9,237.9,539.3,153.3,175.5,77,174.8,609.8,362.3,365,204.5,247.7,184.84603091832955,20.47426319835159,972.5,NODATA,1186,968.2,795.7,1022.3,853.3,849.8,NODATA,456.2,67.6,352.1,46.5,112.2,77.69999999999999,54.6,2055,15.1
216,1471.5,1393.5000000000002,1385,1001.5,808.5,801,603.5,266,132,515,389,57.300000000000004,126.7,407,269,235,264,389,196,399,586,475,94.39999999999999,546,357,144,268,237,856,771,811,946,767.5,1759,966,61.15,146.2,188,122.2,279.7,324.5,319.5,607.5,357.8,195.5,299.2,495.2,560.1,1642.7,661.9,873.7,1006.7,151.2,953,1004.9,304.8,244.2,548.4,155.9,190.8,80,172.8,590.9,372.6,344.1,205.8,239.2,175.38808569865083,22.883268371638476,964.5999999999999,NODATA,1268.6,962,813.4,990,871.3,893.2,NODATA,473,77.6,386.8000000000002,51.4,102.10000000000001,67.8,63,2195,17.4
217,1467,1383,1386,1025,817,773,578,226,174,542,404,61.2,138.8,450,295,260,292,473,235,422.5,600,480,92.45000000000002,531,360,150,277,246,958,784,894,1038,730,1700,898,70.9,153.8,175.5,113.4,295,336.2,390.4,618.8,365.3,207.7,313.3,458,484.5,1603.4,659.2,960.2,1065.4,99.4,1062.4,1060.5,312,245.6,565.1,158.9,177.9,75,177,630.3,411.8,389.2,229.7,250.4,181.79823832546538,26.00083165874303,943.1,NODATA,1215.7,941.4,843.7,1014.7,880,920.5,NODATA,486.6,79.4,367.5999999999999,46.8,110.60000000000001,79.4,64.9,2170,15
218,1438,1367,1367,1028,828,771,568,227,162,525,410,67.2,133.4,416,264,235,250,503,202,376,576,461,93,539,355,128,304,259,856,715,764,946,760,1668,869,60.8,154.4,184.8,107.4,272.3,320.3,383,598.3,341.2,196.3,295.5,452.1,493.7,1576.9,605.5,815.6,977.2,87.4,977,977,311.2,249.6,565.0999999999999,169.7,191,76.8,160.1,580.9,363.3,343,207.5,240.7,168.4656789426474,25.332849276150483,926.1,NODATA,1201,924.5,838.7,993.4,882.5,851.6,NODATA,477.4,71.5,376.70000000000005,42.9,93,65,57,2122.5,14.9
219,1317,1265.5,1247.5,941.9999999999999,746,716.9999999999999,541.5,204,156,480,363,63.5,125.1,432,273,225,241,476,210,368,534,418,82.10000000000001,528,374,127,279,231,840,698,768,917,652.5,1561,840,55,149.6,181,107.7,248.4,316.8,343.3,551.1,359.5,178.4,306.6,418.2,458.2,1460,546.4,808.3,953.5,111.4,941.6,948.7,301.5,220,527.1,150.4,176.8,74.2,170.2,579.9,353.6,344.6,210.4,237.9,170.99909440768963,27.7034973772552,849.1999999999999,NODATA,1100.6,848.2,737.8,905.7,794.1,813.3,NODATA,415.8,63.7,314.60000000000014,38.199999999999996,104.39999999999999,79.80000000000001,62.400000000000006,1985,14.9
220,1473,1410,1394,1006,812,806,636,278,174,518,401,55.300000000000004,138.2,455,285,241,294,443,208,394,573,452,94.5,549.5,375.5,151.5,270.5,245.5,903,746,802,1009,775,1726,950,66.55,162.9,186.8,106.5,292.7,339.3,353.3,651.9,387.2,194.7,324.2,496.3,529.3,1672.5,653.7,898.4,1031.3,132,1009.6,1016.3,319.9,260.3,587.3,157.4,178.6,77.7,172.5,614.4,380.8,365.1,223,242.8,177.21235043655702,19.170770902960967,948.7,NODATA,1231.3,947.1,816.7,973.8,838.9,893,NODATA,462.1,74,389.1,42.9,98.4,65.9,54.900000000000006,2185,14.7
221,1451.5,1385.5,1382,1021.5,819.4999999999999,802,615,270.5,146,517,432,64,136.2,417,263,210,280,405,208,367,591,509,93,563,382,146,276,267,803,730,765,952,682.5,1704,902,61.5,159,195.9,117.1,282.4,329.6,349.4,604.3,375,161.2,314,457,499.7,1620.3,749,835.7,979.2,160.6,919.6,979,321.9,248.6,572.2,168.4,199.7,85,173.7,562.8,358.3,352,232.7,246.3,184.78464060636324,18.53905975530327,960.7,NODATA,1226.1,955.4,800.1,978,829.5,886.3,NODATA,457.4,71.4,378.39999999999986,51.7,99.80000000000001,64.7,60.199999999999996,2165,14.5
222,1418,1334,1344,999,801,776,556,234,167,514,392,56.8,128.3,403,242,196,270,391,201,407,574,478,87,558,358,141,259,221,772,655,791,982,795,1661,878,59.75,156.5,190.25,118.4,267.3,317.2,338.5,612.8,365.3,193.8,305.1,454.5,556.1,1602.8,648.1,878.1,1045,93.4,1043.9,1041.5,300.9,235.1,540.1,143.5,170.7,73,171.7,621.1,394.3,369.4,212.1,242.9,179.39821661570946,22.712074608686386,880.6,NODATA,1186.4,876.3,787.2,915.5,818.5,835.2,NODATA,464.5,65.7,350.70000000000005,41.7,105.3,70.5,58.2,2055,14.7
223,1505,1421,1420,1066,890,804,582,188,185,556,418,67.4,143,469,302,233,283,467,230,415,653,516,102.2,587,411.50000000000006,162.99999999999997,330,282.5,882.5,763,819,1043,813,1782,944,79.5,163.2,201,118.3,265.8,369.5,373.4,578.6,410.4,224,335.9,459.5,455.6,1632.8,622.3,840.4,1069.1,133.9,1039.8,1068.6,350.7,266.4,623.9,175.5,197.7,82.8,203.3,665.1,422,412.6,248.6,274.9,203.55165578887906,27.98452744620489,996.6999999999999,NODATA,1284.2,994.7,862.8,1084.6,918.8,940.6,NODATA,483.1,63.6,365.9000000000001,56,128,81.1,61,2278,16.8
224,1495,1431,1426,1057,866,813,631,290,186,550,442,60,128.5,491,298,254,288,524,250,415,614,525,95,549,385.99999999999994,148,322,265,970,823.0000000000001,901,1100,745,1729,907,81.8,151.6,193,117.1,290.3,352.6,380.8,649.1,399.1,176.7,334.1,456.6,495.8,1678.3,675.4,970.5,1101.8,120.8,1080.4,1100.8,326.1,262,597.4,186.7,200.6,84.4,165.6,698.6,406.6,403.3,240.3,258.4,193.91572274611823,22.445333830058765,978.8,NODATA,1272.4,975.5,858,1027.2,903.5,922.9,NODATA,501.6,69.4,389,48,107,72.1,63.2,2217.5,14.5
225,1415,1356.5,1344.5,1013.5,787.5,776.5,591.5,257.5,175,513,388,63.4,132.7,453,301,272,292,504,255,442,593,471,101,566,397,136,305,270,983,828,900,1049,695,1653,881,76.2,160.1,196,121.9,276.4,353.3,363.7,589,355.3,176.1,327,431,459.6,1719.4,720.2,931.5,1087,139,1053.9,1080.9,308.4,240.7,559.6,162.2,186.8,77.4,165.9,NODATA,NODATA,430.9,242.6,246.1,178.61480910003047,21.743352535312287,925,NODATA,1201.5,923,786,987.2,834,851.2,NODATA,462.3,64,340.9999999999999,43.3,101.6,59,60,2065,14.7
226,1346,1278,1244,906,754,720,548,208,177,482,354,62.599999999999994,137,444,340,287,305,551,288,449.5,585,474.5,97.4,549,408,138,320,267,1045,873,994,1095,779,1560,837,76.7,153.3,190.2,127.2,284.4,375.2,406.9,577.9,335,192.1,349.7,462.5,456.2,1667.8,703.7,1012.3,1127,176.8,1084.5,1123.4,319.7,228.9,557,173.3,205.2,84.3,170.1,677.4,419.4,416.3,208.6,233.6,171.15105877346525,20.231702352372032,929.0999999999999,NODATA,1072,926.3,752.3,928.5,773.3,799,NODATA,427.8,58.5,343.4000000000001,48.2,103.4,73.89999999999999,60.099999999999994,1969.5,17.9
227,1416,1368,1364,994,798,771,578,237,168,514.5,388,58.14999999999999,137.8,427,309,235,308,492,209,411,586,464,89.3,573,396,125,296,265,902,801,822,1048,700,1683,906,70.6,167.2,194.8,126,297.7,353.1,370.9,613.9,360.7,180.4,309.6,439.6,486.9,1649.3,671.6,909.9,1068.1,134.3,1026.9,1054.1,308.5,255.9,574.5,160.3,182.8,78.4,171.6,648.6,405.9,404.2,236.2,255.2,186.61019674039477,19.688220439641185,926,NODATA,1196.4,923.3,791.7,958.1,831.5,842.6,NODATA,465.6,65.8,379.5,45.9,107.6,66.2,60.300000000000004,2135,15.5
228,1370,1298,1312,988,802,716,527,195,148,507,396,67,138.5,434,289,234,216,427,228,375,575,473.49999999999994,89,539,359,141,300,261,881,718,837,948,718,1615,846,58.8,156.3,178,114.6,284.7,324.2,346.5,567.3,370.7,181.8,329,405,448.6,1476.6,633.5,860.7,960.1,128.3,932.3,954.8,300.7,231.7,535.9,160.3,182.5,77.5,172.6,582.4,372.8,357.8,221.3,246.1,180.79921792485905,19.51375871566361,930,NODATA,1156.5,927.9,801.7,959,837.1,837.1,NODATA,447,67.8,320.69999999999993,46,99,68.4,53.4,2046,14.299999999999999
229,1430,1380.5,1351,1010,819,771.5,581.5,234,164.50000000000003,525,440,55.199999999999996,123,447,255,232,252,478,192,354,582,495,86,540,384,154,304,249,866,776,724,966,675,1689,880,61.25,150.7,192.3,112,251.6,327.6,338.7,592.2,386.1,168.8,349.6,456.5,475.2,1592.2,636.6,791.9,968.5,131.2,932.9,960.6,309.9,246.2,561,158.2,179.4,76.6,167.2,583.2,360,361.9,214,247.9,185.3241357250348,23.815671154953908,948.0999999999999,NODATA,1234,945.4,816.9,986.5,856,888.9,NODATA,472.3,68.9,355.10000000000014,43.4,101,76.10000000000001,61.5,2115,12.8
230,1339,1285,1288,930,762,744,565,246,173,482,355,63.5,123.69999999999999,442,319,245,261,486,237,400,555,451,89.60000000000001,544,369,135,302,250,965,768,857,1007,685,1598,873,64.2,144,187.45000000000002,111.1,280.6,323.2,374.5,598.5,358.6,153,319.5,439.2,490.1,1556.5,619.4,960.7,1053,123.4,1034,1036.8,283.2,217.9,506.1,157,176.3,75.3,167,628.8,366.6,365.8,218.6,241.2,172.00148441970418,21.229945436422263,880.8,NODATA,1096.8,874.7,757.4,893.9,786.3,808.1,NODATA,421.9,60.8,360.89999999999986,40.25,105.19999999999999,72.4,60.4,1987.5,14.299999999999999
231,1491,1434,1429,1060,827,775,584,240.49999999999997,167.5,522.5,404,61.3,132.85,486.5,294,273,286,544,238,438,626,526,85,567,379,151,344,291,1013,806,925,1091,765,1760.5,938,85.95,156.5,200.5,112.3,276.2,350.8,406.3,654.5,391.7,185.4,342,454.7,514.1,1765,694.1,1009.1,1133.6,128.6,1116.5,1133.5,316.1,265.8,588.8,176.6,195.9,83.6,171.3,711.7,435,392.4,231.9,263.1,191.94463939029663,23.113781846659176,987.3000000000001,NODATA,1270.3,986.5,858.7,1044.4,905.7,950.1,NODATA,508.9,76.4,386.70000000000005,46.8,104.1,72.30000000000001,62.400000000000006,2195,14.1
232,1474,1399,1398,1039,843,779,594,261,180,535,397,64.6,129.70000000000002,439,271,242,258,467,206,396,605,473,96.8,564,378,143.5,328,280.5,892,752.5,806.9999999999999,1038,736.5,1726,920,72.55,156.6,200.39999999999998,125.2,267.9,327.3,347.2,611.5,348.1,197.4,325.5,466.4,524.6,1635.4,686.2,896,1069.1,138.8,1019.4,1058.9,307.2,266.7,557.6,170.1,183.9,79.1,174.2,655.5,386.4,393.3,212.9,246.3,189.4942588515296,24.891300124865822,970.4000000000001,NODATA,1247.2,968.5,831.6,993.3,868.3,914.9,NODATA,475.5,58.4,364.6999999999998,54.6,112.89999999999999,71.3,55.9,2169,17.9
