source_id,source_file,page,population,country,population_type,service_role,sex,year_start,measure_key,measure_label,unit_original,mean,sd,n,p5,p50,p95,quality,notes
asran-2015,reports/asran-2015/DST-Group-TR-3564_0.pdf,29,RAN men 2015,Australia,military,Navy,M,2015,cervicale_height,Cervicale Height,mm,1537.00,65.00,1090,1431.00,1534.00,1642.00,A,Report code M01; unweighted sample statistics (no weighted statistics in report)
asran-2015,reports/asran-2015/DST-Group-TR-3564_0.pdf,29,RAN women 2015,Australia,military,Navy,F,2015,cervicale_height,Cervicale Height,mm,1429.00,56.00,232,1337.00,1428.00,1521.00,A,Report code M01; unweighted sample statistics (no weighted statistics in report)
asran-2015,reports/asran-2015/DST-Group-TR-3564_0.pdf,30,RAN men 2015,Australia,military,Navy,M,2015,acromion_height,Acromion Height,mm,1460.00,64.00,1090,1357.00,1459.00,1566.00,A,Report code M03; unweighted sample statistics (no weighted statistics in report)
asran-2015,reports/asran-2015/DST-Group-TR-3564_0.pdf,30,RAN women 2015,Australia,military,Navy,F,2015,acromion_height,Acromion Height,mm,1362.00,55.00,232,1275.00,1363.00,1458.00,A,Report code M03; unweighted sample statistics (no weighted statistics in report)
asran-2015,reports/asran-2015/DST-Group-TR-3564_0.pdf,31,RAN men 2015,Australia,military,Navy,M,2015,suprasternale_height,Suprasternale Height,mm,1451.00,61.00,1089,1354.00,1451.00,1551.00,A,Report code M04; unweighted sample statistics (no weighted statistics in report)
asran-2015,reports/asran-2015/DST-Group-TR-3564_0.pdf,31,RAN women 2015,Australia,military,Navy,F,2015,suprasternale_height,Suprasternale Height,mm,1351.00,54.00,232,1268.00,1349.00,1441.00,A,Report code M04; unweighted sample statistics (no weighted statistics in report)
asran-2015,reports/asran-2015/DST-Group-TR-3564_0.pdf,32,RAN men 2015,Australia,military,Navy,M,2015,iliocristale_height,Iliocristale Height,mm,1080.00,53.00,1089,994.00,1081.00,1168.00,A,Report code M07; unweighted sample statistics (no weighted statistics in report)
asran-2015,reports/asran-2015/DST-Group-TR-3564_0.pdf,32,RAN women 2015,Australia,military,Navy,F,2015,iliocristale_height,Iliocristale Height,mm,1005.00,46.00,232,937.00,1005.00,1087.00,A,Report code M07; unweighted sample statistics (no weighted statistics in report)
asran-2015,reports/asran-2015/DST-Group-TR-3564_0.pdf,33,RAN men 2015,Australia,military,Navy,M,2015,crotch_height,Crotch Height,mm,874.00,48.00,1069,796.00,875.00,953.00,A,Report code M08; unweighted sample statistics (no weighted statistics in report)
asran-2015,reports/asran-2015/DST-Group-TR-3564_0.pdf,33,RAN women 2015,Australia,military,Navy,F,2015,crotch_height,Crotch Height,mm,810.00,40.00,224,747.00,809.00,883.00,A,Report code M08; unweighted sample statistics (no weighted statistics in report)
asran-2015,reports/asran-2015/DST-Group-TR-3564_0.pdf,34,RAN men 2015,Australia,military,Navy,M,2015,eye_height_sitting,"Eye Height, Sitting",mm,809.00,35.00,1090,751.00,808.00,868.00,A,Report code M09; unweighted sample statistics (no weighted statistics in report)
asran-2015,reports/asran-2015/DST-Group-TR-3564_0.pdf,34,RAN women 2015,Australia,military,Navy,F,2015,eye_height_sitting,"Eye Height, Sitting",mm,761.00,30.00,232,710.00,763.00,808.00,A,Report code M09; unweighted sample statistics (no weighted statistics in report)
asran-2015,reports/asran-2015/DST-Group-TR-3564_0.pdf,35,RAN men 2015,Australia,military,Navy,M,2015,acromion_height_sitting,"Acromion Height, Sitting",mm,604.00,30.00,1090,555.00,602.00,654.00,A,Report code M10; unweighted sample statistics (no weighted statistics in report)
asran-2015,reports/asran-2015/DST-Group-TR-3564_0.pdf,35,RAN women 2015,Australia,military,Navy,F,2015,acromion_height_sitting,"Acromion Height, Sitting",mm,577.00,27.00,232,539.00,579.00,621.00,A,Report code M10; unweighted sample statistics (no weighted statistics in report)
asran-2015,reports/asran-2015/DST-Group-TR-3564_0.pdf,36,RAN men 2015,Australia,military,Navy,M,2015,elbow_rest_height,"Elbow Rest Height, Sitting",mm,232.00,25.00,1090,191.00,232.00,275.00,A,Report code M11; unweighted sample statistics (no weighted statistics in report)
asran-2015,reports/asran-2015/DST-Group-TR-3564_0.pdf,36,RAN women 2015,Australia,military,Navy,F,2015,elbow_rest_height,"Elbow Rest Height, Sitting",mm,235.00,25.00,232,193.00,236.00,274.00,A,Report code M11; unweighted sample statistics (no weighted statistics in report)
asran-2015,reports/asran-2015/DST-Group-TR-3564_0.pdf,37,RAN men 2015,Australia,military,Navy,M,2015,thigh_clearance,Thigh Clearance,mm,182.00,15.00,1090,158.00,181.00,207.00,A,Report code M12; unweighted sample statistics (no weighted statistics in report)
asran-2015,reports/asran-2015/DST-Group-TR-3564_0.pdf,37,RAN women 2015,Australia,military,Navy,F,2015,thigh_clearance,Thigh Clearance,mm,168.00,17.00,232,145.00,168.00,195.00,A,Report code M12; unweighted sample statistics (no weighted statistics in report)
asran-2015,reports/asran-2015/DST-Group-TR-3564_0.pdf,38,RAN men 2015,Australia,military,Navy,M,2015,knee_height_sitting,"Knee Height, Sitting",mm,559.00,29.00,1090,514.00,559.00,606.00,A,Report code M13; unweighted sample statistics (no weighted statistics in report)
asran-2015,reports/asran-2015/DST-Group-TR-3564_0.pdf,38,RAN women 2015,Australia,military,Navy,F,2015,knee_height_sitting,"Knee Height, Sitting",mm,517.00,26.00,231,480.00,516.00,561.00,A,Report code M13; unweighted sample statistics (no weighted statistics in report)
asran-2015,reports/asran-2015/DST-Group-TR-3564_0.pdf,39,RAN men 2015,Australia,military,Navy,M,2015,popliteal_height,Popliteal Height,mm,435.00,25.00,1087,395.00,435.00,477.00,A,Report code M14; unweighted sample statistics (no weighted statistics in report)
asran-2015,reports/asran-2015/DST-Group-TR-3564_0.pdf,39,RAN women 2015,Australia,military,Navy,F,2015,popliteal_height,Popliteal Height,mm,398.00,25.00,232,359.00,397.00,442.00,A,Report code M14; unweighted sample statistics (no weighted statistics in report)
asran-2015,reports/asran-2015/DST-Group-TR-3564_0.pdf,40,RAN men 2015,Australia,military,Navy,M,2015,interpupillary_breadth,Interpupillary Breadth,mm,65.00,4.00,1089,58.00,65.00,71.00,A,Report code M15; unweighted sample statistics (no weighted statistics in report)
asran-2015,reports/asran-2015/DST-Group-TR-3564_0.pdf,40,RAN women 2015,Australia,military,Navy,F,2015,interpupillary_breadth,Interpupillary Breadth,mm,61.00,4.00,232,55.00,61.00,68.00,A,Report code M15; unweighted sample statistics (no weighted statistics in report)
asran-2015,reports/asran-2015/DST-Group-TR-3564_0.pdf,41,RAN men 2015,Australia,military,Navy,M,2015,bizygomatic_breadth,Bizygomatic Breadth,mm,141.00,7.00,1090,130.00,142.00,153.00,A,Report code M16; unweighted sample statistics (no weighted statistics in report)
asran-2015,reports/asran-2015/DST-Group-TR-3564_0.pdf,41,RAN women 2015,Australia,military,Navy,F,2015,bizygomatic_breadth,Bizygomatic Breadth,mm,133.00,6.00,232,123.00,133.00,142.00,A,Report code M16; unweighted sample statistics (no weighted statistics in report)
asran-2015,reports/asran-2015/DST-Group-TR-3564_0.pdf,42,RAN men 2015,Australia,military,Navy,M,2015,bideltoid_breadth,Bideltoid Breadth,mm,501.00,29.00,1090,453.00,500.00,550.00,A,Report code M18; unweighted sample statistics (no weighted statistics in report)
asran-2015,reports/asran-2015/DST-Group-TR-3564_0.pdf,42,RAN women 2015,Australia,military,Navy,F,2015,bideltoid_breadth,Bideltoid Breadth,mm,443.00,27.00,231,403.00,442.00,491.00,A,Report code M18; unweighted sample statistics (no weighted statistics in report)
asran-2015,reports/asran-2015/DST-Group-TR-3564_0.pdf,43,RAN men 2015,Australia,military,Navy,M,2015,chest_breadth,Chest Breadth,mm,325.00,31.00,1090,278.00,323.00,381.00,A,Report code M19; unweighted sample statistics (no weighted statistics in report)
asran-2015,reports/asran-2015/DST-Group-TR-3564_0.pdf,43,RAN women 2015,Australia,military,Navy,F,2015,chest_breadth,Chest Breadth,mm,291.00,26.00,232,254.00,289.00,341.00,A,Report code M19; unweighted sample statistics (no weighted statistics in report)
asran-2015,reports/asran-2015/DST-Group-TR-3564_0.pdf,44,RAN men 2015,Australia,military,Navy,M,2015,chest_depth,Chest Depth,mm,261.00,27.00,1090,219.00,260.00,306.00,A,Report code M20; unweighted sample statistics (no weighted statistics in report)
asran-2015,reports/asran-2015/DST-Group-TR-3564_0.pdf,44,RAN women 2015,Australia,military,Navy,F,2015,chest_depth,Chest Depth,mm,250.00,29.00,232,211.00,246.00,311.00,A,Report code M20; unweighted sample statistics (no weighted statistics in report)
asran-2015,reports/asran-2015/DST-Group-TR-3564_0.pdf,45,RAN men 2015,Australia,military,Navy,M,2015,bicristal_breadth,Bicristale Breadth,mm,291.00,23.00,1088,256.00,289.00,331.00,A,Report code M21; unweighted sample statistics (no weighted statistics in report)
asran-2015,reports/asran-2015/DST-Group-TR-3564_0.pdf,45,RAN women 2015,Australia,military,Navy,F,2015,bicristal_breadth,Bicristale Breadth,mm,278.00,21.00,232,244.00,277.00,315.00,A,Report code M21; unweighted sample statistics (no weighted statistics in report)
asran-2015,reports/asran-2015/DST-Group-TR-3564_0.pdf,46,RAN men 2015,Australia,military,Navy,M,2015,forearm_forearm_breadth,Forearm-Forearm Breadth,mm,564.00,48.00,1090,485.00,564.00,641.00,A,Report code M22; unweighted sample statistics (no weighted statistics in report)
asran-2015,reports/asran-2015/DST-Group-TR-3564_0.pdf,46,RAN women 2015,Australia,military,Navy,F,2015,forearm_forearm_breadth,Forearm-Forearm Breadth,mm,485.00,48.00,232,411.00,480.00,567.00,A,Report code M22; unweighted sample statistics (no weighted statistics in report)
asran-2015,reports/asran-2015/DST-Group-TR-3564_0.pdf,47,RAN men 2015,Australia,military,Navy,M,2015,abdominal_depth_sitting,"Abdominal Extension Depth, Sitting",mm,265.00,39.00,1090,210.00,258.00,339.00,A,Report code M23; unweighted sample statistics (no weighted statistics in report)
asran-2015,reports/asran-2015/DST-Group-TR-3564_0.pdf,47,RAN women 2015,Australia,military,Navy,F,2015,abdominal_depth_sitting,"Abdominal Extension Depth, Sitting",mm,238.00,38.00,232,195.00,231.00,317.00,A,Report code M23; unweighted sample statistics (no weighted statistics in report)
asran-2015,reports/asran-2015/DST-Group-TR-3564_0.pdf,48,RAN men 2015,Australia,military,Navy,M,2015,hip_breadth_sitting,"Hip Breadth, Sitting",mm,382.00,31.00,1089,336.00,380.00,433.00,A,Report code M24; unweighted sample statistics (no weighted statistics in report)
asran-2015,reports/asran-2015/DST-Group-TR-3564_0.pdf,48,RAN women 2015,Australia,military,Navy,F,2015,hip_breadth_sitting,"Hip Breadth, Sitting",mm,407.00,33.00,232,358.00,405.00,460.00,A,Report code M24; unweighted sample statistics (no weighted statistics in report)
asran-2015,reports/asran-2015/DST-Group-TR-3564_0.pdf,49,RAN men 2015,Australia,military,Navy,M,2015,buttock_knee_length,Buttock-Knee Length,mm,620.00,31.00,1090,574.00,618.00,672.00,A,Report code M25; unweighted sample statistics (no weighted statistics in report)
asran-2015,reports/asran-2015/DST-Group-TR-3564_0.pdf,49,RAN women 2015,Australia,military,Navy,F,2015,buttock_knee_length,Buttock-Knee Length,mm,590.00,28.00,232,545.00,588.00,642.00,A,Report code M25; unweighted sample statistics (no weighted statistics in report)
asran-2015,reports/asran-2015/DST-Group-TR-3564_0.pdf,50,RAN men 2015,Australia,military,Navy,M,2015,buttock_popliteal_length,Buttock-Popliteal Length,mm,499.00,27.00,1083,456.00,497.00,544.00,A,Report code M26; unweighted sample statistics (no weighted statistics in report)
asran-2015,reports/asran-2015/DST-Group-TR-3564_0.pdf,50,RAN women 2015,Australia,military,Navy,F,2015,buttock_popliteal_length,Buttock-Popliteal Length,mm,480.00,26.00,231,437.00,479.00,523.00,A,Report code M26; unweighted sample statistics (no weighted statistics in report)
asran-2015,reports/asran-2015/DST-Group-TR-3564_0.pdf,51,RAN men 2015,Australia,military,Navy,M,2015,foot_breadth,"Foot Breadth, Horizontal",mm,101.00,6.00,1090,92.00,101.00,111.00,A,Report code M27; unweighted sample statistics (no weighted statistics in report)
asran-2015,reports/asran-2015/DST-Group-TR-3564_0.pdf,51,RAN women 2015,Australia,military,Navy,F,2015,foot_breadth,"Foot Breadth, Horizontal",mm,93.00,6.00,232,84.00,92.00,103.00,A,Report code M27; unweighted sample statistics (no weighted statistics in report)
asran-2015,reports/asran-2015/DST-Group-TR-3564_0.pdf,52,RAN men 2015,Australia,military,Navy,M,2015,head_circumference,Head Circumference,mm,577.00,15.00,1090,552.00,577.00,601.00,A,Report code M28; unweighted sample statistics (no weighted statistics in report)
asran-2015,reports/asran-2015/DST-Group-TR-3564_0.pdf,52,RAN women 2015,Australia,military,Navy,F,2015,head_circumference,Head Circumference,mm,553.00,15.00,232,531.00,551.00,577.00,A,Report code M28; unweighted sample statistics (no weighted statistics in report)
asran-2015,reports/asran-2015/DST-Group-TR-3564_0.pdf,53,RAN men 2015,Australia,military,Navy,M,2015,neck_circumference_base,"Neck Circumference, Base",mm,440.00,26.00,1090,398.00,439.00,485.00,A,Report code M29; unweighted sample statistics (no weighted statistics in report)
asran-2015,reports/asran-2015/DST-Group-TR-3564_0.pdf,53,RAN women 2015,Australia,military,Navy,F,2015,neck_circumference_base,"Neck Circumference, Base",mm,378.00,20.00,232,347.00,377.00,411.00,A,Report code M29; unweighted sample statistics (no weighted statistics in report)
asran-2015,reports/asran-2015/DST-Group-TR-3564_0.pdf,54,RAN men 2015,Australia,military,Navy,M,2015,shoulder_length,Shoulder Length,mm,151.00,12.00,1090,132.00,150.00,172.00,A,Report code M30; unweighted sample statistics (no weighted statistics in report)
asran-2015,reports/asran-2015/DST-Group-TR-3564_0.pdf,54,RAN women 2015,Australia,military,Navy,F,2015,shoulder_length,Shoulder Length,mm,138.00,11.00,232,122.00,138.00,156.00,A,Report code M30; unweighted sample statistics (no weighted statistics in report)
asran-2015,reports/asran-2015/DST-Group-TR-3564_0.pdf,55,RAN men 2015,Australia,military,Navy,M,2015,biceps_circumference_flexed,"Biceps Circumference, Flexed",mm,358.00,32.00,1090,308.00,356.00,412.00,A,Report code M31; unweighted sample statistics (no weighted statistics in report)
asran-2015,reports/asran-2015/DST-Group-TR-3564_0.pdf,55,RAN women 2015,Australia,military,Navy,F,2015,biceps_circumference_flexed,"Biceps Circumference, Flexed",mm,303.00,29.00,232,261.00,301.00,357.00,A,Report code M31; unweighted sample statistics (no weighted statistics in report)
asran-2015,reports/asran-2015/DST-Group-TR-3564_0.pdf,56,RAN men 2015,Australia,military,Navy,M,2015,forearm_circumference_flexed,"Forearm Circumference, Flexed",mm,307.00,20.00,1089,274.00,306.00,340.00,A,Report code M32; unweighted sample statistics (no weighted statistics in report)
asran-2015,reports/asran-2015/DST-Group-TR-3564_0.pdf,56,RAN women 2015,Australia,military,Navy,F,2015,forearm_circumference_flexed,"Forearm Circumference, Flexed",mm,261.00,19.00,232,233.00,259.00,295.00,A,Report code M32; unweighted sample statistics (no weighted statistics in report)
asran-2015,reports/asran-2015/DST-Group-TR-3564_0.pdf,57,RAN men 2015,Australia,military,Navy,M,2015,chest_circumference,Chest Circumference,mm,1043.00,84.00,1090,912.00,1037.00,1190.00,A,Report code M33; unweighted sample statistics (no weighted statistics in report)
asran-2015,reports/asran-2015/DST-Group-TR-3564_0.pdf,57,RAN women 2015,Australia,military,Navy,F,2015,chest_circumference,Chest Circumference,mm,933.00,85.00,232,818.00,919.00,1100.00,A,Report code M33; unweighted sample statistics (no weighted statistics in report)
asran-2015,reports/asran-2015/DST-Group-TR-3564_0.pdf,58,RAN women 2015,Australia,military,Navy,F,2015,other:chest_circumference_below_breast,Chest Circumference Below Breast,mm,778.00,67.00,232,687.00,770.00,912.00,A,Report code M34; unweighted sample statistics (no weighted statistics in report)
asran-2015,reports/asran-2015/DST-Group-TR-3564_0.pdf,59,RAN men 2015,Australia,military,Navy,M,2015,waist_circumference,Waist Circumference (Omphalion),mm,949.00,114.00,1090,786.00,939.00,1152.00,A,Report code M35; unweighted sample statistics (no weighted statistics in report)
asran-2015,reports/asran-2015/DST-Group-TR-3564_0.pdf,59,RAN women 2015,Australia,military,Navy,F,2015,waist_circumference,Waist Circumference (Omphalion),mm,867.00,111.00,232,721.00,850.00,1086.00,A,Report code M35; unweighted sample statistics (no weighted statistics in report)
asran-2015,reports/asran-2015/DST-Group-TR-3564_0.pdf,60,RAN men 2015,Australia,military,Navy,M,2015,buttock_circumference,Buttock Circumference,mm,1024.00,75.00,1090,912.00,1021.00,1155.00,A,Report code M36; unweighted sample statistics (no weighted statistics in report)
asran-2015,reports/asran-2015/DST-Group-TR-3564_0.pdf,60,RAN women 2015,Australia,military,Navy,F,2015,buttock_circumference,Buttock Circumference,mm,1023.00,79.00,231,914.00,1020.00,1160.00,A,Report code M36; unweighted sample statistics (no weighted statistics in report)
asran-2015,reports/asran-2015/DST-Group-TR-3564_0.pdf,61,RAN men 2015,Australia,military,Navy,M,2015,thumbtip_reach,Thumbtip Reach,mm,806.00,54.00,1084,725.00,801.00,900.00,A,Report code M37; unweighted sample statistics (no weighted statistics in report)
asran-2015,reports/asran-2015/DST-Group-TR-3564_0.pdf,61,RAN women 2015,Australia,military,Navy,F,2015,thumbtip_reach,Thumbtip Reach,mm,730.00,46.00,232,660.00,725.00,805.00,A,Report code M37; unweighted sample statistics (no weighted statistics in report)
asran-2015,reports/asran-2015/DST-Group-TR-3564_0.pdf,62,RAN men 2015,Australia,military,Navy,M,2015,stature,Stature,mm,1792.00,70.00,1088,1683.00,1793.00,1906.00,A,Report code M38; unweighted sample statistics (no weighted statistics in report)
asran-2015,reports/asran-2015/DST-Group-TR-3564_0.pdf,62,RAN women 2015,Australia,military,Navy,F,2015,stature,Stature,mm,1667.00,61.00,232,1568.00,1664.00,1772.00,A,Report code M38; unweighted sample statistics (no weighted statistics in report)
asran-2015,reports/asran-2015/DST-Group-TR-3564_0.pdf,63,RAN men 2015,Australia,military,Navy,M,2015,sitting_height,Sitting Height,mm,939.00,36.00,1088,880.00,939.00,998.00,A,Report code M39; unweighted sample statistics (no weighted statistics in report)
asran-2015,reports/asran-2015/DST-Group-TR-3564_0.pdf,63,RAN women 2015,Australia,military,Navy,F,2015,sitting_height,Sitting Height,mm,883.00,32.00,232,834.00,881.00,938.00,A,Report code M39; unweighted sample statistics (no weighted statistics in report)
asran-2015,reports/asran-2015/DST-Group-TR-3564_0.pdf,64,RAN men 2015,Australia,military,Navy,M,2015,mass,Weight,kg,87.20,13.80,1088,67.10,85.40,112.40,A,Report code M40; unweighted sample statistics (no weighted statistics in report)
asran-2015,reports/asran-2015/DST-Group-TR-3564_0.pdf,64,RAN women 2015,Australia,military,Navy,F,2015,mass,Weight,kg,70.00,11.50,232,55.00,68.50,92.70,A,Report code M40; unweighted sample statistics (no weighted statistics in report)
asran-2015,reports/asran-2015/DST-Group-TR-3564_0.pdf,65,RAN men 2015,Australia,military,Navy,M,2015,head_breadth,Head Breadth,mm,162.00,5.00,1088,154.00,162.00,171.00,A,Report code M41; unweighted sample statistics (no weighted statistics in report)
asran-2015,reports/asran-2015/DST-Group-TR-3564_0.pdf,65,RAN women 2015,Australia,military,Navy,F,2015,head_breadth,Head Breadth,mm,157.00,5.00,232,149.00,156.00,166.00,A,Report code M41; unweighted sample statistics (no weighted statistics in report)
asran-2015,reports/asran-2015/DST-Group-TR-3564_0.pdf,66,RAN men 2015,Australia,military,Navy,M,2015,head_length,Head Length,mm,201.00,7.00,1089,189.00,201.00,213.00,A,Report code M42; unweighted sample statistics (no weighted statistics in report)
asran-2015,reports/asran-2015/DST-Group-TR-3564_0.pdf,66,RAN women 2015,Australia,military,Navy,F,2015,head_length,Head Length,mm,191.00,6.00,232,180.00,191.00,201.00,A,Report code M42; unweighted sample statistics (no weighted statistics in report)
asran-2015,reports/asran-2015/DST-Group-TR-3564_0.pdf,67,RAN men 2015,Australia,military,Navy,M,2015,menton_sellion_length,Menton-Sellion Length,mm,126.00,8.00,1081,113.00,126.00,139.00,A,Report code M43; unweighted sample statistics (no weighted statistics in report)
asran-2015,reports/asran-2015/DST-Group-TR-3564_0.pdf,67,RAN women 2015,Australia,military,Navy,F,2015,menton_sellion_length,Menton-Sellion Length,mm,115.00,7.00,232,104.00,115.00,126.00,A,Report code M43; unweighted sample statistics (no weighted statistics in report)
asran-2015,reports/asran-2015/DST-Group-TR-3564_0.pdf,68,RAN men 2015,Australia,military,Navy,M,2015,other:bitragion_submandibular_arc,Bitragion Submandibular Arc,mm,316.00,19.00,1074,286.00,315.00,349.00,A,Report code M44; unweighted sample statistics (no weighted statistics in report)
asran-2015,reports/asran-2015/DST-Group-TR-3564_0.pdf,68,RAN women 2015,Australia,military,Navy,F,2015,other:bitragion_submandibular_arc,Bitragion Submandibular Arc,mm,275.00,16.00,232,249.00,274.00,302.00,A,Report code M44; unweighted sample statistics (no weighted statistics in report)
asran-2015,reports/asran-2015/DST-Group-TR-3564_0.pdf,69,RAN men 2015,Australia,military,Navy,M,2015,neck_circumference,Neck Circumference,mm,407.00,27.00,1085,366.00,406.00,453.00,A,Report code M45; unweighted sample statistics (no weighted statistics in report)
asran-2015,reports/asran-2015/DST-Group-TR-3564_0.pdf,69,RAN women 2015,Australia,military,Navy,F,2015,neck_circumference,Neck Circumference,mm,340.00,26.00,231,307.00,336.00,384.00,A,Report code M45; unweighted sample statistics (no weighted statistics in report)
asran-2015,reports/asran-2015/DST-Group-TR-3564_0.pdf,70,RAN men 2015,Australia,military,Navy,M,2015,other:nape_bustpoint_thelion_length,Nape – Bustpoint/Thelion Length,mm,381.00,24.00,1088,343.00,380.00,421.00,A,Report code M46; unweighted sample statistics (no weighted statistics in report)
asran-2015,reports/asran-2015/DST-Group-TR-3564_0.pdf,70,RAN women 2015,Australia,military,Navy,F,2015,other:nape_bustpoint_thelion_length,Nape – Bustpoint/Thelion Length,mm,366.00,27.00,232,330.00,363.00,418.00,A,Report code M46; unweighted sample statistics (no weighted statistics in report)
asran-2015,reports/asran-2015/DST-Group-TR-3564_0.pdf,71,RAN men 2015,Australia,military,Navy,M,2015,other:nape_waist_over_bust,Nape – Waist Over Bust,mm,649.00,38.00,1088,590.00,649.00,713.00,A,Report code M47; unweighted sample statistics (no weighted statistics in report)
asran-2015,reports/asran-2015/DST-Group-TR-3564_0.pdf,71,RAN women 2015,Australia,military,Navy,F,2015,other:nape_waist_over_bust,Nape – Waist Over Bust,mm,597.00,37.00,232,525.00,600.00,650.00,A,Report code M47; unweighted sample statistics (no weighted statistics in report)
asran-2015,reports/asran-2015/DST-Group-TR-3564_0.pdf,72,RAN men 2015,Australia,military,Navy,M,2015,biacromial_breadth,Biacromial Breadth,mm,409.00,19.00,1088,377.00,409.00,441.00,A,Report code M48; unweighted sample statistics (no weighted statistics in report)
asran-2015,reports/asran-2015/DST-Group-TR-3564_0.pdf,72,RAN women 2015,Australia,military,Navy,F,2015,biacromial_breadth,Biacromial Breadth,mm,364.00,19.00,232,333.00,363.00,394.00,A,Report code M48; unweighted sample statistics (no weighted statistics in report)
asran-2015,reports/asran-2015/DST-Group-TR-3564_0.pdf,73,RAN men 2015,Australia,military,Navy,M,2015,other:scye_depth,Scye Depth,mm,217.00,18.00,1088,187.00,217.00,247.00,A,Report code M49; unweighted sample statistics (no weighted statistics in report)
asran-2015,reports/asran-2015/DST-Group-TR-3564_0.pdf,73,RAN women 2015,Australia,military,Navy,F,2015,other:scye_depth,Scye Depth,mm,189.00,16.00,232,166.00,190.00,214.00,A,Report code M49; unweighted sample statistics (no weighted statistics in report)
asran-2015,reports/asran-2015/DST-Group-TR-3564_0.pdf,74,RAN men 2015,Australia,military,Navy,M,2015,other:back_width,Back Width,mm,369.00,26.00,1088,328.00,370.00,413.00,A,Report code M50; unweighted sample statistics (no weighted statistics in report)
asran-2015,reports/asran-2015/DST-Group-TR-3564_0.pdf,74,RAN women 2015,Australia,military,Navy,F,2015,other:back_width,Back Width,mm,323.00,22.00,232,287.00,324.00,359.00,A,Report code M50; unweighted sample statistics (no weighted statistics in report)
asran-2015,reports/asran-2015/DST-Group-TR-3564_0.pdf,75,RAN men 2015,Australia,military,Navy,M,2015,other:back_length,Back Length,mm,479.00,27.00,1088,435.00,478.00,524.00,A,Report code M51; unweighted sample statistics (no weighted statistics in report)
asran-2015,reports/asran-2015/DST-Group-TR-3564_0.pdf,75,RAN women 2015,Australia,military,Navy,F,2015,other:back_length,Back Length,mm,451.00,24.00,232,412.00,451.00,492.00,A,Report code M51; unweighted sample statistics (no weighted statistics in report)
asran-2015,reports/asran-2015/DST-Group-TR-3564_0.pdf,76,RAN men 2015,Australia,military,Navy,M,2015,other:nape_waist_centre_back,Nape – Waist Centre Back,mm,534.00,34.00,1088,478.00,532.00,592.00,A,Report code M52; unweighted sample statistics (no weighted statistics in report)
asran-2015,reports/asran-2015/DST-Group-TR-3564_0.pdf,76,RAN women 2015,Australia,military,Navy,F,2015,other:nape_waist_centre_back,Nape – Waist Centre Back,mm,486.00,35.00,232,425.00,487.00,541.00,A,Report code M52; unweighted sample statistics (no weighted statistics in report)
asran-2015,reports/asran-2015/DST-Group-TR-3564_0.pdf,77,RAN men 2015,Australia,military,Navy,M,2015,other:vertical_trunk_circumference_wide,Vertical Trunk Circumference (Wide),mm,1780.00,84.00,1088,1651.00,1774.00,1924.00,A,Report code M53; unweighted sample statistics (no weighted statistics in report)
asran-2015,reports/asran-2015/DST-Group-TR-3564_0.pdf,77,RAN women 2015,Australia,military,Navy,F,2015,other:vertical_trunk_circumference_wide,Vertical Trunk Circumference (Wide),mm,1617.00,76.00,232,1509.00,1606.00,1760.00,A,Report code M53; unweighted sample statistics (no weighted statistics in report)
asran-2015,reports/asran-2015/DST-Group-TR-3564_0.pdf,78,RAN men 2015,Australia,military,Navy,M,2015,other:crotch_length_omphalion,Crotch Length (Omphalion),mm,781.00,47.00,1087,702.00,781.00,862.00,A,Report code M54; unweighted sample statistics (no weighted statistics in report)
asran-2015,reports/asran-2015/DST-Group-TR-3564_0.pdf,78,RAN women 2015,Australia,military,Navy,F,2015,other:crotch_length_omphalion,Crotch Length (Omphalion),mm,655.00,44.00,232,587.00,653.00,730.00,A,Report code M54; unweighted sample statistics (no weighted statistics in report)
asran-2015,reports/asran-2015/DST-Group-TR-3564_0.pdf,79,RAN men 2015,Australia,military,Navy,M,2015,other:waist_circumference_preferred,Waist Circumference Preferred,mm,974.00,109.00,1088,817.00,963.00,1176.00,A,Report code M55; unweighted sample statistics (no weighted statistics in report)
asran-2015,reports/asran-2015/DST-Group-TR-3564_0.pdf,79,RAN women 2015,Australia,military,Navy,F,2015,other:waist_circumference_preferred,Waist Circumference Preferred,mm,921.00,102.00,232,766.00,910.00,1103.00,A,Report code M55; unweighted sample statistics (no weighted statistics in report)
asran-2015,reports/asran-2015/DST-Group-TR-3564_0.pdf,80,RAN men 2015,Australia,military,Navy,M,2015,other:maximum_hip_circumference,Maximum Hip Circumference,mm,1050.00,75.00,1088,938.00,1045.00,1182.00,A,Report code M56; unweighted sample statistics (no weighted statistics in report)
asran-2015,reports/asran-2015/DST-Group-TR-3564_0.pdf,80,RAN women 2015,Australia,military,Navy,F,2015,other:maximum_hip_circumference,Maximum Hip Circumference,mm,1054.00,77.00,232,943.00,1047.00,1182.00,A,Report code M56; unweighted sample statistics (no weighted statistics in report)
asran-2015,reports/asran-2015/DST-Group-TR-3564_0.pdf,81,RAN men 2015,Australia,military,Navy,M,2015,other:waist_hip_distance,Waist-Hip Distance,mm,115.00,43.00,1086,40.00,117.00,180.00,A,Report code M57; unweighted sample statistics (no weighted statistics in report)
asran-2015,reports/asran-2015/DST-Group-TR-3564_0.pdf,81,RAN women 2015,Australia,military,Navy,F,2015,other:waist_hip_distance,Waist-Hip Distance,mm,132.00,39.00,232,74.00,132.00,192.00,A,Report code M57; unweighted sample statistics (no weighted statistics in report)
asran-2015,reports/asran-2015/DST-Group-TR-3564_0.pdf,82,RAN women 2015,Australia,military,Navy,F,2015,other:high_hip,High Hip,mm,1022.00,86.00,230,898.00,1018.00,1175.00,A,Report code M58; unweighted sample statistics (no weighted statistics in report)
asran-2015,reports/asran-2015/DST-Group-TR-3564_0.pdf,83,RAN men 2015,Australia,military,Navy,M,2015,other:hip,Hip,mm,1044.00,75.00,1086,932.00,1038.00,1176.00,A,Report code M59; unweighted sample statistics (no weighted statistics in report)
asran-2015,reports/asran-2015/DST-Group-TR-3564_0.pdf,83,RAN women 2015,Australia,military,Navy,F,2015,other:hip,Hip,mm,1050.00,79.00,223,935.00,1045.00,1183.00,A,Report code M59; unweighted sample statistics (no weighted statistics in report)
asran-2015,reports/asran-2015/DST-Group-TR-3564_0.pdf,84,RAN men 2015,Australia,military,Navy,M,2015,acromion_radiale_length,Acromion-Radiale Length,mm,336.00,19.00,1088,306.00,336.00,368.00,A,Report code M60; unweighted sample statistics (no weighted statistics in report)
asran-2015,reports/asran-2015/DST-Group-TR-3564_0.pdf,84,RAN women 2015,Australia,military,Navy,F,2015,acromion_radiale_length,Acromion-Radiale Length,mm,309.00,17.00,232,284.00,308.00,339.00,A,Report code M60; unweighted sample statistics (no weighted statistics in report)
asran-2015,reports/asran-2015/DST-Group-TR-3564_0.pdf,85,RAN men 2015,Australia,military,Navy,M,2015,radiale_stylion_length,Radiale-Stylion Length,mm,269.00,15.00,1088,245.00,268.00,293.00,A,Report code M61; unweighted sample statistics (no weighted statistics in report)
asran-2015,reports/asran-2015/DST-Group-TR-3564_0.pdf,85,RAN women 2015,Australia,military,Navy,F,2015,radiale_stylion_length,Radiale-Stylion Length,mm,246.00,14.00,232,226.00,245.00,269.00,A,Report code M61; unweighted sample statistics (no weighted statistics in report)
asran-2015,reports/asran-2015/DST-Group-TR-3564_0.pdf,86,RAN men 2015,Australia,military,Navy,M,2015,sleeve_outseam,Sleeve Outseam,mm,612.00,31.00,1088,562.00,610.00,663.00,A,Report code M62; unweighted sample statistics (no weighted statistics in report)
asran-2015,reports/asran-2015/DST-Group-TR-3564_0.pdf,86,RAN women 2015,Australia,military,Navy,F,2015,sleeve_outseam,Sleeve Outseam,mm,561.00,28.00,232,519.00,560.00,610.00,A,Report code M62; unweighted sample statistics (no weighted statistics in report)
asran-2015,reports/asran-2015/DST-Group-TR-3564_0.pdf,87,RAN men 2015,Australia,military,Navy,M,2015,wrist_circumference,Wrist Circumference,mm,184.00,11.00,1088,167.00,183.00,204.00,A,Report code M63; unweighted sample statistics (no weighted statistics in report)
asran-2015,reports/asran-2015/DST-Group-TR-3564_0.pdf,87,RAN women 2015,Australia,military,Navy,F,2015,wrist_circumference,Wrist Circumference,mm,163.00,10.00,232,147.00,162.00,179.00,A,Report code M63; unweighted sample statistics (no weighted statistics in report)
asran-2015,reports/asran-2015/DST-Group-TR-3564_0.pdf,88,RAN men 2015,Australia,military,Navy,M,2015,hand_circumference,Hand Circumference,mm,212.00,11.00,1086,194.00,212.00,232.00,A,Report code M64; unweighted sample statistics (no weighted statistics in report)
asran-2015,reports/asran-2015/DST-Group-TR-3564_0.pdf,88,RAN women 2015,Australia,military,Navy,F,2015,hand_circumference,Hand Circumference,mm,186.00,10.00,231,171.00,186.00,201.00,A,Report code M64; unweighted sample statistics (no weighted statistics in report)
asran-2015,reports/asran-2015/DST-Group-TR-3564_0.pdf,89,RAN men 2015,Australia,military,Navy,M,2015,hand_breadth,Hand Breadth,mm,89.00,5.00,1087,82.00,89.00,96.00,A,Report code M65; unweighted sample statistics (no weighted statistics in report)
asran-2015,reports/asran-2015/DST-Group-TR-3564_0.pdf,89,RAN women 2015,Australia,military,Navy,F,2015,hand_breadth,Hand Breadth,mm,79.00,4.00,232,73.00,78.00,85.00,A,Report code M65; unweighted sample statistics (no weighted statistics in report)
asran-2015,reports/asran-2015/DST-Group-TR-3564_0.pdf,90,RAN men 2015,Australia,military,Navy,M,2015,hand_length,Hand Length,mm,192.00,10.00,1088,175.00,192.00,208.00,A,Report code M66; unweighted sample statistics (no weighted statistics in report)
asran-2015,reports/asran-2015/DST-Group-TR-3564_0.pdf,90,RAN women 2015,Australia,military,Navy,F,2015,hand_length,Hand Length,mm,172.00,11.00,232,154.00,172.00,191.00,A,Report code M66; unweighted sample statistics (no weighted statistics in report)
asran-2015,reports/asran-2015/DST-Group-TR-3564_0.pdf,91,RAN men 2015,Australia,military,Navy,M,2015,thigh_circumference,Thigh Circumference,mm,620.00,50.00,948,539.00,617.00,709.00,A,Report code M67; unweighted sample statistics (no weighted statistics in report)
asran-2015,reports/asran-2015/DST-Group-TR-3564_0.pdf,91,RAN women 2015,Australia,military,Navy,F,2015,thigh_circumference,Thigh Circumference,mm,619.00,47.00,184,553.00,614.00,698.00,A,Report code M67; unweighted sample statistics (no weighted statistics in report)
asran-2015,reports/asran-2015/DST-Group-TR-3564_0.pdf,92,RAN men 2015,Australia,military,Navy,M,2015,other:knee_circumference,Knee Circumference,mm,402.00,26.00,1084,363.00,400.00,448.00,A,Report code M68; unweighted sample statistics (no weighted statistics in report)
asran-2015,reports/asran-2015/DST-Group-TR-3564_0.pdf,92,RAN women 2015,Australia,military,Navy,F,2015,other:knee_circumference,Knee Circumference,mm,387.00,27.00,230,346.00,386.00,430.00,A,Report code M68; unweighted sample statistics (no weighted statistics in report)
asran-2015,reports/asran-2015/DST-Group-TR-3564_0.pdf,93,RAN men 2015,Australia,military,Navy,M,2015,calf_circumference,Calf Circumference,mm,396.00,29.00,1088,352.00,395.00,447.00,A,Report code M69; unweighted sample statistics (no weighted statistics in report)
asran-2015,reports/asran-2015/DST-Group-TR-3564_0.pdf,93,RAN women 2015,Australia,military,Navy,F,2015,calf_circumference,Calf Circumference,mm,382.00,30.00,232,337.00,381.00,432.00,A,Report code M69; unweighted sample statistics (no weighted statistics in report)
asran-2015,reports/asran-2015/DST-Group-TR-3564_0.pdf,94,RAN men 2015,Australia,military,Navy,M,2015,ankle_circumference,Ankle Circumference,mm,232.00,16.00,1088,208.00,231.00,258.00,A,Report code M70; unweighted sample statistics (no weighted statistics in report)
asran-2015,reports/asran-2015/DST-Group-TR-3564_0.pdf,94,RAN women 2015,Australia,military,Navy,F,2015,ankle_circumference,Ankle Circumference,mm,224.00,16.00,232,199.00,223.00,249.00,A,Report code M70; unweighted sample statistics (no weighted statistics in report)
asran-2015,reports/asran-2015/DST-Group-TR-3564_0.pdf,95,RAN men 2015,Australia,military,Navy,M,2015,foot_length,Foot Length,mm,271.00,13.00,1087,252.00,271.00,294.00,A,Report code M71; unweighted sample statistics (no weighted statistics in report)
asran-2015,reports/asran-2015/DST-Group-TR-3564_0.pdf,95,RAN women 2015,Australia,military,Navy,F,2015,foot_length,Foot Length,mm,246.00,12.00,232,226.00,245.00,267.00,A,Report code M71; unweighted sample statistics (no weighted statistics in report)
asran-2015,reports/asran-2015/DST-Group-TR-3564_0.pdf,96,RAN men 2015,Australia,military,Navy,M,2015,other:ball_of_foot_length,Ball of Foot Length,mm,200.00,10.00,1085,183.00,199.00,217.00,A,Report code M72; unweighted sample statistics (no weighted statistics in report)
asran-2015,reports/asran-2015/DST-Group-TR-3564_0.pdf,96,RAN women 2015,Australia,military,Navy,F,2015,other:ball_of_foot_length,Ball of Foot Length,mm,181.00,10.00,232,165.00,181.00,199.00,A,Report code M72; unweighted sample statistics (no weighted statistics in report)
asran-2015,reports/asran-2015/DST-Group-TR-3564_0.pdf,97,RAN men 2015,Australia,military,Navy,M,2015,other:seat_angle,Seat Angle,degrees,21.00,4.00,1088,14.00,21.00,28.00,A,"Report code M73; unweighted sample statistics (no weighted statistics in report); angle in degrees, not converted"
asran-2015,reports/asran-2015/DST-Group-TR-3564_0.pdf,97,RAN women 2015,Australia,military,Navy,F,2015,other:seat_angle,Seat Angle,degrees,22.00,4.00,232,15.00,22.00,28.00,A,"Report code M73; unweighted sample statistics (no weighted statistics in report); angle in degrees, not converted"
asran-2015,reports/asran-2015/DST-Group-TR-3564_0.pdf,98,RAN men 2015,Australia,military,Navy,M,2015,other:outside_leg_length,Outside Leg Length,mm,983.00,53.00,1086,897.00,984.00,1065.00,A,Report code M74; unweighted sample statistics (no weighted statistics in report)
asran-2015,reports/asran-2015/DST-Group-TR-3564_0.pdf,98,RAN women 2015,Australia,military,Navy,F,2015,other:outside_leg_length,Outside Leg Length,mm,943.00,52.00,232,863.00,938.00,1027.00,A,Report code M74; unweighted sample statistics (no weighted statistics in report)
asran-2015,reports/asran-2015/DST-Group-TR-3564_0.pdf,99,RAN men 2015,Australia,military,Navy,M,2015,other:chest_level,Chest Level,mm,1294.00,58.00,1088,1200.00,1294.00,1391.00,A,Report code M75; unweighted sample statistics (no weighted statistics in report)
asran-2015,reports/asran-2015/DST-Group-TR-3564_0.pdf,100,RAN women 2015,Australia,military,Navy,F,2015,other:bust_level,Bust Level,mm,1196.00,52.00,232,1112.00,1196.00,1282.00,A,Report code M76; unweighted sample statistics (no weighted statistics in report)
asran-2015,reports/asran-2015/DST-Group-TR-3564_0.pdf,101,RAN men 2015,Australia,military,Navy,M,2015,other:waist_level_centre_front,Waist Level Centre Front,mm,982.00,52.00,1088,897.00,982.00,1064.00,A,Report code M77; unweighted sample statistics (no weighted statistics in report)
asran-2015,reports/asran-2015/DST-Group-TR-3564_0.pdf,101,RAN women 2015,Australia,military,Navy,F,2015,other:waist_level_centre_front,Waist Level Centre Front,mm,940.00,52.00,232,862.00,935.00,1024.00,A,Report code M77; unweighted sample statistics (no weighted statistics in report)
asran-2015,reports/asran-2015/DST-Group-TR-3564_0.pdf,102,RAN women 2015,Australia,military,Navy,F,2015,other:hip_level_female,Hip Level (female),mm,812.00,43.00,232,749.00,812.00,888.00,A,Report code M78; unweighted sample statistics (no weighted statistics in report)
asran-2015,reports/asran-2015/DST-Group-TR-3564_0.pdf,103,RAN men 2015,Australia,military,Navy,M,2015,other:waist_level_centre_back,Waist Level Centre Back,mm,1034.00,50.00,1088,956.00,1034.00,1116.00,A,Report code M79; unweighted sample statistics (no weighted statistics in report)
asran-2015,reports/asran-2015/DST-Group-TR-3564_0.pdf,103,RAN women 2015,Australia,military,Navy,F,2015,other:waist_level_centre_back,Waist Level Centre Back,mm,981.00,47.00,232,909.00,981.00,1061.00,A,Report code M79; unweighted sample statistics (no weighted statistics in report)
asran-2015,reports/asran-2015/DST-Group-TR-3564_0.pdf,104,RAN men 2015,Australia,military,Navy,M,2015,other:seat_level,Seat Level,mm,912.00,47.00,1088,839.00,913.00,991.00,A,Report code M80; unweighted sample statistics (no weighted statistics in report)
asran-2015,reports/asran-2015/DST-Group-TR-3564_0.pdf,104,RAN women 2015,Australia,military,Navy,F,2015,other:seat_level,Seat Level,mm,846.00,41.00,232,782.00,845.00,920.00,A,Report code M80; unweighted sample statistics (no weighted statistics in report)
asran-2015,reports/asran-2015/DST-Group-TR-3564_0.pdf,105,RAN men 2015,Australia,military,Navy,M,2015,trochanterion_height,Trochanteric Height,mm,935.00,49.00,1082,854.00,934.00,1015.00,A,Report code M81; unweighted sample statistics (no weighted statistics in report)
asran-2015,reports/asran-2015/DST-Group-TR-3564_0.pdf,105,RAN women 2015,Australia,military,Navy,F,2015,trochanterion_height,Trochanteric Height,mm,871.00,40.00,232,811.00,870.00,943.00,A,Report code M81; unweighted sample statistics (no weighted statistics in report)
asran-2015,reports/asran-2015/DST-Group-TR-3564_0.pdf,106,RAN men 2015,Australia,military,Navy,M,2015,other:hip_level_male,Hip Level (male),mm,868.00,56.00,1088,779.00,871.00,956.00,A,Report code M82; unweighted sample statistics (no weighted statistics in report)
asran-2015,reports/asran-2015/DST-Group-TR-3564_0.pdf,107,RAN men 2015,Australia,military,Navy,M,2015,other:knee_level,Knee Level,mm,506.00,28.00,1088,462.00,504.00,554.00,A,Report code M83; unweighted sample statistics (no weighted statistics in report)
asran-2015,reports/asran-2015/DST-Group-TR-3564_0.pdf,107,RAN women 2015,Australia,military,Navy,F,2015,other:knee_level,Knee Level,mm,464.00,25.00,232,424.00,462.00,510.00,A,Report code M83; unweighted sample statistics (no weighted statistics in report)
asran-2015,reports/asran-2015/DST-Group-TR-3564_0.pdf,108,RAN men 2015,Australia,military,Navy,M,2015,other:ankle_height,Ankle Height,mm,75.00,8.00,1088,63.00,75.00,89.00,A,Report code M84; unweighted sample statistics (no weighted statistics in report)
asran-2015,reports/asran-2015/DST-Group-TR-3564_0.pdf,108,RAN women 2015,Australia,military,Navy,F,2015,other:ankle_height,Ankle Height,mm,68.00,7.00,232,56.00,68.00,79.00,A,Report code M84; unweighted sample statistics (no weighted statistics in report)
asran-2015,reports/asran-2015/DST-Group-TR-3564_0.pdf,109,RAN men 2015,Australia,military,Navy,M,2015,other:torso_length,Torso Length,mm,384.00,24.00,1088,346.00,383.00,426.00,A,Report code M85; unweighted sample statistics (no weighted statistics in report)
asran-2015,reports/asran-2015/DST-Group-TR-3564_0.pdf,109,RAN women 2015,Australia,military,Navy,F,2015,other:torso_length,Torso Length,mm,357.00,22.00,232,321.00,356.00,392.00,A,Report code M85; unweighted sample statistics (no weighted statistics in report)
asran-2015,reports/asran-2015/DST-Group-TR-3564_0.pdf,110,RAN men 2015,Australia,military,Navy,M,2015,other:hand_depth,Hand Depth,mm,54.00,4.00,1090,47.00,54.00,61.00,A,Report code M86; unweighted sample statistics (no weighted statistics in report)
asran-2015,reports/asran-2015/DST-Group-TR-3564_0.pdf,110,RAN women 2015,Australia,military,Navy,F,2015,other:hand_depth,Hand Depth,mm,46.00,4.00,232,40.00,46.00,51.00,A,Report code M86; unweighted sample statistics (no weighted statistics in report)
asran-2015,reports/asran-2015/DST-Group-TR-3564_0.pdf,111,RAN men 2015,Australia,military,Navy,M,2015,other:wrist_centre_thumbtip_distance,Wrist-Centre Thumbtip Distance,mm,116.00,8.00,1090,103.00,116.00,131.00,A,Report code M87; unweighted sample statistics (no weighted statistics in report)
asran-2015,reports/asran-2015/DST-Group-TR-3564_0.pdf,111,RAN women 2015,Australia,military,Navy,F,2015,other:wrist_centre_thumbtip_distance,Wrist-Centre Thumbtip Distance,mm,105.00,8.00,231,92.00,104.00,117.00,A,Report code M87; unweighted sample statistics (no weighted statistics in report)
asran-2015,reports/asran-2015/DST-Group-TR-3564_0.pdf,112,RAN men 2015,Australia,military,Navy,M,2015,other:wrist_centre_grip_distance,Wrist-Centre Grip Distance,mm,79.00,7.00,1090,68.00,79.00,90.00,A,Report code M88; unweighted sample statistics (no weighted statistics in report)
asran-2015,reports/asran-2015/DST-Group-TR-3564_0.pdf,112,RAN women 2015,Australia,military,Navy,F,2015,other:wrist_centre_grip_distance,Wrist-Centre Grip Distance,mm,72.00,7.00,231,60.00,72.00,83.00,A,Report code M88; unweighted sample statistics (no weighted statistics in report)
asran-2015,reports/asran-2015/DST-Group-TR-3564_0.pdf,113,RAN men 2015,Australia,military,Navy,M,2015,ear_length,Ear Length,mm,66.00,5.00,1090,59.00,66.00,73.00,A,Report code M89; unweighted sample statistics (no weighted statistics in report)
asran-2015,reports/asran-2015/DST-Group-TR-3564_0.pdf,113,RAN women 2015,Australia,military,Navy,F,2015,ear_length,Ear Length,mm,60.00,4.00,231,53.00,60.00,67.00,A,Report code M89; unweighted sample statistics (no weighted statistics in report)
asran-2015,reports/asran-2015/DST-Group-TR-3564_0.pdf,114,RAN men 2015,Australia,military,Navy,M,2015,other:overhead_fingertip_reach,Overhead Fingertip Reach,mm,2270.00,99.00,1083,2115.00,2265.00,2435.00,A,Report code M90; unweighted sample statistics (no weighted statistics in report)
asran-2015,reports/asran-2015/DST-Group-TR-3564_0.pdf,114,RAN women 2015,Australia,military,Navy,F,2015,other:overhead_fingertip_reach,Overhead Fingertip Reach,mm,2105.00,89.00,232,1971.00,2105.00,2268.00,A,Report code M90; unweighted sample statistics (no weighted statistics in report)
asran-2015,reports/asran-2015/DST-Group-TR-3564_0.pdf,115,RAN men 2015,Australia,military,Navy,M,2015,other:index_finger_breadth_distal,Index Finger Breadth Distal,mm,17.00,2.00,1088,15.00,17.00,20.00,A,Report code M91; unweighted sample statistics (no weighted statistics in report)
asran-2015,reports/asran-2015/DST-Group-TR-3564_0.pdf,115,RAN women 2015,Australia,military,Navy,F,2015,other:index_finger_breadth_distal,Index Finger Breadth Distal,mm,15.00,1.00,232,13.00,15.00,17.00,A,Report code M91; unweighted sample statistics (no weighted statistics in report)
awas,reports/awas/DSTO-TR-3006.pdf,27,AWAS Army men,Australia,military,Army,M,,cervicale_height,Cervicale Height,mm,1531.00,63.80,1861,1428.00,1532.00,1640.00,A,Report code M01; unweighted sample statistics
awas,reports/awas/DSTO-TR-3006.pdf,27,AWAS Army women,Australia,military,Army,F,,cervicale_height,Cervicale Height,mm,1418.00,57.70,277,1327.00,1418.00,1512.00,A,Report code M01; unweighted sample statistics
awas,reports/awas/DSTO-TR-3006.pdf,28,AWAS Army men,Australia,military,Army,M,,other:t2_height,T2 Height,mm,1487.00,64.30,1860,1382.00,1489.00,1595.00,A,Report code M02; unweighted sample statistics
awas,reports/awas/DSTO-TR-3006.pdf,28,AWAS Army women,Australia,military,Army,F,,other:t2_height,T2 Height,mm,1377.00,58.20,277,1281.00,1377.00,1470.00,A,Report code M02; unweighted sample statistics
awas,reports/awas/DSTO-TR-3006.pdf,29,AWAS Army men,Australia,military,Army,M,,acromion_height,Acromion Height,mm,1452.00,61.70,1861,1352.00,1455.00,1552.00,A,Report code M03; unweighted sample statistics
awas,reports/awas/DSTO-TR-3006.pdf,29,AWAS Army women,Australia,military,Army,F,,acromion_height,Acromion Height,mm,1349.00,56.40,277,1256.00,1347.00,1441.00,A,Report code M03; unweighted sample statistics
awas,reports/awas/DSTO-TR-3006.pdf,30,AWAS Army men,Australia,military,Army,M,,suprasternale_height,Suprasternale Height,mm,1444.00,59.50,1861,1346.00,1445.00,1544.00,A,Report code M04; unweighted sample statistics
awas,reports/awas/DSTO-TR-3006.pdf,30,AWAS Army women,Australia,military,Army,F,,suprasternale_height,Suprasternale Height,mm,1341.00,54.30,277,1255.00,1337.00,1432.00,A,Report code M04; unweighted sample statistics
awas,reports/awas/DSTO-TR-3006.pdf,31,AWAS Army men,Australia,military,Army,M,,other:substernale_height,Substernale Height,mm,1277.00,54.70,1861,1189.00,1276.00,1365.00,A,Report code M05; unweighted sample statistics
awas,reports/awas/DSTO-TR-3006.pdf,31,AWAS Army women,Australia,military,Army,F,,other:substernale_height,Substernale Height,mm,1162.00,53.10,277,1075.00,1160.00,1254.00,A,Report code M05; unweighted sample statistics
awas,reports/awas/DSTO-TR-3006.pdf,32,AWAS Army men,Australia,military,Army,M,,other:tenth_rib_height,Tenth Rib Height,mm,1144.00,51.70,1860,1058.00,1145.00,1232.00,A,Report code M06; unweighted sample statistics
awas,reports/awas/DSTO-TR-3006.pdf,32,AWAS Army women,Australia,military,Army,F,,other:tenth_rib_height,Tenth Rib Height,mm,1056.00,47.60,277,979.00,1055.00,1133.00,A,Report code M06; unweighted sample statistics
awas,reports/awas/DSTO-TR-3006.pdf,33,AWAS Army men,Australia,military,Army,M,,iliocristale_height,Iliocristale Height,mm,1082.00,52.50,1861,998.00,1083.00,1168.00,A,Report code M07; unweighted sample statistics
awas,reports/awas/DSTO-TR-3006.pdf,33,AWAS Army women,Australia,military,Army,F,,iliocristale_height,Iliocristale Height,mm,1009.00,47.90,277,932.00,1006.00,1087.00,A,Report code M07; unweighted sample statistics
awas,reports/awas/DSTO-TR-3006.pdf,34,AWAS Army men,Australia,military,Army,M,,crotch_height,Crotch Height,mm,856.00,46.30,1861,778.00,855.00,934.00,A,Report code M08; unweighted sample statistics
awas,reports/awas/DSTO-TR-3006.pdf,34,AWAS Army women,Australia,military,Army,F,,crotch_height,Crotch Height,mm,791.00,40.90,277,713.00,790.00,861.00,A,Report code M08; unweighted sample statistics
awas,reports/awas/DSTO-TR-3006.pdf,35,AWAS Army men,Australia,military,Army,M,,eye_height_sitting,Eye Height Sitting,mm,806.00,34.80,1861,750.00,806.00,864.00,A,Report code M09; unweighted sample statistics
awas,reports/awas/DSTO-TR-3006.pdf,35,AWAS Army women,Australia,military,Army,F,,eye_height_sitting,Eye Height Sitting,mm,758.00,31.20,277,706.00,757.00,808.00,A,Report code M09; unweighted sample statistics
awas,reports/awas/DSTO-TR-3006.pdf,36,AWAS Army men,Australia,military,Army,M,,acromion_height_sitting,Acromion Height Sitting,mm,599.00,30.20,1858,550.00,598.00,649.00,A,Report code M10; unweighted sample statistics
awas,reports/awas/DSTO-TR-3006.pdf,36,AWAS Army women,Australia,military,Army,F,,acromion_height_sitting,Acromion Height Sitting,mm,571.00,27.80,277,526.00,569.00,613.00,A,Report code M10; unweighted sample statistics
awas,reports/awas/DSTO-TR-3006.pdf,37,AWAS Army men,Australia,military,Army,M,,elbow_rest_height,Elbow Rest Height,mm,232.00,26.30,1861,190.00,232.00,275.00,A,Report code M11; unweighted sample statistics
awas,reports/awas/DSTO-TR-3006.pdf,37,AWAS Army women,Australia,military,Army,F,,elbow_rest_height,Elbow Rest Height,mm,234.00,24.30,277,188.00,233.00,276.00,A,Report code M11; unweighted sample statistics
awas,reports/awas/DSTO-TR-3006.pdf,38,AWAS Army men,Australia,military,Army,M,,thigh_clearance,Thigh Clearance,mm,176.00,14.50,1861,153.00,176.00,201.00,A,Report code M12; unweighted sample statistics
awas,reports/awas/DSTO-TR-3006.pdf,38,AWAS Army women,Australia,military,Army,F,,thigh_clearance,Thigh Clearance,mm,160.00,14.40,277,137.00,159.00,184.00,A,Report code M12; unweighted sample statistics
awas,reports/awas/DSTO-TR-3006.pdf,39,AWAS Army men,Australia,military,Army,M,,knee_height_sitting,Knee Height Sitting,mm,555.00,27.90,1861,509.00,555.00,601.00,A,Report code M13; unweighted sample statistics
awas,reports/awas/DSTO-TR-3006.pdf,39,AWAS Army women,Australia,military,Army,F,,knee_height_sitting,Knee Height Sitting,mm,511.00,25.00,277,474.00,510.00,556.00,A,Report code M13; unweighted sample statistics
awas,reports/awas/DSTO-TR-3006.pdf,40,AWAS Army men,Australia,military,Army,M,,popliteal_height,Popliteal Height,mm,445.00,25.30,1861,404.00,444.00,486.00,A,Report code M14; unweighted sample statistics
awas,reports/awas/DSTO-TR-3006.pdf,40,AWAS Army women,Australia,military,Army,F,,popliteal_height,Popliteal Height,mm,411.00,24.60,277,367.00,410.00,450.00,A,Report code M14; unweighted sample statistics
awas,reports/awas/DSTO-TR-3006.pdf,41,AWAS Army men,Australia,military,Army,M,,interpupillary_breadth,Interpupillary Breadth,mm,65.00,4.10,1861,59.00,65.00,73.00,A,Report code M15; unweighted sample statistics
awas,reports/awas/DSTO-TR-3006.pdf,41,AWAS Army women,Australia,military,Army,F,,interpupillary_breadth,Interpupillary Breadth,mm,63.00,4.80,277,56.00,63.00,73.00,A,Report code M15; unweighted sample statistics
awas,reports/awas/DSTO-TR-3006.pdf,42,AWAS Army men,Australia,military,Army,M,,bizygomatic_breadth,Bizygomatic Breadth,mm,139.00,6.70,1861,127.00,139.00,149.00,A,Report code M16; unweighted sample statistics
awas,reports/awas/DSTO-TR-3006.pdf,42,AWAS Army women,Australia,military,Army,F,,bizygomatic_breadth,Bizygomatic Breadth,mm,129.00,6.10,277,119.00,130.00,138.00,A,Report code M16; unweighted sample statistics
awas,reports/awas/DSTO-TR-3006.pdf,43,AWAS Army men,Australia,military,Army,M,,other:biacromial_breadth,Biacromial Breadth,mm,414.00,20.60,1861,382.00,414.00,448.00,A,Report code M17; unweighted sample statistics
awas,reports/awas/DSTO-TR-3006.pdf,43,AWAS Army women,Australia,military,Army,F,,other:biacromial_breadth,Biacromial Breadth,mm,373.00,17.40,277,344.00,373.00,399.00,A,Report code M17; unweighted sample statistics
awas,reports/awas/DSTO-TR-3006.pdf,44,AWAS Army men,Australia,military,Army,M,,bideltoid_breadth,Bideltoid Breadth,mm,495.00,28.00,1861,449.00,494.00,542.00,A,Report code M18; unweighted sample statistics
awas,reports/awas/DSTO-TR-3006.pdf,44,AWAS Army women,Australia,military,Army,F,,bideltoid_breadth,Bideltoid Breadth,mm,438.00,25.80,277,400.00,437.00,486.00,A,Report code M18; unweighted sample statistics
awas,reports/awas/DSTO-TR-3006.pdf,45,AWAS Army men,Australia,military,Army,M,,chest_breadth,Chest Breadth,mm,305.00,25.70,1860,267.00,303.00,351.00,A,Report code M19; unweighted sample statistics
awas,reports/awas/DSTO-TR-3006.pdf,45,AWAS Army women,Australia,military,Army,F,,chest_breadth,Chest Breadth,mm,274.00,23.30,277,237.00,272.00,314.00,A,Report code M19; unweighted sample statistics
awas,reports/awas/DSTO-TR-3006.pdf,46,AWAS Army men,Australia,military,Army,M,,chest_depth,Chest Depth,mm,251.00,23.30,1861,215.00,250.00,290.00,A,Report code M20; unweighted sample statistics
awas,reports/awas/DSTO-TR-3006.pdf,46,AWAS Army women,Australia,military,Army,F,,chest_depth,Chest Depth,mm,239.00,25.50,277,200.00,235.00,286.00,A,Report code M20; unweighted sample statistics
awas,reports/awas/DSTO-TR-3006.pdf,47,AWAS Army men,Australia,military,Army,M,,bicristal_breadth,Bicristale Breadth,mm,291.00,21.70,1861,258.00,290.00,330.00,A,Report code M21; unweighted sample statistics
awas,reports/awas/DSTO-TR-3006.pdf,47,AWAS Army women,Australia,military,Army,F,,bicristal_breadth,Bicristale Breadth,mm,282.00,17.70,277,254.00,284.00,313.00,A,Report code M21; unweighted sample statistics
awas,reports/awas/DSTO-TR-3006.pdf,48,AWAS Army men,Australia,military,Army,M,,forearm_forearm_breadth,Forearm-Forearm Breadth,mm,550.00,49.20,1861,467.00,552.00,631.00,A,Report code M22; unweighted sample statistics
awas,reports/awas/DSTO-TR-3006.pdf,48,AWAS Army women,Australia,military,Army,F,,forearm_forearm_breadth,Forearm-Forearm Breadth,mm,467.00,41.70,277,397.00,467.00,544.00,A,Report code M22; unweighted sample statistics
awas,reports/awas/DSTO-TR-3006.pdf,49,AWAS Army men,Australia,military,Army,M,,abdominal_depth_sitting,Abdominal Extension Depth Sitting,mm,246.00,30.80,1861,205.00,241.00,304.00,A,Report code M23; unweighted sample statistics
awas,reports/awas/DSTO-TR-3006.pdf,49,AWAS Army women,Australia,military,Army,F,,abdominal_depth_sitting,Abdominal Extension Depth Sitting,mm,226.00,31.80,277,183.00,221.00,289.00,A,Report code M23; unweighted sample statistics
awas,reports/awas/DSTO-TR-3006.pdf,50,AWAS Army men,Australia,military,Army,M,,hip_breadth_sitting,Hip Breadth Sitting,mm,370.00,29.40,1861,327.00,368.00,422.00,A,Report code M24; unweighted sample statistics
awas,reports/awas/DSTO-TR-3006.pdf,50,AWAS Army women,Australia,military,Army,F,,hip_breadth_sitting,Hip Breadth Sitting,mm,392.00,32.30,277,344.00,391.00,446.00,A,Report code M24; unweighted sample statistics
awas,reports/awas/DSTO-TR-3006.pdf,51,AWAS Army men,Australia,military,Army,M,,buttock_knee_length,Buttock-Knee Length,mm,615.00,29.10,1861,567.00,614.00,664.00,A,Report code M25; unweighted sample statistics
awas,reports/awas/DSTO-TR-3006.pdf,51,AWAS Army women,Australia,military,Army,F,,buttock_knee_length,Buttock-Knee Length,mm,582.00,26.10,277,540.00,579.00,627.00,A,Report code M25; unweighted sample statistics
awas,reports/awas/DSTO-TR-3006.pdf,52,AWAS Army men,Australia,military,Army,M,,buttock_popliteal_length,Buttock-Popliteal Length,mm,503.00,26.40,1860,462.00,504.00,549.00,A,Report code M26; unweighted sample statistics
awas,reports/awas/DSTO-TR-3006.pdf,52,AWAS Army women,Australia,military,Army,F,,buttock_popliteal_length,Buttock-Popliteal Length,mm,483.00,24.00,277,447.00,481.00,526.00,A,Report code M26; unweighted sample statistics
awas,reports/awas/DSTO-TR-3006.pdf,53,AWAS Army men,Australia,military,Army,M,,foot_breadth,Foot Breadth,mm,100.00,6.00,1861,90.00,100.00,110.00,A,Report code M27; unweighted sample statistics
awas,reports/awas/DSTO-TR-3006.pdf,53,AWAS Army women,Australia,military,Army,F,,foot_breadth,Foot Breadth,mm,90.00,5.10,277,83.00,90.00,100.00,A,Report code M27; unweighted sample statistics
awas,reports/awas/DSTO-TR-3006.pdf,54,AWAS Army men,Australia,military,Army,M,,head_circumference,Head Circumference,mm,571.00,15.20,1860,545.00,571.00,595.00,A,Report code M28; unweighted sample statistics
awas,reports/awas/DSTO-TR-3006.pdf,54,AWAS Army women,Australia,military,Army,F,,head_circumference,Head Circumference,mm,549.00,13.40,277,530.00,550.00,570.00,A,Report code M28; unweighted sample statistics
awas,reports/awas/DSTO-TR-3006.pdf,55,AWAS Army men,Australia,military,Army,M,,neck_circumference_base,Neck Circumference Base,mm,436.00,24.30,1861,399.00,434.00,478.00,A,Report code M29; unweighted sample statistics
awas,reports/awas/DSTO-TR-3006.pdf,55,AWAS Army women,Australia,military,Army,F,,neck_circumference_base,Neck Circumference Base,mm,377.00,22.30,277,346.00,375.00,420.00,A,Report code M29; unweighted sample statistics
awas,reports/awas/DSTO-TR-3006.pdf,56,AWAS Army men,Australia,military,Army,M,,shoulder_length,Shoulder Length,mm,147.00,12.90,1860,125.00,146.00,167.00,A,Report code M30; unweighted sample statistics
awas,reports/awas/DSTO-TR-3006.pdf,56,AWAS Army women,Australia,military,Army,F,,shoulder_length,Shoulder Length,mm,134.00,10.20,277,118.00,133.00,151.00,A,Report code M30; unweighted sample statistics
awas,reports/awas/DSTO-TR-3006.pdf,57,AWAS Army men,Australia,military,Army,M,,biceps_circumference_flexed,Biceps Circumference Flexed,mm,354.00,30.40,1861,303.00,355.00,405.00,A,Report code M31; unweighted sample statistics
awas,reports/awas/DSTO-TR-3006.pdf,57,AWAS Army women,Australia,military,Army,F,,biceps_circumference_flexed,Biceps Circumference Flexed,mm,299.00,26.90,277,257.00,299.00,349.00,A,Report code M31; unweighted sample statistics
awas,reports/awas/DSTO-TR-3006.pdf,58,AWAS Army men,Australia,military,Army,M,,forearm_circumference_flexed,Forearm Circumference Flexed,mm,304.00,19.50,1861,272.00,305.00,336.00,A,Report code M32; unweighted sample statistics
awas,reports/awas/DSTO-TR-3006.pdf,58,AWAS Army women,Australia,military,Army,F,,forearm_circumference_flexed,Forearm Circumference Flexed,mm,259.00,18.00,277,232.00,257.00,291.00,A,Report code M32; unweighted sample statistics
awas,reports/awas/DSTO-TR-3006.pdf,59,AWAS Army men,Australia,military,Army,M,,chest_circumference,Chest Circumference,mm,1010.00,74.30,1860,893.00,1009.00,1141.00,A,Report code M33; unweighted sample statistics
awas,reports/awas/DSTO-TR-3006.pdf,59,AWAS Army women,Australia,military,Army,F,,chest_circumference,Chest Circumference,mm,907.00,75.10,277,803.00,899.00,1048.00,A,Report code M33; unweighted sample statistics
awas,reports/awas/DSTO-TR-3006.pdf,60,AWAS Army women,Australia,military,Army,F,,other:chest_circumference_below_breast,Chest Circumference Below Breast,mm,765.00,59.20,276,686.00,754.00,874.00,A,Report code M34; unweighted sample statistics
awas,reports/awas/DSTO-TR-3006.pdf,61,AWAS Army men,Australia,military,Army,M,,waist_circumference,Waist Circumference Omphalion,mm,888.00,93.50,1861,759.00,875.00,1064.00,A,Report code M35; unweighted sample statistics
awas,reports/awas/DSTO-TR-3006.pdf,61,AWAS Army women,Australia,military,Army,F,,waist_circumference,Waist Circumference Omphalion,mm,837.00,90.40,277,702.00,827.00,1022.00,A,Report code M35; unweighted sample statistics
awas,reports/awas/DSTO-TR-3006.pdf,62,AWAS Army men,Australia,military,Army,M,,buttock_circumference,Buttock Circumference,mm,999.00,68.60,1861,898.00,992.00,1124.00,A,Report code M36; unweighted sample statistics
awas,reports/awas/DSTO-TR-3006.pdf,62,AWAS Army women,Australia,military,Army,F,,buttock_circumference,Buttock Circumference,mm,991.00,71.70,277,888.00,983.00,1113.00,A,Report code M36; unweighted sample statistics
awas,reports/awas/DSTO-TR-3006.pdf,63,AWAS Army men,Australia,military,Army,M,,thumbtip_reach,Thumbtip Reach,mm,781.00,43.60,1861,710.00,780.00,855.00,A,Report code M37; unweighted sample statistics
awas,reports/awas/DSTO-TR-3006.pdf,63,AWAS Army women,Australia,military,Army,F,,thumbtip_reach,Thumbtip Reach,mm,713.00,39.40,276,651.00,710.00,779.00,A,Report code M37; unweighted sample statistics
awas,reports/awas/DSTO-TR-3006.pdf,64,AWAS Army men,Australia,military,Army,M,,stature,Stature,mm,1785.00,68.30,1861,1672.00,1784.00,1899.00,A,Report code M38; unweighted sample statistics
awas,reports/awas/DSTO-TR-3006.pdf,64,AWAS Army women,Australia,military,Army,F,,stature,Stature,mm,1654.00,61.10,277,1549.00,1654.00,1755.00,A,Report code M38; unweighted sample statistics
awas,reports/awas/DSTO-TR-3006.pdf,65,AWAS Army men,Australia,military,Army,M,,sitting_height,Sitting Height,mm,936.00,34.10,1861,881.00,936.00,991.00,A,Report code M39; unweighted sample statistics
awas,reports/awas/DSTO-TR-3006.pdf,65,AWAS Army women,Australia,military,Army,F,,sitting_height,Sitting Height,mm,875.00,31.50,277,824.00,873.00,929.00,A,Report code M39; unweighted sample statistics
awas,reports/awas/DSTO-TR-3006.pdf,66,AWAS Army men,Australia,military,Army,M,,mass,Weight,kg,82.70,12.20,1861,64.20,81.70,104.90,A,Report code M40; unweighted sample statistics
awas,reports/awas/DSTO-TR-3006.pdf,66,AWAS Army women,Australia,military,Army,F,,mass,Weight,kg,66.00,9.70,277,51.70,65.00,83.60,A,Report code M40; unweighted sample statistics
awas,reports/awas/DSTO-TR-3006.pdf,67,AWAS Army men,Australia,military,Army,M,,head_breadth,Head Breadth,mm,161.00,5.60,1861,152.00,161.00,170.00,A,Report code M41; unweighted sample statistics
awas,reports/awas/DSTO-TR-3006.pdf,67,AWAS Army women,Australia,military,Army,F,,head_breadth,Head Breadth,mm,155.00,5.40,276,145.00,154.00,163.00,A,Report code M41; unweighted sample statistics
awas,reports/awas/DSTO-TR-3006.pdf,68,AWAS Army men,Australia,military,Army,M,,head_length,Head Length,mm,209.00,6.50,1860,198.00,209.00,219.00,A,Report code M42; unweighted sample statistics
awas,reports/awas/DSTO-TR-3006.pdf,69,AWAS Army men,Australia,military,Army,M,,menton_sellion_length,Menton-Sellion Length,mm,117.00,4.10,1858,110.00,117.00,124.00,A,Report code M43; unweighted sample statistics
awas,reports/awas/DSTO-TR-3006.pdf,69,AWAS Army women,Australia,military,Army,F,,menton_sellion_length,Menton-Sellion Length,mm,112.00,3.90,276,105.00,112.00,118.00,A,Report code M43; unweighted sample statistics
awas,reports/awas/DSTO-TR-3006.pdf,70,AWAS Army men,Australia,military,Army,M,,other:bitragion_submandibular_arc,Bitragion Submandibular Arc,mm,308.00,16.70,1516,281.00,308.00,336.00,A,Report code M44; unweighted sample statistics
awas,reports/awas/DSTO-TR-3006.pdf,70,AWAS Army women,Australia,military,Army,F,,other:bitragion_submandibular_arc,Bitragion Submandibular Arc,mm,273.00,15.20,236,247.00,272.00,298.00,A,Report code M44; unweighted sample statistics
awas,reports/awas/DSTO-TR-3006.pdf,71,AWAS Army men,Australia,military,Army,M,,neck_circumference,Neck Circumference,mm,393.00,23.00,1519,356.00,393.00,433.00,A,Report code M45; unweighted sample statistics
awas,reports/awas/DSTO-TR-3006.pdf,71,AWAS Army women,Australia,military,Army,F,,neck_circumference,Neck Circumference,mm,329.00,20.00,236,301.00,326.00,362.00,A,Report code M45; unweighted sample statistics
awas,reports/awas/DSTO-TR-3006.pdf,72,AWAS Army men,Australia,military,Army,M,,other:nape_to_bustpoint_thelion_length,Nape to Bustpoint Thelion Length,mm,378.00,22.90,1519,341.00,378.00,418.00,A,Report code M46; unweighted sample statistics
awas,reports/awas/DSTO-TR-3006.pdf,72,AWAS Army women,Australia,military,Army,F,,other:nape_to_bustpoint_thelion_length,Nape to Bustpoint Thelion Length,mm,360.00,24.40,236,321.00,358.00,407.00,A,Report code M46; unweighted sample statistics
awas,reports/awas/DSTO-TR-3006.pdf,73,AWAS Army men,Australia,military,Army,M,,other:nape_to_waist_over_bust,Nape to Waist over Bust,mm,637.00,33.80,1519,585.00,635.00,696.00,A,Report code M47; unweighted sample statistics
awas,reports/awas/DSTO-TR-3006.pdf,73,AWAS Army women,Australia,military,Army,F,,other:nape_to_waist_over_bust,Nape to Waist over Bust,mm,584.00,31.90,236,532.00,582.00,637.00,A,Report code M47; unweighted sample statistics
awas,reports/awas/DSTO-TR-3006.pdf,74,AWAS Army men,Australia,military,Army,M,,other:scye_depth,Scye Depth,mm,213.00,18.20,1860,182.00,213.00,243.00,A,Report code M49; unweighted sample statistics
awas,reports/awas/DSTO-TR-3006.pdf,74,AWAS Army women,Australia,military,Army,F,,other:scye_depth,Scye Depth,mm,188.00,15.40,276,164.00,187.00,215.00,A,Report code M49; unweighted sample statistics
awas,reports/awas/DSTO-TR-3006.pdf,75,AWAS Army men,Australia,military,Army,M,,other:back_width,Back Width,mm,372.00,25.90,1861,330.00,372.00,415.00,A,Report code M50; unweighted sample statistics
awas,reports/awas/DSTO-TR-3006.pdf,75,AWAS Army women,Australia,military,Army,F,,other:back_width,Back Width,mm,322.00,22.60,276,287.00,321.00,359.00,A,Report code M50; unweighted sample statistics
awas,reports/awas/DSTO-TR-3006.pdf,76,AWAS Army men,Australia,military,Army,M,,other:back_length,Back Length,mm,470.00,26.70,1854,428.00,470.00,515.00,A,Report code M51; unweighted sample statistics
awas,reports/awas/DSTO-TR-3006.pdf,76,AWAS Army women,Australia,military,Army,F,,other:back_length,Back Length,mm,435.00,24.10,276,394.00,435.00,475.00,A,Report code M51; unweighted sample statistics
awas,reports/awas/DSTO-TR-3006.pdf,77,AWAS Army men,Australia,military,Army,M,,other:nape_to_waist_centre_back,Nape to Waist Centre Back,mm,531.00,33.90,1519,475.00,531.00,587.00,A,Report code M52; unweighted sample statistics
awas,reports/awas/DSTO-TR-3006.pdf,77,AWAS Army women,Australia,military,Army,F,,other:nape_to_waist_centre_back,Nape to Waist Centre Back,mm,493.00,33.30,236,442.00,492.00,551.00,A,Report code M52; unweighted sample statistics
awas,reports/awas/DSTO-TR-3006.pdf,78,AWAS Army men,Australia,military,Army,M,,other:vertical_trunk_circumference_wide,Vertical Trunk Circumference Wide,mm,1660.00,61.70,1519,1558.00,1657.00,1763.00,A,Report code M53; unweighted sample statistics
awas,reports/awas/DSTO-TR-3006.pdf,78,AWAS Army women,Australia,military,Army,F,,other:vertical_trunk_circumference_wide,Vertical Trunk Circumference Wide,mm,1537.00,52.60,235,1458.00,1535.00,1632.00,A,Report code M53; unweighted sample statistics
awas,reports/awas/DSTO-TR-3006.pdf,79,AWAS Army men,Australia,military,Army,M,,other:crotch_length_omphalion,Crotch Length Omphalion,mm,673.00,14.10,1519,650.00,674.00,697.00,A,Report code M54; unweighted sample statistics
awas,reports/awas/DSTO-TR-3006.pdf,79,AWAS Army women,Australia,military,Army,F,,other:crotch_length_omphalion,Crotch Length Omphalion,mm,633.00,13.20,236,611.00,631.00,653.00,A,Report code M54; unweighted sample statistics
awas,reports/awas/DSTO-TR-3006.pdf,80,AWAS Army men,Australia,military,Army,M,,other:waist_circumference_preferred,Waist Circumference Preferred,mm,924.00,91.20,1519,799.00,910.00,1098.00,A,Report code M55; unweighted sample statistics
awas,reports/awas/DSTO-TR-3006.pdf,80,AWAS Army women,Australia,military,Army,F,,other:waist_circumference_preferred,Waist Circumference Preferred,mm,894.00,85.00,236,768.00,889.00,1056.00,A,Report code M55; unweighted sample statistics
awas,reports/awas/DSTO-TR-3006.pdf,81,AWAS Army men,Australia,military,Army,M,,other:maximum_hip_circumference,Maximum Hip Circumference,mm,997.00,65.20,1856,899.00,991.00,1116.00,A,Report code M56; unweighted sample statistics
awas,reports/awas/DSTO-TR-3006.pdf,81,AWAS Army women,Australia,military,Army,F,,other:maximum_hip_circumference,Maximum Hip Circumference,mm,992.00,65.40,275,891.00,987.00,1109.00,A,Report code M56; unweighted sample statistics
awas,reports/awas/DSTO-TR-3006.pdf,82,AWAS Army men,Australia,military,Army,M,,other:waist_hip_distance,Waist-Hip Distance,mm,127.00,18.20,1855,95.00,128.00,156.00,A,Report code M57; unweighted sample statistics
awas,reports/awas/DSTO-TR-3006.pdf,82,AWAS Army women,Australia,military,Army,F,,other:waist_hip_distance,Waist-Hip Distance,mm,178.00,23.90,275,140.00,179.00,218.00,A,Report code M57; unweighted sample statistics
awas,reports/awas/DSTO-TR-3006.pdf,83,AWAS Army women,Australia,military,Army,F,,other:high_hip,High Hip,mm,973.00,71.10,275,857.00,961.00,1101.00,A,Report code M58; unweighted sample statistics
awas,reports/awas/DSTO-TR-3006.pdf,84,AWAS Army men,Australia,military,Army,M,,other:hip_circumference,Hip Circumference,mm,1023.00,69.40,1850,916.00,1020.00,1147.00,A,Report code M59; unweighted sample statistics
awas,reports/awas/DSTO-TR-3006.pdf,84,AWAS Army women,Australia,military,Army,F,,other:hip_circumference,Hip Circumference,mm,993.00,65.60,243,892.00,985.00,1105.00,A,Report code M59; unweighted sample statistics
awas,reports/awas/DSTO-TR-3006.pdf,85,AWAS Army men,Australia,military,Army,M,,acromion_radiale_length,Acromion-Radiale Length,mm,343.00,19.00,1857,310.00,343.00,375.00,A,Report code M60; unweighted sample statistics
awas,reports/awas/DSTO-TR-3006.pdf,85,AWAS Army women,Australia,military,Army,F,,acromion_radiale_length,Acromion-Radiale Length,mm,312.00,16.70,276,286.00,312.00,345.00,A,Report code M60; unweighted sample statistics
awas,reports/awas/DSTO-TR-3006.pdf,86,AWAS Army men,Australia,military,Army,M,,radiale_stylion_length,Radiale-Stylion Length,mm,265.00,15.20,1861,240.00,264.00,289.00,A,Report code M61; unweighted sample statistics
awas,reports/awas/DSTO-TR-3006.pdf,86,AWAS Army women,Australia,military,Army,F,,radiale_stylion_length,Radiale-Stylion Length,mm,240.00,13.40,276,218.00,240.00,262.00,A,Report code M61; unweighted sample statistics
awas,reports/awas/DSTO-TR-3006.pdf,87,AWAS Army men,Australia,military,Army,M,,sleeve_outseam,Sleeve Outseam,mm,617.00,31.70,1855,566.00,617.00,672.00,A,Report code M62; unweighted sample statistics
awas,reports/awas/DSTO-TR-3006.pdf,87,AWAS Army women,Australia,military,Army,F,,sleeve_outseam,Sleeve Outseam,mm,559.00,27.00,276,519.00,558.00,605.00,A,Report code M62; unweighted sample statistics
awas,reports/awas/DSTO-TR-3006.pdf,88,AWAS Army men,Australia,military,Army,M,,wrist_circumference,Wrist Circumference,mm,186.00,11.20,1859,169.00,185.00,205.00,A,Report code M63; unweighted sample statistics
awas,reports/awas/DSTO-TR-3006.pdf,88,AWAS Army women,Australia,military,Army,F,,wrist_circumference,Wrist Circumference,mm,164.00,9.50,276,151.00,163.00,182.00,A,Report code M63; unweighted sample statistics
awas,reports/awas/DSTO-TR-3006.pdf,89,AWAS Army men,Australia,military,Army,M,,hand_circumference,Hand Circumference,mm,213.00,11.10,1855,195.00,212.00,231.00,A,Report code M64; unweighted sample statistics
awas,reports/awas/DSTO-TR-3006.pdf,89,AWAS Army women,Australia,military,Army,F,,hand_circumference,Hand Circumference,mm,186.00,9.10,275,171.00,186.00,201.00,A,Report code M64; unweighted sample statistics
awas,reports/awas/DSTO-TR-3006.pdf,90,AWAS Army men,Australia,military,Army,M,,hand_breadth,Hand Breadth,mm,89.00,4.40,1860,82.00,89.00,97.00,A,Report code M65; unweighted sample statistics
awas,reports/awas/DSTO-TR-3006.pdf,90,AWAS Army women,Australia,military,Army,F,,hand_breadth,Hand Breadth,mm,78.00,3.70,276,72.00,79.00,85.00,A,Report code M65; unweighted sample statistics
awas,reports/awas/DSTO-TR-3006.pdf,91,AWAS Army men,Australia,military,Army,M,,hand_length,Hand Length,mm,193.00,11.00,1859,176.00,193.00,212.00,A,Report code M66; unweighted sample statistics
awas,reports/awas/DSTO-TR-3006.pdf,91,AWAS Army women,Australia,military,Army,F,,hand_length,Hand Length,mm,176.00,9.80,276,159.00,175.00,193.00,A,Report code M66; unweighted sample statistics
awas,reports/awas/DSTO-TR-3006.pdf,92,AWAS Army men,Australia,military,Army,M,,thigh_circumference,Thigh Circumference,mm,615.00,51.20,1519,536.00,614.00,707.00,A,Report code M67; unweighted sample statistics
awas,reports/awas/DSTO-TR-3006.pdf,92,AWAS Army women,Australia,military,Army,F,,thigh_circumference,Thigh Circumference,mm,612.00,47.70,236,532.00,610.00,695.00,A,Report code M67; unweighted sample statistics
awas,reports/awas/DSTO-TR-3006.pdf,93,AWAS Army men,Australia,military,Army,M,,other:knee_circumference,Knee Circumference,mm,394.00,25.00,1852,356.00,392.00,438.00,A,Report code M68; unweighted sample statistics
awas,reports/awas/DSTO-TR-3006.pdf,93,AWAS Army women,Australia,military,Army,F,,other:knee_circumference,Knee Circumference,mm,377.00,26.70,273,337.00,374.00,429.00,A,Report code M68; unweighted sample statistics
awas,reports/awas/DSTO-TR-3006.pdf,94,AWAS Army men,Australia,military,Army,M,,calf_circumference,Calf Circumference,mm,390.00,27.30,1844,347.00,389.00,439.00,A,Report code M69; unweighted sample statistics
awas,reports/awas/DSTO-TR-3006.pdf,94,AWAS Army women,Australia,military,Army,F,,calf_circumference,Calf Circumference,mm,375.00,27.60,271,336.00,373.00,423.00,A,Report code M69; unweighted sample statistics
awas,reports/awas/DSTO-TR-3006.pdf,95,AWAS Army men,Australia,military,Army,M,,ankle_circumference,Ankle Circumference,mm,230.00,15.00,1858,206.00,230.00,255.00,A,Report code M70; unweighted sample statistics
awas,reports/awas/DSTO-TR-3006.pdf,95,AWAS Army women,Australia,military,Army,F,,ankle_circumference,Ankle Circumference,mm,221.00,14.40,276,198.00,219.00,246.00,A,Report code M70; unweighted sample statistics
awas,reports/awas/DSTO-TR-3006.pdf,96,AWAS Army men,Australia,military,Army,M,,foot_length,Foot Length,mm,269.00,13.20,1857,249.00,269.00,292.00,A,Report code M71; unweighted sample statistics
awas,reports/awas/DSTO-TR-3006.pdf,96,AWAS Army women,Australia,military,Army,F,,foot_length,Foot Length,mm,244.00,11.50,275,224.00,244.00,263.00,A,Report code M71; unweighted sample statistics
awas,reports/awas/DSTO-TR-3006.pdf,97,AWAS Army men,Australia,military,Army,M,,other:ball_of_foot_length,Ball of Foot Length,mm,200.00,11.40,1828,182.00,199.00,219.00,A,Report code M72; unweighted sample statistics
awas,reports/awas/DSTO-TR-3006.pdf,97,AWAS Army women,Australia,military,Army,F,,other:ball_of_foot_length,Ball of Foot Length,mm,181.00,9.50,269,166.00,181.00,197.00,A,Report code M72; unweighted sample statistics
awas,reports/awas/DSTO-TR-3006.pdf,98,AWAS Army men,Australia,military,Army,M,,other:seat_angle,Seat Angle,degrees,21.00,4.10,1858,14.00,22.00,27.00,A,"Report code M73; unweighted sample statistics; angle in degrees, not converted"
awas,reports/awas/DSTO-TR-3006.pdf,98,AWAS Army women,Australia,military,Army,F,,other:seat_angle,Seat Angle,degrees,21.00,4.10,276,15.00,21.00,29.00,A,"Report code M73; unweighted sample statistics; angle in degrees, not converted"
awas,reports/awas/DSTO-TR-3006.pdf,99,AWAS Army men,Australia,military,Army,M,,other:outside_leg_length,Outside Leg Length,mm,987.00,51.40,1854,903.00,986.00,1074.00,A,Report code M74; unweighted sample statistics
awas,reports/awas/DSTO-TR-3006.pdf,99,AWAS Army women,Australia,military,Army,F,,other:outside_leg_length,Outside Leg Length,mm,926.00,50.20,276,846.00,929.00,1012.00,A,Report code M74; unweighted sample statistics
awas,reports/awas/DSTO-TR-3006.pdf,101,AWAS Army men,Australia,military,Army,M,,other:waist_level_centre_front,Waist Level Centre Front,mm,987.00,50.90,1861,903.00,985.00,1073.00,A,Report code M77; unweighted sample statistics
awas,reports/awas/DSTO-TR-3006.pdf,101,AWAS Army women,Australia,military,Army,F,,other:waist_level_centre_front,Waist Level Centre Front,mm,926.00,48.60,276,851.00,928.00,1013.00,A,Report code M77; unweighted sample statistics
awas,reports/awas/DSTO-TR-3006.pdf,103,AWAS Army men,Australia,military,Army,M,,other:waist_level_centre_back,Waist Level Centre Back,mm,1031.00,50.10,1861,949.00,1029.00,1115.00,A,Report code M79; unweighted sample statistics
awas,reports/awas/DSTO-TR-3006.pdf,103,AWAS Army women,Australia,military,Army,F,,other:waist_level_centre_back,Waist Level Centre Back,mm,964.00,45.20,276,899.00,964.00,1040.00,A,Report code M79; unweighted sample statistics
awas,reports/awas/DSTO-TR-3006.pdf,104,AWAS Army men,Australia,military,Army,M,,other:seat_level,Seat Level,mm,908.00,46.40,1861,831.00,907.00,984.00,A,Report code M80; unweighted sample statistics
awas,reports/awas/DSTO-TR-3006.pdf,104,AWAS Army women,Australia,military,Army,F,,other:seat_level,Seat Level,mm,837.00,42.80,276,770.00,838.00,913.00,A,Report code M80; unweighted sample statistics
awas,reports/awas/DSTO-TR-3006.pdf,105,AWAS Army men,Australia,military,Army,M,,trochanterion_height,Trochanteric Height,mm,932.00,50.10,1508,852.00,931.00,1016.00,A,Report code M81; unweighted sample statistics
awas,reports/awas/DSTO-TR-3006.pdf,105,AWAS Army women,Australia,military,Army,F,,trochanterion_height,Trochanteric Height,mm,859.00,43.40,236,798.00,855.00,934.00,A,Report code M81; unweighted sample statistics
awas,reports/awas/DSTO-TR-3006.pdf,106,AWAS Army men,Australia,military,Army,M,,other:knee_level,Knee Level,mm,503.00,27.30,1861,461.00,503.00,549.00,A,Report code M83; unweighted sample statistics
awas,reports/awas/DSTO-TR-3006.pdf,106,AWAS Army women,Australia,military,Army,F,,other:knee_level,Knee Level,mm,458.00,26.00,276,415.00,456.00,506.00,A,Report code M83; unweighted sample statistics
awas,reports/awas/DSTO-TR-3006.pdf,107,AWAS Army men,Australia,military,Army,M,,other:ankle_height,Ankle Height,mm,74.00,7.80,1859,62.00,73.00,87.00,A,Report code M84; unweighted sample statistics
awas,reports/awas/DSTO-TR-3006.pdf,107,AWAS Army women,Australia,military,Army,F,,other:ankle_height,Ankle Height,mm,67.00,7.50,276,54.00,67.00,79.00,A,Report code M84; unweighted sample statistics
awas,reports/awas/DSTO-TR-3006.pdf,108,AWAS Army men,Australia,military,Army,M,,other:front_length,Front Length,mm,332.00,20.80,1861,323.00,362.00,403.00,A,Report code M85; unweighted sample statistics; derived dimension (M04 minus M07); no coefficient of variation printed
awas,reports/awas/DSTO-TR-3006.pdf,108,AWAS Army women,Australia,military,Army,F,,other:front_length,Front Length,mm,362.00,24.00,277,297.00,332.00,368.00,A,Report code M85; unweighted sample statistics; derived dimension (M04 minus M07); no coefficient of variation printed
nzdfas,reports/nzdfas/56.pdf,95,NZDFAS all services men,New Zealand,military,Tri-service,M,2016,abdominal_depth_sitting,Abdominal extension depth sitting,mm,273.00,35.00,790,227.00,267.00,340.00,A,Post-processed measurement; percentiles P5/P50/P95 as printed; 3D-scan/physical measurement per NZDFAS protocol; pooled Army+Navy+Air Force
nzdfas,reports/nzdfas/56.pdf,95,NZDFAS Air Force men,New Zealand,military,Air Force,M,2016,abdominal_depth_sitting,Abdominal extension depth sitting,mm,271.00,38.00,216,223.00,265.00,340.00,A,Post-processed measurement; percentiles P5/P50/P95 as printed; 3D-scan/physical measurement per NZDFAS protocol
nzdfas,reports/nzdfas/56.pdf,95,NZDFAS Army men,New Zealand,military,Army,M,2016,abdominal_depth_sitting,Abdominal extension depth sitting,mm,272.00,33.00,486,227.00,268.00,335.00,A,Post-processed measurement; percentiles P5/P50/P95 as printed; 3D-scan/physical measurement per NZDFAS protocol
nzdfas,reports/nzdfas/56.pdf,95,NZDFAS Navy men,New Zealand,military,Navy,M,2016,abdominal_depth_sitting,Abdominal extension depth sitting,mm,281.00,41.00,88,233.00,271.00,359.00,A,Post-processed measurement; percentiles P5/P50/P95 as printed; 3D-scan/physical measurement per NZDFAS protocol
nzdfas,reports/nzdfas/56.pdf,95,NZDFAS Air Force women,New Zealand,military,Air Force,F,2016,abdominal_depth_sitting,Abdominal extension depth sitting,mm,236.00,34.00,72,193.00,231.00,293.00,A,Post-processed measurement; percentiles P5/P50/P95 as printed; 3D-scan/physical measurement per NZDFAS protocol
nzdfas,reports/nzdfas/56.pdf,95,NZDFAS Army women,New Zealand,military,Army,F,2016,abdominal_depth_sitting,Abdominal extension depth sitting,mm,250.00,33.00,97,210.00,242.00,320.00,A,Post-processed measurement; percentiles P5/P50/P95 as printed; 3D-scan/physical measurement per NZDFAS protocol
nzdfas,reports/nzdfas/56.pdf,95,NZDFAS Navy women,New Zealand,military,Navy,F,2016,abdominal_depth_sitting,Abdominal extension depth sitting,mm,254.00,37.00,43,208.00,252.00,329.00,A,Post-processed measurement; percentiles P5/P50/P95 as printed; 3D-scan/physical measurement per NZDFAS protocol
nzdfas,reports/nzdfas/56.pdf,95,NZDFAS all services women,New Zealand,military,Tri-service,F,2016,abdominal_depth_sitting,Abdominal extension depth sitting,mm,246.00,35.00,212,201.00,240.00,312.00,A,Post-processed measurement; percentiles P5/P50/P95 as printed; 3D-scan/physical measurement per NZDFAS protocol; pooled Army+Navy+Air Force
nzdfas,reports/nzdfas/56.pdf,97,NZDFAS all services men,New Zealand,military,Tri-service,M,2016,acromion_height_sitting,Acromiale height sitting,mm,623.00,30.00,790,574.00,622.00,673.00,A,Post-processed measurement; percentiles P5/P50/P95 as printed; 3D-scan/physical measurement per NZDFAS protocol; pooled Army+Navy+Air Force
nzdfas,reports/nzdfas/56.pdf,97,NZDFAS Air Force men,New Zealand,military,Air Force,M,2016,acromion_height_sitting,Acromiale height sitting,mm,625.00,28.00,216,576.00,625.00,676.00,A,Post-processed measurement; percentiles P5/P50/P95 as printed; 3D-scan/physical measurement per NZDFAS protocol
nzdfas,reports/nzdfas/56.pdf,97,NZDFAS Army men,New Zealand,military,Army,M,2016,acromion_height_sitting,Acromiale height sitting,mm,623.00,30.00,486,572.00,624.00,674.00,A,Post-processed measurement; percentiles P5/P50/P95 as printed; 3D-scan/physical measurement per NZDFAS protocol
nzdfas,reports/nzdfas/56.pdf,97,NZDFAS Navy men,New Zealand,military,Navy,M,2016,acromion_height_sitting,Acromiale height sitting,mm,616.00,28.00,88,568.00,614.00,662.00,A,Post-processed measurement; percentiles P5/P50/P95 as printed; 3D-scan/physical measurement per NZDFAS protocol
nzdfas,reports/nzdfas/56.pdf,97,NZDFAS Air Force women,New Zealand,military,Air Force,F,2016,acromion_height_sitting,Acromiale height sitting,mm,593.00,29.00,72,553.00,594.00,633.00,A,Post-processed measurement; percentiles P5/P50/P95 as printed; 3D-scan/physical measurement per NZDFAS protocol
nzdfas,reports/nzdfas/56.pdf,97,NZDFAS Army women,New Zealand,military,Army,F,2016,acromion_height_sitting,Acromiale height sitting,mm,600.00,29.00,97,562.00,600.00,645.00,A,Post-processed measurement; percentiles P5/P50/P95 as printed; 3D-scan/physical measurement per NZDFAS protocol
nzdfas,reports/nzdfas/56.pdf,97,NZDFAS Navy women,New Zealand,military,Navy,F,2016,acromion_height_sitting,Acromiale height sitting,mm,589.00,25.00,43,548.00,595.00,627.00,A,Post-processed measurement; percentiles P5/P50/P95 as printed; 3D-scan/physical measurement per NZDFAS protocol
nzdfas,reports/nzdfas/56.pdf,97,NZDFAS all services women,New Zealand,military,Tri-service,F,2016,acromion_height_sitting,Acromiale height sitting,mm,595.00,29.00,212,552.00,596.00,640.00,A,Post-processed measurement; percentiles P5/P50/P95 as printed; 3D-scan/physical measurement per NZDFAS protocol; pooled Army+Navy+Air Force
nzdfas,reports/nzdfas/56.pdf,99,NZDFAS all services men,New Zealand,military,Tri-service,M,2016,acromion_height,Acromiale height,mm,1466.00,60.00,790,1371.00,1467.00,1565.00,A,Post-processed measurement; percentiles P5/P50/P95 as printed; 3D-scan/physical measurement per NZDFAS protocol; pooled Army+Navy+Air Force
nzdfas,reports/nzdfas/56.pdf,99,NZDFAS Air Force men,New Zealand,military,Air Force,M,2016,acromion_height,Acromiale height,mm,1473.00,62.00,216,1381.00,1472.00,1590.00,A,Post-processed measurement; percentiles P5/P50/P95 as printed; 3D-scan/physical measurement per NZDFAS protocol
nzdfas,reports/nzdfas/56.pdf,99,NZDFAS Army men,New Zealand,military,Army,M,2016,acromion_height,Acromiale height,mm,1463.00,60.00,486,1365.00,1464.00,1564.00,A,Post-processed measurement; percentiles P5/P50/P95 as printed; 3D-scan/physical measurement per NZDFAS protocol
nzdfas,reports/nzdfas/56.pdf,99,NZDFAS Navy men,New Zealand,military,Navy,M,2016,acromion_height,Acromiale height,mm,1467.00,52.00,88,1388.00,1466.00,1553.00,A,Post-processed measurement; percentiles P5/P50/P95 as printed; 3D-scan/physical measurement per NZDFAS protocol
nzdfas,reports/nzdfas/56.pdf,99,NZDFAS Air Force women,New Zealand,military,Air Force,F,2016,acromion_height,Acromiale height,mm,1363.00,50.00,72,1292.00,1362.00,1447.00,A,Post-processed measurement; percentiles P5/P50/P95 as printed; 3D-scan/physical measurement per NZDFAS protocol
nzdfas,reports/nzdfas/56.pdf,99,NZDFAS Army women,New Zealand,military,Army,F,2016,acromion_height,Acromiale height,mm,1371.00,50.00,97,1290.00,1372.00,1452.00,A,Post-processed measurement; percentiles P5/P50/P95 as printed; 3D-scan/physical measurement per NZDFAS protocol
nzdfas,reports/nzdfas/56.pdf,99,NZDFAS Navy women,New Zealand,military,Navy,F,2016,acromion_height,Acromiale height,mm,1359.00,47.00,43,1274.00,1360.00,1431.00,A,Post-processed measurement; percentiles P5/P50/P95 as printed; 3D-scan/physical measurement per NZDFAS protocol
nzdfas,reports/nzdfas/56.pdf,99,NZDFAS all services women,New Zealand,military,Tri-service,F,2016,acromion_height,Acromiale height,mm,1366.00,50.00,212,1287.00,1366.00,1445.00,A,Post-processed measurement; percentiles P5/P50/P95 as printed; 3D-scan/physical measurement per NZDFAS protocol; pooled Army+Navy+Air Force
nzdfas,reports/nzdfas/56.pdf,101,NZDFAS all services men,New Zealand,military,Tri-service,M,2016,acromion_radiale_length,Acromiale-radiale length,mm,346.00,19.00,790,317.00,346.00,377.00,A,Post-processed measurement; percentiles P5/P50/P95 as printed; 3D-scan/physical measurement per NZDFAS protocol; pooled Army+Navy+Air Force
nzdfas,reports/nzdfas/56.pdf,101,NZDFAS Air Force men,New Zealand,military,Air Force,M,2016,acromion_radiale_length,Acromiale-radiale length,mm,348.00,18.00,216,321.00,348.00,376.00,A,Post-processed measurement; percentiles P5/P50/P95 as printed; 3D-scan/physical measurement per NZDFAS protocol
nzdfas,reports/nzdfas/56.pdf,101,NZDFAS Army men,New Zealand,military,Army,M,2016,acromion_radiale_length,Acromiale-radiale length,mm,345.00,19.00,486,313.00,346.00,377.00,A,Post-processed measurement; percentiles P5/P50/P95 as printed; 3D-scan/physical measurement per NZDFAS protocol
nzdfas,reports/nzdfas/56.pdf,101,NZDFAS Navy men,New Zealand,military,Navy,M,2016,acromion_radiale_length,Acromiale-radiale length,mm,349.00,18.00,88,322.00,350.00,377.00,A,Post-processed measurement; percentiles P5/P50/P95 as printed; 3D-scan/physical measurement per NZDFAS protocol
nzdfas,reports/nzdfas/56.pdf,101,NZDFAS Air Force women,New Zealand,military,Air Force,F,2016,acromion_radiale_length,Acromiale-radiale length,mm,321.00,15.00,72,297.00,323.00,345.00,A,Post-processed measurement; percentiles P5/P50/P95 as printed; 3D-scan/physical measurement per NZDFAS protocol
nzdfas,reports/nzdfas/56.pdf,101,NZDFAS Army women,New Zealand,military,Army,F,2016,acromion_radiale_length,Acromiale-radiale length,mm,320.00,15.00,97,296.00,319.00,347.00,A,Post-processed measurement; percentiles P5/P50/P95 as printed; 3D-scan/physical measurement per NZDFAS protocol
nzdfas,reports/nzdfas/56.pdf,101,NZDFAS Navy women,New Zealand,military,Navy,F,2016,acromion_radiale_length,Acromiale-radiale length,mm,320.00,16.00,43,291.00,321.00,342.00,A,Post-processed measurement; percentiles P5/P50/P95 as printed; 3D-scan/physical measurement per NZDFAS protocol
nzdfas,reports/nzdfas/56.pdf,101,NZDFAS all services women,New Zealand,military,Tri-service,F,2016,acromion_radiale_length,Acromiale-radiale length,mm,320.00,15.00,212,296.00,321.00,345.00,A,Post-processed measurement; percentiles P5/P50/P95 as printed; 3D-scan/physical measurement per NZDFAS protocol; pooled Army+Navy+Air Force
nzdfas,reports/nzdfas/56.pdf,103,NZDFAS all services men,New Zealand,military,Tri-service,M,2016,other:ankle_girth,Ankle girth,mm,275.00,19.00,790,245.00,273.00,309.00,A,Automatic measurement; percentiles P5/P50/P95 as printed; 3D-scan/physical measurement per NZDFAS protocol; pooled Army+Navy+Air Force
nzdfas,reports/nzdfas/56.pdf,103,NZDFAS Air Force men,New Zealand,military,Air Force,M,2016,other:ankle_girth,Ankle girth,mm,278.00,19.00,216,249.00,276.00,312.00,A,Automatic measurement; percentiles P5/P50/P95 as printed; 3D-scan/physical measurement per NZDFAS protocol
nzdfas,reports/nzdfas/56.pdf,103,NZDFAS Army men,New Zealand,military,Army,M,2016,other:ankle_girth,Ankle girth,mm,272.00,18.00,486,243.00,271.00,302.00,A,Automatic measurement; percentiles P5/P50/P95 as printed; 3D-scan/physical measurement per NZDFAS protocol
nzdfas,reports/nzdfas/56.pdf,103,NZDFAS Navy men,New Zealand,military,Navy,M,2016,other:ankle_girth,Ankle girth,mm,285.00,18.00,88,261.00,283.00,317.00,A,Automatic measurement; percentiles P5/P50/P95 as printed; 3D-scan/physical measurement per NZDFAS protocol
nzdfas,reports/nzdfas/56.pdf,103,NZDFAS Air Force women,New Zealand,military,Air Force,F,2016,other:ankle_girth,Ankle girth,mm,248.00,13.00,72,228.00,248.00,266.00,A,Automatic measurement; percentiles P5/P50/P95 as printed; 3D-scan/physical measurement per NZDFAS protocol
nzdfas,reports/nzdfas/56.pdf,103,NZDFAS Army women,New Zealand,military,Army,F,2016,other:ankle_girth,Ankle girth,mm,248.00,16.00,97,223.00,248.00,275.00,A,Automatic measurement; percentiles P5/P50/P95 as printed; 3D-scan/physical measurement per NZDFAS protocol
nzdfas,reports/nzdfas/56.pdf,103,NZDFAS Navy women,New Zealand,military,Navy,F,2016,other:ankle_girth,Ankle girth,mm,255.00,18.00,43,233.00,253.00,291.00,A,Automatic measurement; percentiles P5/P50/P95 as printed; 3D-scan/physical measurement per NZDFAS protocol
nzdfas,reports/nzdfas/56.pdf,103,NZDFAS all services women,New Zealand,military,Tri-service,F,2016,other:ankle_girth,Ankle girth,mm,249.00,16.00,212,226.00,248.00,276.00,A,Automatic measurement; percentiles P5/P50/P95 as printed; 3D-scan/physical measurement per NZDFAS protocol; pooled Army+Navy+Air Force
nzdfas,reports/nzdfas/56.pdf,105,NZDFAS all services men,New Zealand,military,Tri-service,M,2016,span,Arm span,mm,1837.00,75.00,790,1719.00,1837.00,1965.00,A,Physical measurement; percentiles P5/P50/P95 as printed; 3D-scan/physical measurement per NZDFAS protocol; pooled Army+Navy+Air Force
nzdfas,reports/nzdfas/56.pdf,105,NZDFAS Air Force men,New Zealand,military,Air Force,M,2016,span,Arm span,mm,1840.00,78.00,216,1720.00,1841.00,1965.00,A,Physical measurement; percentiles P5/P50/P95 as printed; 3D-scan/physical measurement per NZDFAS protocol
nzdfas,reports/nzdfas/56.pdf,105,NZDFAS Army men,New Zealand,military,Army,M,2016,span,Arm span,mm,1835.00,75.00,486,1718.00,1836.00,1963.00,A,Physical measurement; percentiles P5/P50/P95 as printed; 3D-scan/physical measurement per NZDFAS protocol
nzdfas,reports/nzdfas/56.pdf,105,NZDFAS Navy men,New Zealand,military,Navy,M,2016,span,Arm span,mm,1843.00,69.00,88,1741.00,1837.00,1955.00,A,Physical measurement; percentiles P5/P50/P95 as printed; 3D-scan/physical measurement per NZDFAS protocol
nzdfas,reports/nzdfas/56.pdf,105,NZDFAS Air Force women,New Zealand,military,Air Force,F,2016,span,Arm span,mm,1681.00,68.00,72,1576.00,1680.00,1802.00,A,Physical measurement; percentiles P5/P50/P95 as printed; 3D-scan/physical measurement per NZDFAS protocol
nzdfas,reports/nzdfas/56.pdf,105,NZDFAS Army women,New Zealand,military,Army,F,2016,span,Arm span,mm,1690.00,66.00,97,1591.00,1685.00,1797.00,A,Physical measurement; percentiles P5/P50/P95 as printed; 3D-scan/physical measurement per NZDFAS protocol
nzdfas,reports/nzdfas/56.pdf,105,NZDFAS Navy women,New Zealand,military,Navy,F,2016,span,Arm span,mm,1669.00,56.00,43,1548.00,1681.00,1739.00,A,Physical measurement; percentiles P5/P50/P95 as printed; 3D-scan/physical measurement per NZDFAS protocol
nzdfas,reports/nzdfas/56.pdf,105,NZDFAS all services women,New Zealand,military,Tri-service,F,2016,span,Arm span,mm,1683.00,65.00,212,1576.00,1682.00,1795.00,A,Physical measurement; percentiles P5/P50/P95 as printed; 3D-scan/physical measurement per NZDFAS protocol; pooled Army+Navy+Air Force
nzdfas,reports/nzdfas/56.pdf,107,NZDFAS all services men,New Zealand,military,Tri-service,M,2016,other:axilla_height,Axilla height,mm,1324.00,55.00,790,1237.00,1327.00,1416.00,A,Post-processed measurement; percentiles P5/P50/P95 as printed; 3D-scan/physical measurement per NZDFAS protocol; pooled Army+Navy+Air Force
nzdfas,reports/nzdfas/56.pdf,107,NZDFAS Air Force men,New Zealand,military,Air Force,M,2016,other:axilla_height,Axilla height,mm,1330.00,55.00,216,1244.00,1333.00,1436.00,A,Post-processed measurement; percentiles P5/P50/P95 as printed; 3D-scan/physical measurement per NZDFAS protocol
nzdfas,reports/nzdfas/56.pdf,107,NZDFAS Army men,New Zealand,military,Army,M,2016,other:axilla_height,Axilla height,mm,1322.00,56.00,486,1234.00,1326.00,1415.00,A,Post-processed measurement; percentiles P5/P50/P95 as printed; 3D-scan/physical measurement per NZDFAS protocol
nzdfas,reports/nzdfas/56.pdf,107,NZDFAS Navy men,New Zealand,military,Navy,M,2016,other:axilla_height,Axilla height,mm,1320.00,53.00,88,1241.00,1315.00,1410.00,A,Post-processed measurement; percentiles P5/P50/P95 as printed; 3D-scan/physical measurement per NZDFAS protocol
nzdfas,reports/nzdfas/56.pdf,107,NZDFAS Air Force women,New Zealand,military,Air Force,F,2016,other:axilla_height,Axilla height,mm,1231.00,52.00,72,1150.00,1237.00,1314.00,A,Post-processed measurement; percentiles P5/P50/P95 as printed; 3D-scan/physical measurement per NZDFAS protocol
nzdfas,reports/nzdfas/56.pdf,107,NZDFAS Army women,New Zealand,military,Army,F,2016,other:axilla_height,Axilla height,mm,1243.00,51.00,97,1158.00,1245.00,1316.00,A,Post-processed measurement; percentiles P5/P50/P95 as printed; 3D-scan/physical measurement per NZDFAS protocol
nzdfas,reports/nzdfas/56.pdf,107,NZDFAS Navy women,New Zealand,military,Navy,F,2016,other:axilla_height,Axilla height,mm,1230.00,44.00,43,1152.00,1231.00,1300.00,A,Post-processed measurement; percentiles P5/P50/P95 as printed; 3D-scan/physical measurement per NZDFAS protocol
nzdfas,reports/nzdfas/56.pdf,107,NZDFAS all services women,New Zealand,military,Tri-service,F,2016,other:axilla_height,Axilla height,mm,1236.00,50.00,212,1152.00,1239.00,1312.00,A,Post-processed measurement; percentiles P5/P50/P95 as printed; 3D-scan/physical measurement per NZDFAS protocol; pooled Army+Navy+Air Force
nzdfas,reports/nzdfas/56.pdf,109,NZDFAS all services men,New Zealand,military,Tri-service,M,2016,biacromial_breadth,Biacromial breadth,mm,422.00,19.00,790,390.00,422.00,454.00,A,Post-processed measurement; percentiles P5/P50/P95 as printed; 3D-scan/physical measurement per NZDFAS protocol; pooled Army+Navy+Air Force
nzdfas,reports/nzdfas/56.pdf,109,NZDFAS Air Force men,New Zealand,military,Air Force,M,2016,biacromial_breadth,Biacromial breadth,mm,421.00,19.00,216,387.00,421.00,451.00,A,Post-processed measurement; percentiles P5/P50/P95 as printed; 3D-scan/physical measurement per NZDFAS protocol
nzdfas,reports/nzdfas/56.pdf,109,NZDFAS Army men,New Zealand,military,Army,M,2016,biacromial_breadth,Biacromial breadth,mm,423.00,19.00,486,393.00,423.00,454.00,A,Post-processed measurement; percentiles P5/P50/P95 as printed; 3D-scan/physical measurement per NZDFAS protocol
nzdfas,reports/nzdfas/56.pdf,109,NZDFAS Navy men,New Zealand,military,Navy,M,2016,biacromial_breadth,Biacromial breadth,mm,423.00,19.00,88,390.00,425.00,453.00,A,Post-processed measurement; percentiles P5/P50/P95 as printed; 3D-scan/physical measurement per NZDFAS protocol
nzdfas,reports/nzdfas/56.pdf,109,NZDFAS Air Force women,New Zealand,military,Air Force,F,2016,biacromial_breadth,Biacromial breadth,mm,376.00,15.00,72,353.00,376.00,398.00,A,Post-processed measurement; percentiles P5/P50/P95 as printed; 3D-scan/physical measurement per NZDFAS protocol
nzdfas,reports/nzdfas/56.pdf,109,NZDFAS Army women,New Zealand,military,Army,F,2016,biacromial_breadth,Biacromial breadth,mm,378.00,18.00,97,349.00,378.00,405.00,A,Post-processed measurement; percentiles P5/P50/P95 as printed; 3D-scan/physical measurement per NZDFAS protocol
nzdfas,reports/nzdfas/56.pdf,109,NZDFAS Navy women,New Zealand,military,Navy,F,2016,biacromial_breadth,Biacromial breadth,mm,377.00,15.00,43,353.00,377.00,398.00,A,Post-processed measurement; percentiles P5/P50/P95 as printed; 3D-scan/physical measurement per NZDFAS protocol
nzdfas,reports/nzdfas/56.pdf,109,NZDFAS all services women,New Zealand,military,Tri-service,F,2016,biacromial_breadth,Biacromial breadth,mm,377.00,16.00,212,351.00,377.00,404.00,A,Post-processed measurement; percentiles P5/P50/P95 as printed; 3D-scan/physical measurement per NZDFAS protocol; pooled Army+Navy+Air Force
nzdfas,reports/nzdfas/56.pdf,111,NZDFAS all services men,New Zealand,military,Tri-service,M,2016,biceps_circumference_flexed,Bicep girth flexed,mm,359.00,32.00,790,306.00,359.00,415.00,A,Physical measurement; percentiles P5/P50/P95 as printed; 3D-scan/physical measurement per NZDFAS protocol; pooled Army+Navy+Air Force
nzdfas,reports/nzdfas/56.pdf,111,NZDFAS Air Force men,New Zealand,military,Air Force,M,2016,biceps_circumference_flexed,Bicep girth flexed,mm,354.00,31.00,216,304.00,352.00,406.00,A,Physical measurement; percentiles P5/P50/P95 as printed; 3D-scan/physical measurement per NZDFAS protocol
nzdfas,reports/nzdfas/56.pdf,111,NZDFAS Army men,New Zealand,military,Army,M,2016,biceps_circumference_flexed,Bicep girth flexed,mm,361.00,32.00,486,309.00,361.00,416.00,A,Physical measurement; percentiles P5/P50/P95 as printed; 3D-scan/physical measurement per NZDFAS protocol
nzdfas,reports/nzdfas/56.pdf,111,NZDFAS Navy men,New Zealand,military,Navy,M,2016,biceps_circumference_flexed,Bicep girth flexed,mm,364.00,35.00,88,308.00,364.00,431.00,A,Physical measurement; percentiles P5/P50/P95 as printed; 3D-scan/physical measurement per NZDFAS protocol
nzdfas,reports/nzdfas/56.pdf,111,NZDFAS Air Force women,New Zealand,military,Air Force,F,2016,biceps_circumference_flexed,Bicep girth flexed,mm,305.00,30.00,72,266.00,302.00,360.00,A,Physical measurement; percentiles P5/P50/P95 as printed; 3D-scan/physical measurement per NZDFAS protocol
nzdfas,reports/nzdfas/56.pdf,111,NZDFAS Army women,New Zealand,military,Army,F,2016,biceps_circumference_flexed,Bicep girth flexed,mm,315.00,25.00,97,277.00,314.00,356.00,A,Physical measurement; percentiles P5/P50/P95 as printed; 3D-scan/physical measurement per NZDFAS protocol
nzdfas,reports/nzdfas/56.pdf,111,NZDFAS Navy women,New Zealand,military,Navy,F,2016,biceps_circumference_flexed,Bicep girth flexed,mm,310.00,34.00,43,270.00,302.00,379.00,A,Physical measurement; percentiles P5/P50/P95 as printed; 3D-scan/physical measurement per NZDFAS protocol
nzdfas,reports/nzdfas/56.pdf,111,NZDFAS all services women,New Zealand,military,Tri-service,F,2016,biceps_circumference_flexed,Bicep girth flexed,mm,310.00,29.00,212,268.00,307.00,363.00,A,Physical measurement; percentiles P5/P50/P95 as printed; 3D-scan/physical measurement per NZDFAS protocol; pooled Army+Navy+Air Force
nzdfas,reports/nzdfas/56.pdf,113,NZDFAS all services men,New Zealand,military,Tri-service,M,2016,bideltoid_breadth,Bideltoid breadth sitting,mm,510.00,29.00,790,464.00,511.00,560.00,A,Post-processed measurement; percentiles P5/P50/P95 as printed; 3D-scan/physical measurement per NZDFAS protocol; pooled Army+Navy+Air Force
nzdfas,reports/nzdfas/56.pdf,113,NZDFAS Air Force men,New Zealand,military,Air Force,M,2016,bideltoid_breadth,Bideltoid breadth sitting,mm,504.00,29.00,216,462.00,504.00,557.00,A,Post-processed measurement; percentiles P5/P50/P95 as printed; 3D-scan/physical measurement per NZDFAS protocol
nzdfas,reports/nzdfas/56.pdf,113,NZDFAS Army men,New Zealand,military,Army,M,2016,bideltoid_breadth,Bideltoid breadth sitting,mm,511.00,28.00,486,465.00,512.00,557.00,A,Post-processed measurement; percentiles P5/P50/P95 as printed; 3D-scan/physical measurement per NZDFAS protocol
nzdfas,reports/nzdfas/56.pdf,113,NZDFAS Navy men,New Zealand,military,Navy,M,2016,bideltoid_breadth,Bideltoid breadth sitting,mm,517.00,33.00,88,471.00,516.00,576.00,A,Post-processed measurement; percentiles P5/P50/P95 as printed; 3D-scan/physical measurement per NZDFAS protocol
nzdfas,reports/nzdfas/56.pdf,113,NZDFAS Air Force women,New Zealand,military,Air Force,F,2016,bideltoid_breadth,Bideltoid breadth sitting,mm,448.00,26.00,72,410.00,447.00,488.00,A,Post-processed measurement; percentiles P5/P50/P95 as printed; 3D-scan/physical measurement per NZDFAS protocol
nzdfas,reports/nzdfas/56.pdf,113,NZDFAS Army women,New Zealand,military,Army,F,2016,bideltoid_breadth,Bideltoid breadth sitting,mm,459.00,31.00,97,414.00,457.00,507.00,A,Post-processed measurement; percentiles P5/P50/P95 as printed; 3D-scan/physical measurement per NZDFAS protocol
nzdfas,reports/nzdfas/56.pdf,113,NZDFAS Navy women,New Zealand,military,Navy,F,2016,bideltoid_breadth,Bideltoid breadth sitting,mm,461.00,36.00,43,425.00,453.00,549.00,A,Post-processed measurement; percentiles P5/P50/P95 as printed; 3D-scan/physical measurement per NZDFAS protocol
nzdfas,reports/nzdfas/56.pdf,113,NZDFAS all services women,New Zealand,military,Tri-service,F,2016,bideltoid_breadth,Bideltoid breadth sitting,mm,456.00,31.00,212,412.00,452.00,507.00,A,Post-processed measurement; percentiles P5/P50/P95 as printed; 3D-scan/physical measurement per NZDFAS protocol; pooled Army+Navy+Air Force
nzdfas,reports/nzdfas/56.pdf,115,NZDFAS all services men,New Zealand,military,Tri-service,M,2016,other:bitragion_mandibular_arc,Bitragion mandibular arc,mm,305.00,17.00,790,275.00,304.00,333.00,A,Physical measurement; percentiles P5/P50/P95 as printed; 3D-scan/physical measurement per NZDFAS protocol; pooled Army+Navy+Air Force
nzdfas,reports/nzdfas/56.pdf,115,NZDFAS Air Force men,New Zealand,military,Air Force,M,2016,other:bitragion_mandibular_arc,Bitragion mandibular arc,mm,303.00,17.00,216,275.00,301.00,330.00,A,Physical measurement; percentiles P5/P50/P95 as printed; 3D-scan/physical measurement per NZDFAS protocol
nzdfas,reports/nzdfas/56.pdf,115,NZDFAS Army men,New Zealand,military,Army,M,2016,other:bitragion_mandibular_arc,Bitragion mandibular arc,mm,304.00,17.00,486,275.00,304.00,330.00,A,Physical measurement; percentiles P5/P50/P95 as printed; 3D-scan/physical measurement per NZDFAS protocol
nzdfas,reports/nzdfas/56.pdf,115,NZDFAS Navy men,New Zealand,military,Navy,M,2016,other:bitragion_mandibular_arc,Bitragion mandibular arc,mm,313.00,18.00,88,286.00,310.00,346.00,A,Physical measurement; percentiles P5/P50/P95 as printed; 3D-scan/physical measurement per NZDFAS protocol
nzdfas,reports/nzdfas/56.pdf,115,NZDFAS Air Force women,New Zealand,military,Air Force,F,2016,other:bitragion_mandibular_arc,Bitragion mandibular arc,mm,270.00,12.00,72,251.00,270.00,290.00,A,Physical measurement; percentiles P5/P50/P95 as printed; 3D-scan/physical measurement per NZDFAS protocol
nzdfas,reports/nzdfas/56.pdf,115,NZDFAS Army women,New Zealand,military,Army,F,2016,other:bitragion_mandibular_arc,Bitragion mandibular arc,mm,276.00,14.00,97,252.00,275.00,300.00,A,Physical measurement; percentiles P5/P50/P95 as printed; 3D-scan/physical measurement per NZDFAS protocol
nzdfas,reports/nzdfas/56.pdf,115,NZDFAS Navy women,New Zealand,military,Navy,F,2016,other:bitragion_mandibular_arc,Bitragion mandibular arc,mm,283.00,15.00,43,259.00,284.00,311.00,A,Physical measurement; percentiles P5/P50/P95 as printed; 3D-scan/physical measurement per NZDFAS protocol
nzdfas,reports/nzdfas/56.pdf,115,NZDFAS all services women,New Zealand,military,Tri-service,F,2016,other:bitragion_mandibular_arc,Bitragion mandibular arc,mm,276.00,14.00,212,252.00,275.00,301.00,A,Physical measurement; percentiles P5/P50/P95 as printed; 3D-scan/physical measurement per NZDFAS protocol; pooled Army+Navy+Air Force
nzdfas,reports/nzdfas/56.pdf,117,NZDFAS all services men,New Zealand,military,Tri-service,M,2016,bizygomatic_breadth,Bizygomatic breadth,mm,131.00,8.00,790,120.00,131.00,145.00,A,Physical measurement; percentiles P5/P50/P95 as printed; 3D-scan/physical measurement per NZDFAS protocol; pooled Army+Navy+Air Force
nzdfas,reports/nzdfas/56.pdf,117,NZDFAS Air Force men,New Zealand,military,Air Force,M,2016,bizygomatic_breadth,Bizygomatic breadth,mm,134.00,8.00,216,122.00,134.00,148.00,A,Physical measurement; percentiles P5/P50/P95 as printed; 3D-scan/physical measurement per NZDFAS protocol
nzdfas,reports/nzdfas/56.pdf,117,NZDFAS Army men,New Zealand,military,Army,M,2016,bizygomatic_breadth,Bizygomatic breadth,mm,130.00,8.00,486,118.00,130.00,144.00,A,Physical measurement; percentiles P5/P50/P95 as printed; 3D-scan/physical measurement per NZDFAS protocol
nzdfas,reports/nzdfas/56.pdf,117,NZDFAS Navy men,New Zealand,military,Navy,M,2016,bizygomatic_breadth,Bizygomatic breadth,mm,132.00,8.00,88,121.00,132.00,147.00,A,Physical measurement; percentiles P5/P50/P95 as printed; 3D-scan/physical measurement per NZDFAS protocol
nzdfas,reports/nzdfas/56.pdf,117,NZDFAS Air Force women,New Zealand,military,Air Force,F,2016,bizygomatic_breadth,Bizygomatic breadth,mm,127.00,7.00,72,114.00,125.00,138.00,A,Physical measurement; percentiles P5/P50/P95 as printed; 3D-scan/physical measurement per NZDFAS protocol
nzdfas,reports/nzdfas/56.pdf,117,NZDFAS Army women,New Zealand,military,Army,F,2016,bizygomatic_breadth,Bizygomatic breadth,mm,124.00,7.00,97,114.00,124.00,138.00,A,Physical measurement; percentiles P5/P50/P95 as printed; 3D-scan/physical measurement per NZDFAS protocol
nzdfas,reports/nzdfas/56.pdf,117,NZDFAS Navy women,New Zealand,military,Navy,F,2016,bizygomatic_breadth,Bizygomatic breadth,mm,125.00,7.00,43,115.00,125.00,136.00,A,Physical measurement; percentiles P5/P50/P95 as printed; 3D-scan/physical measurement per NZDFAS protocol
nzdfas,reports/nzdfas/56.pdf,117,NZDFAS all services women,New Zealand,military,Tri-service,F,2016,bizygomatic_breadth,Bizygomatic breadth,mm,125.00,7.00,212,114.00,125.00,138.00,A,Physical measurement; percentiles P5/P50/P95 as printed; 3D-scan/physical measurement per NZDFAS protocol; pooled Army+Navy+Air Force
nzdfas,reports/nzdfas/56.pdf,119,NZDFAS all services men,New Zealand,military,Tri-service,M,2016,stature,Body height,mm,1786.00,65.00,790,1683.00,1785.00,1897.00,A,Automatic measurement; percentiles P5/P50/P95 as printed; 3D-scan/physical measurement per NZDFAS protocol; pooled Army+Navy+Air Force
nzdfas,reports/nzdfas/56.pdf,119,NZDFAS Air Force men,New Zealand,military,Air Force,M,2016,stature,Body height,mm,1794.00,67.00,216,1691.00,1793.00,1918.00,A,Automatic measurement; percentiles P5/P50/P95 as printed; 3D-scan/physical measurement per NZDFAS protocol
nzdfas,reports/nzdfas/56.pdf,119,NZDFAS Army men,New Zealand,military,Army,M,2016,stature,Body height,mm,1783.00,66.00,486,1676.00,1785.00,1891.00,A,Automatic measurement; percentiles P5/P50/P95 as printed; 3D-scan/physical measurement per NZDFAS protocol
nzdfas,reports/nzdfas/56.pdf,119,NZDFAS Navy men,New Zealand,military,Navy,M,2016,stature,Body height,mm,1784.00,56.00,88,1706.00,1782.00,1876.00,A,Automatic measurement; percentiles P5/P50/P95 as printed; 3D-scan/physical measurement per NZDFAS protocol
nzdfas,reports/nzdfas/56.pdf,119,NZDFAS Air Force women,New Zealand,military,Air Force,F,2016,stature,Body height,mm,1671.00,57.00,72,1597.00,1674.00,1789.00,A,Automatic measurement; percentiles P5/P50/P95 as printed; 3D-scan/physical measurement per NZDFAS protocol
nzdfas,reports/nzdfas/56.pdf,119,NZDFAS Army women,New Zealand,military,Army,F,2016,stature,Body height,mm,1675.00,56.00,97,1592.00,1674.00,1763.00,A,Automatic measurement; percentiles P5/P50/P95 as printed; 3D-scan/physical measurement per NZDFAS protocol
nzdfas,reports/nzdfas/56.pdf,119,NZDFAS Navy women,New Zealand,military,Navy,F,2016,stature,Body height,mm,1661.00,53.00,43,1580.00,1666.00,1753.00,A,Automatic measurement; percentiles P5/P50/P95 as printed; 3D-scan/physical measurement per NZDFAS protocol
nzdfas,reports/nzdfas/56.pdf,119,NZDFAS all services women,New Zealand,military,Tri-service,F,2016,stature,Body height,mm,1671.00,55.00,212,1587.00,1674.00,1762.00,A,Automatic measurement; percentiles P5/P50/P95 as printed; 3D-scan/physical measurement per NZDFAS protocol; pooled Army+Navy+Air Force
nzdfas,reports/nzdfas/56.pdf,121,NZDFAS all services men,New Zealand,military,Tri-service,M,2016,other:breast_height,Breast height,mm,1303.00,54.00,790,1213.00,1303.00,1393.00,A,Automatic measurement; percentiles P5/P50/P95 as printed; 3D-scan/physical measurement per NZDFAS protocol; pooled Army+Navy+Air Force
nzdfas,reports/nzdfas/56.pdf,121,NZDFAS Air Force men,New Zealand,military,Air Force,M,2016,other:breast_height,Breast height,mm,1309.00,55.00,216,1231.00,1310.00,1409.00,A,Automatic measurement; percentiles P5/P50/P95 as printed; 3D-scan/physical measurement per NZDFAS protocol
nzdfas,reports/nzdfas/56.pdf,121,NZDFAS Army men,New Zealand,military,Army,M,2016,other:breast_height,Breast height,mm,1300.00,55.00,486,1206.00,1300.00,1390.00,A,Automatic measurement; percentiles P5/P50/P95 as printed; 3D-scan/physical measurement per NZDFAS protocol
nzdfas,reports/nzdfas/56.pdf,121,NZDFAS Navy men,New Zealand,military,Navy,M,2016,other:breast_height,Breast height,mm,1302.00,50.00,88,1227.00,1298.00,1384.00,A,Automatic measurement; percentiles P5/P50/P95 as printed; 3D-scan/physical measurement per NZDFAS protocol
nzdfas,reports/nzdfas/56.pdf,121,NZDFAS Air Force women,New Zealand,military,Air Force,F,2016,other:breast_height,Breast height,mm,1203.00,48.00,72,1131.00,1205.00,1290.00,A,Automatic measurement; percentiles P5/P50/P95 as printed; 3D-scan/physical measurement per NZDFAS protocol
nzdfas,reports/nzdfas/56.pdf,121,NZDFAS Army women,New Zealand,military,Army,F,2016,other:breast_height,Breast height,mm,1212.00,50.00,97,1137.00,1209.00,1299.00,A,Automatic measurement; percentiles P5/P50/P95 as printed; 3D-scan/physical measurement per NZDFAS protocol
nzdfas,reports/nzdfas/56.pdf,121,NZDFAS Navy women,New Zealand,military,Navy,F,2016,other:breast_height,Breast height,mm,1192.00,48.00,43,1123.00,1195.00,1266.00,A,Automatic measurement; percentiles P5/P50/P95 as printed; 3D-scan/physical measurement per NZDFAS protocol
nzdfas,reports/nzdfas/56.pdf,121,NZDFAS all services women,New Zealand,military,Tri-service,F,2016,other:breast_height,Breast height,mm,1205.00,49.00,212,1130.00,1206.00,1294.00,A,Automatic measurement; percentiles P5/P50/P95 as printed; 3D-scan/physical measurement per NZDFAS protocol; pooled Army+Navy+Air Force
nzdfas,reports/nzdfas/56.pdf,123,NZDFAS all services men,New Zealand,military,Tri-service,M,2016,chest_circumference,Bust chest girth,mm,1054.00,83.00,790,925.00,1048.00,1196.00,A,Automatic measurement; percentiles P5/P50/P95 as printed; 3D-scan/physical measurement per NZDFAS protocol; pooled Army+Navy+Air Force
nzdfas,reports/nzdfas/56.pdf,123,NZDFAS Air Force men,New Zealand,military,Air Force,M,2016,chest_circumference,Bust chest girth,mm,1049.00,91.00,216,920.00,1038.00,1203.00,A,Automatic measurement; percentiles P5/P50/P95 as printed; 3D-scan/physical measurement per NZDFAS protocol
nzdfas,reports/nzdfas/56.pdf,123,NZDFAS Army men,New Zealand,military,Army,M,2016,chest_circumference,Bust chest girth,mm,1053.00,79.00,486,928.00,1048.00,1180.00,A,Automatic measurement; percentiles P5/P50/P95 as printed; 3D-scan/physical measurement per NZDFAS protocol
nzdfas,reports/nzdfas/56.pdf,123,NZDFAS Navy men,New Zealand,military,Navy,M,2016,chest_circumference,Bust chest girth,mm,1075.00,89.00,88,948.00,1070.00,1228.00,A,Automatic measurement; percentiles P5/P50/P95 as printed; 3D-scan/physical measurement per NZDFAS protocol
nzdfas,reports/nzdfas/56.pdf,123,NZDFAS Air Force women,New Zealand,military,Air Force,F,2016,chest_circumference,Bust chest girth,mm,947.00,79.00,72,848.00,928.00,1085.00,A,Automatic measurement; percentiles P5/P50/P95 as printed; 3D-scan/physical measurement per NZDFAS protocol
nzdfas,reports/nzdfas/56.pdf,123,NZDFAS Army women,New Zealand,military,Army,F,2016,chest_circumference,Bust chest girth,mm,964.00,73.00,97,853.00,963.00,1071.00,A,Automatic measurement; percentiles P5/P50/P95 as printed; 3D-scan/physical measurement per NZDFAS protocol
nzdfas,reports/nzdfas/56.pdf,123,NZDFAS Navy women,New Zealand,military,Navy,F,2016,chest_circumference,Bust chest girth,mm,967.00,86.00,43,857.00,958.00,1095.00,A,Automatic measurement; percentiles P5/P50/P95 as printed; 3D-scan/physical measurement per NZDFAS protocol
nzdfas,reports/nzdfas/56.pdf,123,NZDFAS all services women,New Zealand,military,Tri-service,F,2016,chest_circumference,Bust chest girth,mm,959.00,78.00,212,850.00,954.00,1085.00,A,Automatic measurement; percentiles P5/P50/P95 as printed; 3D-scan/physical measurement per NZDFAS protocol; pooled Army+Navy+Air Force
nzdfas,reports/nzdfas/56.pdf,125,NZDFAS all services men,New Zealand,military,Tri-service,M,2016,other:buttock_depth,Buttock depth,mm,284.00,25.00,790,247.00,281.00,326.00,A,Post-processed measurement; percentiles P5/P50/P95 as printed; 3D-scan/physical measurement per NZDFAS protocol; pooled Army+Navy+Air Force
nzdfas,reports/nzdfas/56.pdf,125,NZDFAS Air Force men,New Zealand,military,Air Force,M,2016,other:buttock_depth,Buttock depth,mm,284.00,27.00,216,248.00,279.00,330.00,A,Post-processed measurement; percentiles P5/P50/P95 as printed; 3D-scan/physical measurement per NZDFAS protocol
nzdfas,reports/nzdfas/56.pdf,125,NZDFAS Army men,New Zealand,military,Army,M,2016,other:buttock_depth,Buttock depth,mm,284.00,24.00,486,248.00,282.00,322.00,A,Post-processed measurement; percentiles P5/P50/P95 as printed; 3D-scan/physical measurement per NZDFAS protocol
nzdfas,reports/nzdfas/56.pdf,125,NZDFAS Navy men,New Zealand,military,Navy,M,2016,other:buttock_depth,Buttock depth,mm,284.00,28.00,88,244.00,280.00,340.00,A,Post-processed measurement; percentiles P5/P50/P95 as printed; 3D-scan/physical measurement per NZDFAS protocol
nzdfas,reports/nzdfas/56.pdf,125,NZDFAS Air Force women,New Zealand,military,Air Force,F,2016,other:buttock_depth,Buttock depth,mm,264.00,23.00,72,230.00,262.00,305.00,A,Post-processed measurement; percentiles P5/P50/P95 as printed; 3D-scan/physical measurement per NZDFAS protocol
nzdfas,reports/nzdfas/56.pdf,125,NZDFAS Army women,New Zealand,military,Army,F,2016,other:buttock_depth,Buttock depth,mm,267.00,23.00,97,233.00,265.00,309.00,A,Post-processed measurement; percentiles P5/P50/P95 as printed; 3D-scan/physical measurement per NZDFAS protocol
nzdfas,reports/nzdfas/56.pdf,125,NZDFAS Navy women,New Zealand,military,Navy,F,2016,other:buttock_depth,Buttock depth,mm,262.00,27.00,43,230.00,257.00,313.00,A,Post-processed measurement; percentiles P5/P50/P95 as printed; 3D-scan/physical measurement per NZDFAS protocol
nzdfas,reports/nzdfas/56.pdf,125,NZDFAS all services women,New Zealand,military,Tri-service,F,2016,other:buttock_depth,Buttock depth,mm,265.00,24.00,212,231.00,263.00,309.00,A,Post-processed measurement; percentiles P5/P50/P95 as printed; 3D-scan/physical measurement per NZDFAS protocol; pooled Army+Navy+Air Force
nzdfas,reports/nzdfas/56.pdf,127,NZDFAS all services men,New Zealand,military,Tri-service,M,2016,buttock_circumference,Buttocks girth,mm,1051.00,72.00,790,948.00,1045.00,1175.00,A,Automatic measurement; percentiles P5/P50/P95 as printed; 3D-scan/physical measurement per NZDFAS protocol; pooled Army+Navy+Air Force
nzdfas,reports/nzdfas/56.pdf,127,NZDFAS Air Force men,New Zealand,military,Air Force,M,2016,buttock_circumference,Buttocks girth,mm,1043.00,74.00,216,945.00,1031.00,1155.00,A,Automatic measurement; percentiles P5/P50/P95 as printed; 3D-scan/physical measurement per NZDFAS protocol
nzdfas,reports/nzdfas/56.pdf,127,NZDFAS Army men,New Zealand,military,Army,M,2016,buttock_circumference,Buttocks girth,mm,1054.00,70.00,486,949.00,1050.00,1178.00,A,Automatic measurement; percentiles P5/P50/P95 as printed; 3D-scan/physical measurement per NZDFAS protocol
nzdfas,reports/nzdfas/56.pdf,127,NZDFAS Navy men,New Zealand,military,Navy,M,2016,buttock_circumference,Buttocks girth,mm,1052.00,77.00,88,949.00,1033.00,1188.00,A,Automatic measurement; percentiles P5/P50/P95 as printed; 3D-scan/physical measurement per NZDFAS protocol
nzdfas,reports/nzdfas/56.pdf,127,NZDFAS Air Force women,New Zealand,military,Air Force,F,2016,buttock_circumference,Buttocks girth,mm,1037.00,73.00,72,928.00,1023.00,1176.00,A,Automatic measurement; percentiles P5/P50/P95 as printed; 3D-scan/physical measurement per NZDFAS protocol
nzdfas,reports/nzdfas/56.pdf,127,NZDFAS Army women,New Zealand,military,Army,F,2016,buttock_circumference,Buttocks girth,mm,1050.00,62.00,97,960.00,1042.00,1162.00,A,Automatic measurement; percentiles P5/P50/P95 as printed; 3D-scan/physical measurement per NZDFAS protocol
nzdfas,reports/nzdfas/56.pdf,127,NZDFAS Navy women,New Zealand,military,Navy,F,2016,buttock_circumference,Buttocks girth,mm,1044.00,75.00,43,954.00,1022.00,1186.00,A,Automatic measurement; percentiles P5/P50/P95 as printed; 3D-scan/physical measurement per NZDFAS protocol
nzdfas,reports/nzdfas/56.pdf,127,NZDFAS all services women,New Zealand,military,Tri-service,F,2016,buttock_circumference,Buttocks girth,mm,1045.00,69.00,212,948.00,1035.00,1174.00,A,Automatic measurement; percentiles P5/P50/P95 as printed; 3D-scan/physical measurement per NZDFAS protocol; pooled Army+Navy+Air Force
nzdfas,reports/nzdfas/56.pdf,129,NZDFAS all services men,New Zealand,military,Tri-service,M,2016,other:buttock_heel_length,Buttock-heel length,mm,1069.00,49.00,790,992.00,1069.00,1149.00,A,Physical measurement; percentiles P5/P50/P95 as printed; 3D-scan/physical measurement per NZDFAS protocol; pooled Army+Navy+Air Force
nzdfas,reports/nzdfas/56.pdf,129,NZDFAS Air Force men,New Zealand,military,Air Force,M,2016,other:buttock_heel_length,Buttock-heel length,mm,1076.00,51.00,216,998.00,1071.00,1170.00,A,Physical measurement; percentiles P5/P50/P95 as printed; 3D-scan/physical measurement per NZDFAS protocol
nzdfas,reports/nzdfas/56.pdf,129,NZDFAS Army men,New Zealand,military,Army,M,2016,other:buttock_heel_length,Buttock-heel length,mm,1066.00,48.00,486,990.00,1067.00,1142.00,A,Physical measurement; percentiles P5/P50/P95 as printed; 3D-scan/physical measurement per NZDFAS protocol
nzdfas,reports/nzdfas/56.pdf,129,NZDFAS Navy men,New Zealand,military,Navy,M,2016,other:buttock_heel_length,Buttock-heel length,mm,1071.00,48.00,88,1001.00,1073.00,1159.00,A,Physical measurement; percentiles P5/P50/P95 as printed; 3D-scan/physical measurement per NZDFAS protocol
nzdfas,reports/nzdfas/56.pdf,129,NZDFAS Air Force women,New Zealand,military,Air Force,F,2016,other:buttock_heel_length,Buttock-heel length,mm,1000.00,39.00,72,940.00,1001.00,1064.00,A,Physical measurement; percentiles P5/P50/P95 as printed; 3D-scan/physical measurement per NZDFAS protocol
nzdfas,reports/nzdfas/56.pdf,129,NZDFAS Army women,New Zealand,military,Army,F,2016,other:buttock_heel_length,Buttock-heel length,mm,1005.00,46.00,97,926.00,1010.00,1084.00,A,Physical measurement; percentiles P5/P50/P95 as printed; 3D-scan/physical measurement per NZDFAS protocol
nzdfas,reports/nzdfas/56.pdf,129,NZDFAS Navy women,New Zealand,military,Navy,F,2016,other:buttock_heel_length,Buttock-heel length,mm,995.00,40.00,43,926.00,998.00,1056.00,A,Physical measurement; percentiles P5/P50/P95 as printed; 3D-scan/physical measurement per NZDFAS protocol
nzdfas,reports/nzdfas/56.pdf,129,NZDFAS all services women,New Zealand,military,Tri-service,F,2016,other:buttock_heel_length,Buttock-heel length,mm,1001.00,43.00,212,927.00,1002.00,1074.00,A,Physical measurement; percentiles P5/P50/P95 as printed; 3D-scan/physical measurement per NZDFAS protocol; pooled Army+Navy+Air Force
nzdfas,reports/nzdfas/56.pdf,131,NZDFAS all services men,New Zealand,military,Tri-service,M,2016,other:buttock_height,Buttock height,mm,904.00,46.00,790,831.00,904.00,982.00,A,Automatic measurement; percentiles P5/P50/P95 as printed; 3D-scan/physical measurement per NZDFAS protocol; pooled Army+Navy+Air Force
nzdfas,reports/nzdfas/56.pdf,131,NZDFAS Air Force men,New Zealand,military,Air Force,M,2016,other:buttock_height,Buttock height,mm,910.00,47.00,216,838.00,907.00,990.00,A,Automatic measurement; percentiles P5/P50/P95 as printed; 3D-scan/physical measurement per NZDFAS protocol
nzdfas,reports/nzdfas/56.pdf,131,NZDFAS Army men,New Zealand,military,Army,M,2016,other:buttock_height,Buttock height,mm,900.00,46.00,486,828.00,898.00,976.00,A,Automatic measurement; percentiles P5/P50/P95 as printed; 3D-scan/physical measurement per NZDFAS protocol
nzdfas,reports/nzdfas/56.pdf,131,NZDFAS Navy men,New Zealand,military,Navy,M,2016,other:buttock_height,Buttock height,mm,909.00,44.00,88,849.00,908.00,983.00,A,Automatic measurement; percentiles P5/P50/P95 as printed; 3D-scan/physical measurement per NZDFAS protocol
nzdfas,reports/nzdfas/56.pdf,131,NZDFAS Air Force women,New Zealand,military,Air Force,F,2016,other:buttock_height,Buttock height,mm,840.00,36.00,72,788.00,838.00,906.00,A,Automatic measurement; percentiles P5/P50/P95 as printed; 3D-scan/physical measurement per NZDFAS protocol
nzdfas,reports/nzdfas/56.pdf,131,NZDFAS Army women,New Zealand,military,Army,F,2016,other:buttock_height,Buttock height,mm,841.00,39.00,97,777.00,842.00,913.00,A,Automatic measurement; percentiles P5/P50/P95 as printed; 3D-scan/physical measurement per NZDFAS protocol
nzdfas,reports/nzdfas/56.pdf,131,NZDFAS Navy women,New Zealand,military,Navy,F,2016,other:buttock_height,Buttock height,mm,832.00,33.00,43,783.00,832.00,884.00,A,Automatic measurement; percentiles P5/P50/P95 as printed; 3D-scan/physical measurement per NZDFAS protocol
nzdfas,reports/nzdfas/56.pdf,131,NZDFAS all services women,New Zealand,military,Tri-service,F,2016,other:buttock_height,Buttock height,mm,839.00,37.00,212,781.00,838.00,909.00,A,Automatic measurement; percentiles P5/P50/P95 as printed; 3D-scan/physical measurement per NZDFAS protocol; pooled Army+Navy+Air Force
nzdfas,reports/nzdfas/56.pdf,133,NZDFAS all services men,New Zealand,military,Tri-service,M,2016,buttock_knee_length,Buttock-knee length sitting,mm,626.00,30.00,790,580.00,627.00,674.00,A,Post-processed measurement; percentiles P5/P50/P95 as printed; 3D-scan/physical measurement per NZDFAS protocol; pooled Army+Navy+Air Force
nzdfas,reports/nzdfas/56.pdf,133,NZDFAS Air Force men,New Zealand,military,Air Force,M,2016,buttock_knee_length,Buttock-knee length sitting,mm,629.00,32.00,216,579.00,631.00,680.00,A,Post-processed measurement; percentiles P5/P50/P95 as printed; 3D-scan/physical measurement per NZDFAS protocol
nzdfas,reports/nzdfas/56.pdf,133,NZDFAS Army men,New Zealand,military,Army,M,2016,buttock_knee_length,Buttock-knee length sitting,mm,624.00,29.00,486,578.00,626.00,672.00,A,Post-processed measurement; percentiles P5/P50/P95 as printed; 3D-scan/physical measurement per NZDFAS protocol
nzdfas,reports/nzdfas/56.pdf,133,NZDFAS Navy men,New Zealand,military,Navy,M,2016,buttock_knee_length,Buttock-knee length sitting,mm,631.00,29.00,88,588.00,629.00,672.00,A,Post-processed measurement; percentiles P5/P50/P95 as printed; 3D-scan/physical measurement per NZDFAS protocol
nzdfas,reports/nzdfas/56.pdf,133,NZDFAS Air Force women,New Zealand,military,Air Force,F,2016,buttock_knee_length,Buttock-knee length sitting,mm,599.00,23.00,72,565.00,598.00,638.00,A,Post-processed measurement; percentiles P5/P50/P95 as printed; 3D-scan/physical measurement per NZDFAS protocol
nzdfas,reports/nzdfas/56.pdf,133,NZDFAS Army women,New Zealand,military,Army,F,2016,buttock_knee_length,Buttock-knee length sitting,mm,598.00,26.00,97,550.00,599.00,637.00,A,Post-processed measurement; percentiles P5/P50/P95 as printed; 3D-scan/physical measurement per NZDFAS protocol
nzdfas,reports/nzdfas/56.pdf,133,NZDFAS Navy women,New Zealand,military,Navy,F,2016,buttock_knee_length,Buttock-knee length sitting,mm,602.00,24.00,43,567.00,604.00,637.00,A,Post-processed measurement; percentiles P5/P50/P95 as printed; 3D-scan/physical measurement per NZDFAS protocol
nzdfas,reports/nzdfas/56.pdf,133,NZDFAS all services women,New Zealand,military,Tri-service,F,2016,buttock_knee_length,Buttock-knee length sitting,mm,599.00,25.00,212,556.00,599.00,637.00,A,Post-processed measurement; percentiles P5/P50/P95 as printed; 3D-scan/physical measurement per NZDFAS protocol; pooled Army+Navy+Air Force
nzdfas,reports/nzdfas/56.pdf,135,NZDFAS all services men,New Zealand,military,Tri-service,M,2016,buttock_popliteal_length,Buttock-popliteal length sitting,mm,522.00,26.00,790,480.00,521.00,566.00,A,Post-processed measurement; percentiles P5/P50/P95 as printed; 3D-scan/physical measurement per NZDFAS protocol; pooled Army+Navy+Air Force
nzdfas,reports/nzdfas/56.pdf,135,NZDFAS Air Force men,New Zealand,military,Air Force,M,2016,buttock_popliteal_length,Buttock-popliteal length sitting,mm,524.00,27.00,216,481.00,522.00,575.00,A,Post-processed measurement; percentiles P5/P50/P95 as printed; 3D-scan/physical measurement per NZDFAS protocol
nzdfas,reports/nzdfas/56.pdf,135,NZDFAS Army men,New Zealand,military,Army,M,2016,buttock_popliteal_length,Buttock-popliteal length sitting,mm,519.00,25.00,486,480.00,518.00,560.00,A,Post-processed measurement; percentiles P5/P50/P95 as printed; 3D-scan/physical measurement per NZDFAS protocol
nzdfas,reports/nzdfas/56.pdf,135,NZDFAS Navy men,New Zealand,military,Navy,M,2016,buttock_popliteal_length,Buttock-popliteal length sitting,mm,533.00,24.00,88,497.00,532.00,576.00,A,Post-processed measurement; percentiles P5/P50/P95 as printed; 3D-scan/physical measurement per NZDFAS protocol
nzdfas,reports/nzdfas/56.pdf,135,NZDFAS Air Force women,New Zealand,military,Air Force,F,2016,buttock_popliteal_length,Buttock-popliteal length sitting,mm,502.00,28.00,72,456.00,505.00,543.00,A,Post-processed measurement; percentiles P5/P50/P95 as printed; 3D-scan/physical measurement per NZDFAS protocol
nzdfas,reports/nzdfas/56.pdf,135,NZDFAS Army women,New Zealand,military,Army,F,2016,buttock_popliteal_length,Buttock-popliteal length sitting,mm,501.00,23.00,97,462.00,505.00,538.00,A,Post-processed measurement; percentiles P5/P50/P95 as printed; 3D-scan/physical measurement per NZDFAS protocol
nzdfas,reports/nzdfas/56.pdf,135,NZDFAS Navy women,New Zealand,military,Navy,F,2016,buttock_popliteal_length,Buttock-popliteal length sitting,mm,516.00,24.00,43,477.00,516.00,555.00,A,Post-processed measurement; percentiles P5/P50/P95 as printed; 3D-scan/physical measurement per NZDFAS protocol
nzdfas,reports/nzdfas/56.pdf,135,NZDFAS all services women,New Zealand,military,Tri-service,F,2016,buttock_popliteal_length,Buttock-popliteal length sitting,mm,504.00,25.00,212,463.00,507.00,544.00,A,Post-processed measurement; percentiles P5/P50/P95 as printed; 3D-scan/physical measurement per NZDFAS protocol; pooled Army+Navy+Air Force
nzdfas,reports/nzdfas/56.pdf,137,NZDFAS all services men,New Zealand,military,Tri-service,M,2016,calf_circumference,Calf girth,mm,391.00,27.00,790,350.00,390.00,438.00,A,Automatic measurement; percentiles P5/P50/P95 as printed; 3D-scan/physical measurement per NZDFAS protocol; pooled Army+Navy+Air Force
nzdfas,reports/nzdfas/56.pdf,137,NZDFAS Air Force men,New Zealand,military,Air Force,M,2016,calf_circumference,Calf girth,mm,389.00,27.00,216,349.00,388.00,439.00,A,Automatic measurement; percentiles P5/P50/P95 as printed; 3D-scan/physical measurement per NZDFAS protocol
nzdfas,reports/nzdfas/56.pdf,137,NZDFAS Army men,New Zealand,military,Army,M,2016,calf_circumference,Calf girth,mm,391.00,26.00,486,349.00,390.00,437.00,A,Automatic measurement; percentiles P5/P50/P95 as printed; 3D-scan/physical measurement per NZDFAS protocol
nzdfas,reports/nzdfas/56.pdf,137,NZDFAS Navy men,New Zealand,military,Navy,M,2016,calf_circumference,Calf girth,mm,398.00,25.00,88,359.00,395.00,437.00,A,Automatic measurement; percentiles P5/P50/P95 as printed; 3D-scan/physical measurement per NZDFAS protocol
nzdfas,reports/nzdfas/56.pdf,137,NZDFAS Air Force women,New Zealand,military,Air Force,F,2016,calf_circumference,Calf girth,mm,374.00,23.00,72,339.00,371.00,416.00,A,Automatic measurement; percentiles P5/P50/P95 as printed; 3D-scan/physical measurement per NZDFAS protocol
nzdfas,reports/nzdfas/56.pdf,137,NZDFAS Army women,New Zealand,military,Army,F,2016,calf_circumference,Calf girth,mm,377.00,25.00,97,338.00,374.00,424.00,A,Automatic measurement; percentiles P5/P50/P95 as printed; 3D-scan/physical measurement per NZDFAS protocol
nzdfas,reports/nzdfas/56.pdf,137,NZDFAS Navy women,New Zealand,military,Navy,F,2016,calf_circumference,Calf girth,mm,380.00,25.00,43,335.00,381.00,415.00,A,Automatic measurement; percentiles P5/P50/P95 as printed; 3D-scan/physical measurement per NZDFAS protocol
nzdfas,reports/nzdfas/56.pdf,137,NZDFAS all services women,New Zealand,military,Tri-service,F,2016,calf_circumference,Calf girth,mm,377.00,24.00,212,338.00,375.00,418.00,A,Automatic measurement; percentiles P5/P50/P95 as printed; 3D-scan/physical measurement per NZDFAS protocol; pooled Army+Navy+Air Force
nzdfas,reports/nzdfas/56.pdf,139,NZDFAS all services men,New Zealand,military,Tri-service,M,2016,other:cervicale_height_sitting,Cervicale height sitting,mm,690.00,29.00,790,644.00,690.00,738.00,A,Post-processed measurement; percentiles P5/P50/P95 as printed; 3D-scan/physical measurement per NZDFAS protocol; pooled Army+Navy+Air Force
nzdfas,reports/nzdfas/56.pdf,139,NZDFAS Air Force men,New Zealand,military,Air Force,M,2016,other:cervicale_height_sitting,Cervicale height sitting,mm,693.00,29.00,216,646.00,693.00,745.00,A,Post-processed measurement; percentiles P5/P50/P95 as printed; 3D-scan/physical measurement per NZDFAS protocol
nzdfas,reports/nzdfas/56.pdf,139,NZDFAS Army men,New Zealand,military,Army,M,2016,other:cervicale_height_sitting,Cervicale height sitting,mm,689.00,29.00,486,642.00,689.00,737.00,A,Post-processed measurement; percentiles P5/P50/P95 as printed; 3D-scan/physical measurement per NZDFAS protocol
nzdfas,reports/nzdfas/56.pdf,139,NZDFAS Navy men,New Zealand,military,Navy,M,2016,other:cervicale_height_sitting,Cervicale height sitting,mm,687.00,24.00,88,644.00,688.00,726.00,A,Post-processed measurement; percentiles P5/P50/P95 as printed; 3D-scan/physical measurement per NZDFAS protocol
nzdfas,reports/nzdfas/56.pdf,139,NZDFAS Air Force women,New Zealand,military,Air Force,F,2016,other:cervicale_height_sitting,Cervicale height sitting,mm,653.00,30.00,72,611.00,658.00,702.00,A,Post-processed measurement; percentiles P5/P50/P95 as printed; 3D-scan/physical measurement per NZDFAS protocol
nzdfas,reports/nzdfas/56.pdf,139,NZDFAS Army women,New Zealand,military,Army,F,2016,other:cervicale_height_sitting,Cervicale height sitting,mm,655.00,28.00,97,609.00,652.00,694.00,A,Post-processed measurement; percentiles P5/P50/P95 as printed; 3D-scan/physical measurement per NZDFAS protocol
nzdfas,reports/nzdfas/56.pdf,139,NZDFAS Navy women,New Zealand,military,Navy,F,2016,other:cervicale_height_sitting,Cervicale height sitting,mm,652.00,26.00,43,609.00,650.00,691.00,A,Post-processed measurement; percentiles P5/P50/P95 as printed; 3D-scan/physical measurement per NZDFAS protocol
nzdfas,reports/nzdfas/56.pdf,139,NZDFAS all services women,New Zealand,military,Tri-service,F,2016,other:cervicale_height_sitting,Cervicale height sitting,mm,653.00,28.00,212,609.00,653.00,698.00,A,Post-processed measurement; percentiles P5/P50/P95 as printed; 3D-scan/physical measurement per NZDFAS protocol; pooled Army+Navy+Air Force
nzdfas,reports/nzdfas/56.pdf,141,NZDFAS all services men,New Zealand,military,Tri-service,M,2016,chest_breadth,Chest breadth,mm,366.00,29.00,790,324.00,363.00,420.00,A,Post-processed measurement; percentiles P5/P50/P95 as printed; 3D-scan/physical measurement per NZDFAS protocol; pooled Army+Navy+Air Force
nzdfas,reports/nzdfas/56.pdf,141,NZDFAS Air Force men,New Zealand,military,Air Force,M,2016,chest_breadth,Chest breadth,mm,364.00,30.00,216,321.00,361.00,422.00,A,Post-processed measurement; percentiles P5/P50/P95 as printed; 3D-scan/physical measurement per NZDFAS protocol
nzdfas,reports/nzdfas/56.pdf,141,NZDFAS Army men,New Zealand,military,Army,M,2016,chest_breadth,Chest breadth,mm,365.00,28.00,486,324.00,363.00,415.00,A,Post-processed measurement; percentiles P5/P50/P95 as printed; 3D-scan/physical measurement per NZDFAS protocol
nzdfas,reports/nzdfas/56.pdf,141,NZDFAS Navy men,New Zealand,military,Navy,M,2016,chest_breadth,Chest breadth,mm,374.00,32.00,88,328.00,370.00,435.00,A,Post-processed measurement; percentiles P5/P50/P95 as printed; 3D-scan/physical measurement per NZDFAS protocol
nzdfas,reports/nzdfas/56.pdf,141,NZDFAS Air Force women,New Zealand,military,Air Force,F,2016,chest_breadth,Chest breadth,mm,315.00,25.00,72,282.00,310.00,361.00,A,Post-processed measurement; percentiles P5/P50/P95 as printed; 3D-scan/physical measurement per NZDFAS protocol
nzdfas,reports/nzdfas/56.pdf,141,NZDFAS Army women,New Zealand,military,Army,F,2016,chest_breadth,Chest breadth,mm,321.00,26.00,97,285.00,322.00,376.00,A,Post-processed measurement; percentiles P5/P50/P95 as printed; 3D-scan/physical measurement per NZDFAS protocol
nzdfas,reports/nzdfas/56.pdf,141,NZDFAS Navy women,New Zealand,military,Navy,F,2016,chest_breadth,Chest breadth,mm,321.00,31.00,43,278.00,318.00,382.00,A,Post-processed measurement; percentiles P5/P50/P95 as printed; 3D-scan/physical measurement per NZDFAS protocol
nzdfas,reports/nzdfas/56.pdf,141,NZDFAS all services women,New Zealand,military,Tri-service,F,2016,chest_breadth,Chest breadth,mm,319.00,27.00,212,282.00,317.00,375.00,A,Post-processed measurement; percentiles P5/P50/P95 as printed; 3D-scan/physical measurement per NZDFAS protocol; pooled Army+Navy+Air Force
nzdfas,reports/nzdfas/56.pdf,143,NZDFAS all services men,New Zealand,military,Tri-service,M,2016,chest_depth,Chest depth,mm,250.00,24.00,790,215.00,248.00,292.00,A,Post-processed measurement; percentiles P5/P50/P95 as printed; 3D-scan/physical measurement per NZDFAS protocol; pooled Army+Navy+Air Force
nzdfas,reports/nzdfas/56.pdf,143,NZDFAS Air Force men,New Zealand,military,Air Force,M,2016,chest_depth,Chest depth,mm,249.00,26.00,216,215.00,246.00,297.00,A,Post-processed measurement; percentiles P5/P50/P95 as printed; 3D-scan/physical measurement per NZDFAS protocol
nzdfas,reports/nzdfas/56.pdf,143,NZDFAS Army men,New Zealand,military,Army,M,2016,chest_depth,Chest depth,mm,250.00,23.00,486,214.00,249.00,289.00,A,Post-processed measurement; percentiles P5/P50/P95 as printed; 3D-scan/physical measurement per NZDFAS protocol
nzdfas,reports/nzdfas/56.pdf,143,NZDFAS Navy men,New Zealand,military,Navy,M,2016,chest_depth,Chest depth,mm,254.00,26.00,88,221.00,251.00,304.00,A,Post-processed measurement; percentiles P5/P50/P95 as printed; 3D-scan/physical measurement per NZDFAS protocol
nzdfas,reports/nzdfas/56.pdf,143,NZDFAS Air Force women,New Zealand,military,Air Force,F,2016,chest_depth,Chest depth,mm,247.00,24.00,72,215.00,241.00,287.00,A,Post-processed measurement; percentiles P5/P50/P95 as printed; 3D-scan/physical measurement per NZDFAS protocol
nzdfas,reports/nzdfas/56.pdf,143,NZDFAS Army women,New Zealand,military,Army,F,2016,chest_depth,Chest depth,mm,250.00,26.00,97,210.00,250.00,301.00,A,Post-processed measurement; percentiles P5/P50/P95 as printed; 3D-scan/physical measurement per NZDFAS protocol
nzdfas,reports/nzdfas/56.pdf,143,NZDFAS Navy women,New Zealand,military,Navy,F,2016,chest_depth,Chest depth,mm,253.00,24.00,43,219.00,255.00,297.00,A,Post-processed measurement; percentiles P5/P50/P95 as printed; 3D-scan/physical measurement per NZDFAS protocol
nzdfas,reports/nzdfas/56.pdf,143,NZDFAS all services women,New Zealand,military,Tri-service,F,2016,chest_depth,Chest depth,mm,250.00,25.00,212,213.00,247.00,297.00,A,Post-processed measurement; percentiles P5/P50/P95 as printed; 3D-scan/physical measurement per NZDFAS protocol; pooled Army+Navy+Air Force
nzdfas,reports/nzdfas/56.pdf,145,NZDFAS all services men,New Zealand,military,Tri-service,M,2016,other:chest_height_sitting,Chest height sitting,mm,448.00,26.00,790,406.00,449.00,491.00,A,Post-processed measurement; percentiles P5/P50/P95 as printed; 3D-scan/physical measurement per NZDFAS protocol; pooled Army+Navy+Air Force
nzdfas,reports/nzdfas/56.pdf,145,NZDFAS Air Force men,New Zealand,military,Air Force,M,2016,other:chest_height_sitting,Chest height sitting,mm,450.00,28.00,216,408.00,452.00,492.00,A,Post-processed measurement; percentiles P5/P50/P95 as printed; 3D-scan/physical measurement per NZDFAS protocol
nzdfas,reports/nzdfas/56.pdf,145,NZDFAS Army men,New Zealand,military,Army,M,2016,other:chest_height_sitting,Chest height sitting,mm,449.00,25.00,486,407.00,449.00,491.00,A,Post-processed measurement; percentiles P5/P50/P95 as printed; 3D-scan/physical measurement per NZDFAS protocol
nzdfas,reports/nzdfas/56.pdf,145,NZDFAS Navy men,New Zealand,military,Navy,M,2016,other:chest_height_sitting,Chest height sitting,mm,441.00,27.00,88,394.00,443.00,481.00,A,Post-processed measurement; percentiles P5/P50/P95 as printed; 3D-scan/physical measurement per NZDFAS protocol
nzdfas,reports/nzdfas/56.pdf,145,NZDFAS Air Force women,New Zealand,military,Air Force,F,2016,other:chest_height_sitting,Chest height sitting,mm,431.00,27.00,72,390.00,429.00,480.00,A,Post-processed measurement; percentiles P5/P50/P95 as printed; 3D-scan/physical measurement per NZDFAS protocol
nzdfas,reports/nzdfas/56.pdf,145,NZDFAS Army women,New Zealand,military,Army,F,2016,other:chest_height_sitting,Chest height sitting,mm,433.00,25.00,97,392.00,432.00,474.00,A,Post-processed measurement; percentiles P5/P50/P95 as printed; 3D-scan/physical measurement per NZDFAS protocol
nzdfas,reports/nzdfas/56.pdf,145,NZDFAS Navy women,New Zealand,military,Navy,F,2016,other:chest_height_sitting,Chest height sitting,mm,420.00,28.00,43,369.00,425.00,462.00,A,Post-processed measurement; percentiles P5/P50/P95 as printed; 3D-scan/physical measurement per NZDFAS protocol
nzdfas,reports/nzdfas/56.pdf,145,NZDFAS all services women,New Zealand,military,Tri-service,F,2016,other:chest_height_sitting,Chest height sitting,mm,430.00,27.00,212,387.00,428.00,473.00,A,Post-processed measurement; percentiles P5/P50/P95 as printed; 3D-scan/physical measurement per NZDFAS protocol; pooled Army+Navy+Air Force
nzdfas,reports/nzdfas/56.pdf,147,NZDFAS all services men,New Zealand,military,Tri-service,M,2016,crotch_height,Crotch height,mm,790.00,42.00,790,726.00,788.00,860.00,A,Post-processed measurement; percentiles P5/P50/P95 as printed; 3D-scan/physical measurement per NZDFAS protocol; pooled Army+Navy+Air Force
nzdfas,reports/nzdfas/56.pdf,147,NZDFAS Air Force men,New Zealand,military,Air Force,M,2016,crotch_height,Crotch height,mm,795.00,44.00,216,727.00,793.00,868.00,A,Post-processed measurement; percentiles P5/P50/P95 as printed; 3D-scan/physical measurement per NZDFAS protocol
nzdfas,reports/nzdfas/56.pdf,147,NZDFAS Army men,New Zealand,military,Army,M,2016,crotch_height,Crotch height,mm,788.00,41.00,486,725.00,787.00,856.00,A,Post-processed measurement; percentiles P5/P50/P95 as printed; 3D-scan/physical measurement per NZDFAS protocol
nzdfas,reports/nzdfas/56.pdf,147,NZDFAS Navy men,New Zealand,military,Navy,M,2016,crotch_height,Crotch height,mm,791.00,43.00,88,729.00,787.00,858.00,A,Post-processed measurement; percentiles P5/P50/P95 as printed; 3D-scan/physical measurement per NZDFAS protocol
nzdfas,reports/nzdfas/56.pdf,147,NZDFAS Air Force women,New Zealand,military,Air Force,F,2016,crotch_height,Crotch height,mm,767.00,31.00,72,720.00,770.00,819.00,A,Post-processed measurement; percentiles P5/P50/P95 as printed; 3D-scan/physical measurement per NZDFAS protocol
nzdfas,reports/nzdfas/56.pdf,147,NZDFAS Army women,New Zealand,military,Army,F,2016,crotch_height,Crotch height,mm,767.00,34.00,97,714.00,768.00,831.00,A,Post-processed measurement; percentiles P5/P50/P95 as printed; 3D-scan/physical measurement per NZDFAS protocol
nzdfas,reports/nzdfas/56.pdf,147,NZDFAS Navy women,New Zealand,military,Navy,F,2016,crotch_height,Crotch height,mm,767.00,34.00,43,726.00,769.00,827.00,A,Post-processed measurement; percentiles P5/P50/P95 as printed; 3D-scan/physical measurement per NZDFAS protocol
nzdfas,reports/nzdfas/56.pdf,147,NZDFAS all services women,New Zealand,military,Tri-service,F,2016,crotch_height,Crotch height,mm,767.00,33.00,212,714.00,769.00,829.00,A,Post-processed measurement; percentiles P5/P50/P95 as printed; 3D-scan/physical measurement per NZDFAS protocol; pooled Army+Navy+Air Force
nzdfas,reports/nzdfas/56.pdf,149,NZDFAS all services men,New Zealand,military,Tri-service,M,2016,other:crotch_length,Crotch length,mm,893.00,59.00,790,808.00,886.00,1003.00,A,Automatic measurement; percentiles P5/P50/P95 as printed; 3D-scan/physical measurement per NZDFAS protocol; pooled Army+Navy+Air Force
nzdfas,reports/nzdfas/56.pdf,149,NZDFAS Air Force men,New Zealand,military,Air Force,M,2016,other:crotch_length,Crotch length,mm,891.00,66.00,216,806.00,878.00,1020.00,A,Automatic measurement; percentiles P5/P50/P95 as printed; 3D-scan/physical measurement per NZDFAS protocol
nzdfas,reports/nzdfas/56.pdf,149,NZDFAS Army men,New Zealand,military,Army,M,2016,other:crotch_length,Crotch length,mm,896.00,57.00,486,816.00,891.00,1005.00,A,Automatic measurement; percentiles P5/P50/P95 as printed; 3D-scan/physical measurement per NZDFAS protocol
nzdfas,reports/nzdfas/56.pdf,149,NZDFAS Navy men,New Zealand,military,Navy,M,2016,other:crotch_length,Crotch length,mm,881.00,50.00,88,804.00,874.00,978.00,A,Automatic measurement; percentiles P5/P50/P95 as printed; 3D-scan/physical measurement per NZDFAS protocol
nzdfas,reports/nzdfas/56.pdf,149,NZDFAS Air Force women,New Zealand,military,Air Force,F,2016,other:crotch_length,Crotch length,mm,786.00,49.00,72,706.00,785.00,856.00,A,Automatic measurement; percentiles P5/P50/P95 as printed; 3D-scan/physical measurement per NZDFAS protocol
nzdfas,reports/nzdfas/56.pdf,149,NZDFAS Army women,New Zealand,military,Army,F,2016,other:crotch_length,Crotch length,mm,799.00,54.00,97,720.00,794.00,897.00,A,Automatic measurement; percentiles P5/P50/P95 as printed; 3D-scan/physical measurement per NZDFAS protocol
nzdfas,reports/nzdfas/56.pdf,149,NZDFAS Navy women,New Zealand,military,Navy,F,2016,other:crotch_length,Crotch length,mm,785.00,53.00,43,716.00,777.00,885.00,A,Automatic measurement; percentiles P5/P50/P95 as printed; 3D-scan/physical measurement per NZDFAS protocol
nzdfas,reports/nzdfas/56.pdf,149,NZDFAS all services women,New Zealand,military,Tri-service,F,2016,other:crotch_length,Crotch length,mm,792.00,52.00,212,712.00,790.00,887.00,A,Automatic measurement; percentiles P5/P50/P95 as printed; 3D-scan/physical measurement per NZDFAS protocol; pooled Army+Navy+Air Force
nzdfas,reports/nzdfas/56.pdf,151,NZDFAS all services men,New Zealand,military,Tri-service,M,2016,other:crotch_waist_preferred_anterior,Crotch waist preferred anterior,mm,291.00,32.00,790,240.00,290.00,348.00,A,Post-processed measurement; percentiles P5/P50/P95 as printed; 3D-scan/physical measurement per NZDFAS protocol; pooled Army+Navy+Air Force
nzdfas,reports/nzdfas/56.pdf,151,NZDFAS Air Force men,New Zealand,military,Air Force,M,2016,other:crotch_waist_preferred_anterior,Crotch waist preferred anterior,mm,294.00,30.00,216,250.00,291.00,347.00,A,Post-processed measurement; percentiles P5/P50/P95 as printed; 3D-scan/physical measurement per NZDFAS protocol
nzdfas,reports/nzdfas/56.pdf,151,NZDFAS Army men,New Zealand,military,Army,M,2016,other:crotch_waist_preferred_anterior,Crotch waist preferred anterior,mm,292.00,32.00,486,241.00,290.00,351.00,A,Post-processed measurement; percentiles P5/P50/P95 as printed; 3D-scan/physical measurement per NZDFAS protocol
nzdfas,reports/nzdfas/56.pdf,151,NZDFAS Navy men,New Zealand,military,Navy,M,2016,other:crotch_waist_preferred_anterior,Crotch waist preferred anterior,mm,281.00,37.00,88,223.00,279.00,345.00,A,Post-processed measurement; percentiles P5/P50/P95 as printed; 3D-scan/physical measurement per NZDFAS protocol
nzdfas,reports/nzdfas/56.pdf,151,NZDFAS Air Force women,New Zealand,military,Air Force,F,2016,other:crotch_waist_preferred_anterior,Crotch waist preferred anterior,mm,254.00,36.00,72,194.00,252.00,324.00,A,Post-processed measurement; percentiles P5/P50/P95 as printed; 3D-scan/physical measurement per NZDFAS protocol
nzdfas,reports/nzdfas/56.pdf,151,NZDFAS Army women,New Zealand,military,Army,F,2016,other:crotch_waist_preferred_anterior,Crotch waist preferred anterior,mm,259.00,36.00,97,211.00,258.00,328.00,A,Post-processed measurement; percentiles P5/P50/P95 as printed; 3D-scan/physical measurement per NZDFAS protocol
nzdfas,reports/nzdfas/56.pdf,151,NZDFAS Navy women,New Zealand,military,Navy,F,2016,other:crotch_waist_preferred_anterior,Crotch waist preferred anterior,mm,242.00,41.00,43,192.00,237.00,326.00,A,Post-processed measurement; percentiles P5/P50/P95 as printed; 3D-scan/physical measurement per NZDFAS protocol
nzdfas,reports/nzdfas/56.pdf,151,NZDFAS all services women,New Zealand,military,Tri-service,F,2016,other:crotch_waist_preferred_anterior,Crotch waist preferred anterior,mm,254.00,38.00,212,195.00,252.00,327.00,A,Post-processed measurement; percentiles P5/P50/P95 as printed; 3D-scan/physical measurement per NZDFAS protocol; pooled Army+Navy+Air Force
nzdfas,reports/nzdfas/56.pdf,153,NZDFAS Navy men,New Zealand,military,Navy,M,2016,other:crotch_waist_preferred_posterior,Crotch waist preferred posterior,mm,548.00,37.00,88,438.00,558.00,558.00,A,Post-processed measurement; percentiles P5/P50/P95 as printed; 3D-scan/physical measurement per NZDFAS protocol
nzdfas,reports/nzdfas/56.pdf,153,NZDFAS Navy women,New Zealand,military,Navy,F,2016,other:crotch_waist_preferred_posterior,Crotch waist preferred posterior,mm,543.00,50.00,43,403.00,558.00,558.00,A,Post-processed measurement; percentiles P5/P50/P95 as printed; 3D-scan/physical measurement per NZDFAS protocol
nzdfas,reports/nzdfas/56.pdf,155,NZDFAS all services men,New Zealand,military,Tri-service,M,2016,other:elbow_girth,Elbow girth,mm,287.00,20.00,790,256.00,287.00,324.00,A,Automatic measurement; percentiles P5/P50/P95 as printed; 3D-scan/physical measurement per NZDFAS protocol; pooled Army+Navy+Air Force
nzdfas,reports/nzdfas/56.pdf,155,NZDFAS Air Force men,New Zealand,military,Air Force,M,2016,other:elbow_girth,Elbow girth,mm,283.00,20.00,216,253.00,282.00,316.00,A,Automatic measurement; percentiles P5/P50/P95 as printed; 3D-scan/physical measurement per NZDFAS protocol
nzdfas,reports/nzdfas/56.pdf,155,NZDFAS Army men,New Zealand,military,Army,M,2016,other:elbow_girth,Elbow girth,mm,289.00,20.00,486,257.00,288.00,324.00,A,Automatic measurement; percentiles P5/P50/P95 as printed; 3D-scan/physical measurement per NZDFAS protocol
nzdfas,reports/nzdfas/56.pdf,155,NZDFAS Navy men,New Zealand,military,Navy,M,2016,other:elbow_girth,Elbow girth,mm,291.00,19.00,88,263.00,290.00,329.00,A,Automatic measurement; percentiles P5/P50/P95 as printed; 3D-scan/physical measurement per NZDFAS protocol
nzdfas,reports/nzdfas/56.pdf,155,NZDFAS Air Force women,New Zealand,military,Air Force,F,2016,other:elbow_girth,Elbow girth,mm,249.00,16.00,72,228.00,248.00,282.00,A,Automatic measurement; percentiles P5/P50/P95 as printed; 3D-scan/physical measurement per NZDFAS protocol
nzdfas,reports/nzdfas/56.pdf,155,NZDFAS Army women,New Zealand,military,Army,F,2016,other:elbow_girth,Elbow girth,mm,257.00,17.00,97,234.00,256.00,289.00,A,Automatic measurement; percentiles P5/P50/P95 as printed; 3D-scan/physical measurement per NZDFAS protocol
nzdfas,reports/nzdfas/56.pdf,155,NZDFAS Navy women,New Zealand,military,Navy,F,2016,other:elbow_girth,Elbow girth,mm,252.00,20.00,43,228.00,247.00,291.00,A,Automatic measurement; percentiles P5/P50/P95 as printed; 3D-scan/physical measurement per NZDFAS protocol
nzdfas,reports/nzdfas/56.pdf,155,NZDFAS all services women,New Zealand,military,Tri-service,F,2016,other:elbow_girth,Elbow girth,mm,254.00,18.00,212,230.00,250.00,287.00,A,Automatic measurement; percentiles P5/P50/P95 as printed; 3D-scan/physical measurement per NZDFAS protocol; pooled Army+Navy+Air Force
nzdfas,reports/nzdfas/56.pdf,157,NZDFAS all services men,New Zealand,military,Tri-service,M,2016,other:elbow_grip_length,Elbow grip length,mm,358.00,18.00,790,329.00,358.00,387.00,A,Physical measurement; percentiles P5/P50/P95 as printed; 3D-scan/physical measurement per NZDFAS protocol; pooled Army+Navy+Air Force
nzdfas,reports/nzdfas/56.pdf,157,NZDFAS Air Force men,New Zealand,military,Air Force,M,2016,other:elbow_grip_length,Elbow grip length,mm,362.00,18.00,216,334.00,362.00,390.00,A,Physical measurement; percentiles P5/P50/P95 as printed; 3D-scan/physical measurement per NZDFAS protocol
nzdfas,reports/nzdfas/56.pdf,157,NZDFAS Army men,New Zealand,military,Army,M,2016,other:elbow_grip_length,Elbow grip length,mm,357.00,18.00,486,326.00,356.00,385.00,A,Physical measurement; percentiles P5/P50/P95 as printed; 3D-scan/physical measurement per NZDFAS protocol
nzdfas,reports/nzdfas/56.pdf,157,NZDFAS Navy men,New Zealand,military,Navy,M,2016,other:elbow_grip_length,Elbow grip length,mm,358.00,18.00,88,333.00,356.00,388.00,A,Physical measurement; percentiles P5/P50/P95 as printed; 3D-scan/physical measurement per NZDFAS protocol
nzdfas,reports/nzdfas/56.pdf,157,NZDFAS Air Force women,New Zealand,military,Air Force,F,2016,other:elbow_grip_length,Elbow grip length,mm,327.00,16.00,72,302.00,327.00,353.00,A,Physical measurement; percentiles P5/P50/P95 as printed; 3D-scan/physical measurement per NZDFAS protocol
nzdfas,reports/nzdfas/56.pdf,157,NZDFAS Army women,New Zealand,military,Army,F,2016,other:elbow_grip_length,Elbow grip length,mm,326.00,14.00,97,303.00,326.00,349.00,A,Physical measurement; percentiles P5/P50/P95 as printed; 3D-scan/physical measurement per NZDFAS protocol
nzdfas,reports/nzdfas/56.pdf,157,NZDFAS Navy women,New Zealand,military,Navy,F,2016,other:elbow_grip_length,Elbow grip length,mm,322.00,12.00,43,305.00,322.00,338.00,A,Physical measurement; percentiles P5/P50/P95 as printed; 3D-scan/physical measurement per NZDFAS protocol
nzdfas,reports/nzdfas/56.pdf,157,NZDFAS all services women,New Zealand,military,Tri-service,F,2016,other:elbow_grip_length,Elbow grip length,mm,325.00,15.00,212,303.00,326.00,350.00,A,Physical measurement; percentiles P5/P50/P95 as printed; 3D-scan/physical measurement per NZDFAS protocol; pooled Army+Navy+Air Force
nzdfas,reports/nzdfas/56.pdf,159,NZDFAS all services men,New Zealand,military,Tri-service,M,2016,other:elbow_rest_height_standing,Elbow rest height standing,mm,1059.00,46.00,790,985.00,1057.00,1138.00,A,Physical measurement; percentiles P5/P50/P95 as printed; 3D-scan/physical measurement per NZDFAS protocol; pooled Army+Navy+Air Force
nzdfas,reports/nzdfas/56.pdf,159,NZDFAS Air Force men,New Zealand,military,Air Force,M,2016,other:elbow_rest_height_standing,Elbow rest height standing,mm,1065.00,47.00,216,994.00,1062.00,1161.00,A,Physical measurement; percentiles P5/P50/P95 as printed; 3D-scan/physical measurement per NZDFAS protocol
nzdfas,reports/nzdfas/56.pdf,159,NZDFAS Army men,New Zealand,military,Army,M,2016,other:elbow_rest_height_standing,Elbow rest height standing,mm,1058.00,46.00,486,984.00,1056.00,1137.00,A,Physical measurement; percentiles P5/P50/P95 as printed; 3D-scan/physical measurement per NZDFAS protocol
nzdfas,reports/nzdfas/56.pdf,159,NZDFAS Navy men,New Zealand,military,Navy,M,2016,other:elbow_rest_height_standing,Elbow rest height standing,mm,1057.00,43.00,88,990.00,1052.00,1125.00,A,Physical measurement; percentiles P5/P50/P95 as printed; 3D-scan/physical measurement per NZDFAS protocol
nzdfas,reports/nzdfas/56.pdf,159,NZDFAS Air Force women,New Zealand,military,Air Force,F,2016,other:elbow_rest_height_standing,Elbow rest height standing,mm,986.00,39.00,72,925.00,983.00,1050.00,A,Physical measurement; percentiles P5/P50/P95 as printed; 3D-scan/physical measurement per NZDFAS protocol
nzdfas,reports/nzdfas/56.pdf,159,NZDFAS Army women,New Zealand,military,Army,F,2016,other:elbow_rest_height_standing,Elbow rest height standing,mm,998.00,40.00,97,929.00,999.00,1060.00,A,Physical measurement; percentiles P5/P50/P95 as printed; 3D-scan/physical measurement per NZDFAS protocol
nzdfas,reports/nzdfas/56.pdf,159,NZDFAS Navy women,New Zealand,military,Navy,F,2016,other:elbow_rest_height_standing,Elbow rest height standing,mm,988.00,40.00,43,907.00,989.00,1054.00,A,Physical measurement; percentiles P5/P50/P95 as printed; 3D-scan/physical measurement per NZDFAS protocol
nzdfas,reports/nzdfas/56.pdf,159,NZDFAS all services women,New Zealand,military,Tri-service,F,2016,other:elbow_rest_height_standing,Elbow rest height standing,mm,992.00,40.00,212,924.00,992.00,1059.00,A,Physical measurement; percentiles P5/P50/P95 as printed; 3D-scan/physical measurement per NZDFAS protocol; pooled Army+Navy+Air Force
nzdfas,reports/nzdfas/56.pdf,161,NZDFAS all services men,New Zealand,military,Tri-service,M,2016,other:eye_height,Eye height,mm,1669.00,64.00,790,1568.00,1667.00,1774.00,A,Post-processed measurement; percentiles P5/P50/P95 as printed; 3D-scan/physical measurement per NZDFAS protocol; pooled Army+Navy+Air Force
nzdfas,reports/nzdfas/56.pdf,161,NZDFAS Air Force men,New Zealand,military,Air Force,M,2016,other:eye_height,Eye height,mm,1677.00,65.00,216,1571.00,1679.00,1794.00,A,Post-processed measurement; percentiles P5/P50/P95 as printed; 3D-scan/physical measurement per NZDFAS protocol
nzdfas,reports/nzdfas/56.pdf,161,NZDFAS Army men,New Zealand,military,Army,M,2016,other:eye_height,Eye height,mm,1664.00,65.00,486,1556.00,1663.00,1768.00,A,Post-processed measurement; percentiles P5/P50/P95 as printed; 3D-scan/physical measurement per NZDFAS protocol
nzdfas,reports/nzdfas/56.pdf,161,NZDFAS Navy men,New Zealand,military,Navy,M,2016,other:eye_height,Eye height,mm,1671.00,54.00,88,1592.00,1667.00,1756.00,A,Post-processed measurement; percentiles P5/P50/P95 as printed; 3D-scan/physical measurement per NZDFAS protocol
nzdfas,reports/nzdfas/56.pdf,161,NZDFAS Air Force women,New Zealand,military,Air Force,F,2016,other:eye_height,Eye height,mm,1549.00,54.00,72,1474.00,1551.00,1646.00,A,Post-processed measurement; percentiles P5/P50/P95 as printed; 3D-scan/physical measurement per NZDFAS protocol
nzdfas,reports/nzdfas/56.pdf,161,NZDFAS Army women,New Zealand,military,Army,F,2016,other:eye_height,Eye height,mm,1552.00,54.00,97,1475.00,1550.00,1643.00,A,Post-processed measurement; percentiles P5/P50/P95 as printed; 3D-scan/physical measurement per NZDFAS protocol
nzdfas,reports/nzdfas/56.pdf,161,NZDFAS Navy women,New Zealand,military,Navy,F,2016,other:eye_height,Eye height,mm,1543.00,50.00,43,1464.00,1546.00,1638.00,A,Post-processed measurement; percentiles P5/P50/P95 as printed; 3D-scan/physical measurement per NZDFAS protocol
nzdfas,reports/nzdfas/56.pdf,161,NZDFAS all services women,New Zealand,military,Tri-service,F,2016,other:eye_height,Eye height,mm,1549.00,53.00,212,1471.00,1549.00,1640.00,A,Post-processed measurement; percentiles P5/P50/P95 as printed; 3D-scan/physical measurement per NZDFAS protocol; pooled Army+Navy+Air Force
nzdfas,reports/nzdfas/56.pdf,163,NZDFAS all services men,New Zealand,military,Tri-service,M,2016,eye_height_sitting,Eye height sitting,mm,825.00,32.00,790,773.00,824.00,880.00,A,Post-processed measurement; percentiles P5/P50/P95 as printed; 3D-scan/physical measurement per NZDFAS protocol; pooled Army+Navy+Air Force
nzdfas,reports/nzdfas/56.pdf,163,NZDFAS Air Force men,New Zealand,military,Air Force,M,2016,eye_height_sitting,Eye height sitting,mm,827.00,31.00,216,776.00,828.00,876.00,A,Post-processed measurement; percentiles P5/P50/P95 as printed; 3D-scan/physical measurement per NZDFAS protocol
nzdfas,reports/nzdfas/56.pdf,163,NZDFAS Army men,New Zealand,military,Army,M,2016,eye_height_sitting,Eye height sitting,mm,825.00,33.00,486,772.00,823.00,882.00,A,Post-processed measurement; percentiles P5/P50/P95 as printed; 3D-scan/physical measurement per NZDFAS protocol
nzdfas,reports/nzdfas/56.pdf,163,NZDFAS Navy men,New Zealand,military,Navy,M,2016,eye_height_sitting,Eye height sitting,mm,819.00,29.00,88,776.00,817.00,873.00,A,Post-processed measurement; percentiles P5/P50/P95 as printed; 3D-scan/physical measurement per NZDFAS protocol
nzdfas,reports/nzdfas/56.pdf,163,NZDFAS Air Force women,New Zealand,military,Air Force,F,2016,eye_height_sitting,Eye height sitting,mm,778.00,31.00,72,732.00,778.00,827.00,A,Post-processed measurement; percentiles P5/P50/P95 as printed; 3D-scan/physical measurement per NZDFAS protocol
nzdfas,reports/nzdfas/56.pdf,163,NZDFAS Army women,New Zealand,military,Army,F,2016,eye_height_sitting,Eye height sitting,mm,780.00,30.00,97,731.00,782.00,823.00,A,Post-processed measurement; percentiles P5/P50/P95 as printed; 3D-scan/physical measurement per NZDFAS protocol
nzdfas,reports/nzdfas/56.pdf,163,NZDFAS Navy women,New Zealand,military,Navy,F,2016,eye_height_sitting,Eye height sitting,mm,772.00,30.00,43,723.00,776.00,820.00,A,Post-processed measurement; percentiles P5/P50/P95 as printed; 3D-scan/physical measurement per NZDFAS protocol
nzdfas,reports/nzdfas/56.pdf,163,NZDFAS all services women,New Zealand,military,Tri-service,F,2016,eye_height_sitting,Eye height sitting,mm,778.00,30.00,212,728.00,778.00,824.00,A,Post-processed measurement; percentiles P5/P50/P95 as printed; 3D-scan/physical measurement per NZDFAS protocol; pooled Army+Navy+Air Force
nzdfas,reports/nzdfas/56.pdf,165,NZDFAS all services men,New Zealand,military,Tri-service,M,2016,other:foot_ball_circumference,Foot ball circumference,mm,254.00,14.00,790,231.00,254.00,276.00,A,Physical measurement; percentiles P5/P50/P95 as printed; 3D-scan/physical measurement per NZDFAS protocol; pooled Army+Navy+Air Force
nzdfas,reports/nzdfas/56.pdf,165,NZDFAS Air Force men,New Zealand,military,Air Force,M,2016,other:foot_ball_circumference,Foot ball circumference,mm,255.00,13.00,216,235.00,255.00,276.00,A,Physical measurement; percentiles P5/P50/P95 as printed; 3D-scan/physical measurement per NZDFAS protocol
nzdfas,reports/nzdfas/56.pdf,165,NZDFAS Army men,New Zealand,military,Army,M,2016,other:foot_ball_circumference,Foot ball circumference,mm,254.00,14.00,486,230.00,254.00,275.00,A,Physical measurement; percentiles P5/P50/P95 as printed; 3D-scan/physical measurement per NZDFAS protocol
nzdfas,reports/nzdfas/56.pdf,165,NZDFAS Navy men,New Zealand,military,Navy,M,2016,other:foot_ball_circumference,Foot ball circumference,mm,256.00,13.00,88,235.00,256.00,275.00,A,Physical measurement; percentiles P5/P50/P95 as printed; 3D-scan/physical measurement per NZDFAS protocol
nzdfas,reports/nzdfas/56.pdf,165,NZDFAS Air Force women,New Zealand,military,Air Force,F,2016,other:foot_ball_circumference,Foot ball circumference,mm,232.00,12.00,72,214.00,231.00,252.00,A,Physical measurement; percentiles P5/P50/P95 as printed; 3D-scan/physical measurement per NZDFAS protocol
nzdfas,reports/nzdfas/56.pdf,165,NZDFAS Army women,New Zealand,military,Army,F,2016,other:foot_ball_circumference,Foot ball circumference,mm,230.00,12.00,97,214.00,231.00,248.00,A,Physical measurement; percentiles P5/P50/P95 as printed; 3D-scan/physical measurement per NZDFAS protocol
nzdfas,reports/nzdfas/56.pdf,165,NZDFAS Navy women,New Zealand,military,Navy,F,2016,other:foot_ball_circumference,Foot ball circumference,mm,233.00,12.00,43,211.00,232.00,252.00,A,Physical measurement; percentiles P5/P50/P95 as printed; 3D-scan/physical measurement per NZDFAS protocol
nzdfas,reports/nzdfas/56.pdf,165,NZDFAS all services women,New Zealand,military,Tri-service,F,2016,other:foot_ball_circumference,Foot ball circumference,mm,232.00,12.00,212,214.00,231.00,252.00,A,Physical measurement; percentiles P5/P50/P95 as printed; 3D-scan/physical measurement per NZDFAS protocol; pooled Army+Navy+Air Force
nzdfas,reports/nzdfas/56.pdf,167,NZDFAS all services men,New Zealand,military,Tri-service,M,2016,other:foot_ball_length,Foot ball length,mm,197.00,10.00,790,181.00,197.00,214.00,A,Physical measurement; percentiles P5/P50/P95 as printed; 3D-scan/physical measurement per NZDFAS protocol; pooled Army+Navy+Air Force
nzdfas,reports/nzdfas/56.pdf,167,NZDFAS Air Force men,New Zealand,military,Air Force,M,2016,other:foot_ball_length,Foot ball length,mm,197.00,10.00,216,182.00,197.00,215.00,A,Physical measurement; percentiles P5/P50/P95 as printed; 3D-scan/physical measurement per NZDFAS protocol
nzdfas,reports/nzdfas/56.pdf,167,NZDFAS Army men,New Zealand,military,Army,M,2016,other:foot_ball_length,Foot ball length,mm,197.00,10.00,486,181.00,198.00,214.00,A,Physical measurement; percentiles P5/P50/P95 as printed; 3D-scan/physical measurement per NZDFAS protocol
nzdfas,reports/nzdfas/56.pdf,167,NZDFAS Navy men,New Zealand,military,Navy,M,2016,other:foot_ball_length,Foot ball length,mm,196.00,11.00,88,175.00,196.00,213.00,A,Physical measurement; percentiles P5/P50/P95 as printed; 3D-scan/physical measurement per NZDFAS protocol
nzdfas,reports/nzdfas/56.pdf,167,NZDFAS Air Force women,New Zealand,military,Air Force,F,2016,other:foot_ball_length,Foot ball length,mm,178.00,8.00,72,164.00,178.00,190.00,A,Physical measurement; percentiles P5/P50/P95 as printed; 3D-scan/physical measurement per NZDFAS protocol
nzdfas,reports/nzdfas/56.pdf,167,NZDFAS Army women,New Zealand,military,Army,F,2016,other:foot_ball_length,Foot ball length,mm,180.00,9.00,97,164.00,180.00,195.00,A,Physical measurement; percentiles P5/P50/P95 as printed; 3D-scan/physical measurement per NZDFAS protocol
nzdfas,reports/nzdfas/56.pdf,167,NZDFAS Navy women,New Zealand,military,Navy,F,2016,other:foot_ball_length,Foot ball length,mm,178.00,7.00,43,165.00,179.00,188.00,A,Physical measurement; percentiles P5/P50/P95 as printed; 3D-scan/physical measurement per NZDFAS protocol
nzdfas,reports/nzdfas/56.pdf,167,NZDFAS all services women,New Zealand,military,Tri-service,F,2016,other:foot_ball_length,Foot ball length,mm,179.00,9.00,212,164.00,180.00,192.00,A,Physical measurement; percentiles P5/P50/P95 as printed; 3D-scan/physical measurement per NZDFAS protocol; pooled Army+Navy+Air Force
nzdfas,reports/nzdfas/56.pdf,169,NZDFAS all services men,New Zealand,military,Tri-service,M,2016,foot_breadth,Foot breadth,mm,103.00,6.00,790,93.00,103.00,112.00,A,Physical measurement; percentiles P5/P50/P95 as printed; 3D-scan/physical measurement per NZDFAS protocol; pooled Army+Navy+Air Force
nzdfas,reports/nzdfas/56.pdf,169,NZDFAS Air Force men,New Zealand,military,Air Force,M,2016,foot_breadth,Foot breadth,mm,102.00,5.00,216,95.00,103.00,112.00,A,Physical measurement; percentiles P5/P50/P95 as printed; 3D-scan/physical measurement per NZDFAS protocol
nzdfas,reports/nzdfas/56.pdf,169,NZDFAS Army men,New Zealand,military,Army,M,2016,foot_breadth,Foot breadth,mm,103.00,6.00,486,92.00,103.00,113.00,A,Physical measurement; percentiles P5/P50/P95 as printed; 3D-scan/physical measurement per NZDFAS protocol
nzdfas,reports/nzdfas/56.pdf,169,NZDFAS Navy men,New Zealand,military,Navy,M,2016,foot_breadth,Foot breadth,mm,103.00,6.00,88,95.00,103.00,112.00,A,Physical measurement; percentiles P5/P50/P95 as printed; 3D-scan/physical measurement per NZDFAS protocol
nzdfas,reports/nzdfas/56.pdf,169,NZDFAS Air Force women,New Zealand,military,Air Force,F,2016,foot_breadth,Foot breadth,mm,94.00,6.00,72,85.00,94.00,103.00,A,Physical measurement; percentiles P5/P50/P95 as printed; 3D-scan/physical measurement per NZDFAS protocol
nzdfas,reports/nzdfas/56.pdf,169,NZDFAS Army women,New Zealand,military,Army,F,2016,foot_breadth,Foot breadth,mm,94.00,6.00,97,85.00,93.00,104.00,A,Physical measurement; percentiles P5/P50/P95 as printed; 3D-scan/physical measurement per NZDFAS protocol
nzdfas,reports/nzdfas/56.pdf,169,NZDFAS Navy women,New Zealand,military,Navy,F,2016,foot_breadth,Foot breadth,mm,93.00,6.00,43,85.00,93.00,104.00,A,Physical measurement; percentiles P5/P50/P95 as printed; 3D-scan/physical measurement per NZDFAS protocol
nzdfas,reports/nzdfas/56.pdf,169,NZDFAS all services women,New Zealand,military,Tri-service,F,2016,foot_breadth,Foot breadth,mm,94.00,6.00,212,85.00,93.00,104.00,A,Physical measurement; percentiles P5/P50/P95 as printed; 3D-scan/physical measurement per NZDFAS protocol; pooled Army+Navy+Air Force
nzdfas,reports/nzdfas/56.pdf,171,NZDFAS all services men,New Zealand,military,Tri-service,M,2016,foot_length,Foot length,mm,269.00,12.00,790,250.00,270.00,290.00,A,Physical measurement; percentiles P5/P50/P95 as printed; 3D-scan/physical measurement per NZDFAS protocol; pooled Army+Navy+Air Force
nzdfas,reports/nzdfas/56.pdf,171,NZDFAS Air Force men,New Zealand,military,Air Force,M,2016,foot_length,Foot length,mm,270.00,12.00,216,251.00,269.00,292.00,A,Physical measurement; percentiles P5/P50/P95 as printed; 3D-scan/physical measurement per NZDFAS protocol
nzdfas,reports/nzdfas/56.pdf,171,NZDFAS Army men,New Zealand,military,Army,M,2016,foot_length,Foot length,mm,269.00,13.00,486,250.00,270.00,289.00,A,Physical measurement; percentiles P5/P50/P95 as printed; 3D-scan/physical measurement per NZDFAS protocol
nzdfas,reports/nzdfas/56.pdf,171,NZDFAS Navy men,New Zealand,military,Navy,M,2016,foot_length,Foot length,mm,271.00,12.00,88,253.00,270.00,288.00,A,Physical measurement; percentiles P5/P50/P95 as printed; 3D-scan/physical measurement per NZDFAS protocol
nzdfas,reports/nzdfas/56.pdf,171,NZDFAS Air Force women,New Zealand,military,Air Force,F,2016,foot_length,Foot length,mm,244.00,11.00,72,229.00,244.00,264.00,A,Physical measurement; percentiles P5/P50/P95 as printed; 3D-scan/physical measurement per NZDFAS protocol
nzdfas,reports/nzdfas/56.pdf,171,NZDFAS Army women,New Zealand,military,Army,F,2016,foot_length,Foot length,mm,246.00,11.00,97,230.00,246.00,264.00,A,Physical measurement; percentiles P5/P50/P95 as printed; 3D-scan/physical measurement per NZDFAS protocol
nzdfas,reports/nzdfas/56.pdf,171,NZDFAS Navy women,New Zealand,military,Navy,F,2016,foot_length,Foot length,mm,244.00,12.00,43,226.00,244.00,259.00,A,Physical measurement; percentiles P5/P50/P95 as printed; 3D-scan/physical measurement per NZDFAS protocol
nzdfas,reports/nzdfas/56.pdf,171,NZDFAS all services women,New Zealand,military,Tri-service,F,2016,foot_length,Foot length,mm,245.00,11.00,212,227.00,245.00,264.00,A,Physical measurement; percentiles P5/P50/P95 as printed; 3D-scan/physical measurement per NZDFAS protocol; pooled Army+Navy+Air Force
nzdfas,reports/nzdfas/56.pdf,173,NZDFAS all services men,New Zealand,military,Tri-service,M,2016,other:forearm_fingertip_length,Forearm-fingertip length,mm,481.00,21.00,790,447.00,481.00,515.00,A,Post-processed measurement; percentiles P5/P50/P95 as printed; 3D-scan/physical measurement per NZDFAS protocol; pooled Army+Navy+Air Force
nzdfas,reports/nzdfas/56.pdf,173,NZDFAS Air Force men,New Zealand,military,Air Force,M,2016,other:forearm_fingertip_length,Forearm-fingertip length,mm,482.00,21.00,216,450.00,482.00,518.00,A,Post-processed measurement; percentiles P5/P50/P95 as printed; 3D-scan/physical measurement per NZDFAS protocol
nzdfas,reports/nzdfas/56.pdf,173,NZDFAS Army men,New Zealand,military,Army,M,2016,other:forearm_fingertip_length,Forearm-fingertip length,mm,480.00,21.00,486,444.00,480.00,515.00,A,Post-processed measurement; percentiles P5/P50/P95 as printed; 3D-scan/physical measurement per NZDFAS protocol
nzdfas,reports/nzdfas/56.pdf,173,NZDFAS Navy men,New Zealand,military,Navy,M,2016,other:forearm_fingertip_length,Forearm-fingertip length,mm,483.00,20.00,88,458.00,482.00,513.00,A,Post-processed measurement; percentiles P5/P50/P95 as printed; 3D-scan/physical measurement per NZDFAS protocol
nzdfas,reports/nzdfas/56.pdf,173,NZDFAS Air Force women,New Zealand,military,Air Force,F,2016,other:forearm_fingertip_length,Forearm-fingertip length,mm,436.00,19.00,72,404.00,436.00,466.00,A,Post-processed measurement; percentiles P5/P50/P95 as printed; 3D-scan/physical measurement per NZDFAS protocol
nzdfas,reports/nzdfas/56.pdf,173,NZDFAS Army women,New Zealand,military,Army,F,2016,other:forearm_fingertip_length,Forearm-fingertip length,mm,439.00,19.00,97,411.00,436.00,472.00,A,Post-processed measurement; percentiles P5/P50/P95 as printed; 3D-scan/physical measurement per NZDFAS protocol
nzdfas,reports/nzdfas/56.pdf,173,NZDFAS Navy women,New Zealand,military,Navy,F,2016,other:forearm_fingertip_length,Forearm-fingertip length,mm,435.00,15.00,43,410.00,436.00,460.00,A,Post-processed measurement; percentiles P5/P50/P95 as printed; 3D-scan/physical measurement per NZDFAS protocol
nzdfas,reports/nzdfas/56.pdf,173,NZDFAS all services women,New Zealand,military,Tri-service,F,2016,other:forearm_fingertip_length,Forearm-fingertip length,mm,437.00,18.00,212,406.00,436.00,469.00,A,Post-processed measurement; percentiles P5/P50/P95 as printed; 3D-scan/physical measurement per NZDFAS protocol; pooled Army+Navy+Air Force
nzdfas,reports/nzdfas/56.pdf,175,NZDFAS all services men,New Zealand,military,Tri-service,M,2016,forearm_forearm_breadth,Forearm-forearm breadth,mm,544.00,52.00,790,456.00,545.00,629.00,A,Physical measurement; percentiles P5/P50/P95 as printed; 3D-scan/physical measurement per NZDFAS protocol; pooled Army+Navy+Air Force
nzdfas,reports/nzdfas/56.pdf,175,NZDFAS Air Force men,New Zealand,military,Air Force,M,2016,forearm_forearm_breadth,Forearm-forearm breadth,mm,544.00,50.00,216,462.00,542.00,630.00,A,Physical measurement; percentiles P5/P50/P95 as printed; 3D-scan/physical measurement per NZDFAS protocol
nzdfas,reports/nzdfas/56.pdf,175,NZDFAS Army men,New Zealand,military,Army,M,2016,forearm_forearm_breadth,Forearm-forearm breadth,mm,541.00,53.00,486,449.00,544.00,627.00,A,Physical measurement; percentiles P5/P50/P95 as printed; 3D-scan/physical measurement per NZDFAS protocol
nzdfas,reports/nzdfas/56.pdf,175,NZDFAS Navy men,New Zealand,military,Navy,M,2016,forearm_forearm_breadth,Forearm-forearm breadth,mm,558.00,51.00,88,481.00,554.00,651.00,A,Physical measurement; percentiles P5/P50/P95 as printed; 3D-scan/physical measurement per NZDFAS protocol
nzdfas,reports/nzdfas/56.pdf,175,NZDFAS Air Force women,New Zealand,military,Air Force,F,2016,forearm_forearm_breadth,Forearm-forearm breadth,mm,470.00,39.00,72,407.00,470.00,527.00,A,Physical measurement; percentiles P5/P50/P95 as printed; 3D-scan/physical measurement per NZDFAS protocol
nzdfas,reports/nzdfas/56.pdf,175,NZDFAS Army women,New Zealand,military,Army,F,2016,forearm_forearm_breadth,Forearm-forearm breadth,mm,476.00,38.00,97,425.00,472.00,547.00,A,Physical measurement; percentiles P5/P50/P95 as printed; 3D-scan/physical measurement per NZDFAS protocol
nzdfas,reports/nzdfas/56.pdf,175,NZDFAS Navy women,New Zealand,military,Navy,F,2016,forearm_forearm_breadth,Forearm-forearm breadth,mm,474.00,42.00,43,419.00,463.00,560.00,A,Physical measurement; percentiles P5/P50/P95 as printed; 3D-scan/physical measurement per NZDFAS protocol
nzdfas,reports/nzdfas/56.pdf,175,NZDFAS all services women,New Zealand,military,Tri-service,F,2016,forearm_forearm_breadth,Forearm-forearm breadth,mm,474.00,39.00,212,414.00,471.00,552.00,A,Physical measurement; percentiles P5/P50/P95 as printed; 3D-scan/physical measurement per NZDFAS protocol; pooled Army+Navy+Air Force
nzdfas,reports/nzdfas/56.pdf,177,NZDFAS all services men,New Zealand,military,Tri-service,M,2016,other:grip_reach,Grip reach,mm,768.00,40.00,790,703.00,768.00,831.00,A,Physical measurement; percentiles P5/P50/P95 as printed; 3D-scan/physical measurement per NZDFAS protocol; pooled Army+Navy+Air Force
nzdfas,reports/nzdfas/56.pdf,177,NZDFAS Air Force men,New Zealand,military,Air Force,M,2016,other:grip_reach,Grip reach,mm,773.00,39.00,216,712.00,775.00,832.00,A,Physical measurement; percentiles P5/P50/P95 as printed; 3D-scan/physical measurement per NZDFAS protocol
nzdfas,reports/nzdfas/56.pdf,177,NZDFAS Army men,New Zealand,military,Army,M,2016,other:grip_reach,Grip reach,mm,765.00,40.00,486,696.00,766.00,830.00,A,Physical measurement; percentiles P5/P50/P95 as printed; 3D-scan/physical measurement per NZDFAS protocol
nzdfas,reports/nzdfas/56.pdf,177,NZDFAS Navy men,New Zealand,military,Navy,M,2016,other:grip_reach,Grip reach,mm,771.00,39.00,88,716.00,768.00,836.00,A,Physical measurement; percentiles P5/P50/P95 as printed; 3D-scan/physical measurement per NZDFAS protocol
nzdfas,reports/nzdfas/56.pdf,177,NZDFAS Air Force women,New Zealand,military,Air Force,F,2016,other:grip_reach,Grip reach,mm,702.00,35.00,72,655.00,701.00,770.00,A,Physical measurement; percentiles P5/P50/P95 as printed; 3D-scan/physical measurement per NZDFAS protocol
nzdfas,reports/nzdfas/56.pdf,177,NZDFAS Army women,New Zealand,military,Army,F,2016,other:grip_reach,Grip reach,mm,701.00,34.00,97,649.00,700.00,763.00,A,Physical measurement; percentiles P5/P50/P95 as printed; 3D-scan/physical measurement per NZDFAS protocol
nzdfas,reports/nzdfas/56.pdf,177,NZDFAS Navy women,New Zealand,military,Navy,F,2016,other:grip_reach,Grip reach,mm,689.00,29.00,43,639.00,690.00,730.00,A,Physical measurement; percentiles P5/P50/P95 as printed; 3D-scan/physical measurement per NZDFAS protocol
nzdfas,reports/nzdfas/56.pdf,177,NZDFAS all services women,New Zealand,military,Tri-service,F,2016,other:grip_reach,Grip reach,mm,699.00,34.00,212,649.00,698.00,759.00,A,Physical measurement; percentiles P5/P50/P95 as printed; 3D-scan/physical measurement per NZDFAS protocol; pooled Army+Navy+Air Force
nzdfas,reports/nzdfas/56.pdf,179,NZDFAS all services men,New Zealand,military,Tri-service,M,2016,hand_breadth,Hand breadth,mm,88.00,4.00,790,81.00,88.00,95.00,A,Physical measurement; percentiles P5/P50/P95 as printed; 3D-scan/physical measurement per NZDFAS protocol; pooled Army+Navy+Air Force
nzdfas,reports/nzdfas/56.pdf,179,NZDFAS Air Force men,New Zealand,military,Air Force,M,2016,hand_breadth,Hand breadth,mm,87.00,4.00,216,81.00,87.00,95.00,A,Physical measurement; percentiles P5/P50/P95 as printed; 3D-scan/physical measurement per NZDFAS protocol
nzdfas,reports/nzdfas/56.pdf,179,NZDFAS Army men,New Zealand,military,Army,M,2016,hand_breadth,Hand breadth,mm,88.00,4.00,486,80.00,88.00,95.00,A,Physical measurement; percentiles P5/P50/P95 as printed; 3D-scan/physical measurement per NZDFAS protocol
nzdfas,reports/nzdfas/56.pdf,179,NZDFAS Navy men,New Zealand,military,Navy,M,2016,hand_breadth,Hand breadth,mm,88.00,4.00,88,82.00,89.00,95.00,A,Physical measurement; percentiles P5/P50/P95 as printed; 3D-scan/physical measurement per NZDFAS protocol
nzdfas,reports/nzdfas/56.pdf,179,NZDFAS Air Force women,New Zealand,military,Air Force,F,2016,hand_breadth,Hand breadth,mm,78.00,4.00,72,73.00,78.00,85.00,A,Physical measurement; percentiles P5/P50/P95 as printed; 3D-scan/physical measurement per NZDFAS protocol
nzdfas,reports/nzdfas/56.pdf,179,NZDFAS Army women,New Zealand,military,Army,F,2016,hand_breadth,Hand breadth,mm,79.00,4.00,97,72.00,79.00,86.00,A,Physical measurement; percentiles P5/P50/P95 as printed; 3D-scan/physical measurement per NZDFAS protocol
nzdfas,reports/nzdfas/56.pdf,179,NZDFAS Navy women,New Zealand,military,Navy,F,2016,hand_breadth,Hand breadth,mm,78.00,4.00,43,72.00,79.00,83.00,A,Physical measurement; percentiles P5/P50/P95 as printed; 3D-scan/physical measurement per NZDFAS protocol
nzdfas,reports/nzdfas/56.pdf,179,NZDFAS all services women,New Zealand,military,Tri-service,F,2016,hand_breadth,Hand breadth,mm,78.00,4.00,212,72.00,78.00,85.00,A,Physical measurement; percentiles P5/P50/P95 as printed; 3D-scan/physical measurement per NZDFAS protocol; pooled Army+Navy+Air Force
nzdfas,reports/nzdfas/56.pdf,181,NZDFAS all services men,New Zealand,military,Tri-service,M,2016,hand_circumference,Hand circumference,mm,214.00,10.00,790,198.00,214.00,232.00,A,Physical measurement; percentiles P5/P50/P95 as printed; 3D-scan/physical measurement per NZDFAS protocol; pooled Army+Navy+Air Force
nzdfas,reports/nzdfas/56.pdf,181,NZDFAS Air Force men,New Zealand,military,Air Force,M,2016,hand_circumference,Hand circumference,mm,215.00,10.00,216,199.00,214.00,233.00,A,Physical measurement; percentiles P5/P50/P95 as printed; 3D-scan/physical measurement per NZDFAS protocol
nzdfas,reports/nzdfas/56.pdf,181,NZDFAS Army men,New Zealand,military,Army,M,2016,hand_circumference,Hand circumference,mm,214.00,11.00,486,197.00,213.00,232.00,A,Physical measurement; percentiles P5/P50/P95 as printed; 3D-scan/physical measurement per NZDFAS protocol
nzdfas,reports/nzdfas/56.pdf,181,NZDFAS Navy men,New Zealand,military,Navy,M,2016,hand_circumference,Hand circumference,mm,215.00,10.00,88,200.00,214.00,230.00,A,Physical measurement; percentiles P5/P50/P95 as printed; 3D-scan/physical measurement per NZDFAS protocol
nzdfas,reports/nzdfas/56.pdf,181,NZDFAS Air Force women,New Zealand,military,Air Force,F,2016,hand_circumference,Hand circumference,mm,191.00,9.00,72,176.00,190.00,206.00,A,Physical measurement; percentiles P5/P50/P95 as printed; 3D-scan/physical measurement per NZDFAS protocol
nzdfas,reports/nzdfas/56.pdf,181,NZDFAS Army women,New Zealand,military,Army,F,2016,hand_circumference,Hand circumference,mm,191.00,10.00,97,175.00,190.00,207.00,A,Physical measurement; percentiles P5/P50/P95 as printed; 3D-scan/physical measurement per NZDFAS protocol
nzdfas,reports/nzdfas/56.pdf,181,NZDFAS Navy women,New Zealand,military,Navy,F,2016,hand_circumference,Hand circumference,mm,188.00,10.00,43,172.00,189.00,203.00,A,Physical measurement; percentiles P5/P50/P95 as printed; 3D-scan/physical measurement per NZDFAS protocol
nzdfas,reports/nzdfas/56.pdf,181,NZDFAS all services women,New Zealand,military,Tri-service,F,2016,hand_circumference,Hand circumference,mm,190.00,10.00,212,175.00,190.00,206.00,A,Physical measurement; percentiles P5/P50/P95 as printed; 3D-scan/physical measurement per NZDFAS protocol; pooled Army+Navy+Air Force
nzdfas,reports/nzdfas/56.pdf,183,NZDFAS all services men,New Zealand,military,Tri-service,M,2016,hand_length,Hand length,mm,198.00,11.00,790,180.00,199.00,216.00,A,Physical measurement; percentiles P5/P50/P95 as printed; 3D-scan/physical measurement per NZDFAS protocol; pooled Army+Navy+Air Force
nzdfas,reports/nzdfas/56.pdf,183,NZDFAS Air Force men,New Zealand,military,Air Force,M,2016,hand_length,Hand length,mm,201.00,10.00,216,185.00,202.00,220.00,A,Physical measurement; percentiles P5/P50/P95 as printed; 3D-scan/physical measurement per NZDFAS protocol
nzdfas,reports/nzdfas/56.pdf,183,NZDFAS Army men,New Zealand,military,Army,M,2016,hand_length,Hand length,mm,197.00,12.00,486,176.00,198.00,214.00,A,Physical measurement; percentiles P5/P50/P95 as printed; 3D-scan/physical measurement per NZDFAS protocol
nzdfas,reports/nzdfas/56.pdf,183,NZDFAS Navy men,New Zealand,military,Navy,M,2016,hand_length,Hand length,mm,197.00,9.00,88,184.00,196.00,211.00,A,Physical measurement; percentiles P5/P50/P95 as printed; 3D-scan/physical measurement per NZDFAS protocol
nzdfas,reports/nzdfas/56.pdf,183,NZDFAS Air Force women,New Zealand,military,Air Force,F,2016,hand_length,Hand length,mm,185.00,9.00,72,172.00,185.00,201.00,A,Physical measurement; percentiles P5/P50/P95 as printed; 3D-scan/physical measurement per NZDFAS protocol
nzdfas,reports/nzdfas/56.pdf,183,NZDFAS Army women,New Zealand,military,Army,F,2016,hand_length,Hand length,mm,183.00,10.00,97,166.00,182.00,200.00,A,Physical measurement; percentiles P5/P50/P95 as printed; 3D-scan/physical measurement per NZDFAS protocol
nzdfas,reports/nzdfas/56.pdf,183,NZDFAS Navy women,New Zealand,military,Navy,F,2016,hand_length,Hand length,mm,179.00,9.00,43,164.00,180.00,192.00,A,Physical measurement; percentiles P5/P50/P95 as printed; 3D-scan/physical measurement per NZDFAS protocol
nzdfas,reports/nzdfas/56.pdf,183,NZDFAS all services women,New Zealand,military,Tri-service,F,2016,hand_length,Hand length,mm,183.00,10.00,212,166.00,183.00,200.00,A,Physical measurement; percentiles P5/P50/P95 as printed; 3D-scan/physical measurement per NZDFAS protocol; pooled Army+Navy+Air Force
nzdfas,reports/nzdfas/56.pdf,185,NZDFAS all services men,New Zealand,military,Tri-service,M,2016,head_breadth,Head breadth,mm,156.00,6.00,790,146.00,155.00,165.00,A,Physical measurement; percentiles P5/P50/P95 as printed; 3D-scan/physical measurement per NZDFAS protocol; pooled Army+Navy+Air Force
nzdfas,reports/nzdfas/56.pdf,185,NZDFAS Air Force men,New Zealand,military,Air Force,M,2016,head_breadth,Head breadth,mm,155.00,6.00,216,145.00,155.00,164.00,A,Physical measurement; percentiles P5/P50/P95 as printed; 3D-scan/physical measurement per NZDFAS protocol
nzdfas,reports/nzdfas/56.pdf,185,NZDFAS Army men,New Zealand,military,Army,M,2016,head_breadth,Head breadth,mm,156.00,6.00,486,146.00,155.00,165.00,A,Physical measurement; percentiles P5/P50/P95 as printed; 3D-scan/physical measurement per NZDFAS protocol
nzdfas,reports/nzdfas/56.pdf,185,NZDFAS Navy men,New Zealand,military,Navy,M,2016,head_breadth,Head breadth,mm,157.00,7.00,88,146.00,157.00,166.00,A,Physical measurement; percentiles P5/P50/P95 as printed; 3D-scan/physical measurement per NZDFAS protocol
nzdfas,reports/nzdfas/56.pdf,185,NZDFAS Air Force women,New Zealand,military,Air Force,F,2016,head_breadth,Head breadth,mm,149.00,6.00,72,140.00,149.00,160.00,A,Physical measurement; percentiles P5/P50/P95 as printed; 3D-scan/physical measurement per NZDFAS protocol
nzdfas,reports/nzdfas/56.pdf,185,NZDFAS Army women,New Zealand,military,Army,F,2016,head_breadth,Head breadth,mm,150.00,7.00,97,137.00,149.00,162.00,A,Physical measurement; percentiles P5/P50/P95 as printed; 3D-scan/physical measurement per NZDFAS protocol
nzdfas,reports/nzdfas/56.pdf,185,NZDFAS Navy women,New Zealand,military,Navy,F,2016,head_breadth,Head breadth,mm,147.00,6.00,43,139.00,148.00,156.00,A,Physical measurement; percentiles P5/P50/P95 as printed; 3D-scan/physical measurement per NZDFAS protocol
nzdfas,reports/nzdfas/56.pdf,185,NZDFAS all services women,New Zealand,military,Tri-service,F,2016,head_breadth,Head breadth,mm,149.00,7.00,212,138.00,149.00,160.00,A,Physical measurement; percentiles P5/P50/P95 as printed; 3D-scan/physical measurement per NZDFAS protocol; pooled Army+Navy+Air Force
nzdfas,reports/nzdfas/56.pdf,187,NZDFAS all services men,New Zealand,military,Tri-service,M,2016,head_circumference,Head girth,mm,599.00,15.00,790,573.00,599.00,623.00,A,Automatic measurement; percentiles P5/P50/P95 as printed; 3D-scan/physical measurement per NZDFAS protocol; pooled Army+Navy+Air Force
nzdfas,reports/nzdfas/56.pdf,187,NZDFAS Air Force men,New Zealand,military,Air Force,M,2016,head_circumference,Head girth,mm,596.00,17.00,216,568.00,596.00,623.00,A,Automatic measurement; percentiles P5/P50/P95 as printed; 3D-scan/physical measurement per NZDFAS protocol
nzdfas,reports/nzdfas/56.pdf,187,NZDFAS Army men,New Zealand,military,Army,M,2016,head_circumference,Head girth,mm,600.00,15.00,486,576.00,601.00,624.00,A,Automatic measurement; percentiles P5/P50/P95 as printed; 3D-scan/physical measurement per NZDFAS protocol
nzdfas,reports/nzdfas/56.pdf,187,NZDFAS Navy men,New Zealand,military,Navy,M,2016,head_circumference,Head girth,mm,595.00,14.00,88,572.00,596.00,621.00,A,Automatic measurement; percentiles P5/P50/P95 as printed; 3D-scan/physical measurement per NZDFAS protocol
nzdfas,reports/nzdfas/56.pdf,187,NZDFAS Air Force women,New Zealand,military,Air Force,F,2016,head_circumference,Head girth,mm,576.00,12.00,72,555.00,577.00,595.00,A,Automatic measurement; percentiles P5/P50/P95 as printed; 3D-scan/physical measurement per NZDFAS protocol
nzdfas,reports/nzdfas/56.pdf,187,NZDFAS Army women,New Zealand,military,Army,F,2016,head_circumference,Head girth,mm,580.00,12.00,97,560.00,579.00,598.00,A,Automatic measurement; percentiles P5/P50/P95 as printed; 3D-scan/physical measurement per NZDFAS protocol
nzdfas,reports/nzdfas/56.pdf,187,NZDFAS Navy women,New Zealand,military,Navy,F,2016,head_circumference,Head girth,mm,575.00,12.00,43,554.00,575.00,596.00,A,Automatic measurement; percentiles P5/P50/P95 as printed; 3D-scan/physical measurement per NZDFAS protocol
nzdfas,reports/nzdfas/56.pdf,187,NZDFAS all services women,New Zealand,military,Tri-service,F,2016,head_circumference,Head girth,mm,578.00,12.00,212,557.00,578.00,597.00,A,Automatic measurement; percentiles P5/P50/P95 as printed; 3D-scan/physical measurement per NZDFAS protocol; pooled Army+Navy+Air Force
nzdfas,reports/nzdfas/56.pdf,189,NZDFAS all services men,New Zealand,military,Tri-service,M,2016,head_length,Head length,mm,202.00,7.00,790,192.00,202.00,213.00,A,Physical measurement; percentiles P5/P50/P95 as printed; 3D-scan/physical measurement per NZDFAS protocol; pooled Army+Navy+Air Force
nzdfas,reports/nzdfas/56.pdf,189,NZDFAS Air Force men,New Zealand,military,Air Force,M,2016,head_length,Head length,mm,203.00,7.00,216,191.00,203.00,214.00,A,Physical measurement; percentiles P5/P50/P95 as printed; 3D-scan/physical measurement per NZDFAS protocol
nzdfas,reports/nzdfas/56.pdf,189,NZDFAS Army men,New Zealand,military,Army,M,2016,head_length,Head length,mm,202.00,7.00,486,192.00,202.00,212.00,A,Physical measurement; percentiles P5/P50/P95 as printed; 3D-scan/physical measurement per NZDFAS protocol
nzdfas,reports/nzdfas/56.pdf,189,NZDFAS Navy men,New Zealand,military,Navy,M,2016,head_length,Head length,mm,201.00,6.00,88,190.00,202.00,210.00,A,Physical measurement; percentiles P5/P50/P95 as printed; 3D-scan/physical measurement per NZDFAS protocol
nzdfas,reports/nzdfas/56.pdf,189,NZDFAS Air Force women,New Zealand,military,Air Force,F,2016,head_length,Head length,mm,195.00,6.00,72,186.00,195.00,204.00,A,Physical measurement; percentiles P5/P50/P95 as printed; 3D-scan/physical measurement per NZDFAS protocol
nzdfas,reports/nzdfas/56.pdf,189,NZDFAS Army women,New Zealand,military,Army,F,2016,head_length,Head length,mm,195.00,6.00,97,187.00,194.00,205.00,A,Physical measurement; percentiles P5/P50/P95 as printed; 3D-scan/physical measurement per NZDFAS protocol
nzdfas,reports/nzdfas/56.pdf,189,NZDFAS Navy women,New Zealand,military,Navy,F,2016,head_length,Head length,mm,194.00,7.00,43,183.00,193.00,203.00,A,Physical measurement; percentiles P5/P50/P95 as printed; 3D-scan/physical measurement per NZDFAS protocol
nzdfas,reports/nzdfas/56.pdf,189,NZDFAS all services women,New Zealand,military,Tri-service,F,2016,head_length,Head length,mm,195.00,6.00,212,186.00,194.00,204.00,A,Physical measurement; percentiles P5/P50/P95 as printed; 3D-scan/physical measurement per NZDFAS protocol; pooled Army+Navy+Air Force
nzdfas,reports/nzdfas/56.pdf,191,NZDFAS all services men,New Zealand,military,Tri-service,M,2016,hip_breadth_sitting,Hip breadth sitting,mm,427.00,32.00,790,377.00,424.00,483.00,A,Post-processed measurement; percentiles P5/P50/P95 as printed; 3D-scan/physical measurement per NZDFAS protocol; pooled Army+Navy+Air Force
nzdfas,reports/nzdfas/56.pdf,191,NZDFAS Air Force men,New Zealand,military,Air Force,M,2016,hip_breadth_sitting,Hip breadth sitting,mm,423.00,34.00,216,376.00,419.00,482.00,A,Post-processed measurement; percentiles P5/P50/P95 as printed; 3D-scan/physical measurement per NZDFAS protocol
nzdfas,reports/nzdfas/56.pdf,191,NZDFAS Army men,New Zealand,military,Army,M,2016,hip_breadth_sitting,Hip breadth sitting,mm,427.00,31.00,486,378.00,425.00,482.00,A,Post-processed measurement; percentiles P5/P50/P95 as printed; 3D-scan/physical measurement per NZDFAS protocol
nzdfas,reports/nzdfas/56.pdf,191,NZDFAS Navy men,New Zealand,military,Navy,M,2016,hip_breadth_sitting,Hip breadth sitting,mm,432.00,33.00,88,381.00,426.00,489.00,A,Post-processed measurement; percentiles P5/P50/P95 as printed; 3D-scan/physical measurement per NZDFAS protocol
nzdfas,reports/nzdfas/56.pdf,191,NZDFAS Air Force women,New Zealand,military,Air Force,F,2016,hip_breadth_sitting,Hip breadth sitting,mm,425.00,33.00,72,380.00,418.00,474.00,A,Post-processed measurement; percentiles P5/P50/P95 as printed; 3D-scan/physical measurement per NZDFAS protocol
nzdfas,reports/nzdfas/56.pdf,191,NZDFAS Army women,New Zealand,military,Army,F,2016,hip_breadth_sitting,Hip breadth sitting,mm,434.00,27.00,97,392.00,430.00,477.00,A,Post-processed measurement; percentiles P5/P50/P95 as printed; 3D-scan/physical measurement per NZDFAS protocol
nzdfas,reports/nzdfas/56.pdf,191,NZDFAS Navy women,New Zealand,military,Navy,F,2016,hip_breadth_sitting,Hip breadth sitting,mm,436.00,29.00,43,400.00,436.00,487.00,A,Post-processed measurement; percentiles P5/P50/P95 as printed; 3D-scan/physical measurement per NZDFAS protocol
nzdfas,reports/nzdfas/56.pdf,191,NZDFAS all services women,New Zealand,military,Tri-service,F,2016,hip_breadth_sitting,Hip breadth sitting,mm,431.00,30.00,212,386.00,428.00,482.00,A,Post-processed measurement; percentiles P5/P50/P95 as printed; 3D-scan/physical measurement per NZDFAS protocol; pooled Army+Navy+Air Force
nzdfas,reports/nzdfas/56.pdf,193,NZDFAS all services men,New Zealand,military,Tri-service,M,2016,other:hip_breadth_standing,Hip breadth standing,mm,368.00,21.00,790,334.00,368.00,403.00,A,Post-processed measurement; percentiles P5/P50/P95 as printed; 3D-scan/physical measurement per NZDFAS protocol; pooled Army+Navy+Air Force
nzdfas,reports/nzdfas/56.pdf,193,NZDFAS Air Force men,New Zealand,military,Air Force,M,2016,other:hip_breadth_standing,Hip breadth standing,mm,367.00,21.00,216,334.00,365.00,403.00,A,Post-processed measurement; percentiles P5/P50/P95 as printed; 3D-scan/physical measurement per NZDFAS protocol
nzdfas,reports/nzdfas/56.pdf,193,NZDFAS Army men,New Zealand,military,Army,M,2016,other:hip_breadth_standing,Hip breadth standing,mm,369.00,21.00,486,334.00,368.00,403.00,A,Post-processed measurement; percentiles P5/P50/P95 as printed; 3D-scan/physical measurement per NZDFAS protocol
nzdfas,reports/nzdfas/56.pdf,193,NZDFAS Navy men,New Zealand,military,Navy,M,2016,other:hip_breadth_standing,Hip breadth standing,mm,369.00,21.00,88,336.00,369.00,406.00,A,Post-processed measurement; percentiles P5/P50/P95 as printed; 3D-scan/physical measurement per NZDFAS protocol
nzdfas,reports/nzdfas/56.pdf,193,NZDFAS Air Force women,New Zealand,military,Air Force,F,2016,other:hip_breadth_standing,Hip breadth standing,mm,372.00,19.00,72,345.00,368.00,403.00,A,Post-processed measurement; percentiles P5/P50/P95 as printed; 3D-scan/physical measurement per NZDFAS protocol
nzdfas,reports/nzdfas/56.pdf,193,NZDFAS Army women,New Zealand,military,Army,F,2016,other:hip_breadth_standing,Hip breadth standing,mm,376.00,17.00,97,349.00,374.00,404.00,A,Post-processed measurement; percentiles P5/P50/P95 as printed; 3D-scan/physical measurement per NZDFAS protocol
nzdfas,reports/nzdfas/56.pdf,193,NZDFAS Navy women,New Zealand,military,Navy,F,2016,other:hip_breadth_standing,Hip breadth standing,mm,376.00,21.00,43,347.00,371.00,404.00,A,Post-processed measurement; percentiles P5/P50/P95 as printed; 3D-scan/physical measurement per NZDFAS protocol
nzdfas,reports/nzdfas/56.pdf,193,NZDFAS all services women,New Zealand,military,Tri-service,F,2016,other:hip_breadth_standing,Hip breadth standing,mm,375.00,19.00,212,346.00,371.00,403.00,A,Post-processed measurement; percentiles P5/P50/P95 as printed; 3D-scan/physical measurement per NZDFAS protocol; pooled Army+Navy+Air Force
nzdfas,reports/nzdfas/56.pdf,195,NZDFAS all services men,New Zealand,military,Tri-service,M,2016,other:hip_girth_maximum,Hip girth maximum,mm,1061.00,68.00,790,958.00,1054.00,1177.00,A,Post-processed measurement; percentiles P5/P50/P95 as printed; 3D-scan/physical measurement per NZDFAS protocol; pooled Army+Navy+Air Force
nzdfas,reports/nzdfas/56.pdf,195,NZDFAS Air Force men,New Zealand,military,Air Force,M,2016,other:hip_girth_maximum,Hip girth maximum,mm,1056.00,69.00,216,958.00,1044.00,1171.00,A,Post-processed measurement; percentiles P5/P50/P95 as printed; 3D-scan/physical measurement per NZDFAS protocol
nzdfas,reports/nzdfas/56.pdf,195,NZDFAS Army men,New Zealand,military,Army,M,2016,other:hip_girth_maximum,Hip girth maximum,mm,1064.00,65.00,486,959.00,1059.00,1176.00,A,Post-processed measurement; percentiles P5/P50/P95 as printed; 3D-scan/physical measurement per NZDFAS protocol
nzdfas,reports/nzdfas/56.pdf,195,NZDFAS Navy men,New Zealand,military,Navy,M,2016,other:hip_girth_maximum,Hip girth maximum,mm,1060.00,83.00,88,945.00,1052.00,1192.00,A,Post-processed measurement; percentiles P5/P50/P95 as printed; 3D-scan/physical measurement per NZDFAS protocol
nzdfas,reports/nzdfas/56.pdf,195,NZDFAS Air Force women,New Zealand,military,Air Force,F,2016,other:hip_girth_maximum,Hip girth maximum,mm,1046.00,66.00,72,944.00,1036.00,1168.00,A,Post-processed measurement; percentiles P5/P50/P95 as printed; 3D-scan/physical measurement per NZDFAS protocol
nzdfas,reports/nzdfas/56.pdf,195,NZDFAS Army women,New Zealand,military,Army,F,2016,other:hip_girth_maximum,Hip girth maximum,mm,1057.00,56.00,97,974.00,1050.00,1151.00,A,Post-processed measurement; percentiles P5/P50/P95 as printed; 3D-scan/physical measurement per NZDFAS protocol
nzdfas,reports/nzdfas/56.pdf,195,NZDFAS Navy women,New Zealand,military,Navy,F,2016,other:hip_girth_maximum,Hip girth maximum,mm,1057.00,73.00,43,968.00,1042.00,1195.00,A,Post-processed measurement; percentiles P5/P50/P95 as printed; 3D-scan/physical measurement per NZDFAS protocol
nzdfas,reports/nzdfas/56.pdf,195,NZDFAS all services women,New Zealand,military,Tri-service,F,2016,other:hip_girth_maximum,Hip girth maximum,mm,1053.00,63.00,212,960.00,1046.00,1172.00,A,Post-processed measurement; percentiles P5/P50/P95 as printed; 3D-scan/physical measurement per NZDFAS protocol; pooled Army+Navy+Air Force
nzdfas,reports/nzdfas/56.pdf,197,NZDFAS all services men,New Zealand,military,Tri-service,M,2016,iliocristale_height,Iliocristale height,mm,1071.00,52.00,790,987.00,1069.00,1160.00,A,Post-processed measurement; percentiles P5/P50/P95 as printed; 3D-scan/physical measurement per NZDFAS protocol; pooled Army+Navy+Air Force
nzdfas,reports/nzdfas/56.pdf,197,NZDFAS Air Force men,New Zealand,military,Air Force,M,2016,iliocristale_height,Iliocristale height,mm,1076.00,53.00,216,984.00,1073.00,1173.00,A,Post-processed measurement; percentiles P5/P50/P95 as printed; 3D-scan/physical measurement per NZDFAS protocol
nzdfas,reports/nzdfas/56.pdf,197,NZDFAS Army men,New Zealand,military,Army,M,2016,iliocristale_height,Iliocristale height,mm,1068.00,51.00,486,987.00,1066.00,1156.00,A,Post-processed measurement; percentiles P5/P50/P95 as printed; 3D-scan/physical measurement per NZDFAS protocol
nzdfas,reports/nzdfas/56.pdf,197,NZDFAS Navy men,New Zealand,military,Navy,M,2016,iliocristale_height,Iliocristale height,mm,1077.00,55.00,88,998.00,1073.00,1161.00,A,Post-processed measurement; percentiles P5/P50/P95 as printed; 3D-scan/physical measurement per NZDFAS protocol
nzdfas,reports/nzdfas/56.pdf,197,NZDFAS Air Force women,New Zealand,military,Air Force,F,2016,iliocristale_height,Iliocristale height,mm,996.00,45.00,72,923.00,1002.00,1064.00,A,Post-processed measurement; percentiles P5/P50/P95 as printed; 3D-scan/physical measurement per NZDFAS protocol
nzdfas,reports/nzdfas/56.pdf,197,NZDFAS Army women,New Zealand,military,Army,F,2016,iliocristale_height,Iliocristale height,mm,999.00,41.00,97,927.00,999.00,1069.00,A,Post-processed measurement; percentiles P5/P50/P95 as printed; 3D-scan/physical measurement per NZDFAS protocol
nzdfas,reports/nzdfas/56.pdf,197,NZDFAS Navy women,New Zealand,military,Navy,F,2016,iliocristale_height,Iliocristale height,mm,994.00,40.00,43,924.00,998.00,1058.00,A,Post-processed measurement; percentiles P5/P50/P95 as printed; 3D-scan/physical measurement per NZDFAS protocol
nzdfas,reports/nzdfas/56.pdf,197,NZDFAS all services women,New Zealand,military,Tri-service,F,2016,iliocristale_height,Iliocristale height,mm,997.00,42.00,212,926.00,998.00,1069.00,A,Post-processed measurement; percentiles P5/P50/P95 as printed; 3D-scan/physical measurement per NZDFAS protocol; pooled Army+Navy+Air Force
nzdfas,reports/nzdfas/56.pdf,199,NZDFAS all services men,New Zealand,military,Tri-service,M,2016,other:index_finger_breadth_distal,Index finger breadth distal,mm,17.00,1.00,790,15.00,17.00,19.00,A,Physical measurement; percentiles P5/P50/P95 as printed; 3D-scan/physical measurement per NZDFAS protocol; pooled Army+Navy+Air Force
nzdfas,reports/nzdfas/56.pdf,199,NZDFAS Air Force men,New Zealand,military,Air Force,M,2016,other:index_finger_breadth_distal,Index finger breadth distal,mm,16.00,1.00,216,14.00,16.00,19.00,A,Physical measurement; percentiles P5/P50/P95 as printed; 3D-scan/physical measurement per NZDFAS protocol
nzdfas,reports/nzdfas/56.pdf,199,NZDFAS Army men,New Zealand,military,Army,M,2016,other:index_finger_breadth_distal,Index finger breadth distal,mm,17.00,1.00,486,15.00,17.00,19.00,A,Physical measurement; percentiles P5/P50/P95 as printed; 3D-scan/physical measurement per NZDFAS protocol
nzdfas,reports/nzdfas/56.pdf,199,NZDFAS Navy men,New Zealand,military,Navy,M,2016,other:index_finger_breadth_distal,Index finger breadth distal,mm,17.00,1.00,88,15.00,17.00,19.00,A,Physical measurement; percentiles P5/P50/P95 as printed; 3D-scan/physical measurement per NZDFAS protocol
nzdfas,reports/nzdfas/56.pdf,199,NZDFAS Air Force women,New Zealand,military,Air Force,F,2016,other:index_finger_breadth_distal,Index finger breadth distal,mm,14.00,1.00,72,12.00,14.00,16.00,A,Physical measurement; percentiles P5/P50/P95 as printed; 3D-scan/physical measurement per NZDFAS protocol
nzdfas,reports/nzdfas/56.pdf,199,NZDFAS Army women,New Zealand,military,Army,F,2016,other:index_finger_breadth_distal,Index finger breadth distal,mm,15.00,1.00,97,13.00,15.00,16.00,A,Physical measurement; percentiles P5/P50/P95 as printed; 3D-scan/physical measurement per NZDFAS protocol
nzdfas,reports/nzdfas/56.pdf,199,NZDFAS Navy women,New Zealand,military,Navy,F,2016,other:index_finger_breadth_distal,Index finger breadth distal,mm,15.00,1.00,43,13.00,15.00,16.00,A,Physical measurement; percentiles P5/P50/P95 as printed; 3D-scan/physical measurement per NZDFAS protocol
nzdfas,reports/nzdfas/56.pdf,199,NZDFAS all services women,New Zealand,military,Tri-service,F,2016,other:index_finger_breadth_distal,Index finger breadth distal,mm,14.00,1.00,212,12.00,15.00,16.00,A,Physical measurement; percentiles P5/P50/P95 as printed; 3D-scan/physical measurement per NZDFAS protocol; pooled Army+Navy+Air Force
nzdfas,reports/nzdfas/56.pdf,201,NZDFAS all services men,New Zealand,military,Tri-service,M,2016,other:index_finger_breadth_proximal,Index finger breadth proximal,mm,19.00,1.00,790,17.00,20.00,22.00,A,Physical measurement; percentiles P5/P50/P95 as printed; 3D-scan/physical measurement per NZDFAS protocol; pooled Army+Navy+Air Force
nzdfas,reports/nzdfas/56.pdf,201,NZDFAS Air Force men,New Zealand,military,Air Force,M,2016,other:index_finger_breadth_proximal,Index finger breadth proximal,mm,19.00,1.00,216,17.00,19.00,21.00,A,Physical measurement; percentiles P5/P50/P95 as printed; 3D-scan/physical measurement per NZDFAS protocol
nzdfas,reports/nzdfas/56.pdf,201,NZDFAS Army men,New Zealand,military,Army,M,2016,other:index_finger_breadth_proximal,Index finger breadth proximal,mm,19.00,1.00,486,17.00,19.00,22.00,A,Physical measurement; percentiles P5/P50/P95 as printed; 3D-scan/physical measurement per NZDFAS protocol
nzdfas,reports/nzdfas/56.pdf,201,NZDFAS Navy men,New Zealand,military,Navy,M,2016,other:index_finger_breadth_proximal,Index finger breadth proximal,mm,20.00,1.00,88,18.00,20.00,22.00,A,Physical measurement; percentiles P5/P50/P95 as printed; 3D-scan/physical measurement per NZDFAS protocol
nzdfas,reports/nzdfas/56.pdf,201,NZDFAS Air Force women,New Zealand,military,Air Force,F,2016,other:index_finger_breadth_proximal,Index finger breadth proximal,mm,17.00,1.00,72,15.00,17.00,19.00,A,Physical measurement; percentiles P5/P50/P95 as printed; 3D-scan/physical measurement per NZDFAS protocol
nzdfas,reports/nzdfas/56.pdf,201,NZDFAS Army women,New Zealand,military,Army,F,2016,other:index_finger_breadth_proximal,Index finger breadth proximal,mm,17.00,1.00,97,16.00,17.00,20.00,A,Physical measurement; percentiles P5/P50/P95 as printed; 3D-scan/physical measurement per NZDFAS protocol
nzdfas,reports/nzdfas/56.pdf,201,NZDFAS Navy women,New Zealand,military,Navy,F,2016,other:index_finger_breadth_proximal,Index finger breadth proximal,mm,17.00,1.00,43,16.00,17.00,18.00,A,Physical measurement; percentiles P5/P50/P95 as printed; 3D-scan/physical measurement per NZDFAS protocol
nzdfas,reports/nzdfas/56.pdf,201,NZDFAS all services women,New Zealand,military,Tri-service,F,2016,other:index_finger_breadth_proximal,Index finger breadth proximal,mm,17.00,1.00,212,15.00,17.00,19.00,A,Physical measurement; percentiles P5/P50/P95 as printed; 3D-scan/physical measurement per NZDFAS protocol; pooled Army+Navy+Air Force
nzdfas,reports/nzdfas/56.pdf,203,NZDFAS all services men,New Zealand,military,Tri-service,M,2016,other:index_finger_reach,Index finger reach,mm,864.00,42.00,790,795.00,864.00,934.00,A,Physical measurement; percentiles P5/P50/P95 as printed; 3D-scan/physical measurement per NZDFAS protocol; pooled Army+Navy+Air Force
nzdfas,reports/nzdfas/56.pdf,203,NZDFAS Air Force men,New Zealand,military,Air Force,M,2016,other:index_finger_reach,Index finger reach,mm,869.00,41.00,216,796.00,869.00,938.00,A,Physical measurement; percentiles P5/P50/P95 as printed; 3D-scan/physical measurement per NZDFAS protocol
nzdfas,reports/nzdfas/56.pdf,203,NZDFAS Army men,New Zealand,military,Army,M,2016,other:index_finger_reach,Index finger reach,mm,861.00,43.00,486,790.00,862.00,934.00,A,Physical measurement; percentiles P5/P50/P95 as printed; 3D-scan/physical measurement per NZDFAS protocol
nzdfas,reports/nzdfas/56.pdf,203,NZDFAS Navy men,New Zealand,military,Navy,M,2016,other:index_finger_reach,Index finger reach,mm,869.00,39.00,88,810.00,868.00,933.00,A,Physical measurement; percentiles P5/P50/P95 as printed; 3D-scan/physical measurement per NZDFAS protocol
nzdfas,reports/nzdfas/56.pdf,203,NZDFAS Air Force women,New Zealand,military,Air Force,F,2016,other:index_finger_reach,Index finger reach,mm,791.00,37.00,72,735.00,789.00,857.00,A,Physical measurement; percentiles P5/P50/P95 as printed; 3D-scan/physical measurement per NZDFAS protocol
nzdfas,reports/nzdfas/56.pdf,203,NZDFAS Army women,New Zealand,military,Army,F,2016,other:index_finger_reach,Index finger reach,mm,795.00,39.00,97,734.00,792.00,873.00,A,Physical measurement; percentiles P5/P50/P95 as printed; 3D-scan/physical measurement per NZDFAS protocol
nzdfas,reports/nzdfas/56.pdf,203,NZDFAS Navy women,New Zealand,military,Navy,F,2016,other:index_finger_reach,Index finger reach,mm,781.00,31.00,43,724.00,784.00,822.00,A,Physical measurement; percentiles P5/P50/P95 as printed; 3D-scan/physical measurement per NZDFAS protocol
nzdfas,reports/nzdfas/56.pdf,203,NZDFAS all services women,New Zealand,military,Tri-service,F,2016,other:index_finger_reach,Index finger reach,mm,791.00,37.00,212,733.00,789.00,857.00,A,Physical measurement; percentiles P5/P50/P95 as printed; 3D-scan/physical measurement per NZDFAS protocol; pooled Army+Navy+Air Force
nzdfas,reports/nzdfas/56.pdf,205,NZDFAS all services men,New Zealand,military,Tri-service,M,2016,interpupillary_breadth,Interpupillary breadth,mm,61.00,4.00,790,55.00,61.00,67.00,A,Physical measurement; percentiles P5/P50/P95 as printed; 3D-scan/physical measurement per NZDFAS protocol; pooled Army+Navy+Air Force
nzdfas,reports/nzdfas/56.pdf,205,NZDFAS Air Force men,New Zealand,military,Air Force,M,2016,interpupillary_breadth,Interpupillary breadth,mm,61.00,4.00,216,55.00,61.00,67.00,A,Physical measurement; percentiles P5/P50/P95 as printed; 3D-scan/physical measurement per NZDFAS protocol
nzdfas,reports/nzdfas/56.pdf,205,NZDFAS Army men,New Zealand,military,Army,M,2016,interpupillary_breadth,Interpupillary breadth,mm,61.00,4.00,486,55.00,60.00,67.00,A,Physical measurement; percentiles P5/P50/P95 as printed; 3D-scan/physical measurement per NZDFAS protocol
nzdfas,reports/nzdfas/56.pdf,205,NZDFAS Navy men,New Zealand,military,Navy,M,2016,interpupillary_breadth,Interpupillary breadth,mm,61.00,5.00,88,52.00,60.00,67.00,A,Physical measurement; percentiles P5/P50/P95 as printed; 3D-scan/physical measurement per NZDFAS protocol
nzdfas,reports/nzdfas/56.pdf,205,NZDFAS Air Force women,New Zealand,military,Air Force,F,2016,interpupillary_breadth,Interpupillary breadth,mm,58.00,4.00,72,54.00,58.00,63.00,A,Physical measurement; percentiles P5/P50/P95 as printed; 3D-scan/physical measurement per NZDFAS protocol
nzdfas,reports/nzdfas/56.pdf,205,NZDFAS Army women,New Zealand,military,Army,F,2016,interpupillary_breadth,Interpupillary breadth,mm,59.00,3.00,97,53.00,60.00,64.00,A,Physical measurement; percentiles P5/P50/P95 as printed; 3D-scan/physical measurement per NZDFAS protocol
nzdfas,reports/nzdfas/56.pdf,205,NZDFAS Navy women,New Zealand,military,Navy,F,2016,interpupillary_breadth,Interpupillary breadth,mm,57.00,4.00,43,50.00,57.00,63.00,A,Physical measurement; percentiles P5/P50/P95 as printed; 3D-scan/physical measurement per NZDFAS protocol
nzdfas,reports/nzdfas/56.pdf,205,NZDFAS all services women,New Zealand,military,Tri-service,F,2016,interpupillary_breadth,Interpupillary breadth,mm,58.00,4.00,212,52.00,59.00,64.00,A,Physical measurement; percentiles P5/P50/P95 as printed; 3D-scan/physical measurement per NZDFAS protocol; pooled Army+Navy+Air Force
nzdfas,reports/nzdfas/56.pdf,207,NZDFAS all services men,New Zealand,military,Tri-service,M,2016,other:knee_circumference,Knee circumference,mm,388.00,24.00,790,351.00,387.00,429.00,A,Post-processed measurement; percentiles P5/P50/P95 as printed; 3D-scan/physical measurement per NZDFAS protocol; pooled Army+Navy+Air Force
nzdfas,reports/nzdfas/56.pdf,207,NZDFAS Air Force men,New Zealand,military,Air Force,M,2016,other:knee_circumference,Knee circumference,mm,387.00,25.00,216,348.00,385.00,429.00,A,Post-processed measurement; percentiles P5/P50/P95 as printed; 3D-scan/physical measurement per NZDFAS protocol
nzdfas,reports/nzdfas/56.pdf,207,NZDFAS Army men,New Zealand,military,Army,M,2016,other:knee_circumference,Knee circumference,mm,387.00,24.00,486,353.00,386.00,428.00,A,Post-processed measurement; percentiles P5/P50/P95 as printed; 3D-scan/physical measurement per NZDFAS protocol
nzdfas,reports/nzdfas/56.pdf,207,NZDFAS Navy men,New Zealand,military,Navy,M,2016,other:knee_circumference,Knee circumference,mm,392.00,21.00,88,358.00,391.00,428.00,A,Post-processed measurement; percentiles P5/P50/P95 as printed; 3D-scan/physical measurement per NZDFAS protocol
nzdfas,reports/nzdfas/56.pdf,207,NZDFAS Air Force women,New Zealand,military,Air Force,F,2016,other:knee_circumference,Knee circumference,mm,368.00,24.00,72,331.00,371.00,405.00,A,Post-processed measurement; percentiles P5/P50/P95 as printed; 3D-scan/physical measurement per NZDFAS protocol
nzdfas,reports/nzdfas/56.pdf,207,NZDFAS Army women,New Zealand,military,Army,F,2016,other:knee_circumference,Knee circumference,mm,371.00,21.00,97,339.00,370.00,403.00,A,Post-processed measurement; percentiles P5/P50/P95 as printed; 3D-scan/physical measurement per NZDFAS protocol
nzdfas,reports/nzdfas/56.pdf,207,NZDFAS Navy women,New Zealand,military,Navy,F,2016,other:knee_circumference,Knee circumference,mm,378.00,22.00,43,341.00,378.00,409.00,A,Post-processed measurement; percentiles P5/P50/P95 as printed; 3D-scan/physical measurement per NZDFAS protocol
nzdfas,reports/nzdfas/56.pdf,207,NZDFAS all services women,New Zealand,military,Tri-service,F,2016,other:knee_circumference,Knee circumference,mm,372.00,22.00,212,334.00,371.00,408.00,A,Post-processed measurement; percentiles P5/P50/P95 as printed; 3D-scan/physical measurement per NZDFAS protocol; pooled Army+Navy+Air Force
nzdfas,reports/nzdfas/56.pdf,209,NZDFAS all services men,New Zealand,military,Tri-service,M,2016,other:knee_height,Knee height,mm,482.00,25.00,790,442.00,482.00,524.00,A,Automatic measurement; percentiles P5/P50/P95 as printed; 3D-scan/physical measurement per NZDFAS protocol; pooled Army+Navy+Air Force
nzdfas,reports/nzdfas/56.pdf,209,NZDFAS Air Force men,New Zealand,military,Air Force,M,2016,other:knee_height,Knee height,mm,485.00,25.00,216,447.00,484.00,528.00,A,Automatic measurement; percentiles P5/P50/P95 as printed; 3D-scan/physical measurement per NZDFAS protocol
nzdfas,reports/nzdfas/56.pdf,209,NZDFAS Army men,New Zealand,military,Army,M,2016,other:knee_height,Knee height,mm,480.00,25.00,486,441.00,479.00,521.00,A,Automatic measurement; percentiles P5/P50/P95 as printed; 3D-scan/physical measurement per NZDFAS protocol
nzdfas,reports/nzdfas/56.pdf,209,NZDFAS Navy men,New Zealand,military,Navy,M,2016,other:knee_height,Knee height,mm,485.00,23.00,88,453.00,484.00,524.00,A,Automatic measurement; percentiles P5/P50/P95 as printed; 3D-scan/physical measurement per NZDFAS protocol
nzdfas,reports/nzdfas/56.pdf,209,NZDFAS Air Force women,New Zealand,military,Air Force,F,2016,other:knee_height,Knee height,mm,447.00,20.00,72,417.00,446.00,483.00,A,Automatic measurement; percentiles P5/P50/P95 as printed; 3D-scan/physical measurement per NZDFAS protocol
nzdfas,reports/nzdfas/56.pdf,209,NZDFAS Army women,New Zealand,military,Army,F,2016,other:knee_height,Knee height,mm,449.00,21.00,97,414.00,449.00,487.00,A,Automatic measurement; percentiles P5/P50/P95 as printed; 3D-scan/physical measurement per NZDFAS protocol
nzdfas,reports/nzdfas/56.pdf,209,NZDFAS Navy women,New Zealand,military,Navy,F,2016,other:knee_height,Knee height,mm,444.00,18.00,43,418.00,444.00,472.00,A,Automatic measurement; percentiles P5/P50/P95 as printed; 3D-scan/physical measurement per NZDFAS protocol
nzdfas,reports/nzdfas/56.pdf,209,NZDFAS all services women,New Zealand,military,Tri-service,F,2016,other:knee_height,Knee height,mm,447.00,20.00,212,415.00,447.00,485.00,A,Automatic measurement; percentiles P5/P50/P95 as printed; 3D-scan/physical measurement per NZDFAS protocol; pooled Army+Navy+Air Force
nzdfas,reports/nzdfas/56.pdf,211,NZDFAS all services men,New Zealand,military,Tri-service,M,2016,knee_height_sitting,Knee height sitting,mm,556.00,27.00,790,513.00,557.00,599.00,A,Post-processed measurement; percentiles P5/P50/P95 as printed; 3D-scan/physical measurement per NZDFAS protocol; pooled Army+Navy+Air Force
nzdfas,reports/nzdfas/56.pdf,211,NZDFAS Air Force men,New Zealand,military,Air Force,M,2016,knee_height_sitting,Knee height sitting,mm,558.00,28.00,216,514.00,557.00,605.00,A,Post-processed measurement; percentiles P5/P50/P95 as printed; 3D-scan/physical measurement per NZDFAS protocol
nzdfas,reports/nzdfas/56.pdf,211,NZDFAS Army men,New Zealand,military,Army,M,2016,knee_height_sitting,Knee height sitting,mm,554.00,27.00,486,510.00,555.00,595.00,A,Post-processed measurement; percentiles P5/P50/P95 as printed; 3D-scan/physical measurement per NZDFAS protocol
nzdfas,reports/nzdfas/56.pdf,211,NZDFAS Navy men,New Zealand,military,Navy,M,2016,knee_height_sitting,Knee height sitting,mm,565.00,27.00,88,523.00,563.00,608.00,A,Post-processed measurement; percentiles P5/P50/P95 as printed; 3D-scan/physical measurement per NZDFAS protocol
nzdfas,reports/nzdfas/56.pdf,211,NZDFAS Air Force women,New Zealand,military,Air Force,F,2016,knee_height_sitting,Knee height sitting,mm,514.00,23.00,72,477.00,514.00,550.00,A,Post-processed measurement; percentiles P5/P50/P95 as printed; 3D-scan/physical measurement per NZDFAS protocol
nzdfas,reports/nzdfas/56.pdf,211,NZDFAS Army women,New Zealand,military,Army,F,2016,knee_height_sitting,Knee height sitting,mm,513.00,22.00,97,477.00,514.00,549.00,A,Post-processed measurement; percentiles P5/P50/P95 as printed; 3D-scan/physical measurement per NZDFAS protocol
nzdfas,reports/nzdfas/56.pdf,211,NZDFAS Navy women,New Zealand,military,Navy,F,2016,knee_height_sitting,Knee height sitting,mm,514.00,21.00,43,481.00,513.00,539.00,A,Post-processed measurement; percentiles P5/P50/P95 as printed; 3D-scan/physical measurement per NZDFAS protocol
nzdfas,reports/nzdfas/56.pdf,211,NZDFAS all services women,New Zealand,military,Tri-service,F,2016,knee_height_sitting,Knee height sitting,mm,514.00,22.00,212,476.00,514.00,550.00,A,Post-processed measurement; percentiles P5/P50/P95 as printed; 3D-scan/physical measurement per NZDFAS protocol; pooled Army+Navy+Air Force
nzdfas,reports/nzdfas/56.pdf,213,NZDFAS all services men,New Zealand,military,Tri-service,M,2016,other:medial_malleolus_hallax_length,Medial malleolus-hallax length,mm,210.00,11.00,790,193.00,210.00,229.00,A,Post-processed measurement; percentiles P5/P50/P95 as printed; 3D-scan/physical measurement per NZDFAS protocol; pooled Army+Navy+Air Force
nzdfas,reports/nzdfas/56.pdf,213,NZDFAS Air Force men,New Zealand,military,Air Force,M,2016,other:medial_malleolus_hallax_length,Medial malleolus-hallax length,mm,211.00,12.00,216,193.00,210.00,229.00,A,Post-processed measurement; percentiles P5/P50/P95 as printed; 3D-scan/physical measurement per NZDFAS protocol
nzdfas,reports/nzdfas/56.pdf,213,NZDFAS Army men,New Zealand,military,Army,M,2016,other:medial_malleolus_hallax_length,Medial malleolus-hallax length,mm,210.00,11.00,486,192.00,210.00,227.00,A,Post-processed measurement; percentiles P5/P50/P95 as printed; 3D-scan/physical measurement per NZDFAS protocol
nzdfas,reports/nzdfas/56.pdf,213,NZDFAS Navy men,New Zealand,military,Navy,M,2016,other:medial_malleolus_hallax_length,Medial malleolus-hallax length,mm,212.00,11.00,88,194.00,212.00,230.00,A,Post-processed measurement; percentiles P5/P50/P95 as printed; 3D-scan/physical measurement per NZDFAS protocol
nzdfas,reports/nzdfas/56.pdf,213,NZDFAS Air Force women,New Zealand,military,Air Force,F,2016,other:medial_malleolus_hallax_length,Medial malleolus-hallax length,mm,189.00,11.00,72,174.00,189.00,208.00,A,Post-processed measurement; percentiles P5/P50/P95 as printed; 3D-scan/physical measurement per NZDFAS protocol
nzdfas,reports/nzdfas/56.pdf,213,NZDFAS Army women,New Zealand,military,Army,F,2016,other:medial_malleolus_hallax_length,Medial malleolus-hallax length,mm,192.00,10.00,97,178.00,191.00,211.00,A,Post-processed measurement; percentiles P5/P50/P95 as printed; 3D-scan/physical measurement per NZDFAS protocol
nzdfas,reports/nzdfas/56.pdf,213,NZDFAS Navy women,New Zealand,military,Navy,F,2016,other:medial_malleolus_hallax_length,Medial malleolus-hallax length,mm,192.00,11.00,43,174.00,194.00,208.00,A,Post-processed measurement; percentiles P5/P50/P95 as printed; 3D-scan/physical measurement per NZDFAS protocol
nzdfas,reports/nzdfas/56.pdf,213,NZDFAS all services women,New Zealand,military,Tri-service,F,2016,other:medial_malleolus_hallax_length,Medial malleolus-hallax length,mm,191.00,11.00,212,174.00,191.00,208.00,A,Post-processed measurement; percentiles P5/P50/P95 as printed; 3D-scan/physical measurement per NZDFAS protocol; pooled Army+Navy+Air Force
nzdfas,reports/nzdfas/56.pdf,215,NZDFAS all services men,New Zealand,military,Tri-service,M,2016,neck_circumference_base,Neck girth base,mm,460.00,32.00,790,415.00,458.00,518.00,A,Automatic measurement; percentiles P5/P50/P95 as printed; 3D-scan/physical measurement per NZDFAS protocol; pooled Army+Navy+Air Force
nzdfas,reports/nzdfas/56.pdf,215,NZDFAS Air Force men,New Zealand,military,Air Force,M,2016,neck_circumference_base,Neck girth base,mm,453.00,28.00,216,414.00,452.00,502.00,A,Automatic measurement; percentiles P5/P50/P95 as printed; 3D-scan/physical measurement per NZDFAS protocol
nzdfas,reports/nzdfas/56.pdf,215,NZDFAS Army men,New Zealand,military,Army,M,2016,neck_circumference_base,Neck girth base,mm,463.00,32.00,486,416.00,461.00,522.00,A,Automatic measurement; percentiles P5/P50/P95 as printed; 3D-scan/physical measurement per NZDFAS protocol
nzdfas,reports/nzdfas/56.pdf,215,NZDFAS Navy men,New Zealand,military,Navy,M,2016,neck_circumference_base,Neck girth base,mm,464.00,35.00,88,417.00,463.00,519.00,A,Automatic measurement; percentiles P5/P50/P95 as printed; 3D-scan/physical measurement per NZDFAS protocol
nzdfas,reports/nzdfas/56.pdf,215,NZDFAS Air Force women,New Zealand,military,Air Force,F,2016,neck_circumference_base,Neck girth base,mm,390.00,26.00,72,350.00,390.00,426.00,A,Automatic measurement; percentiles P5/P50/P95 as printed; 3D-scan/physical measurement per NZDFAS protocol
nzdfas,reports/nzdfas/56.pdf,215,NZDFAS Army women,New Zealand,military,Army,F,2016,neck_circumference_base,Neck girth base,mm,403.00,27.00,97,364.00,396.00,446.00,A,Automatic measurement; percentiles P5/P50/P95 as printed; 3D-scan/physical measurement per NZDFAS protocol
nzdfas,reports/nzdfas/56.pdf,215,NZDFAS Navy women,New Zealand,military,Navy,F,2016,neck_circumference_base,Neck girth base,mm,396.00,30.00,43,355.00,388.00,449.00,A,Automatic measurement; percentiles P5/P50/P95 as printed; 3D-scan/physical measurement per NZDFAS protocol
nzdfas,reports/nzdfas/56.pdf,215,NZDFAS all services women,New Zealand,military,Tri-service,F,2016,neck_circumference_base,Neck girth base,mm,397.00,28.00,212,355.00,395.00,443.00,A,Automatic measurement; percentiles P5/P50/P95 as printed; 3D-scan/physical measurement per NZDFAS protocol; pooled Army+Navy+Air Force
nzdfas,reports/nzdfas/56.pdf,217,NZDFAS all services men,New Zealand,military,Tri-service,M,2016,other:palm_length,Palm length,mm,114.00,8.00,790,100.00,115.00,126.00,A,Physical measurement; percentiles P5/P50/P95 as printed; 3D-scan/physical measurement per NZDFAS protocol; pooled Army+Navy+Air Force
nzdfas,reports/nzdfas/56.pdf,217,NZDFAS Air Force men,New Zealand,military,Air Force,M,2016,other:palm_length,Palm length,mm,116.00,7.00,216,105.00,116.00,127.00,A,Physical measurement; percentiles P5/P50/P95 as printed; 3D-scan/physical measurement per NZDFAS protocol
nzdfas,reports/nzdfas/56.pdf,217,NZDFAS Army men,New Zealand,military,Army,M,2016,other:palm_length,Palm length,mm,114.00,9.00,486,97.00,114.00,126.00,A,Physical measurement; percentiles P5/P50/P95 as printed; 3D-scan/physical measurement per NZDFAS protocol
nzdfas,reports/nzdfas/56.pdf,217,NZDFAS Navy men,New Zealand,military,Navy,M,2016,other:palm_length,Palm length,mm,115.00,7.00,88,105.00,114.00,126.00,A,Physical measurement; percentiles P5/P50/P95 as printed; 3D-scan/physical measurement per NZDFAS protocol
nzdfas,reports/nzdfas/56.pdf,217,NZDFAS Air Force women,New Zealand,military,Air Force,F,2016,other:palm_length,Palm length,mm,107.00,6.00,72,98.00,106.00,116.00,A,Physical measurement; percentiles P5/P50/P95 as printed; 3D-scan/physical measurement per NZDFAS protocol
nzdfas,reports/nzdfas/56.pdf,217,NZDFAS Army women,New Zealand,military,Army,F,2016,other:palm_length,Palm length,mm,105.00,7.00,97,93.00,105.00,116.00,A,Physical measurement; percentiles P5/P50/P95 as printed; 3D-scan/physical measurement per NZDFAS protocol
nzdfas,reports/nzdfas/56.pdf,217,NZDFAS Navy women,New Zealand,military,Navy,F,2016,other:palm_length,Palm length,mm,104.00,6.00,43,94.00,104.00,114.00,A,Physical measurement; percentiles P5/P50/P95 as printed; 3D-scan/physical measurement per NZDFAS protocol
nzdfas,reports/nzdfas/56.pdf,217,NZDFAS all services women,New Zealand,military,Tri-service,F,2016,other:palm_length,Palm length,mm,106.00,6.00,212,96.00,105.00,116.00,A,Physical measurement; percentiles P5/P50/P95 as printed; 3D-scan/physical measurement per NZDFAS protocol; pooled Army+Navy+Air Force
nzdfas,reports/nzdfas/56.pdf,219,NZDFAS all services men,New Zealand,military,Tri-service,M,2016,popliteal_height,Popliteal height sitting,mm,450.00,24.00,790,413.00,448.00,490.00,A,Post-processed measurement; percentiles P5/P50/P95 as printed; 3D-scan/physical measurement per NZDFAS protocol; pooled Army+Navy+Air Force
nzdfas,reports/nzdfas/56.pdf,219,NZDFAS Air Force men,New Zealand,military,Air Force,M,2016,popliteal_height,Popliteal height sitting,mm,452.00,23.00,216,414.00,450.00,492.00,A,Post-processed measurement; percentiles P5/P50/P95 as printed; 3D-scan/physical measurement per NZDFAS protocol
nzdfas,reports/nzdfas/56.pdf,219,NZDFAS Army men,New Zealand,military,Army,M,2016,popliteal_height,Popliteal height sitting,mm,447.00,23.00,486,412.00,445.00,486.00,A,Post-processed measurement; percentiles P5/P50/P95 as printed; 3D-scan/physical measurement per NZDFAS protocol
nzdfas,reports/nzdfas/56.pdf,219,NZDFAS Navy men,New Zealand,military,Navy,M,2016,popliteal_height,Popliteal height sitting,mm,459.00,25.00,88,417.00,456.00,500.00,A,Post-processed measurement; percentiles P5/P50/P95 as printed; 3D-scan/physical measurement per NZDFAS protocol
nzdfas,reports/nzdfas/56.pdf,219,NZDFAS Air Force women,New Zealand,military,Air Force,F,2016,popliteal_height,Popliteal height sitting,mm,413.00,21.00,72,380.00,411.00,447.00,A,Post-processed measurement; percentiles P5/P50/P95 as printed; 3D-scan/physical measurement per NZDFAS protocol
nzdfas,reports/nzdfas/56.pdf,219,NZDFAS Army women,New Zealand,military,Army,F,2016,popliteal_height,Popliteal height sitting,mm,412.00,20.00,97,377.00,411.00,443.00,A,Post-processed measurement; percentiles P5/P50/P95 as printed; 3D-scan/physical measurement per NZDFAS protocol
nzdfas,reports/nzdfas/56.pdf,219,NZDFAS Navy women,New Zealand,military,Navy,F,2016,popliteal_height,Popliteal height sitting,mm,416.00,16.00,43,388.00,416.00,440.00,A,Post-processed measurement; percentiles P5/P50/P95 as printed; 3D-scan/physical measurement per NZDFAS protocol
nzdfas,reports/nzdfas/56.pdf,219,NZDFAS all services women,New Zealand,military,Tri-service,F,2016,popliteal_height,Popliteal height sitting,mm,413.00,20.00,212,380.00,412.00,445.00,A,Post-processed measurement; percentiles P5/P50/P95 as printed; 3D-scan/physical measurement per NZDFAS protocol; pooled Army+Navy+Air Force
nzdfas,reports/nzdfas/56.pdf,221,NZDFAS all services men,New Zealand,military,Tri-service,M,2016,radiale_stylion_length,Radiale-stylion length,mm,267.00,15.00,790,243.00,267.00,291.00,A,Post-processed measurement; percentiles P5/P50/P95 as printed; 3D-scan/physical measurement per NZDFAS protocol; pooled Army+Navy+Air Force
nzdfas,reports/nzdfas/56.pdf,221,NZDFAS Air Force men,New Zealand,military,Air Force,M,2016,radiale_stylion_length,Radiale-stylion length,mm,267.00,15.00,216,243.00,268.00,289.00,A,Post-processed measurement; percentiles P5/P50/P95 as printed; 3D-scan/physical measurement per NZDFAS protocol
nzdfas,reports/nzdfas/56.pdf,221,NZDFAS Army men,New Zealand,military,Army,M,2016,radiale_stylion_length,Radiale-stylion length,mm,267.00,15.00,486,242.00,267.00,292.00,A,Post-processed measurement; percentiles P5/P50/P95 as printed; 3D-scan/physical measurement per NZDFAS protocol
nzdfas,reports/nzdfas/56.pdf,221,NZDFAS Navy men,New Zealand,military,Navy,M,2016,radiale_stylion_length,Radiale-stylion length,mm,267.00,15.00,88,245.00,266.00,289.00,A,Post-processed measurement; percentiles P5/P50/P95 as printed; 3D-scan/physical measurement per NZDFAS protocol
nzdfas,reports/nzdfas/56.pdf,221,NZDFAS Air Force women,New Zealand,military,Air Force,F,2016,radiale_stylion_length,Radiale-stylion length,mm,239.00,14.00,72,220.00,239.00,259.00,A,Post-processed measurement; percentiles P5/P50/P95 as printed; 3D-scan/physical measurement per NZDFAS protocol
nzdfas,reports/nzdfas/56.pdf,221,NZDFAS Army women,New Zealand,military,Army,F,2016,radiale_stylion_length,Radiale-stylion length,mm,243.00,13.00,97,222.00,244.00,261.00,A,Post-processed measurement; percentiles P5/P50/P95 as printed; 3D-scan/physical measurement per NZDFAS protocol
nzdfas,reports/nzdfas/56.pdf,221,NZDFAS Navy women,New Zealand,military,Navy,F,2016,radiale_stylion_length,Radiale-stylion length,mm,233.00,12.00,43,210.00,236.00,247.00,A,Post-processed measurement; percentiles P5/P50/P95 as printed; 3D-scan/physical measurement per NZDFAS protocol
nzdfas,reports/nzdfas/56.pdf,221,NZDFAS all services women,New Zealand,military,Tri-service,F,2016,radiale_stylion_length,Radiale-stylion length,mm,240.00,13.00,212,218.00,240.00,260.00,A,Post-processed measurement; percentiles P5/P50/P95 as printed; 3D-scan/physical measurement per NZDFAS protocol; pooled Army+Navy+Air Force
nzdfas,reports/nzdfas/56.pdf,223,NZDFAS all services men,New Zealand,military,Tri-service,M,2016,sitting_height,Seated height,mm,943.00,33.00,790,890.00,942.00,998.00,A,Physical measurement; percentiles P5/P50/P95 as printed; 3D-scan/physical measurement per NZDFAS protocol; pooled Army+Navy+Air Force
nzdfas,reports/nzdfas/56.pdf,223,NZDFAS Air Force men,New Zealand,military,Air Force,M,2016,sitting_height,Seated height,mm,945.00,30.00,216,898.00,945.00,994.00,A,Physical measurement; percentiles P5/P50/P95 as printed; 3D-scan/physical measurement per NZDFAS protocol
nzdfas,reports/nzdfas/56.pdf,223,NZDFAS Army men,New Zealand,military,Army,M,2016,sitting_height,Seated height,mm,942.00,35.00,486,886.00,942.00,1002.00,A,Physical measurement; percentiles P5/P50/P95 as printed; 3D-scan/physical measurement per NZDFAS protocol
nzdfas,reports/nzdfas/56.pdf,223,NZDFAS Navy men,New Zealand,military,Navy,M,2016,sitting_height,Seated height,mm,940.00,27.00,88,899.00,938.00,985.00,A,Physical measurement; percentiles P5/P50/P95 as printed; 3D-scan/physical measurement per NZDFAS protocol
nzdfas,reports/nzdfas/56.pdf,223,NZDFAS Air Force women,New Zealand,military,Air Force,F,2016,sitting_height,Seated height,mm,891.00,29.00,72,848.00,890.00,932.00,A,Physical measurement; percentiles P5/P50/P95 as printed; 3D-scan/physical measurement per NZDFAS protocol
nzdfas,reports/nzdfas/56.pdf,223,NZDFAS Army women,New Zealand,military,Army,F,2016,sitting_height,Seated height,mm,892.00,30.00,97,844.00,890.00,941.00,A,Physical measurement; percentiles P5/P50/P95 as printed; 3D-scan/physical measurement per NZDFAS protocol
nzdfas,reports/nzdfas/56.pdf,223,NZDFAS Navy women,New Zealand,military,Navy,F,2016,sitting_height,Seated height,mm,888.00,30.00,43,845.00,888.00,929.00,A,Physical measurement; percentiles P5/P50/P95 as printed; 3D-scan/physical measurement per NZDFAS protocol
nzdfas,reports/nzdfas/56.pdf,223,NZDFAS all services women,New Zealand,military,Tri-service,F,2016,sitting_height,Seated height,mm,891.00,30.00,212,845.00,889.00,940.00,A,Physical measurement; percentiles P5/P50/P95 as printed; 3D-scan/physical measurement per NZDFAS protocol; pooled Army+Navy+Air Force
nzdfas,reports/nzdfas/56.pdf,225,NZDFAS all services men,New Zealand,military,Tri-service,M,2016,shoulder_elbow_length,Shoulder-elbow length,mm,374.00,19.00,790,344.00,374.00,404.00,A,Post-processed measurement; percentiles P5/P50/P95 as printed; 3D-scan/physical measurement per NZDFAS protocol; pooled Army+Navy+Air Force
nzdfas,reports/nzdfas/56.pdf,225,NZDFAS Air Force men,New Zealand,military,Air Force,M,2016,shoulder_elbow_length,Shoulder-elbow length,mm,375.00,18.00,216,346.00,375.00,403.00,A,Post-processed measurement; percentiles P5/P50/P95 as printed; 3D-scan/physical measurement per NZDFAS protocol
nzdfas,reports/nzdfas/56.pdf,225,NZDFAS Army men,New Zealand,military,Army,M,2016,shoulder_elbow_length,Shoulder-elbow length,mm,373.00,19.00,486,342.00,373.00,404.00,A,Post-processed measurement; percentiles P5/P50/P95 as printed; 3D-scan/physical measurement per NZDFAS protocol
nzdfas,reports/nzdfas/56.pdf,225,NZDFAS Navy men,New Zealand,military,Navy,M,2016,shoulder_elbow_length,Shoulder-elbow length,mm,374.00,17.00,88,348.00,374.00,403.00,A,Post-processed measurement; percentiles P5/P50/P95 as printed; 3D-scan/physical measurement per NZDFAS protocol
nzdfas,reports/nzdfas/56.pdf,225,NZDFAS Air Force women,New Zealand,military,Air Force,F,2016,shoulder_elbow_length,Shoulder-elbow length,mm,345.00,15.00,72,322.00,347.00,370.00,A,Post-processed measurement; percentiles P5/P50/P95 as printed; 3D-scan/physical measurement per NZDFAS protocol
nzdfas,reports/nzdfas/56.pdf,225,NZDFAS Army women,New Zealand,military,Army,F,2016,shoulder_elbow_length,Shoulder-elbow length,mm,347.00,15.00,97,321.00,346.00,370.00,A,Post-processed measurement; percentiles P5/P50/P95 as printed; 3D-scan/physical measurement per NZDFAS protocol
nzdfas,reports/nzdfas/56.pdf,225,NZDFAS Navy women,New Zealand,military,Navy,F,2016,shoulder_elbow_length,Shoulder-elbow length,mm,341.00,15.00,43,320.00,340.00,365.00,A,Post-processed measurement; percentiles P5/P50/P95 as printed; 3D-scan/physical measurement per NZDFAS protocol
nzdfas,reports/nzdfas/56.pdf,225,NZDFAS all services women,New Zealand,military,Tri-service,F,2016,shoulder_elbow_length,Shoulder-elbow length,mm,345.00,15.00,212,320.00,345.00,370.00,A,Post-processed measurement; percentiles P5/P50/P95 as printed; 3D-scan/physical measurement per NZDFAS protocol; pooled Army+Navy+Air Force
nzdfas,reports/nzdfas/56.pdf,227,NZDFAS all services men,New Zealand,military,Tri-service,M,2016,elbow_rest_height,Sitting elbow rest height sitting,mm,254.00,26.00,790,209.00,254.00,298.00,A,Post-processed measurement; percentiles P5/P50/P95 as printed; 3D-scan/physical measurement per NZDFAS protocol; pooled Army+Navy+Air Force
nzdfas,reports/nzdfas/56.pdf,227,NZDFAS Air Force men,New Zealand,military,Air Force,M,2016,elbow_rest_height,Sitting elbow rest height sitting,mm,256.00,24.00,216,217.00,257.00,297.00,A,Post-processed measurement; percentiles P5/P50/P95 as printed; 3D-scan/physical measurement per NZDFAS protocol
nzdfas,reports/nzdfas/56.pdf,227,NZDFAS Army men,New Zealand,military,Army,M,2016,elbow_rest_height,Sitting elbow rest height sitting,mm,255.00,27.00,486,209.00,255.00,299.00,A,Post-processed measurement; percentiles P5/P50/P95 as printed; 3D-scan/physical measurement per NZDFAS protocol
nzdfas,reports/nzdfas/56.pdf,227,NZDFAS Navy men,New Zealand,military,Navy,M,2016,elbow_rest_height,Sitting elbow rest height sitting,mm,246.00,25.00,88,204.00,243.00,285.00,A,Post-processed measurement; percentiles P5/P50/P95 as printed; 3D-scan/physical measurement per NZDFAS protocol
nzdfas,reports/nzdfas/56.pdf,227,NZDFAS Air Force women,New Zealand,military,Air Force,F,2016,elbow_rest_height,Sitting elbow rest height sitting,mm,251.00,24.00,72,208.00,258.00,289.00,A,Post-processed measurement; percentiles P5/P50/P95 as printed; 3D-scan/physical measurement per NZDFAS protocol
nzdfas,reports/nzdfas/56.pdf,227,NZDFAS Army women,New Zealand,military,Army,F,2016,elbow_rest_height,Sitting elbow rest height sitting,mm,258.00,26.00,97,215.00,257.00,302.00,A,Post-processed measurement; percentiles P5/P50/P95 as printed; 3D-scan/physical measurement per NZDFAS protocol
nzdfas,reports/nzdfas/56.pdf,227,NZDFAS Navy women,New Zealand,military,Navy,F,2016,elbow_rest_height,Sitting elbow rest height sitting,mm,252.00,22.00,43,219.00,253.00,291.00,A,Post-processed measurement; percentiles P5/P50/P95 as printed; 3D-scan/physical measurement per NZDFAS protocol
nzdfas,reports/nzdfas/56.pdf,227,NZDFAS all services women,New Zealand,military,Tri-service,F,2016,elbow_rest_height,Sitting elbow rest height sitting,mm,254.00,25.00,212,211.00,256.00,298.00,A,Post-processed measurement; percentiles P5/P50/P95 as printed; 3D-scan/physical measurement per NZDFAS protocol; pooled Army+Navy+Air Force
nzdfas,reports/nzdfas/56.pdf,229,NZDFAS all services men,New Zealand,military,Tri-service,M,2016,other:sleeve_outseam,Sleeve outseam,mm,619.00,30.00,790,573.00,620.00,669.00,A,Post-processed measurement; percentiles P5/P50/P95 as printed; 3D-scan/physical measurement per NZDFAS protocol; pooled Army+Navy+Air Force
nzdfas,reports/nzdfas/56.pdf,229,NZDFAS Air Force men,New Zealand,military,Air Force,M,2016,other:sleeve_outseam,Sleeve outseam,mm,621.00,30.00,216,574.00,622.00,668.00,A,Post-processed measurement; percentiles P5/P50/P95 as printed; 3D-scan/physical measurement per NZDFAS protocol
nzdfas,reports/nzdfas/56.pdf,229,NZDFAS Army men,New Zealand,military,Army,M,2016,other:sleeve_outseam,Sleeve outseam,mm,618.00,30.00,486,571.00,619.00,671.00,A,Post-processed measurement; percentiles P5/P50/P95 as printed; 3D-scan/physical measurement per NZDFAS protocol
nzdfas,reports/nzdfas/56.pdf,229,NZDFAS Navy men,New Zealand,military,Navy,M,2016,other:sleeve_outseam,Sleeve outseam,mm,620.00,27.00,88,581.00,619.00,662.00,A,Post-processed measurement; percentiles P5/P50/P95 as printed; 3D-scan/physical measurement per NZDFAS protocol
nzdfas,reports/nzdfas/56.pdf,229,NZDFAS Air Force women,New Zealand,military,Air Force,F,2016,other:sleeve_outseam,Sleeve outseam,mm,566.00,24.00,72,530.00,568.00,604.00,A,Post-processed measurement; percentiles P5/P50/P95 as printed; 3D-scan/physical measurement per NZDFAS protocol
nzdfas,reports/nzdfas/56.pdf,229,NZDFAS Army women,New Zealand,military,Army,F,2016,other:sleeve_outseam,Sleeve outseam,mm,569.00,25.00,97,531.00,568.00,608.00,A,Post-processed measurement; percentiles P5/P50/P95 as printed; 3D-scan/physical measurement per NZDFAS protocol
nzdfas,reports/nzdfas/56.pdf,229,NZDFAS Navy women,New Zealand,military,Navy,F,2016,other:sleeve_outseam,Sleeve outseam,mm,558.00,23.00,43,517.00,563.00,595.00,A,Post-processed measurement; percentiles P5/P50/P95 as printed; 3D-scan/physical measurement per NZDFAS protocol
nzdfas,reports/nzdfas/56.pdf,229,NZDFAS all services women,New Zealand,military,Tri-service,F,2016,other:sleeve_outseam,Sleeve outseam,mm,566.00,24.00,212,526.00,567.00,606.00,A,Post-processed measurement; percentiles P5/P50/P95 as printed; 3D-scan/physical measurement per NZDFAS protocol; pooled Army+Navy+Air Force
nzdfas,reports/nzdfas/56.pdf,231,NZDFAS all services men,New Zealand,military,Tri-service,M,2016,suprasternale_height,Suprasternale height,mm,1469.00,61.00,790,1373.00,1467.00,1567.00,A,Automatic measurement; percentiles P5/P50/P95 as printed; 3D-scan/physical measurement per NZDFAS protocol; pooled Army+Navy+Air Force
nzdfas,reports/nzdfas/56.pdf,231,NZDFAS Air Force men,New Zealand,military,Air Force,M,2016,suprasternale_height,Suprasternale height,mm,1478.00,62.00,216,1383.00,1475.00,1579.00,A,Automatic measurement; percentiles P5/P50/P95 as printed; 3D-scan/physical measurement per NZDFAS protocol
nzdfas,reports/nzdfas/56.pdf,231,NZDFAS Army men,New Zealand,military,Army,M,2016,suprasternale_height,Suprasternale height,mm,1465.00,61.00,486,1366.00,1464.00,1562.00,A,Automatic measurement; percentiles P5/P50/P95 as printed; 3D-scan/physical measurement per NZDFAS protocol
nzdfas,reports/nzdfas/56.pdf,231,NZDFAS Navy men,New Zealand,military,Navy,M,2016,suprasternale_height,Suprasternale height,mm,1470.00,53.00,88,1392.00,1460.00,1554.00,A,Automatic measurement; percentiles P5/P50/P95 as printed; 3D-scan/physical measurement per NZDFAS protocol
nzdfas,reports/nzdfas/56.pdf,231,NZDFAS Air Force women,New Zealand,military,Air Force,F,2016,suprasternale_height,Suprasternale height,mm,1372.00,52.00,72,1296.00,1373.00,1472.00,A,Automatic measurement; percentiles P5/P50/P95 as printed; 3D-scan/physical measurement per NZDFAS protocol
nzdfas,reports/nzdfas/56.pdf,231,NZDFAS Army women,New Zealand,military,Army,F,2016,suprasternale_height,Suprasternale height,mm,1374.00,52.00,97,1295.00,1375.00,1464.00,A,Automatic measurement; percentiles P5/P50/P95 as printed; 3D-scan/physical measurement per NZDFAS protocol
nzdfas,reports/nzdfas/56.pdf,231,NZDFAS Navy women,New Zealand,military,Navy,F,2016,suprasternale_height,Suprasternale height,mm,1363.00,47.00,43,1284.00,1366.00,1445.00,A,Automatic measurement; percentiles P5/P50/P95 as printed; 3D-scan/physical measurement per NZDFAS protocol
nzdfas,reports/nzdfas/56.pdf,231,NZDFAS all services women,New Zealand,military,Tri-service,F,2016,suprasternale_height,Suprasternale height,mm,1371.00,51.00,212,1291.00,1373.00,1461.00,A,Automatic measurement; percentiles P5/P50/P95 as printed; 3D-scan/physical measurement per NZDFAS protocol; pooled Army+Navy+Air Force
nzdfas,reports/nzdfas/56.pdf,233,NZDFAS all services men,New Zealand,military,Tri-service,M,2016,other:t2_height,T2 height,mm,1505.00,60.00,790,1409.00,1506.00,1604.00,A,Post-processed measurement; percentiles P5/P50/P95 as printed; 3D-scan/physical measurement per NZDFAS protocol; pooled Army+Navy+Air Force
nzdfas,reports/nzdfas/56.pdf,233,NZDFAS Air Force men,New Zealand,military,Air Force,M,2016,other:t2_height,T2 height,mm,1509.00,62.00,216,1415.00,1506.00,1613.00,A,Post-processed measurement; percentiles P5/P50/P95 as printed; 3D-scan/physical measurement per NZDFAS protocol
nzdfas,reports/nzdfas/56.pdf,233,NZDFAS Army men,New Zealand,military,Army,M,2016,other:t2_height,T2 height,mm,1504.00,61.00,486,1405.00,1506.00,1602.00,A,Post-processed measurement; percentiles P5/P50/P95 as printed; 3D-scan/physical measurement per NZDFAS protocol
nzdfas,reports/nzdfas/56.pdf,233,NZDFAS Navy men,New Zealand,military,Navy,M,2016,other:t2_height,T2 height,mm,1507.00,51.00,88,1422.00,1509.00,1588.00,A,Post-processed measurement; percentiles P5/P50/P95 as printed; 3D-scan/physical measurement per NZDFAS protocol
nzdfas,reports/nzdfas/56.pdf,233,NZDFAS Air Force women,New Zealand,military,Air Force,F,2016,other:t2_height,T2 height,mm,1390.00,52.00,72,1304.00,1388.00,1474.00,A,Post-processed measurement; percentiles P5/P50/P95 as printed; 3D-scan/physical measurement per NZDFAS protocol
nzdfas,reports/nzdfas/56.pdf,233,NZDFAS Army women,New Zealand,military,Army,F,2016,other:t2_height,T2 height,mm,1403.00,55.00,97,1319.00,1399.00,1502.00,A,Post-processed measurement; percentiles P5/P50/P95 as printed; 3D-scan/physical measurement per NZDFAS protocol
nzdfas,reports/nzdfas/56.pdf,233,NZDFAS Navy women,New Zealand,military,Navy,F,2016,other:t2_height,T2 height,mm,1398.00,48.00,43,1322.00,1400.00,1474.00,A,Post-processed measurement; percentiles P5/P50/P95 as printed; 3D-scan/physical measurement per NZDFAS protocol
nzdfas,reports/nzdfas/56.pdf,233,NZDFAS all services women,New Zealand,military,Tri-service,F,2016,other:t2_height,T2 height,mm,1397.00,53.00,212,1306.00,1396.00,1493.00,A,Post-processed measurement; percentiles P5/P50/P95 as printed; 3D-scan/physical measurement per NZDFAS protocol; pooled Army+Navy+Air Force
nzdfas,reports/nzdfas/56.pdf,235,NZDFAS all services men,New Zealand,military,Tri-service,M,2016,other:tenth_rib_height,Tenth rib height,mm,1145.00,52.00,790,1063.00,1144.00,1233.00,A,Post-processed measurement; percentiles P5/P50/P95 as printed; 3D-scan/physical measurement per NZDFAS protocol; pooled Army+Navy+Air Force
nzdfas,reports/nzdfas/56.pdf,235,NZDFAS Air Force men,New Zealand,military,Air Force,M,2016,other:tenth_rib_height,Tenth rib height,mm,1153.00,52.00,216,1078.00,1152.00,1243.00,A,Post-processed measurement; percentiles P5/P50/P95 as printed; 3D-scan/physical measurement per NZDFAS protocol
nzdfas,reports/nzdfas/56.pdf,235,NZDFAS Army men,New Zealand,military,Army,M,2016,other:tenth_rib_height,Tenth rib height,mm,1140.00,51.00,486,1056.00,1141.00,1221.00,A,Post-processed measurement; percentiles P5/P50/P95 as printed; 3D-scan/physical measurement per NZDFAS protocol
nzdfas,reports/nzdfas/56.pdf,235,NZDFAS Navy men,New Zealand,military,Navy,M,2016,other:tenth_rib_height,Tenth rib height,mm,1152.00,55.00,88,1071.00,1155.00,1236.00,A,Post-processed measurement; percentiles P5/P50/P95 as printed; 3D-scan/physical measurement per NZDFAS protocol
nzdfas,reports/nzdfas/56.pdf,235,NZDFAS Air Force women,New Zealand,military,Air Force,F,2016,other:tenth_rib_height,Tenth rib height,mm,1059.00,45.00,72,990.00,1070.00,1122.00,A,Post-processed measurement; percentiles P5/P50/P95 as printed; 3D-scan/physical measurement per NZDFAS protocol
nzdfas,reports/nzdfas/56.pdf,235,NZDFAS Army women,New Zealand,military,Army,F,2016,other:tenth_rib_height,Tenth rib height,mm,1063.00,42.00,97,993.00,1064.00,1132.00,A,Post-processed measurement; percentiles P5/P50/P95 as printed; 3D-scan/physical measurement per NZDFAS protocol
nzdfas,reports/nzdfas/56.pdf,235,NZDFAS Navy women,New Zealand,military,Navy,F,2016,other:tenth_rib_height,Tenth rib height,mm,1073.00,45.00,43,1006.00,1074.00,1138.00,A,Post-processed measurement; percentiles P5/P50/P95 as printed; 3D-scan/physical measurement per NZDFAS protocol
nzdfas,reports/nzdfas/56.pdf,235,NZDFAS all services women,New Zealand,military,Tri-service,F,2016,other:tenth_rib_height,Tenth rib height,mm,1064.00,44.00,212,992.00,1066.00,1134.00,A,Post-processed measurement; percentiles P5/P50/P95 as printed; 3D-scan/physical measurement per NZDFAS protocol; pooled Army+Navy+Air Force
nzdfas,reports/nzdfas/56.pdf,237,NZDFAS all services men,New Zealand,military,Tri-service,M,2016,thigh_clearance,Thigh clearance,mm,168.00,15.00,790,144.00,168.00,191.00,A,Post-processed measurement; percentiles P5/P50/P95 as printed; 3D-scan/physical measurement per NZDFAS protocol; pooled Army+Navy+Air Force
nzdfas,reports/nzdfas/56.pdf,237,NZDFAS Air Force men,New Zealand,military,Air Force,M,2016,thigh_clearance,Thigh clearance,mm,169.00,14.00,216,146.00,168.00,191.00,A,Post-processed measurement; percentiles P5/P50/P95 as printed; 3D-scan/physical measurement per NZDFAS protocol
nzdfas,reports/nzdfas/56.pdf,237,NZDFAS Army men,New Zealand,military,Army,M,2016,thigh_clearance,Thigh clearance,mm,168.00,15.00,486,141.00,168.00,189.00,A,Post-processed measurement; percentiles P5/P50/P95 as printed; 3D-scan/physical measurement per NZDFAS protocol
nzdfas,reports/nzdfas/56.pdf,237,NZDFAS Navy men,New Zealand,military,Navy,M,2016,thigh_clearance,Thigh clearance,mm,171.00,14.00,88,153.00,170.00,193.00,A,Post-processed measurement; percentiles P5/P50/P95 as printed; 3D-scan/physical measurement per NZDFAS protocol
nzdfas,reports/nzdfas/56.pdf,237,NZDFAS Air Force women,New Zealand,military,Air Force,F,2016,thigh_clearance,Thigh clearance,mm,157.00,13.00,72,136.00,156.00,179.00,A,Post-processed measurement; percentiles P5/P50/P95 as printed; 3D-scan/physical measurement per NZDFAS protocol
nzdfas,reports/nzdfas/56.pdf,237,NZDFAS Army women,New Zealand,military,Army,F,2016,thigh_clearance,Thigh clearance,mm,158.00,14.00,97,140.00,156.00,182.00,A,Post-processed measurement; percentiles P5/P50/P95 as printed; 3D-scan/physical measurement per NZDFAS protocol
nzdfas,reports/nzdfas/56.pdf,237,NZDFAS Navy women,New Zealand,military,Navy,F,2016,thigh_clearance,Thigh clearance,mm,159.00,13.00,43,138.00,161.00,175.00,A,Post-processed measurement; percentiles P5/P50/P95 as printed; 3D-scan/physical measurement per NZDFAS protocol
nzdfas,reports/nzdfas/56.pdf,237,NZDFAS all services women,New Zealand,military,Tri-service,F,2016,thigh_clearance,Thigh clearance,mm,158.00,13.00,212,137.00,156.00,181.00,A,Post-processed measurement; percentiles P5/P50/P95 as printed; 3D-scan/physical measurement per NZDFAS protocol; pooled Army+Navy+Air Force
nzdfas,reports/nzdfas/56.pdf,239,NZDFAS all services men,New Zealand,military,Tri-service,M,2016,other:thigh_girth,Thigh girth,mm,597.00,51.00,790,512.00,599.00,683.00,A,Automatic measurement; percentiles P5/P50/P95 as printed; 3D-scan/physical measurement per NZDFAS protocol; pooled Army+Navy+Air Force
nzdfas,reports/nzdfas/56.pdf,239,NZDFAS Air Force men,New Zealand,military,Air Force,M,2016,other:thigh_girth,Thigh girth,mm,592.00,49.00,216,518.00,589.00,667.00,A,Automatic measurement; percentiles P5/P50/P95 as printed; 3D-scan/physical measurement per NZDFAS protocol
nzdfas,reports/nzdfas/56.pdf,239,NZDFAS Army men,New Zealand,military,Army,M,2016,other:thigh_girth,Thigh girth,mm,599.00,52.00,486,508.00,602.00,682.00,A,Automatic measurement; percentiles P5/P50/P95 as printed; 3D-scan/physical measurement per NZDFAS protocol
nzdfas,reports/nzdfas/56.pdf,239,NZDFAS Navy men,New Zealand,military,Navy,M,2016,other:thigh_girth,Thigh girth,mm,603.00,48.00,88,537.00,596.00,696.00,A,Automatic measurement; percentiles P5/P50/P95 as printed; 3D-scan/physical measurement per NZDFAS protocol
nzdfas,reports/nzdfas/56.pdf,239,NZDFAS Air Force women,New Zealand,military,Air Force,F,2016,other:thigh_girth,Thigh girth,mm,585.00,40.00,72,506.00,590.00,649.00,A,Automatic measurement; percentiles P5/P50/P95 as printed; 3D-scan/physical measurement per NZDFAS protocol
nzdfas,reports/nzdfas/56.pdf,239,NZDFAS Army women,New Zealand,military,Army,F,2016,other:thigh_girth,Thigh girth,mm,602.00,37.00,97,544.00,597.00,665.00,A,Automatic measurement; percentiles P5/P50/P95 as printed; 3D-scan/physical measurement per NZDFAS protocol
nzdfas,reports/nzdfas/56.pdf,239,NZDFAS Navy women,New Zealand,military,Navy,F,2016,other:thigh_girth,Thigh girth,mm,598.00,42.00,43,537.00,605.00,669.00,A,Automatic measurement; percentiles P5/P50/P95 as printed; 3D-scan/physical measurement per NZDFAS protocol
nzdfas,reports/nzdfas/56.pdf,239,NZDFAS all services women,New Zealand,military,Tri-service,F,2016,other:thigh_girth,Thigh girth,mm,595.00,40.00,212,533.00,596.00,665.00,A,Automatic measurement; percentiles P5/P50/P95 as printed; 3D-scan/physical measurement per NZDFAS protocol; pooled Army+Navy+Air Force
nzdfas,reports/nzdfas/56.pdf,241,NZDFAS all services men,New Zealand,military,Tri-service,M,2016,thumbtip_reach,Thumb tip reach,mm,825.00,41.00,790,755.00,825.00,891.00,A,Physical measurement; percentiles P5/P50/P95 as printed; 3D-scan/physical measurement per NZDFAS protocol; pooled Army+Navy+Air Force
nzdfas,reports/nzdfas/56.pdf,241,NZDFAS Air Force men,New Zealand,military,Air Force,M,2016,thumbtip_reach,Thumb tip reach,mm,830.00,41.00,216,761.00,829.00,888.00,A,Physical measurement; percentiles P5/P50/P95 as printed; 3D-scan/physical measurement per NZDFAS protocol
nzdfas,reports/nzdfas/56.pdf,241,NZDFAS Army men,New Zealand,military,Army,M,2016,thumbtip_reach,Thumb tip reach,mm,822.00,41.00,486,752.00,823.00,892.00,A,Physical measurement; percentiles P5/P50/P95 as printed; 3D-scan/physical measurement per NZDFAS protocol
nzdfas,reports/nzdfas/56.pdf,241,NZDFAS Navy men,New Zealand,military,Navy,M,2016,thumbtip_reach,Thumb tip reach,mm,830.00,38.00,88,773.00,830.00,890.00,A,Physical measurement; percentiles P5/P50/P95 as printed; 3D-scan/physical measurement per NZDFAS protocol
nzdfas,reports/nzdfas/56.pdf,241,NZDFAS Air Force women,New Zealand,military,Air Force,F,2016,thumbtip_reach,Thumb tip reach,mm,757.00,36.00,72,703.00,757.00,825.00,A,Physical measurement; percentiles P5/P50/P95 as printed; 3D-scan/physical measurement per NZDFAS protocol
nzdfas,reports/nzdfas/56.pdf,241,NZDFAS Army women,New Zealand,military,Army,F,2016,thumbtip_reach,Thumb tip reach,mm,759.00,39.00,97,702.00,758.00,836.00,A,Physical measurement; percentiles P5/P50/P95 as printed; 3D-scan/physical measurement per NZDFAS protocol
nzdfas,reports/nzdfas/56.pdf,241,NZDFAS Navy women,New Zealand,military,Navy,F,2016,thumbtip_reach,Thumb tip reach,mm,747.00,29.00,43,695.00,750.00,787.00,A,Physical measurement; percentiles P5/P50/P95 as printed; 3D-scan/physical measurement per NZDFAS protocol
nzdfas,reports/nzdfas/56.pdf,241,NZDFAS all services women,New Zealand,military,Tri-service,F,2016,thumbtip_reach,Thumb tip reach,mm,756.00,36.00,212,700.00,755.00,820.00,A,Physical measurement; percentiles P5/P50/P95 as printed; 3D-scan/physical measurement per NZDFAS protocol; pooled Army+Navy+Air Force
nzdfas,reports/nzdfas/56.pdf,243,NZDFAS all services men,New Zealand,military,Tri-service,M,2016,other:tibiale_laterale_height,Tibiale laterale height,mm,481.00,27.00,790,439.00,480.00,530.00,A,Post-processed measurement; percentiles P5/P50/P95 as printed; 3D-scan/physical measurement per NZDFAS protocol; pooled Army+Navy+Air Force
nzdfas,reports/nzdfas/56.pdf,243,NZDFAS Air Force men,New Zealand,military,Air Force,M,2016,other:tibiale_laterale_height,Tibiale laterale height,mm,483.00,25.00,216,446.00,482.00,532.00,A,Post-processed measurement; percentiles P5/P50/P95 as printed; 3D-scan/physical measurement per NZDFAS protocol
nzdfas,reports/nzdfas/56.pdf,243,NZDFAS Army men,New Zealand,military,Army,M,2016,other:tibiale_laterale_height,Tibiale laterale height,mm,480.00,27.00,486,439.00,479.00,527.00,A,Post-processed measurement; percentiles P5/P50/P95 as printed; 3D-scan/physical measurement per NZDFAS protocol
nzdfas,reports/nzdfas/56.pdf,243,NZDFAS Navy men,New Zealand,military,Navy,M,2016,other:tibiale_laterale_height,Tibiale laterale height,mm,479.00,30.00,88,435.00,476.00,533.00,A,Post-processed measurement; percentiles P5/P50/P95 as printed; 3D-scan/physical measurement per NZDFAS protocol
nzdfas,reports/nzdfas/56.pdf,243,NZDFAS Air Force women,New Zealand,military,Air Force,F,2016,other:tibiale_laterale_height,Tibiale laterale height,mm,442.00,24.00,72,407.00,443.00,480.00,A,Post-processed measurement; percentiles P5/P50/P95 as printed; 3D-scan/physical measurement per NZDFAS protocol
nzdfas,reports/nzdfas/56.pdf,243,NZDFAS Army women,New Zealand,military,Army,F,2016,other:tibiale_laterale_height,Tibiale laterale height,mm,441.00,19.00,97,409.00,442.00,475.00,A,Post-processed measurement; percentiles P5/P50/P95 as printed; 3D-scan/physical measurement per NZDFAS protocol
nzdfas,reports/nzdfas/56.pdf,243,NZDFAS Navy women,New Zealand,military,Navy,F,2016,other:tibiale_laterale_height,Tibiale laterale height,mm,431.00,16.00,43,410.00,429.00,457.00,A,Post-processed measurement; percentiles P5/P50/P95 as printed; 3D-scan/physical measurement per NZDFAS protocol
nzdfas,reports/nzdfas/56.pdf,243,NZDFAS all services women,New Zealand,military,Tri-service,F,2016,other:tibiale_laterale_height,Tibiale laterale height,mm,439.00,21.00,212,409.00,438.00,477.00,A,Post-processed measurement; percentiles P5/P50/P95 as printed; 3D-scan/physical measurement per NZDFAS protocol; pooled Army+Navy+Air Force
nzdfas,reports/nzdfas/56.pdf,245,NZDFAS all services men,New Zealand,military,Tri-service,M,2016,trochanterion_height,Trochanterion height,mm,932.00,48.00,790,852.00,932.00,1016.00,A,Post-processed measurement; percentiles P5/P50/P95 as printed; 3D-scan/physical measurement per NZDFAS protocol; pooled Army+Navy+Air Force
nzdfas,reports/nzdfas/56.pdf,245,NZDFAS Air Force men,New Zealand,military,Air Force,M,2016,trochanterion_height,Trochanterion height,mm,938.00,49.00,216,864.00,938.00,1029.00,A,Post-processed measurement; percentiles P5/P50/P95 as printed; 3D-scan/physical measurement per NZDFAS protocol
nzdfas,reports/nzdfas/56.pdf,245,NZDFAS Army men,New Zealand,military,Army,M,2016,trochanterion_height,Trochanterion height,mm,931.00,48.00,486,852.00,931.00,1013.00,A,Post-processed measurement; percentiles P5/P50/P95 as printed; 3D-scan/physical measurement per NZDFAS protocol
nzdfas,reports/nzdfas/56.pdf,245,NZDFAS Navy men,New Zealand,military,Navy,M,2016,trochanterion_height,Trochanterion height,mm,924.00,47.00,88,843.00,929.00,1000.00,A,Post-processed measurement; percentiles P5/P50/P95 as printed; 3D-scan/physical measurement per NZDFAS protocol
nzdfas,reports/nzdfas/56.pdf,245,NZDFAS Air Force women,New Zealand,military,Air Force,F,2016,trochanterion_height,Trochanterion height,mm,855.00,49.00,72,775.00,861.00,933.00,A,Post-processed measurement; percentiles P5/P50/P95 as printed; 3D-scan/physical measurement per NZDFAS protocol
nzdfas,reports/nzdfas/56.pdf,245,NZDFAS Army women,New Zealand,military,Army,F,2016,trochanterion_height,Trochanterion height,mm,863.00,43.00,97,791.00,873.00,932.00,A,Post-processed measurement; percentiles P5/P50/P95 as printed; 3D-scan/physical measurement per NZDFAS protocol
nzdfas,reports/nzdfas/56.pdf,245,NZDFAS Navy women,New Zealand,military,Navy,F,2016,trochanterion_height,Trochanterion height,mm,847.00,37.00,43,794.00,842.00,903.00,A,Post-processed measurement; percentiles P5/P50/P95 as printed; 3D-scan/physical measurement per NZDFAS protocol
nzdfas,reports/nzdfas/56.pdf,245,NZDFAS all services women,New Zealand,military,Tri-service,F,2016,trochanterion_height,Trochanterion height,mm,857.00,44.00,212,782.00,862.00,931.00,A,Post-processed measurement; percentiles P5/P50/P95 as printed; 3D-scan/physical measurement per NZDFAS protocol; pooled Army+Navy+Air Force
nzdfas,reports/nzdfas/56.pdf,247,NZDFAS all services men,New Zealand,military,Tri-service,M,2016,vertical_trunk_circumference,Vertical trunk circumference,mm,1794.00,79.00,790,1672.00,1790.00,1929.00,A,Post-processed measurement; percentiles P5/P50/P95 as printed; 3D-scan/physical measurement per NZDFAS protocol; pooled Army+Navy+Air Force
nzdfas,reports/nzdfas/56.pdf,247,NZDFAS Air Force men,New Zealand,military,Air Force,M,2016,vertical_trunk_circumference,Vertical trunk circumference,mm,1790.00,86.00,216,1657.00,1785.00,1934.00,A,Post-processed measurement; percentiles P5/P50/P95 as printed; 3D-scan/physical measurement per NZDFAS protocol
nzdfas,reports/nzdfas/56.pdf,247,NZDFAS Army men,New Zealand,military,Army,M,2016,vertical_trunk_circumference,Vertical trunk circumference,mm,1796.00,77.00,486,1673.00,1794.00,1926.00,A,Post-processed measurement; percentiles P5/P50/P95 as printed; 3D-scan/physical measurement per NZDFAS protocol
nzdfas,reports/nzdfas/56.pdf,247,NZDFAS Navy men,New Zealand,military,Navy,M,2016,vertical_trunk_circumference,Vertical trunk circumference,mm,1795.00,74.00,88,1689.00,1780.00,1930.00,A,Post-processed measurement; percentiles P5/P50/P95 as printed; 3D-scan/physical measurement per NZDFAS protocol
nzdfas,reports/nzdfas/56.pdf,247,NZDFAS Air Force women,New Zealand,military,Air Force,F,2016,vertical_trunk_circumference,Vertical trunk circumference,mm,1623.00,65.00,72,1530.00,1623.00,1730.00,A,Post-processed measurement; percentiles P5/P50/P95 as printed; 3D-scan/physical measurement per NZDFAS protocol
nzdfas,reports/nzdfas/56.pdf,247,NZDFAS Army women,New Zealand,military,Army,F,2016,vertical_trunk_circumference,Vertical trunk circumference,mm,1649.00,73.00,97,1539.00,1644.00,1778.00,A,Post-processed measurement; percentiles P5/P50/P95 as printed; 3D-scan/physical measurement per NZDFAS protocol
nzdfas,reports/nzdfas/56.pdf,247,NZDFAS Navy women,New Zealand,military,Navy,F,2016,vertical_trunk_circumference,Vertical trunk circumference,mm,1634.00,79.00,43,1513.00,1623.00,1795.00,A,Post-processed measurement; percentiles P5/P50/P95 as printed; 3D-scan/physical measurement per NZDFAS protocol
nzdfas,reports/nzdfas/56.pdf,247,NZDFAS all services women,New Zealand,military,Tri-service,F,2016,vertical_trunk_circumference,Vertical trunk circumference,mm,1637.00,72.00,212,1530.00,1631.00,1765.00,A,Post-processed measurement; percentiles P5/P50/P95 as printed; 3D-scan/physical measurement per NZDFAS protocol; pooled Army+Navy+Air Force
nzdfas,reports/nzdfas/56.pdf,249,NZDFAS all services men,New Zealand,military,Tri-service,M,2016,other:waist_breadth,Waist breadth,mm,334.00,31.00,790,291.00,331.00,386.00,A,Post-processed measurement; percentiles P5/P50/P95 as printed; 3D-scan/physical measurement per NZDFAS protocol; pooled Army+Navy+Air Force
nzdfas,reports/nzdfas/56.pdf,249,NZDFAS Air Force men,New Zealand,military,Air Force,M,2016,other:waist_breadth,Waist breadth,mm,334.00,32.00,216,291.00,328.00,392.00,A,Post-processed measurement; percentiles P5/P50/P95 as printed; 3D-scan/physical measurement per NZDFAS protocol
nzdfas,reports/nzdfas/56.pdf,249,NZDFAS Army men,New Zealand,military,Army,M,2016,other:waist_breadth,Waist breadth,mm,334.00,30.00,486,290.00,331.00,385.00,A,Post-processed measurement; percentiles P5/P50/P95 as printed; 3D-scan/physical measurement per NZDFAS protocol
nzdfas,reports/nzdfas/56.pdf,249,NZDFAS Navy men,New Zealand,military,Navy,M,2016,other:waist_breadth,Waist breadth,mm,338.00,34.00,88,295.00,334.00,402.00,A,Post-processed measurement; percentiles P5/P50/P95 as printed; 3D-scan/physical measurement per NZDFAS protocol
nzdfas,reports/nzdfas/56.pdf,249,NZDFAS Air Force women,New Zealand,military,Air Force,F,2016,other:waist_breadth,Waist breadth,mm,318.00,31.00,72,280.00,314.00,378.00,A,Post-processed measurement; percentiles P5/P50/P95 as printed; 3D-scan/physical measurement per NZDFAS protocol
nzdfas,reports/nzdfas/56.pdf,249,NZDFAS Army women,New Zealand,military,Army,F,2016,other:waist_breadth,Waist breadth,mm,326.00,30.00,97,285.00,321.00,375.00,A,Post-processed measurement; percentiles P5/P50/P95 as printed; 3D-scan/physical measurement per NZDFAS protocol
nzdfas,reports/nzdfas/56.pdf,249,NZDFAS Navy women,New Zealand,military,Navy,F,2016,other:waist_breadth,Waist breadth,mm,324.00,34.00,43,281.00,316.00,388.00,A,Post-processed measurement; percentiles P5/P50/P95 as printed; 3D-scan/physical measurement per NZDFAS protocol
nzdfas,reports/nzdfas/56.pdf,249,NZDFAS all services women,New Zealand,military,Tri-service,F,2016,other:waist_breadth,Waist breadth,mm,323.00,31.00,212,281.00,318.00,380.00,A,Post-processed measurement; percentiles P5/P50/P95 as printed; 3D-scan/physical measurement per NZDFAS protocol; pooled Army+Navy+Air Force
nzdfas,reports/nzdfas/56.pdf,251,NZDFAS all services men,New Zealand,military,Tri-service,M,2016,other:waist_circumference_preferred,Waist circumference preferred,mm,935.00,102.00,790,794.00,920.00,1121.00,A,Post-processed measurement; percentiles P5/P50/P95 as printed; 3D-scan/physical measurement per NZDFAS protocol; pooled Army+Navy+Air Force
nzdfas,reports/nzdfas/56.pdf,251,NZDFAS Air Force men,New Zealand,military,Air Force,M,2016,other:waist_circumference_preferred,Waist circumference preferred,mm,935.00,106.00,216,800.00,912.00,1131.00,A,Post-processed measurement; percentiles P5/P50/P95 as printed; 3D-scan/physical measurement per NZDFAS protocol
nzdfas,reports/nzdfas/56.pdf,251,NZDFAS Army men,New Zealand,military,Army,M,2016,other:waist_circumference_preferred,Waist circumference preferred,mm,933.00,98.00,486,792.00,919.00,1113.00,A,Post-processed measurement; percentiles P5/P50/P95 as printed; 3D-scan/physical measurement per NZDFAS protocol
nzdfas,reports/nzdfas/56.pdf,251,NZDFAS Navy men,New Zealand,military,Navy,M,2016,other:waist_circumference_preferred,Waist circumference preferred,mm,952.00,109.00,88,819.00,928.00,1160.00,A,Post-processed measurement; percentiles P5/P50/P95 as printed; 3D-scan/physical measurement per NZDFAS protocol
nzdfas,reports/nzdfas/56.pdf,251,NZDFAS Air Force women,New Zealand,military,Air Force,F,2016,other:waist_circumference_preferred,Waist circumference preferred,mm,862.00,76.00,72,768.00,846.00,987.00,A,Post-processed measurement; percentiles P5/P50/P95 as printed; 3D-scan/physical measurement per NZDFAS protocol
nzdfas,reports/nzdfas/56.pdf,251,NZDFAS Army women,New Zealand,military,Army,F,2016,other:waist_circumference_preferred,Waist circumference preferred,mm,878.00,95.00,97,745.00,867.00,1039.00,A,Post-processed measurement; percentiles P5/P50/P95 as printed; 3D-scan/physical measurement per NZDFAS protocol
nzdfas,reports/nzdfas/56.pdf,251,NZDFAS Navy women,New Zealand,military,Navy,F,2016,other:waist_circumference_preferred,Waist circumference preferred,mm,875.00,120.00,43,720.00,850.00,1138.00,A,Post-processed measurement; percentiles P5/P50/P95 as printed; 3D-scan/physical measurement per NZDFAS protocol
nzdfas,reports/nzdfas/56.pdf,251,NZDFAS all services women,New Zealand,military,Tri-service,F,2016,other:waist_circumference_preferred,Waist circumference preferred,mm,872.00,95.00,212,747.00,855.00,1033.00,A,Post-processed measurement; percentiles P5/P50/P95 as printed; 3D-scan/physical measurement per NZDFAS protocol; pooled Army+Navy+Air Force
nzdfas,reports/nzdfas/56.pdf,253,NZDFAS all services men,New Zealand,military,Tri-service,M,2016,other:waist_depth_standing,Waist depth standing,mm,256.00,35.00,790,209.00,250.00,326.00,A,Post-processed measurement; percentiles P5/P50/P95 as printed; 3D-scan/physical measurement per NZDFAS protocol; pooled Army+Navy+Air Force
nzdfas,reports/nzdfas/56.pdf,253,NZDFAS Air Force men,New Zealand,military,Air Force,M,2016,other:waist_depth_standing,Waist depth standing,mm,256.00,36.00,216,209.00,250.00,326.00,A,Post-processed measurement; percentiles P5/P50/P95 as printed; 3D-scan/physical measurement per NZDFAS protocol
nzdfas,reports/nzdfas/56.pdf,253,NZDFAS Army men,New Zealand,military,Army,M,2016,other:waist_depth_standing,Waist depth standing,mm,255.00,34.00,486,208.00,249.00,320.00,A,Post-processed measurement; percentiles P5/P50/P95 as printed; 3D-scan/physical measurement per NZDFAS protocol
nzdfas,reports/nzdfas/56.pdf,253,NZDFAS Navy men,New Zealand,military,Navy,M,2016,other:waist_depth_standing,Waist depth standing,mm,264.00,37.00,88,212.00,256.00,330.00,A,Post-processed measurement; percentiles P5/P50/P95 as printed; 3D-scan/physical measurement per NZDFAS protocol
nzdfas,reports/nzdfas/56.pdf,253,NZDFAS Air Force women,New Zealand,military,Air Force,F,2016,other:waist_depth_standing,Waist depth standing,mm,228.00,34.00,72,188.00,221.00,294.00,A,Post-processed measurement; percentiles P5/P50/P95 as printed; 3D-scan/physical measurement per NZDFAS protocol
nzdfas,reports/nzdfas/56.pdf,253,NZDFAS Army women,New Zealand,military,Army,F,2016,other:waist_depth_standing,Waist depth standing,mm,239.00,35.00,97,196.00,230.00,315.00,A,Post-processed measurement; percentiles P5/P50/P95 as printed; 3D-scan/physical measurement per NZDFAS protocol
nzdfas,reports/nzdfas/56.pdf,253,NZDFAS Navy women,New Zealand,military,Navy,F,2016,other:waist_depth_standing,Waist depth standing,mm,246.00,38.00,43,196.00,238.00,317.00,A,Post-processed measurement; percentiles P5/P50/P95 as printed; 3D-scan/physical measurement per NZDFAS protocol
nzdfas,reports/nzdfas/56.pdf,253,NZDFAS all services women,New Zealand,military,Tri-service,F,2016,other:waist_depth_standing,Waist depth standing,mm,236.00,36.00,212,190.00,230.00,315.00,A,Post-processed measurement; percentiles P5/P50/P95 as printed; 3D-scan/physical measurement per NZDFAS protocol; pooled Army+Navy+Air Force
nzdfas,reports/nzdfas/56.pdf,255,NZDFAS all services men,New Zealand,military,Tri-service,M,2016,other:waist_girth,Waist girth,mm,898.00,105.00,790,754.00,884.00,1093.00,A,Automatic measurement; percentiles P5/P50/P95 as printed; 3D-scan/physical measurement per NZDFAS protocol; pooled Army+Navy+Air Force
nzdfas,reports/nzdfas/56.pdf,255,NZDFAS Air Force men,New Zealand,military,Air Force,M,2016,other:waist_girth,Waist girth,mm,897.00,108.00,216,751.00,876.00,1092.00,A,Automatic measurement; percentiles P5/P50/P95 as printed; 3D-scan/physical measurement per NZDFAS protocol
nzdfas,reports/nzdfas/56.pdf,255,NZDFAS Army men,New Zealand,military,Army,M,2016,other:waist_girth,Waist girth,mm,895.00,100.00,486,752.00,882.00,1086.00,A,Automatic measurement; percentiles P5/P50/P95 as printed; 3D-scan/physical measurement per NZDFAS protocol
nzdfas,reports/nzdfas/56.pdf,255,NZDFAS Navy men,New Zealand,military,Navy,M,2016,other:waist_girth,Waist girth,mm,917.00,122.00,88,770.00,898.00,1127.00,A,Automatic measurement; percentiles P5/P50/P95 as printed; 3D-scan/physical measurement per NZDFAS protocol
nzdfas,reports/nzdfas/56.pdf,255,NZDFAS Air Force women,New Zealand,military,Air Force,F,2016,other:waist_girth,Waist girth,mm,789.00,91.00,72,671.00,772.00,932.00,A,Automatic measurement; percentiles P5/P50/P95 as printed; 3D-scan/physical measurement per NZDFAS protocol
nzdfas,reports/nzdfas/56.pdf,255,NZDFAS Army women,New Zealand,military,Army,F,2016,other:waist_girth,Waist girth,mm,815.00,90.00,97,702.00,799.00,1002.00,A,Automatic measurement; percentiles P5/P50/P95 as printed; 3D-scan/physical measurement per NZDFAS protocol
nzdfas,reports/nzdfas/56.pdf,255,NZDFAS Navy women,New Zealand,military,Navy,F,2016,other:waist_girth,Waist girth,mm,813.00,110.00,43,685.00,778.00,1050.00,A,Automatic measurement; percentiles P5/P50/P95 as printed; 3D-scan/physical measurement per NZDFAS protocol
nzdfas,reports/nzdfas/56.pdf,255,NZDFAS all services women,New Zealand,military,Tri-service,F,2016,other:waist_girth,Waist girth,mm,806.00,95.00,212,682.00,792.00,1003.00,A,Automatic measurement; percentiles P5/P50/P95 as printed; 3D-scan/physical measurement per NZDFAS protocol; pooled Army+Navy+Air Force
nzdfas,reports/nzdfas/56.pdf,257,NZDFAS all services men,New Zealand,military,Tri-service,M,2016,other:waist_height_preferred,Waist height preferred,mm,1048.00,47.00,790,978.00,1045.00,1129.00,A,Post-processed measurement; percentiles P5/P50/P95 as printed; 3D-scan/physical measurement per NZDFAS protocol; pooled Army+Navy+Air Force
nzdfas,reports/nzdfas/56.pdf,257,NZDFAS Air Force men,New Zealand,military,Air Force,M,2016,other:waist_height_preferred,Waist height preferred,mm,1052.00,47.00,216,988.00,1049.00,1139.00,A,Post-processed measurement; percentiles P5/P50/P95 as printed; 3D-scan/physical measurement per NZDFAS protocol
nzdfas,reports/nzdfas/56.pdf,257,NZDFAS Army men,New Zealand,military,Army,M,2016,other:waist_height_preferred,Waist height preferred,mm,1046.00,47.00,486,976.00,1043.00,1124.00,A,Post-processed measurement; percentiles P5/P50/P95 as printed; 3D-scan/physical measurement per NZDFAS protocol
nzdfas,reports/nzdfas/56.pdf,257,NZDFAS Navy men,New Zealand,military,Navy,M,2016,other:waist_height_preferred,Waist height preferred,mm,1052.00,46.00,88,990.00,1042.00,1126.00,A,Post-processed measurement; percentiles P5/P50/P95 as printed; 3D-scan/physical measurement per NZDFAS protocol
nzdfas,reports/nzdfas/56.pdf,257,NZDFAS Air Force women,New Zealand,military,Air Force,F,2016,other:waist_height_preferred,Waist height preferred,mm,998.00,54.00,72,912.00,1000.00,1078.00,A,Post-processed measurement; percentiles P5/P50/P95 as printed; 3D-scan/physical measurement per NZDFAS protocol
nzdfas,reports/nzdfas/56.pdf,257,NZDFAS Army women,New Zealand,military,Army,F,2016,other:waist_height_preferred,Waist height preferred,mm,999.00,48.00,97,918.00,999.00,1077.00,A,Post-processed measurement; percentiles P5/P50/P95 as printed; 3D-scan/physical measurement per NZDFAS protocol
nzdfas,reports/nzdfas/56.pdf,257,NZDFAS Navy women,New Zealand,military,Navy,F,2016,other:waist_height_preferred,Waist height preferred,mm,992.00,42.00,43,930.00,988.00,1056.00,A,Post-processed measurement; percentiles P5/P50/P95 as printed; 3D-scan/physical measurement per NZDFAS protocol
nzdfas,reports/nzdfas/56.pdf,257,NZDFAS all services women,New Zealand,military,Tri-service,F,2016,other:waist_height_preferred,Waist height preferred,mm,997.00,49.00,212,918.00,997.00,1077.00,A,Post-processed measurement; percentiles P5/P50/P95 as printed; 3D-scan/physical measurement per NZDFAS protocol; pooled Army+Navy+Air Force
nzdfas,reports/nzdfas/56.pdf,259,NZDFAS all services men,New Zealand,military,Tri-service,M,2016,mass,Weight body mass,kg,86.00,13.00,790,67.00,85.00,108.00,A,Automatic measurement; percentiles P5/P50/P95 as printed; 3D-scan/physical measurement per NZDFAS protocol; pooled Army+Navy+Air Force
nzdfas,reports/nzdfas/56.pdf,259,NZDFAS Air Force men,New Zealand,military,Air Force,M,2016,mass,Weight body mass,kg,85.00,14.00,216,67.00,84.00,112.00,A,Automatic measurement; percentiles P5/P50/P95 as printed; 3D-scan/physical measurement per NZDFAS protocol
nzdfas,reports/nzdfas/56.pdf,259,NZDFAS Army men,New Zealand,military,Army,M,2016,mass,Weight body mass,kg,86.00,12.00,486,66.00,85.00,106.00,A,Automatic measurement; percentiles P5/P50/P95 as printed; 3D-scan/physical measurement per NZDFAS protocol
nzdfas,reports/nzdfas/56.pdf,259,NZDFAS Navy men,New Zealand,military,Navy,M,2016,mass,Weight body mass,kg,88.00,13.00,88,69.00,85.00,107.00,A,Automatic measurement; percentiles P5/P50/P95 as printed; 3D-scan/physical measurement per NZDFAS protocol
nzdfas,reports/nzdfas/56.pdf,259,NZDFAS Air Force women,New Zealand,military,Air Force,F,2016,mass,Weight body mass,kg,68.00,10.00,72,55.00,67.00,85.00,A,Automatic measurement; percentiles P5/P50/P95 as printed; 3D-scan/physical measurement per NZDFAS protocol
nzdfas,reports/nzdfas/56.pdf,259,NZDFAS Army women,New Zealand,military,Army,F,2016,mass,Weight body mass,kg,72.00,11.00,97,58.00,71.00,90.00,A,Automatic measurement; percentiles P5/P50/P95 as printed; 3D-scan/physical measurement per NZDFAS protocol
nzdfas,reports/nzdfas/56.pdf,259,NZDFAS Navy women,New Zealand,military,Navy,F,2016,mass,Weight body mass,kg,71.00,14.00,43,55.00,69.00,98.00,A,Automatic measurement; percentiles P5/P50/P95 as printed; 3D-scan/physical measurement per NZDFAS protocol
nzdfas,reports/nzdfas/56.pdf,259,NZDFAS all services women,New Zealand,military,Tri-service,F,2016,mass,Weight body mass,kg,70.00,11.00,212,56.00,69.00,89.00,A,Automatic measurement; percentiles P5/P50/P95 as printed; 3D-scan/physical measurement per NZDFAS protocol; pooled Army+Navy+Air Force
nzdfas,reports/nzdfas/56.pdf,261,NZDFAS all services men,New Zealand,military,Tri-service,M,2016,wrist_circumference,Wrist girth,mm,181.00,11.00,790,165.00,180.00,201.00,A,Automatic measurement; percentiles P5/P50/P95 as printed; 3D-scan/physical measurement per NZDFAS protocol; pooled Army+Navy+Air Force
nzdfas,reports/nzdfas/56.pdf,261,NZDFAS Air Force men,New Zealand,military,Air Force,M,2016,wrist_circumference,Wrist girth,mm,180.00,10.00,216,164.00,180.00,200.00,A,Automatic measurement; percentiles P5/P50/P95 as printed; 3D-scan/physical measurement per NZDFAS protocol
nzdfas,reports/nzdfas/56.pdf,261,NZDFAS Army men,New Zealand,military,Army,M,2016,wrist_circumference,Wrist girth,mm,181.00,11.00,486,165.00,180.00,201.00,A,Automatic measurement; percentiles P5/P50/P95 as printed; 3D-scan/physical measurement per NZDFAS protocol
nzdfas,reports/nzdfas/56.pdf,261,NZDFAS Navy men,New Zealand,military,Navy,M,2016,wrist_circumference,Wrist girth,mm,183.00,10.00,88,167.00,184.00,201.00,A,Automatic measurement; percentiles P5/P50/P95 as printed; 3D-scan/physical measurement per NZDFAS protocol
nzdfas,reports/nzdfas/56.pdf,261,NZDFAS Air Force women,New Zealand,military,Air Force,F,2016,wrist_circumference,Wrist girth,mm,160.00,8.00,72,150.00,159.00,172.00,A,Automatic measurement; percentiles P5/P50/P95 as printed; 3D-scan/physical measurement per NZDFAS protocol
nzdfas,reports/nzdfas/56.pdf,261,NZDFAS Army women,New Zealand,military,Army,F,2016,wrist_circumference,Wrist girth,mm,163.00,10.00,97,148.00,163.00,181.00,A,Automatic measurement; percentiles P5/P50/P95 as printed; 3D-scan/physical measurement per NZDFAS protocol
nzdfas,reports/nzdfas/56.pdf,261,NZDFAS Navy women,New Zealand,military,Navy,F,2016,wrist_circumference,Wrist girth,mm,163.00,11.00,43,147.00,163.00,186.00,A,Automatic measurement; percentiles P5/P50/P95 as printed; 3D-scan/physical measurement per NZDFAS protocol
nzdfas,reports/nzdfas/56.pdf,261,NZDFAS all services women,New Zealand,military,Tri-service,F,2016,wrist_circumference,Wrist girth,mm,162.00,10.00,212,148.00,161.00,181.00,A,Automatic measurement; percentiles P5/P50/P95 as printed; 3D-scan/physical measurement per NZDFAS protocol; pooled Army+Navy+Air Force
