source_id,source_file,page,population,country,population_type,service_role,sex,year_start,measure_key,measure_label,unit_original,mean,sd,n,p5,p50,p95,quality,notes
thai-1964,reports/additional/AD0450836.pdf,48,Royal Thai Army 1962-63,Thailand,military,Army,M,1962,stature,Stature,cm,1629.0,53.0,2010,,,,B,Table 4.8; OCR of rotated scan; SD/mean matches printed CV.  Survey Oct 1962-Mar 1963 (report 1964).
thai-1964,reports/additional/AD0450836.pdf,48,Royal Thai Marine Corps 1962-63,Thailand,military,Marine Corps,M,1962,stature,Stature,cm,1639.0,51.0,610,,,,B,Table 4.8; OCR of rotated scan; SD/mean matches printed CV.  Survey Oct 1962-Mar 1963 (report 1964).
thai-1964,reports/additional/AD0450836.pdf,48,Royal Thai Air Force 1962-63,Thailand,military,Air Force,M,1962,stature,Stature,cm,1654.0,51.0,330,,,,B,Table 4.8; OCR of rotated scan; SD/mean matches printed CV.  Survey Oct 1962-Mar 1963 (report 1964).
thai-1964,reports/additional/AD0450836.pdf,48,Royal Thai Armed Forces total series 1962-63 (Army+Marine Corps+Air Force),Thailand,military,Tri-service,M,1962,stature,Stature,cm,1634.0,53.0,2950,,,,B,Table 4.8; OCR of rotated scan; SD/mean matches printed CV.  Survey Oct 1962-Mar 1963 (report 1964).
thai-1964,reports/additional/AD0450836.pdf,48,Royal Thai Army 1962-63,Thailand,military,Army,M,1962,other:shoulder_height,Shoulder height,cm,1343.0,47.0,2010,,,,B,Table 4.8; OCR of rotated scan; SD/mean matches printed CV.  Survey Oct 1962-Mar 1963 (report 1964).
thai-1964,reports/additional/AD0450836.pdf,48,Royal Thai Marine Corps 1962-63,Thailand,military,Marine Corps,M,1962,other:shoulder_height,Shoulder height,cm,1345.0,48.0,610,,,,B,Table 4.8; OCR of rotated scan; SD/mean matches printed CV.  Survey Oct 1962-Mar 1963 (report 1964).
thai-1964,reports/additional/AD0450836.pdf,48,Royal Thai Air Force 1962-63,Thailand,military,Air Force,M,1962,other:shoulder_height,Shoulder height,cm,1338.0,50.0,330,,,,B,Table 4.8; OCR of rotated scan; SD/mean matches printed CV.  Survey Oct 1962-Mar 1963 (report 1964).
thai-1964,reports/additional/AD0450836.pdf,48,Royal Thai Armed Forces total series 1962-63 (Army+Marine Corps+Air Force),Thailand,military,Tri-service,M,1962,other:shoulder_height,Shoulder height,cm,1343.0,48.0,2950,,,,B,Table 4.8; OCR of rotated scan; SD/mean matches printed CV.  Survey Oct 1962-Mar 1963 (report 1964).
thai-1964,reports/additional/AD0450836.pdf,48,Royal Thai Army 1962-63,Thailand,military,Army,M,1962,other:waist_height,Waist height,cm,985.0,43.0,2010,,,,B,Table 4.8; OCR of rotated scan; SD/mean matches printed CV.  Survey Oct 1962-Mar 1963 (report 1964).
thai-1964,reports/additional/AD0450836.pdf,48,Royal Thai Marine Corps 1962-63,Thailand,military,Marine Corps,M,1962,other:waist_height,Waist height,cm,999.0,40.0,610,,,,B,Table 4.8; OCR of rotated scan; SD/mean matches printed CV.  Survey Oct 1962-Mar 1963 (report 1964).
thai-1964,reports/additional/AD0450836.pdf,48,Royal Thai Air Force 1962-63,Thailand,military,Air Force,M,1962,other:waist_height,Waist height,cm,1005.0,46.0,330,,,,B,Table 4.8; OCR of rotated scan; SD/mean matches printed CV.  Survey Oct 1962-Mar 1963 (report 1964).
thai-1964,reports/additional/AD0450836.pdf,48,Royal Thai Armed Forces total series 1962-63 (Army+Marine Corps+Air Force),Thailand,military,Tri-service,M,1962,other:waist_height,Waist height,cm,990.0,44.0,2950,,,,B,Table 4.8; OCR of rotated scan; SD/mean matches printed CV.  Survey Oct 1962-Mar 1963 (report 1964).
thai-1964,reports/additional/AD0450836.pdf,48,Royal Thai Army 1962-63,Thailand,military,Army,M,1962,crotch_height,Crotch height,cm,748.0,38.0,2010,,,,B,Table 4.8; OCR of rotated scan; SD/mean matches printed CV.  Survey Oct 1962-Mar 1963 (report 1964).
thai-1964,reports/additional/AD0450836.pdf,48,Royal Thai Marine Corps 1962-63,Thailand,military,Marine Corps,M,1962,crotch_height,Crotch height,cm,767.0,37.0,610,,,,B,Table 4.8; OCR of rotated scan; SD/mean matches printed CV.  Survey Oct 1962-Mar 1963 (report 1964).
thai-1964,reports/additional/AD0450836.pdf,48,Royal Thai Air Force 1962-63,Thailand,military,Air Force,M,1962,crotch_height,Crotch height,cm,754.0,39.0,330,,,,B,Table 4.8; OCR of rotated scan; SD/mean matches printed CV.  Survey Oct 1962-Mar 1963 (report 1964).
thai-1964,reports/additional/AD0450836.pdf,48,Royal Thai Armed Forces total series 1962-63 (Army+Marine Corps+Air Force),Thailand,military,Tri-service,M,1962,crotch_height,Crotch height,cm,753.0,39.0,2950,,,,B,Table 4.8; OCR of rotated scan; SD/mean matches printed CV.  Survey Oct 1962-Mar 1963 (report 1964).
thai-1964,reports/additional/AD0450836.pdf,48,Royal Thai Army 1962-63,Thailand,military,Army,M,1962,other:kneecap_height,Kneecap height,cm,495.0,26.0,2010,,,,B,Table 4.8; OCR of rotated scan; SD/mean matches printed CV.  Survey Oct 1962-Mar 1963 (report 1964).
thai-1964,reports/additional/AD0450836.pdf,48,Royal Thai Marine Corps 1962-63,Thailand,military,Marine Corps,M,1962,other:kneecap_height,Kneecap height,cm,496.0,24.0,610,,,,B,Table 4.8; OCR of rotated scan; SD/mean matches printed CV.  Survey Oct 1962-Mar 1963 (report 1964).
thai-1964,reports/additional/AD0450836.pdf,48,Royal Thai Air Force 1962-63,Thailand,military,Air Force,M,1962,other:kneecap_height,Kneecap height,cm,500.0,29.0,330,,,,B,Table 4.8; OCR of rotated scan; SD/mean matches printed CV.  Survey Oct 1962-Mar 1963 (report 1964).
thai-1964,reports/additional/AD0450836.pdf,48,Royal Thai Armed Forces total series 1962-63 (Army+Marine Corps+Air Force),Thailand,military,Tri-service,M,1962,other:kneecap_height,Kneecap height,cm,495.0,26.0,2950,,,,B,Table 4.8; OCR of rotated scan; SD/mean matches printed CV.  Survey Oct 1962-Mar 1963 (report 1964).
thai-1964,reports/additional/AD0450836.pdf,48,Royal Thai Army 1962-63,Thailand,military,Army,M,1962,other:coat_length,Coat length,cm,639.0,40.0,2010,,,,B,Table 4.8; OCR of rotated scan; SD/mean matches printed CV.  Survey Oct 1962-Mar 1963 (report 1964).
thai-1964,reports/additional/AD0450836.pdf,48,Royal Thai Marine Corps 1962-63,Thailand,military,Marine Corps,M,1962,other:coat_length,Coat length,cm,666.0,42.0,610,,,,B,Table 4.8; OCR of rotated scan; SD/mean matches printed CV.  Survey Oct 1962-Mar 1963 (report 1964).
thai-1964,reports/additional/AD0450836.pdf,48,Royal Thai Air Force 1962-63,Thailand,military,Air Force,M,1962,other:coat_length,Coat length,cm,668.0,37.0,330,,,,B,Table 4.8; OCR of rotated scan; SD/mean matches printed CV.  Survey Oct 1962-Mar 1963 (report 1964).
thai-1964,reports/additional/AD0450836.pdf,48,Royal Thai Armed Forces total series 1962-63 (Army+Marine Corps+Air Force),Thailand,military,Tri-service,M,1962,other:coat_length,Coat length,cm,648.0,42.0,2950,,,,B,Table 4.8; OCR of rotated scan; SD/mean matches printed CV.  Survey Oct 1962-Mar 1963 (report 1964).
thai-1964,reports/additional/AD0450836.pdf,48,Royal Thai Army 1962-63,Thailand,military,Army,M,1962,other:hip_breadth_standing,"Hip breadth, standing",cm,299.0,15.0,2010,,,,B,Table 4.8; OCR of rotated scan; SD/mean matches printed CV.  Survey Oct 1962-Mar 1963 (report 1964).
thai-1964,reports/additional/AD0450836.pdf,48,Royal Thai Marine Corps 1962-63,Thailand,military,Marine Corps,M,1962,other:hip_breadth_standing,"Hip breadth, standing",cm,297.0,14.0,610,,,,B,Table 4.8; OCR of rotated scan; SD/mean matches printed CV.  Survey Oct 1962-Mar 1963 (report 1964).
thai-1964,reports/additional/AD0450836.pdf,48,Royal Thai Air Force 1962-63,Thailand,military,Air Force,M,1962,other:hip_breadth_standing,"Hip breadth, standing",cm,308.0,15.0,330,,,,B,Table 4.8; OCR of rotated scan; SD/mean matches printed CV.  Survey Oct 1962-Mar 1963 (report 1964).
thai-1964,reports/additional/AD0450836.pdf,48,Royal Thai Armed Forces total series 1962-63 (Army+Marine Corps+Air Force),Thailand,military,Tri-service,M,1962,other:hip_breadth_standing,"Hip breadth, standing",cm,300.0,15.0,2950,,,,B,Table 4.8; OCR of rotated scan; SD/mean matches printed CV.  Survey Oct 1962-Mar 1963 (report 1964).
thai-1964,reports/additional/AD0450836.pdf,48,Royal Thai Army 1962-63,Thailand,military,Army,M,1962,sitting_height,Sitting height,cm,861.0,32.0,2010,,,,B,Table 4.8; OCR of rotated scan; SD/mean matches printed CV.  Survey Oct 1962-Mar 1963 (report 1964).
thai-1964,reports/additional/AD0450836.pdf,48,Royal Thai Marine Corps 1962-63,Thailand,military,Marine Corps,M,1962,sitting_height,Sitting height,cm,867.0,28.0,610,,,,B,Table 4.8; OCR of rotated scan; SD/mean matches printed CV.  Survey Oct 1962-Mar 1963 (report 1964).
thai-1964,reports/additional/AD0450836.pdf,48,Royal Thai Air Force 1962-63,Thailand,military,Air Force,M,1962,sitting_height,Sitting height,cm,874.0,27.0,330,,,,B,Table 4.8; OCR of rotated scan; SD/mean matches printed CV.  Survey Oct 1962-Mar 1963 (report 1964).
thai-1964,reports/additional/AD0450836.pdf,48,Royal Thai Armed Forces total series 1962-63 (Army+Marine Corps+Air Force),Thailand,military,Tri-service,M,1962,sitting_height,Sitting height,cm,864.0,31.0,2950,,,,B,Table 4.8; OCR of rotated scan; SD/mean matches printed CV.  Survey Oct 1962-Mar 1963 (report 1964).
thai-1964,reports/additional/AD0450836.pdf,48,Royal Thai Army 1962-63,Thailand,military,Army,M,1962,eye_height_sitting,"Eye height, sitting",cm,745.0,33.0,2010,,,,B,Table 4.8; OCR of rotated scan; SD/mean matches printed CV.  Survey Oct 1962-Mar 1963 (report 1964).
thai-1964,reports/additional/AD0450836.pdf,48,Royal Thai Marine Corps 1962-63,Thailand,military,Marine Corps,M,1962,eye_height_sitting,"Eye height, sitting",cm,747.0,28.0,610,,,,B,Table 4.8; OCR of rotated scan; SD/mean matches printed CV.  Survey Oct 1962-Mar 1963 (report 1964).
thai-1964,reports/additional/AD0450836.pdf,48,Royal Thai Air Force 1962-63,Thailand,military,Air Force,M,1962,eye_height_sitting,"Eye height, sitting",cm,758.0,26.0,330,,,,B,Table 4.8; OCR of rotated scan; SD/mean matches printed CV.  Survey Oct 1962-Mar 1963 (report 1964).
thai-1964,reports/additional/AD0450836.pdf,48,Royal Thai Armed Forces total series 1962-63 (Army+Marine Corps+Air Force),Thailand,military,Tri-service,M,1962,eye_height_sitting,"Eye height, sitting",cm,747.0,32.0,2950,,,,B,Table 4.8; OCR of rotated scan; SD/mean matches printed CV.  Survey Oct 1962-Mar 1963 (report 1964).
thai-1964,reports/additional/AD0450836.pdf,48,Royal Thai Army 1962-63,Thailand,military,Army,M,1962,other:shoulder_height_sitting,"Shoulder height, sitting",cm,574.0,27.0,2010,,,,B,Table 4.8; OCR of rotated scan; SD/mean matches printed CV.  Survey Oct 1962-Mar 1963 (report 1964).
thai-1964,reports/additional/AD0450836.pdf,48,Royal Thai Marine Corps 1962-63,Thailand,military,Marine Corps,M,1962,other:shoulder_height_sitting,"Shoulder height, sitting",cm,570.0,24.0,610,,,,B,Table 4.8; OCR of rotated scan; SD/mean matches printed CV.  Survey Oct 1962-Mar 1963 (report 1964).
thai-1964,reports/additional/AD0450836.pdf,48,Royal Thai Air Force 1962-63,Thailand,military,Air Force,M,1962,other:shoulder_height_sitting,"Shoulder height, sitting",cm,564.0,24.0,330,,,,B,Table 4.8; OCR of rotated scan; SD/mean matches printed CV.  Survey Oct 1962-Mar 1963 (report 1964).
thai-1964,reports/additional/AD0450836.pdf,48,Royal Thai Armed Forces total series 1962-63 (Army+Marine Corps+Air Force),Thailand,military,Tri-service,M,1962,other:shoulder_height_sitting,"Shoulder height, sitting",cm,572.0,27.0,2950,,,,B,Table 4.8; OCR of rotated scan; SD/mean matches printed CV.  Survey Oct 1962-Mar 1963 (report 1964).
thai-1964,reports/additional/AD0450836.pdf,48,Royal Thai Army 1962-63,Thailand,military,Army,M,1962,shoulder_elbow_length,Shoulder-elbow length,cm,348.0,17.0,2010,,,,B,Table 4.8; OCR of rotated scan; SD/mean matches printed CV.  Survey Oct 1962-Mar 1963 (report 1964).
thai-1964,reports/additional/AD0450836.pdf,48,Royal Thai Marine Corps 1962-63,Thailand,military,Marine Corps,M,1962,shoulder_elbow_length,Shoulder-elbow length,cm,350.0,17.0,610,,,,B,Table 4.8; OCR of rotated scan; SD/mean matches printed CV.  Survey Oct 1962-Mar 1963 (report 1964).
thai-1964,reports/additional/AD0450836.pdf,48,Royal Thai Air Force 1962-63,Thailand,military,Air Force,M,1962,shoulder_elbow_length,Shoulder-elbow length,cm,351.0,19.0,330,,,,B,Table 4.8; OCR of rotated scan; SD/mean matches printed CV.  Survey Oct 1962-Mar 1963 (report 1964).
thai-1964,reports/additional/AD0450836.pdf,48,Royal Thai Armed Forces total series 1962-63 (Army+Marine Corps+Air Force),Thailand,military,Tri-service,M,1962,shoulder_elbow_length,Shoulder-elbow length,cm,349.0,18.0,2950,,,,B,Table 4.8; OCR of rotated scan; SD/mean matches printed CV.  Survey Oct 1962-Mar 1963 (report 1964).
thai-1964,reports/additional/AD0450836.pdf,48,Royal Thai Army 1962-63,Thailand,military,Army,M,1962,other:forearm_hand_length,Forearm-hand length,cm,456.0,20.0,2010,,,,B,Table 4.8; OCR of rotated scan; SD/mean matches printed CV.  Survey Oct 1962-Mar 1963 (report 1964).
thai-1964,reports/additional/AD0450836.pdf,48,Royal Thai Marine Corps 1962-63,Thailand,military,Marine Corps,M,1962,other:forearm_hand_length,Forearm-hand length,cm,461.0,20.0,610,,,,B,Table 4.8; OCR of rotated scan; SD/mean matches printed CV.  Survey Oct 1962-Mar 1963 (report 1964).
thai-1964,reports/additional/AD0450836.pdf,48,Royal Thai Air Force 1962-63,Thailand,military,Air Force,M,1962,other:forearm_hand_length,Forearm-hand length,cm,455.0,18.0,330,,,,B,Table 4.8; OCR of rotated scan; SD/mean matches printed CV.  Survey Oct 1962-Mar 1963 (report 1964).
thai-1964,reports/additional/AD0450836.pdf,48,Royal Thai Armed Forces total series 1962-63 (Army+Marine Corps+Air Force),Thailand,military,Tri-service,M,1962,other:forearm_hand_length,Forearm-hand length,cm,457.0,20.0,2950,,,,B,Table 4.8; OCR of rotated scan; SD/mean matches printed CV.  Survey Oct 1962-Mar 1963 (report 1964).
thai-1964,reports/additional/AD0450836.pdf,48,Royal Thai Army 1962-63,Thailand,military,Army,M,1962,buttock_knee_length,Buttock-knee length,cm,535.0,25.0,2010,,,,B,Table 4.8; OCR of rotated scan; SD/mean matches printed CV.  Survey Oct 1962-Mar 1963 (report 1964).
thai-1964,reports/additional/AD0450836.pdf,48,Royal Thai Marine Corps 1962-63,Thailand,military,Marine Corps,M,1962,buttock_knee_length,Buttock-knee length,cm,547.0,23.0,610,,,,B,Table 4.8; OCR of rotated scan; SD/mean matches printed CV.  Survey Oct 1962-Mar 1963 (report 1964).
thai-1964,reports/additional/AD0450836.pdf,48,Royal Thai Air Force 1962-63,Thailand,military,Air Force,M,1962,buttock_knee_length,Buttock-knee length,cm,543.0,24.0,330,,,,B,Table 4.8; OCR of rotated scan; SD/mean matches printed CV.  Survey Oct 1962-Mar 1963 (report 1964).
thai-1964,reports/additional/AD0450836.pdf,48,Royal Thai Armed Forces total series 1962-63 (Army+Marine Corps+Air Force),Thailand,military,Tri-service,M,1962,buttock_knee_length,Buttock-knee length,cm,538.0,25.0,2950,,,,B,Table 4.8; OCR of rotated scan; SD/mean matches printed CV.  Survey Oct 1962-Mar 1963 (report 1964).
thai-1964,reports/additional/AD0450836.pdf,48,Royal Thai Army 1962-63,Thailand,military,Army,M,1962,buttock_popliteal_length,Buttock-popliteal length,cm,443.0,24.0,2010,,,,B,Table 4.8; OCR of rotated scan; SD/mean matches printed CV.  Survey Oct 1962-Mar 1963 (report 1964).
thai-1964,reports/additional/AD0450836.pdf,48,Royal Thai Marine Corps 1962-63,Thailand,military,Marine Corps,M,1962,buttock_popliteal_length,Buttock-popliteal length,cm,449.0,24.0,610,,,,B,Table 4.8; OCR of rotated scan; SD/mean matches printed CV.  Survey Oct 1962-Mar 1963 (report 1964).
thai-1964,reports/additional/AD0450836.pdf,48,Royal Thai Air Force 1962-63,Thailand,military,Air Force,M,1962,buttock_popliteal_length,Buttock-popliteal length,cm,452.0,25.0,330,,,,B,Table 4.8; OCR of rotated scan; SD/mean matches printed CV.  Survey Oct 1962-Mar 1963 (report 1964).
thai-1964,reports/additional/AD0450836.pdf,48,Royal Thai Armed Forces total series 1962-63 (Army+Marine Corps+Air Force),Thailand,military,Tri-service,M,1962,buttock_popliteal_length,Buttock-popliteal length,cm,445.0,24.0,2950,,,,B,Table 4.8; OCR of rotated scan; SD/mean matches printed CV.  Survey Oct 1962-Mar 1963 (report 1964).
thai-1964,reports/additional/AD0450836.pdf,48,Royal Thai Army 1962-63,Thailand,military,Army,M,1962,knee_height_sitting,"Knee height, sitting",cm,507.0,21.0,2010,,,,B,Table 4.8; OCR of rotated scan; SD/mean matches printed CV.  Survey Oct 1962-Mar 1963 (report 1964).
thai-1964,reports/additional/AD0450836.pdf,48,Royal Thai Marine Corps 1962-63,Thailand,military,Marine Corps,M,1962,knee_height_sitting,"Knee height, sitting",cm,512.0,20.0,610,,,,B,Table 4.8; OCR of rotated scan; SD/mean matches printed CV.  Survey Oct 1962-Mar 1963 (report 1964).
thai-1964,reports/additional/AD0450836.pdf,48,Royal Thai Air Force 1962-63,Thailand,military,Air Force,M,1962,knee_height_sitting,"Knee height, sitting",cm,511.0,26.0,330,,,,B,Table 4.8; OCR of rotated scan; SD/mean matches printed CV.  Survey Oct 1962-Mar 1963 (report 1964).
thai-1964,reports/additional/AD0450836.pdf,48,Royal Thai Armed Forces total series 1962-63 (Army+Marine Corps+Air Force),Thailand,military,Tri-service,M,1962,knee_height_sitting,"Knee height, sitting",cm,508.0,22.0,2950,,,,B,Table 4.8; OCR of rotated scan; SD/mean matches printed CV.  Survey Oct 1962-Mar 1963 (report 1964).
thai-1964,reports/additional/AD0450836.pdf,48,Royal Thai Army 1962-63,Thailand,military,Army,M,1962,popliteal_height,Popliteal height,cm,422.0,18.0,2010,,,,B,Table 4.8; OCR of rotated scan; SD/mean matches printed CV.  Survey Oct 1962-Mar 1963 (report 1964).
thai-1964,reports/additional/AD0450836.pdf,48,Royal Thai Marine Corps 1962-63,Thailand,military,Marine Corps,M,1962,popliteal_height,Popliteal height,cm,429.0,16.0,610,,,,B,Table 4.8; OCR of rotated scan; SD/mean matches printed CV.  Survey Oct 1962-Mar 1963 (report 1964).
thai-1964,reports/additional/AD0450836.pdf,48,Royal Thai Air Force 1962-63,Thailand,military,Air Force,M,1962,popliteal_height,Popliteal height,cm,437.0,18.0,330,,,,B,Table 4.8; OCR of rotated scan; SD/mean matches printed CV.  Survey Oct 1962-Mar 1963 (report 1964).
thai-1964,reports/additional/AD0450836.pdf,48,Royal Thai Armed Forces total series 1962-63 (Army+Marine Corps+Air Force),Thailand,military,Tri-service,M,1962,popliteal_height,Popliteal height,cm,425.0,18.0,2950,,,,B,Table 4.8; OCR of rotated scan; SD/mean matches printed CV.  Survey Oct 1962-Mar 1963 (report 1964).
thai-1964,reports/additional/AD0450836.pdf,48,Royal Thai Army 1962-63,Thailand,military,Army,M,1962,other:shoulder_breadth,Shoulder breadth,cm,413.0,20.0,2010,,,,B,Table 4.8; OCR of rotated scan; SD/mean matches printed CV.  Survey Oct 1962-Mar 1963 (report 1964).
thai-1964,reports/additional/AD0450836.pdf,48,Royal Thai Marine Corps 1962-63,Thailand,military,Marine Corps,M,1962,other:shoulder_breadth,Shoulder breadth,cm,425.0,19.0,610,,,,B,Table 4.8; OCR of rotated scan; SD/mean matches printed CV.  Survey Oct 1962-Mar 1963 (report 1964).
thai-1964,reports/additional/AD0450836.pdf,48,Royal Thai Air Force 1962-63,Thailand,military,Air Force,M,1962,other:shoulder_breadth,Shoulder breadth,cm,417.0,19.0,330,,,,B,Table 4.8; OCR of rotated scan; SD/mean matches printed CV.  Survey Oct 1962-Mar 1963 (report 1964).
thai-1964,reports/additional/AD0450836.pdf,48,Royal Thai Armed Forces total series 1962-63 (Army+Marine Corps+Air Force),Thailand,military,Tri-service,M,1962,other:shoulder_breadth,Shoulder breadth,cm,416.0,20.0,2950,,,,B,Table 4.8; OCR of rotated scan; SD/mean matches printed CV.  Survey Oct 1962-Mar 1963 (report 1964).
thai-1964,reports/additional/AD0450836.pdf,48,Royal Thai Army 1962-63,Thailand,military,Army,M,1962,hip_breadth_sitting,"Hip breadth, sitting",cm,320.0,20.0,2010,,,,B,Table 4.8; OCR of rotated scan; SD/mean matches printed CV.  Survey Oct 1962-Mar 1963 (report 1964).
thai-1964,reports/additional/AD0450836.pdf,48,Royal Thai Marine Corps 1962-63,Thailand,military,Marine Corps,M,1962,hip_breadth_sitting,"Hip breadth, sitting",cm,306.0,22.0,610,,,,B,Table 4.8; OCR of rotated scan; SD/mean matches printed CV.  Survey Oct 1962-Mar 1963 (report 1964).
thai-1964,reports/additional/AD0450836.pdf,48,Royal Thai Air Force 1962-63,Thailand,military,Air Force,M,1962,hip_breadth_sitting,"Hip breadth, sitting",cm,333.0,20.0,330,,,,B,Table 4.8; OCR of rotated scan; SD/mean matches printed CV.  Survey Oct 1962-Mar 1963 (report 1964).
thai-1964,reports/additional/AD0450836.pdf,48,Royal Thai Armed Forces total series 1962-63 (Army+Marine Corps+Air Force),Thailand,military,Tri-service,M,1962,hip_breadth_sitting,"Hip breadth, sitting",cm,318.0,22.0,2950,,,,B,Table 4.8; OCR of rotated scan; SD/mean matches printed CV.  Survey Oct 1962-Mar 1963 (report 1964).
thai-1964,reports/additional/AD0450836.pdf,48,Royal Thai Army 1962-63,Thailand,military,Army,M,1962,other:arm_reach_upward,"Arm reach, upward",cm,1310.0,48.0,2010,,,,B,Table 4.8; OCR of rotated scan; SD/mean matches printed CV.  Survey Oct 1962-Mar 1963 (report 1964).
thai-1964,reports/additional/AD0450836.pdf,48,Royal Thai Marine Corps 1962-63,Thailand,military,Marine Corps,M,1962,other:arm_reach_upward,"Arm reach, upward",cm,1324.0,46.0,610,,,,B,Table 4.8; OCR of rotated scan; SD/mean matches printed CV.  Survey Oct 1962-Mar 1963 (report 1964).
thai-1964,reports/additional/AD0450836.pdf,48,Royal Thai Air Force 1962-63,Thailand,military,Air Force,M,1962,other:arm_reach_upward,"Arm reach, upward",cm,1304.0,45.0,330,,,,B,Table 4.8; OCR of rotated scan; SD/mean matches printed CV.  Survey Oct 1962-Mar 1963 (report 1964).
thai-1964,reports/additional/AD0450836.pdf,48,Royal Thai Armed Forces total series 1962-63 (Army+Marine Corps+Air Force),Thailand,military,Tri-service,M,1962,other:arm_reach_upward,"Arm reach, upward",cm,1312.0,47.0,2950,,,,B,Table 4.8; OCR of rotated scan; SD/mean matches printed CV.  Survey Oct 1962-Mar 1963 (report 1964).
thai-1964,reports/additional/AD0450836.pdf,48,Royal Thai Army 1962-63,Thailand,military,Army,M,1962,other:arm_reach_forward,"Arm reach, forward",cm,818.0,41.0,2010,,,,B,Table 4.8; OCR of rotated scan; SD/mean matches printed CV.  Survey Oct 1962-Mar 1963 (report 1964).
thai-1964,reports/additional/AD0450836.pdf,48,Royal Thai Marine Corps 1962-63,Thailand,military,Marine Corps,M,1962,other:arm_reach_forward,"Arm reach, forward",cm,833.0,35.0,610,,,,B,Table 4.8; OCR of rotated scan; SD/mean matches printed CV.  Survey Oct 1962-Mar 1963 (report 1964).
thai-1964,reports/additional/AD0450836.pdf,48,Royal Thai Air Force 1962-63,Thailand,military,Air Force,M,1962,other:arm_reach_forward,"Arm reach, forward",cm,779.0,42.0,330,,,,B,Table 4.8; OCR of rotated scan; SD/mean matches printed CV.  Survey Oct 1962-Mar 1963 (report 1964).
thai-1964,reports/additional/AD0450836.pdf,48,Royal Thai Armed Forces total series 1962-63 (Army+Marine Corps+Air Force),Thailand,military,Tri-service,M,1962,other:arm_reach_forward,"Arm reach, forward",cm,817.0,43.0,2950,,,,B,Table 4.8; OCR of rotated scan; SD/mean matches printed CV.  Survey Oct 1962-Mar 1963 (report 1964).
thai-1964,reports/additional/AD0450836.pdf,49,Royal Thai Army 1962-63,Thailand,military,Army,M,1962,neck_circumference,Neck circumference,cm,337.0,16.0,2010,,,,B,Table 4.9; OCR of rotated scan; SD/mean matches printed CV. definition per source survey (neck level not verified) Survey Oct 1962-Mar 1963 (report 1964).
thai-1964,reports/additional/AD0450836.pdf,49,Royal Thai Marine Corps 1962-63,Thailand,military,Marine Corps,M,1962,neck_circumference,Neck circumference,cm,341.0,15.0,610,,,,B,Table 4.9; OCR of rotated scan; SD/mean matches printed CV. definition per source survey (neck level not verified) Survey Oct 1962-Mar 1963 (report 1964).
thai-1964,reports/additional/AD0450836.pdf,49,Royal Thai Air Force 1962-63,Thailand,military,Air Force,M,1962,neck_circumference,Neck circumference,cm,338.0,16.0,330,,,,B,Table 4.9; OCR of rotated scan; SD/mean matches printed CV. definition per source survey (neck level not verified) Survey Oct 1962-Mar 1963 (report 1964).
thai-1964,reports/additional/AD0450836.pdf,49,Royal Thai Armed Forces total series 1962-63 (Army+Marine Corps+Air Force),Thailand,military,Tri-service,M,1962,neck_circumference,Neck circumference,cm,338.0,16.0,2950,,,,B,Table 4.9; OCR of rotated scan; SD/mean matches printed CV. definition per source survey (neck level not verified) Survey Oct 1962-Mar 1963 (report 1964).
thai-1964,reports/additional/AD0450836.pdf,49,Royal Thai Army 1962-63,Thailand,military,Army,M,1962,shoulder_circumference,Shoulder circumference,cm,1044.0,44.0,2010,,,,B,Table 4.9; OCR of rotated scan; SD/mean matches printed CV.  Survey Oct 1962-Mar 1963 (report 1964).
thai-1964,reports/additional/AD0450836.pdf,49,Royal Thai Marine Corps 1962-63,Thailand,military,Marine Corps,M,1962,shoulder_circumference,Shoulder circumference,cm,1049.0,43.0,610,,,,B,Table 4.9; OCR of rotated scan; SD/mean matches printed CV.  Survey Oct 1962-Mar 1963 (report 1964).
thai-1964,reports/additional/AD0450836.pdf,49,Royal Thai Air Force 1962-63,Thailand,military,Air Force,M,1962,shoulder_circumference,Shoulder circumference,cm,1047.0,47.0,330,,,,B,Table 4.9; OCR of rotated scan; SD/mean matches printed CV.  Survey Oct 1962-Mar 1963 (report 1964).
thai-1964,reports/additional/AD0450836.pdf,49,Royal Thai Armed Forces total series 1962-63 (Army+Marine Corps+Air Force),Thailand,military,Tri-service,M,1962,shoulder_circumference,Shoulder circumference,cm,1045.0,44.0,2950,,,,B,Table 4.9; OCR of rotated scan; SD/mean matches printed CV.  Survey Oct 1962-Mar 1963 (report 1964).
thai-1964,reports/additional/AD0450836.pdf,49,Royal Thai Army 1962-63,Thailand,military,Army,M,1962,chest_circumference,Chest circumference,cm,849.0,41.0,2010,,,,B,Table 4.9; OCR of rotated scan; SD/mean matches printed CV.  Survey Oct 1962-Mar 1963 (report 1964).
thai-1964,reports/additional/AD0450836.pdf,49,Royal Thai Marine Corps 1962-63,Thailand,military,Marine Corps,M,1962,chest_circumference,Chest circumference,cm,849.0,37.0,610,,,,B,Table 4.9; OCR of rotated scan; SD/mean matches printed CV.  Survey Oct 1962-Mar 1963 (report 1964).
thai-1964,reports/additional/AD0450836.pdf,49,Royal Thai Air Force 1962-63,Thailand,military,Air Force,M,1962,chest_circumference,Chest circumference,cm,861.0,45.0,330,,,,B,Table 4.9; OCR of rotated scan; SD/mean matches printed CV.  Survey Oct 1962-Mar 1963 (report 1964).
thai-1964,reports/additional/AD0450836.pdf,49,Royal Thai Armed Forces total series 1962-63 (Army+Marine Corps+Air Force),Thailand,military,Tri-service,M,1962,chest_circumference,Chest circumference,cm,850.0,41.0,2950,,,,B,Table 4.9; OCR of rotated scan; SD/mean matches printed CV.  Survey Oct 1962-Mar 1963 (report 1964).
thai-1964,reports/additional/AD0450836.pdf,49,Royal Thai Army 1962-63,Thailand,military,Army,M,1962,waist_circumference,Waist circumference,cm,697.0,50.0,2010,,,,B,Table 4.9; OCR of rotated scan; SD/mean matches printed CV. waist landmark per source survey Survey Oct 1962-Mar 1963 (report 1964).
thai-1964,reports/additional/AD0450836.pdf,49,Royal Thai Marine Corps 1962-63,Thailand,military,Marine Corps,M,1962,waist_circumference,Waist circumference,cm,699.0,42.0,610,,,,B,Table 4.9; OCR of rotated scan; SD/mean matches printed CV. waist landmark per source survey Survey Oct 1962-Mar 1963 (report 1964).
thai-1964,reports/additional/AD0450836.pdf,49,Royal Thai Air Force 1962-63,Thailand,military,Air Force,M,1962,waist_circumference,Waist circumference,cm,695.0,59.0,330,,,,B,Table 4.9; OCR of rotated scan; SD/mean matches printed CV. waist landmark per source survey Survey Oct 1962-Mar 1963 (report 1964).
thai-1964,reports/additional/AD0450836.pdf,49,Royal Thai Armed Forces total series 1962-63 (Army+Marine Corps+Air Force),Thailand,military,Tri-service,M,1962,waist_circumference,Waist circumference,cm,697.0,50.0,2950,,,,B,Table 4.9; OCR of rotated scan; SD/mean matches printed CV. waist landmark per source survey Survey Oct 1962-Mar 1963 (report 1964).
thai-1964,reports/additional/AD0450836.pdf,49,Royal Thai Army 1962-63,Thailand,military,Army,M,1962,other:hip_circumference,Hip circumference,cm,860.0,41.0,2010,,,,B,Table 4.9; OCR of rotated scan; SD/mean matches printed CV.  Survey Oct 1962-Mar 1963 (report 1964).
thai-1964,reports/additional/AD0450836.pdf,49,Royal Thai Marine Corps 1962-63,Thailand,military,Marine Corps,M,1962,other:hip_circumference,Hip circumference,cm,866.0,35.0,610,,,,B,Table 4.9; OCR of rotated scan; SD/mean matches printed CV.  Survey Oct 1962-Mar 1963 (report 1964).
thai-1964,reports/additional/AD0450836.pdf,49,Royal Thai Air Force 1962-63,Thailand,military,Air Force,M,1962,other:hip_circumference,Hip circumference,cm,874.0,44.0,330,,,,B,Table 4.9; OCR of rotated scan; SD/mean matches printed CV.  Survey Oct 1962-Mar 1963 (report 1964).
thai-1964,reports/additional/AD0450836.pdf,49,Royal Thai Armed Forces total series 1962-63 (Army+Marine Corps+Air Force),Thailand,military,Tri-service,M,1962,other:hip_circumference,Hip circumference,cm,863.0,41.0,2950,,,,B,Table 4.9; OCR of rotated scan; SD/mean matches printed CV.  Survey Oct 1962-Mar 1963 (report 1964).
thai-1964,reports/additional/AD0450836.pdf,49,Royal Thai Army 1962-63,Thailand,military,Army,M,1962,other:upper_arm_circumference,Upper arm circumference,cm,258.0,21.0,2010,,,,B,Table 4.9; OCR of rotated scan; SD/mean matches printed CV.  Survey Oct 1962-Mar 1963 (report 1964).
thai-1964,reports/additional/AD0450836.pdf,49,Royal Thai Marine Corps 1962-63,Thailand,military,Marine Corps,M,1962,other:upper_arm_circumference,Upper arm circumference,cm,266.0,19.0,610,,,,B,Table 4.9; OCR of rotated scan; SD/mean matches printed CV.  Survey Oct 1962-Mar 1963 (report 1964).
thai-1964,reports/additional/AD0450836.pdf,49,Royal Thai Air Force 1962-63,Thailand,military,Air Force,M,1962,other:upper_arm_circumference,Upper arm circumference,cm,264.0,22.0,330,,,,B,Table 4.9; OCR of rotated scan; SD/mean matches printed CV.  Survey Oct 1962-Mar 1963 (report 1964).
thai-1964,reports/additional/AD0450836.pdf,49,Royal Thai Armed Forces total series 1962-63 (Army+Marine Corps+Air Force),Thailand,military,Tri-service,M,1962,other:upper_arm_circumference,Upper arm circumference,cm,260.0,21.0,2950,,,,B,Table 4.9; OCR of rotated scan; SD/mean matches printed CV.  Survey Oct 1962-Mar 1963 (report 1964).
thai-1964,reports/additional/AD0450836.pdf,49,Royal Thai Army 1962-63,Thailand,military,Army,M,1962,wrist_circumference,Wrist circumference,cm,156.0,9.0,2010,,,,B,Table 4.9; OCR of rotated scan; SD/mean matches printed CV.  Survey Oct 1962-Mar 1963 (report 1964).
thai-1964,reports/additional/AD0450836.pdf,49,Royal Thai Marine Corps 1962-63,Thailand,military,Marine Corps,M,1962,wrist_circumference,Wrist circumference,cm,159.0,8.0,610,,,,B,Table 4.9; OCR of rotated scan; SD/mean matches printed CV.  Survey Oct 1962-Mar 1963 (report 1964).
thai-1964,reports/additional/AD0450836.pdf,49,Royal Thai Air Force 1962-63,Thailand,military,Air Force,M,1962,wrist_circumference,Wrist circumference,cm,155.0,8.0,330,,,,B,Table 4.9; OCR of rotated scan; SD/mean matches printed CV.  Survey Oct 1962-Mar 1963 (report 1964).
thai-1964,reports/additional/AD0450836.pdf,49,Royal Thai Armed Forces total series 1962-63 (Army+Marine Corps+Air Force),Thailand,military,Tri-service,M,1962,wrist_circumference,Wrist circumference,cm,157.0,9.0,2950,,,,B,Table 4.9; OCR of rotated scan; SD/mean matches printed CV.  Survey Oct 1962-Mar 1963 (report 1964).
thai-1964,reports/additional/AD0450836.pdf,49,Royal Thai Army 1962-63,Thailand,military,Army,M,1962,other:crotch_thigh_circumference,Crotch thigh circumference,cm,493.0,37.0,2010,,,,B,Table 4.9; OCR of rotated scan; SD/mean matches printed CV.  Survey Oct 1962-Mar 1963 (report 1964).
thai-1964,reports/additional/AD0450836.pdf,49,Royal Thai Marine Corps 1962-63,Thailand,military,Marine Corps,M,1962,other:crotch_thigh_circumference,Crotch thigh circumference,cm,496.0,31.0,610,,,,B,Table 4.9; OCR of rotated scan; SD/mean matches printed CV.  Survey Oct 1962-Mar 1963 (report 1964).
thai-1964,reports/additional/AD0450836.pdf,49,Royal Thai Air Force 1962-63,Thailand,military,Air Force,M,1962,other:crotch_thigh_circumference,Crotch thigh circumference,cm,508.0,42.0,330,,,,B,Table 4.9; OCR of rotated scan; SD/mean matches printed CV.  Survey Oct 1962-Mar 1963 (report 1964).
thai-1964,reports/additional/AD0450836.pdf,49,Royal Thai Armed Forces total series 1962-63 (Army+Marine Corps+Air Force),Thailand,military,Tri-service,M,1962,other:crotch_thigh_circumference,Crotch thigh circumference,cm,495.0,37.0,2950,,,,B,Table 4.9; OCR of rotated scan; SD/mean matches printed CV.  Survey Oct 1962-Mar 1963 (report 1964).
thai-1964,reports/additional/AD0450836.pdf,49,Royal Thai Army 1962-63,Thailand,military,Army,M,1962,other:lower_thigh_circumference,Lower thigh circumference,cm,376.0,36.0,2010,,,,B,Table 4.9; OCR of rotated scan; SD/mean matches printed CV.  Survey Oct 1962-Mar 1963 (report 1964).
thai-1964,reports/additional/AD0450836.pdf,49,Royal Thai Marine Corps 1962-63,Thailand,military,Marine Corps,M,1962,other:lower_thigh_circumference,Lower thigh circumference,cm,397.0,30.0,610,,,,B,Table 4.9; OCR of rotated scan; SD/mean matches printed CV.  Survey Oct 1962-Mar 1963 (report 1964).
thai-1964,reports/additional/AD0450836.pdf,49,Royal Thai Air Force 1962-63,Thailand,military,Air Force,M,1962,other:lower_thigh_circumference,Lower thigh circumference,cm,385.0,37.0,330,,,,B,Table 4.9; OCR of rotated scan; SD/mean matches printed CV.  Survey Oct 1962-Mar 1963 (report 1964).
thai-1964,reports/additional/AD0450836.pdf,49,Royal Thai Armed Forces total series 1962-63 (Army+Marine Corps+Air Force),Thailand,military,Tri-service,M,1962,other:lower_thigh_circumference,Lower thigh circumference,cm,381.0,36.0,2950,,,,B,Table 4.9; OCR of rotated scan; SD/mean matches printed CV.  Survey Oct 1962-Mar 1963 (report 1964).
thai-1964,reports/additional/AD0450836.pdf,49,Royal Thai Army 1962-63,Thailand,military,Army,M,1962,calf_circumference,Calf circumference,cm,340.0,23.0,2010,,,,B,Table 4.9; OCR of rotated scan; SD/mean matches printed CV.  Survey Oct 1962-Mar 1963 (report 1964).
thai-1964,reports/additional/AD0450836.pdf,49,Royal Thai Marine Corps 1962-63,Thailand,military,Marine Corps,M,1962,calf_circumference,Calf circumference,cm,350.0,21.0,610,,,,B,Table 4.9; OCR of rotated scan; SD/mean matches printed CV.  Survey Oct 1962-Mar 1963 (report 1964).
thai-1964,reports/additional/AD0450836.pdf,49,Royal Thai Air Force 1962-63,Thailand,military,Air Force,M,1962,calf_circumference,Calf circumference,cm,341.0,23.0,330,,,,B,Table 4.9; OCR of rotated scan; SD/mean matches printed CV.  Survey Oct 1962-Mar 1963 (report 1964).
thai-1964,reports/additional/AD0450836.pdf,49,Royal Thai Armed Forces total series 1962-63 (Army+Marine Corps+Air Force),Thailand,military,Tri-service,M,1962,calf_circumference,Calf circumference,cm,342.0,23.0,2950,,,,B,Table 4.9; OCR of rotated scan; SD/mean matches printed CV.  Survey Oct 1962-Mar 1963 (report 1964).
thai-1964,reports/additional/AD0450836.pdf,49,Royal Thai Army 1962-63,Thailand,military,Army,M,1962,ankle_circumference,Ankle circumference,cm,208.0,11.0,2010,,,,B,Table 4.9; OCR of rotated scan; SD/mean matches printed CV.  Survey Oct 1962-Mar 1963 (report 1964).
thai-1964,reports/additional/AD0450836.pdf,49,Royal Thai Marine Corps 1962-63,Thailand,military,Marine Corps,M,1962,ankle_circumference,Ankle circumference,cm,213.0,11.0,610,,,,B,Table 4.9; OCR of rotated scan; SD/mean matches printed CV.  Survey Oct 1962-Mar 1963 (report 1964).
thai-1964,reports/additional/AD0450836.pdf,49,Royal Thai Air Force 1962-63,Thailand,military,Air Force,M,1962,ankle_circumference,Ankle circumference,cm,213.0,12.0,330,,,,B,Table 4.9; OCR of rotated scan; SD/mean matches printed CV.  Survey Oct 1962-Mar 1963 (report 1964).
thai-1964,reports/additional/AD0450836.pdf,49,Royal Thai Armed Forces total series 1962-63 (Army+Marine Corps+Air Force),Thailand,military,Tri-service,M,1962,ankle_circumference,Ankle circumference,cm,210.0,12.0,2950,,,,B,Table 4.9; OCR of rotated scan; SD/mean matches printed CV.  Survey Oct 1962-Mar 1963 (report 1964).
thai-1964,reports/additional/AD0450836.pdf,49,Royal Thai Army 1962-63,Thailand,military,Army,M,1962,other:back_waist_length,Back waist length,cm,429.0,25.0,2010,,,,B,Table 4.9; OCR of rotated scan; SD/mean matches printed CV.  Survey Oct 1962-Mar 1963 (report 1964).
thai-1964,reports/additional/AD0450836.pdf,49,Royal Thai Marine Corps 1962-63,Thailand,military,Marine Corps,M,1962,other:back_waist_length,Back waist length,cm,427.0,30.0,610,,,,B,Table 4.9; OCR of rotated scan; SD/mean matches printed CV.  Survey Oct 1962-Mar 1963 (report 1964).
thai-1964,reports/additional/AD0450836.pdf,49,Royal Thai Air Force 1962-63,Thailand,military,Air Force,M,1962,other:back_waist_length,Back waist length,cm,456.0,26.0,330,,,,B,Table 4.9; OCR of rotated scan; SD/mean matches printed CV.  Survey Oct 1962-Mar 1963 (report 1964).
thai-1964,reports/additional/AD0450836.pdf,49,Royal Thai Armed Forces total series 1962-63 (Army+Marine Corps+Air Force),Thailand,military,Tri-service,M,1962,other:back_waist_length,Back waist length,cm,432.0,28.0,2950,,,,B,Table 4.9; OCR of rotated scan; SD/mean matches printed CV.  Survey Oct 1962-Mar 1963 (report 1964).
thai-1964,reports/additional/AD0450836.pdf,49,Royal Thai Army 1962-63,Thailand,military,Army,M,1962,other:interscye_breadth,Interscye breadth,cm,352.0,25.0,2010,,,,B,Table 4.9; OCR of rotated scan; SD/mean matches printed CV.  Survey Oct 1962-Mar 1963 (report 1964).
thai-1964,reports/additional/AD0450836.pdf,49,Royal Thai Marine Corps 1962-63,Thailand,military,Marine Corps,M,1962,other:interscye_breadth,Interscye breadth,cm,353.0,26.0,610,,,,B,Table 4.9; OCR of rotated scan; SD/mean matches printed CV.  Survey Oct 1962-Mar 1963 (report 1964).
thai-1964,reports/additional/AD0450836.pdf,49,Royal Thai Air Force 1962-63,Thailand,military,Air Force,M,1962,other:interscye_breadth,Interscye breadth,cm,362.0,24.0,330,,,,B,Table 4.9; OCR of rotated scan; SD/mean matches printed CV.  Survey Oct 1962-Mar 1963 (report 1964).
thai-1964,reports/additional/AD0450836.pdf,49,Royal Thai Armed Forces total series 1962-63 (Army+Marine Corps+Air Force),Thailand,military,Tri-service,M,1962,other:interscye_breadth,Interscye breadth,cm,353.0,26.0,2950,,,,B,Table 4.9; OCR of rotated scan; SD/mean matches printed CV.  Survey Oct 1962-Mar 1963 (report 1964).
thai-1964,reports/additional/AD0450836.pdf,49,Royal Thai Army 1962-63,Thailand,military,Army,M,1962,other:sleeve_inseam,Sleeve inseam,cm,466.0,27.0,2010,,,,B,Table 4.9; OCR of rotated scan; SD/mean matches printed CV.  Survey Oct 1962-Mar 1963 (report 1964).
thai-1964,reports/additional/AD0450836.pdf,49,Royal Thai Marine Corps 1962-63,Thailand,military,Marine Corps,M,1962,other:sleeve_inseam,Sleeve inseam,cm,471.0,24.0,610,,,,B,Table 4.9; OCR of rotated scan; SD/mean matches printed CV.  Survey Oct 1962-Mar 1963 (report 1964).
thai-1964,reports/additional/AD0450836.pdf,49,Royal Thai Air Force 1962-63,Thailand,military,Air Force,M,1962,other:sleeve_inseam,Sleeve inseam,cm,475.0,26.0,330,,,,B,Table 4.9; OCR of rotated scan; SD/mean matches printed CV.  Survey Oct 1962-Mar 1963 (report 1964).
thai-1964,reports/additional/AD0450836.pdf,49,Royal Thai Armed Forces total series 1962-63 (Army+Marine Corps+Air Force),Thailand,military,Tri-service,M,1962,other:sleeve_inseam,Sleeve inseam,cm,468.0,27.0,2950,,,,B,Table 4.9; OCR of rotated scan; SD/mean matches printed CV.  Survey Oct 1962-Mar 1963 (report 1964).
thai-1964,reports/additional/AD0450836.pdf,49,Royal Thai Army 1962-63,Thailand,military,Army,M,1962,other:sleeve_length,Sleeve length,cm,780.0,36.0,2010,,,,B,Table 4.9; OCR of rotated scan; SD/mean matches printed CV.  Survey Oct 1962-Mar 1963 (report 1964).
thai-1964,reports/additional/AD0450836.pdf,49,Royal Thai Marine Corps 1962-63,Thailand,military,Marine Corps,M,1962,other:sleeve_length,Sleeve length,cm,783.0,36.0,610,,,,B,Table 4.9; OCR of rotated scan; SD/mean matches printed CV.  Survey Oct 1962-Mar 1963 (report 1964).
thai-1964,reports/additional/AD0450836.pdf,49,Royal Thai Air Force 1962-63,Thailand,military,Air Force,M,1962,other:sleeve_length,Sleeve length,cm,786.0,36.0,330,,,,B,Table 4.9; OCR of rotated scan; SD/mean matches printed CV.  Survey Oct 1962-Mar 1963 (report 1964).
thai-1964,reports/additional/AD0450836.pdf,49,Royal Thai Armed Forces total series 1962-63 (Army+Marine Corps+Air Force),Thailand,military,Tri-service,M,1962,other:sleeve_length,Sleeve length,cm,781.0,36.0,2950,,,,B,Table 4.9; OCR of rotated scan; SD/mean matches printed CV.  Survey Oct 1962-Mar 1963 (report 1964).
thai-1964,reports/additional/AD0450836.pdf,50,Royal Thai Army 1962-63,Thailand,military,Army,M,1962,head_length,Head length,cm,179.0,6.0,2010,,,,B,Table 4.10; OCR of rotated scan; SD/mean matches printed CV.  Survey Oct 1962-Mar 1963 (report 1964).
thai-1964,reports/additional/AD0450836.pdf,50,Royal Thai Marine Corps 1962-63,Thailand,military,Marine Corps,M,1962,head_length,Head length,cm,178.0,6.0,610,,,,B,Table 4.10; OCR of rotated scan; SD/mean matches printed CV.  Survey Oct 1962-Mar 1963 (report 1964).
thai-1964,reports/additional/AD0450836.pdf,50,Royal Thai Air Force 1962-63,Thailand,military,Air Force,M,1962,head_length,Head length,cm,179.0,6.0,330,,,,B,Table 4.10; OCR of rotated scan; SD/mean matches printed CV.  Survey Oct 1962-Mar 1963 (report 1964).
thai-1964,reports/additional/AD0450836.pdf,50,Royal Thai Armed Forces total series 1962-63 (Army+Marine Corps+Air Force),Thailand,military,Tri-service,M,1962,head_length,Head length,cm,179.0,6.0,2950,,,,B,Table 4.10; OCR of rotated scan; SD/mean matches printed CV.  Survey Oct 1962-Mar 1963 (report 1964).
thai-1964,reports/additional/AD0450836.pdf,50,Royal Thai Army 1962-63,Thailand,military,Army,M,1962,other:head_height,Head height,cm,130.0,9.0,2010,,,,B,Table 4.10; OCR of rotated scan; SD/mean matches printed CV.  Survey Oct 1962-Mar 1963 (report 1964).
thai-1964,reports/additional/AD0450836.pdf,50,Royal Thai Marine Corps 1962-63,Thailand,military,Marine Corps,M,1962,other:head_height,Head height,cm,124.0,8.0,610,,,,B,Table 4.10; OCR of rotated scan; SD/mean matches printed CV.  Survey Oct 1962-Mar 1963 (report 1964).
thai-1964,reports/additional/AD0450836.pdf,50,Royal Thai Air Force 1962-63,Thailand,military,Air Force,M,1962,other:head_height,Head height,cm,123.0,11.0,330,,,,B,Table 4.10; OCR of rotated scan; SD/mean matches printed CV.  Survey Oct 1962-Mar 1963 (report 1964).
thai-1964,reports/additional/AD0450836.pdf,50,Royal Thai Armed Forces total series 1962-63 (Army+Marine Corps+Air Force),Thailand,military,Tri-service,M,1962,other:head_height,Head height,cm,128.0,10.0,2950,,,,B,Table 4.10; OCR of rotated scan; SD/mean matches printed CV.  Survey Oct 1962-Mar 1963 (report 1964).
thai-1964,reports/additional/AD0450836.pdf,50,Royal Thai Army 1962-63,Thailand,military,Army,M,1962,other:face_length,Face length,cm,113.0,6.0,2010,,,,B,Table 4.10; OCR of rotated scan; SD/mean matches printed CV.  Survey Oct 1962-Mar 1963 (report 1964).
thai-1964,reports/additional/AD0450836.pdf,50,Royal Thai Marine Corps 1962-63,Thailand,military,Marine Corps,M,1962,other:face_length,Face length,cm,113.0,6.0,610,,,,B,Table 4.10; OCR of rotated scan; SD/mean matches printed CV.  Survey Oct 1962-Mar 1963 (report 1964).
thai-1964,reports/additional/AD0450836.pdf,50,Royal Thai Air Force 1962-63,Thailand,military,Air Force,M,1962,other:face_length,Face length,cm,117.0,6.0,330,,,,B,Table 4.10; OCR of rotated scan; SD/mean matches printed CV.  Survey Oct 1962-Mar 1963 (report 1964).
thai-1964,reports/additional/AD0450836.pdf,50,Royal Thai Armed Forces total series 1962-63 (Army+Marine Corps+Air Force),Thailand,military,Tri-service,M,1962,other:face_length,Face length,cm,114.0,6.0,2950,,,,B,Table 4.10; OCR of rotated scan; SD/mean matches printed CV.  Survey Oct 1962-Mar 1963 (report 1964).
thai-1964,reports/additional/AD0450836.pdf,50,Royal Thai Army 1962-63,Thailand,military,Army,M,1962,head_breadth,Head breadth,cm,152.0,7.0,2010,,,,B,Table 4.10; OCR of rotated scan; SD/mean matches printed CV.  Survey Oct 1962-Mar 1963 (report 1964).
thai-1964,reports/additional/AD0450836.pdf,50,Royal Thai Marine Corps 1962-63,Thailand,military,Marine Corps,M,1962,head_breadth,Head breadth,cm,151.0,6.0,610,,,,B,Table 4.10; OCR of rotated scan; SD/mean matches printed CV.  Survey Oct 1962-Mar 1963 (report 1964).
thai-1964,reports/additional/AD0450836.pdf,50,Royal Thai Air Force 1962-63,Thailand,military,Air Force,M,1962,head_breadth,Head breadth,cm,154.0,5.0,330,,,,B,Table 4.10; OCR of rotated scan; SD/mean matches printed CV.  Survey Oct 1962-Mar 1963 (report 1964).
thai-1964,reports/additional/AD0450836.pdf,50,Royal Thai Armed Forces total series 1962-63 (Army+Marine Corps+Air Force),Thailand,military,Tri-service,M,1962,head_breadth,Head breadth,cm,152.0,7.0,2950,,,,B,Table 4.10; OCR of rotated scan; SD/mean matches printed CV.  Survey Oct 1962-Mar 1963 (report 1964).
thai-1964,reports/additional/AD0450836.pdf,50,Royal Thai Army 1962-63,Thailand,military,Army,M,1962,head_circumference,Head circumference,cm,540.0,14.0,2010,,,,B,Table 4.10; OCR of rotated scan; SD/mean matches printed CV.  Survey Oct 1962-Mar 1963 (report 1964).
thai-1964,reports/additional/AD0450836.pdf,50,Royal Thai Marine Corps 1962-63,Thailand,military,Marine Corps,M,1962,head_circumference,Head circumference,cm,539.0,14.0,610,,,,B,Table 4.10; OCR of rotated scan; SD/mean matches printed CV.  Survey Oct 1962-Mar 1963 (report 1964).
thai-1964,reports/additional/AD0450836.pdf,50,Royal Thai Air Force 1962-63,Thailand,military,Air Force,M,1962,head_circumference,Head circumference,cm,543.0,14.0,330,,,,B,Table 4.10; OCR of rotated scan; SD/mean matches printed CV.  Survey Oct 1962-Mar 1963 (report 1964).
thai-1964,reports/additional/AD0450836.pdf,50,Royal Thai Armed Forces total series 1962-63 (Army+Marine Corps+Air Force),Thailand,military,Tri-service,M,1962,head_circumference,Head circumference,cm,540.0,14.0,2950,,,,B,Table 4.10; OCR of rotated scan; SD/mean matches printed CV.  Survey Oct 1962-Mar 1963 (report 1964).
thai-1964,reports/additional/AD0450836.pdf,50,Royal Thai Army 1962-63,Thailand,military,Army,M,1962,interpupillary_breadth,Interpupillary distance,cm,63.0,4.0,2010,,,,B,Table 4.10; OCR of rotated scan; SD/mean matches printed CV.  Survey Oct 1962-Mar 1963 (report 1964).
thai-1964,reports/additional/AD0450836.pdf,50,Royal Thai Marine Corps 1962-63,Thailand,military,Marine Corps,M,1962,interpupillary_breadth,Interpupillary distance,cm,67.0,4.0,610,,,,B,Table 4.10; OCR of rotated scan; SD/mean matches printed CV.  Survey Oct 1962-Mar 1963 (report 1964).
thai-1964,reports/additional/AD0450836.pdf,50,Royal Thai Air Force 1962-63,Thailand,military,Air Force,M,1962,interpupillary_breadth,Interpupillary distance,cm,64.0,3.0,330,,,,B,Table 4.10; OCR of rotated scan; SD/mean matches printed CV.  Survey Oct 1962-Mar 1963 (report 1964).
thai-1964,reports/additional/AD0450836.pdf,50,Royal Thai Armed Forces total series 1962-63 (Army+Marine Corps+Air Force),Thailand,military,Tri-service,M,1962,interpupillary_breadth,Interpupillary distance,cm,64.0,4.0,2950,,,,B,Table 4.10; OCR of rotated scan; SD/mean matches printed CV.  Survey Oct 1962-Mar 1963 (report 1964).
thai-1964,reports/additional/AD0450836.pdf,50,Royal Thai Army 1962-63,Thailand,military,Army,M,1962,other:face_breadth,Face breadth,cm,132.0,7.0,2010,,,,B,Table 4.10; OCR of rotated scan; SD/mean matches printed CV.  Survey Oct 1962-Mar 1963 (report 1964).
thai-1964,reports/additional/AD0450836.pdf,50,Royal Thai Marine Corps 1962-63,Thailand,military,Marine Corps,M,1962,other:face_breadth,Face breadth,cm,128.0,6.0,610,,,,B,Table 4.10; OCR of rotated scan; SD/mean matches printed CV.  Survey Oct 1962-Mar 1963 (report 1964).
thai-1964,reports/additional/AD0450836.pdf,50,Royal Thai Air Force 1962-63,Thailand,military,Air Force,M,1962,other:face_breadth,Face breadth,cm,134.0,7.0,330,,,,B,Table 4.10; OCR of rotated scan; SD/mean matches printed CV.  Survey Oct 1962-Mar 1963 (report 1964).
thai-1964,reports/additional/AD0450836.pdf,50,Royal Thai Armed Forces total series 1962-63 (Army+Marine Corps+Air Force),Thailand,military,Tri-service,M,1962,other:face_breadth,Face breadth,cm,131.0,7.0,2950,,,,B,Table 4.10; OCR of rotated scan; SD/mean matches printed CV.  Survey Oct 1962-Mar 1963 (report 1964).
thai-1964,reports/additional/AD0450836.pdf,50,Royal Thai Army 1962-63,Thailand,military,Army,M,1962,hand_length,Hand length,cm,180.0,8.0,2010,,,,B,Table 4.10; OCR of rotated scan; SD/mean matches printed CV.  Survey Oct 1962-Mar 1963 (report 1964).
thai-1964,reports/additional/AD0450836.pdf,50,Royal Thai Marine Corps 1962-63,Thailand,military,Marine Corps,M,1962,hand_length,Hand length,cm,180.0,8.0,610,,,,B,Table 4.10; OCR of rotated scan; SD/mean matches printed CV.  Survey Oct 1962-Mar 1963 (report 1964).
thai-1964,reports/additional/AD0450836.pdf,50,Royal Thai Air Force 1962-63,Thailand,military,Air Force,M,1962,hand_length,Hand length,cm,181.0,8.0,330,,,,B,Table 4.10; OCR of rotated scan; SD/mean matches printed CV.  Survey Oct 1962-Mar 1963 (report 1964).
thai-1964,reports/additional/AD0450836.pdf,50,Royal Thai Armed Forces total series 1962-63 (Army+Marine Corps+Air Force),Thailand,military,Tri-service,M,1962,hand_length,Hand length,cm,180.0,8.0,2950,,,,B,Table 4.10; OCR of rotated scan; SD/mean matches printed CV.  Survey Oct 1962-Mar 1963 (report 1964).
thai-1964,reports/additional/AD0450836.pdf,50,Royal Thai Army 1962-63,Thailand,military,Army,M,1962,other:palm_length,Palm length,cm,103.0,5.0,2010,,,,B,Table 4.10; OCR of rotated scan; SD/mean matches printed CV.  Survey Oct 1962-Mar 1963 (report 1964).
thai-1964,reports/additional/AD0450836.pdf,50,Royal Thai Marine Corps 1962-63,Thailand,military,Marine Corps,M,1962,other:palm_length,Palm length,cm,105.0,5.0,610,,,,B,Table 4.10; OCR of rotated scan; SD/mean matches printed CV.  Survey Oct 1962-Mar 1963 (report 1964).
thai-1964,reports/additional/AD0450836.pdf,50,Royal Thai Air Force 1962-63,Thailand,military,Air Force,M,1962,other:palm_length,Palm length,cm,105.0,5.0,330,,,,B,Table 4.10; OCR of rotated scan; SD/mean matches printed CV.  Survey Oct 1962-Mar 1963 (report 1964).
thai-1964,reports/additional/AD0450836.pdf,50,Royal Thai Armed Forces total series 1962-63 (Army+Marine Corps+Air Force),Thailand,military,Tri-service,M,1962,other:palm_length,Palm length,cm,104.0,5.0,2950,,,,B,Table 4.10; OCR of rotated scan; SD/mean matches printed CV.  Survey Oct 1962-Mar 1963 (report 1964).
thai-1964,reports/additional/AD0450836.pdf,50,Royal Thai Army 1962-63,Thailand,military,Army,M,1962,hand_breadth,Hand breadth,cm,85.0,4.0,2010,,,,B,Table 4.10; OCR of rotated scan; SD/mean matches printed CV.  Survey Oct 1962-Mar 1963 (report 1964).
thai-1964,reports/additional/AD0450836.pdf,50,Royal Thai Marine Corps 1962-63,Thailand,military,Marine Corps,M,1962,hand_breadth,Hand breadth,cm,85.0,5.0,610,,,,B,Table 4.10; OCR of rotated scan; SD/mean matches printed CV.  Survey Oct 1962-Mar 1963 (report 1964).
thai-1964,reports/additional/AD0450836.pdf,50,Royal Thai Air Force 1962-63,Thailand,military,Air Force,M,1962,hand_breadth,Hand breadth,cm,85.0,5.0,330,,,,B,Table 4.10; OCR of rotated scan; SD/mean matches printed CV.  Survey Oct 1962-Mar 1963 (report 1964).
thai-1964,reports/additional/AD0450836.pdf,50,Royal Thai Armed Forces total series 1962-63 (Army+Marine Corps+Air Force),Thailand,military,Tri-service,M,1962,hand_breadth,Hand breadth,cm,85.0,4.0,2950,,,,B,Table 4.10; OCR of rotated scan; SD/mean matches printed CV.  Survey Oct 1962-Mar 1963 (report 1964).
thai-1964,reports/additional/AD0450836.pdf,50,Royal Thai Army 1962-63,Thailand,military,Army,M,1962,foot_length,Foot length,cm,246.0,11.0,2010,,,,B,Table 4.10; OCR of rotated scan; SD/mean matches printed CV.  Survey Oct 1962-Mar 1963 (report 1964).
thai-1964,reports/additional/AD0450836.pdf,50,Royal Thai Marine Corps 1962-63,Thailand,military,Marine Corps,M,1962,foot_length,Foot length,cm,248.0,10.0,610,,,,B,Table 4.10; OCR of rotated scan; SD/mean matches printed CV.  Survey Oct 1962-Mar 1963 (report 1964).
thai-1964,reports/additional/AD0450836.pdf,50,Royal Thai Air Force 1962-63,Thailand,military,Air Force,M,1962,foot_length,Foot length,cm,246.0,10.0,330,,,,B,Table 4.10; OCR of rotated scan; SD/mean matches printed CV.  Survey Oct 1962-Mar 1963 (report 1964).
thai-1964,reports/additional/AD0450836.pdf,50,Royal Thai Armed Forces total series 1962-63 (Army+Marine Corps+Air Force),Thailand,military,Tri-service,M,1962,foot_length,Foot length,cm,246.0,11.0,2950,,,,B,Table 4.10; OCR of rotated scan; SD/mean matches printed CV.  Survey Oct 1962-Mar 1963 (report 1964).
thai-1964,reports/additional/AD0450836.pdf,50,Royal Thai Army 1962-63,Thailand,military,Army,M,1962,other:instep_length,Instep length,cm,179.0,10.0,2010,,,,B,Table 4.10; OCR of rotated scan; SD/mean matches printed CV.  Survey Oct 1962-Mar 1963 (report 1964).
thai-1964,reports/additional/AD0450836.pdf,50,Royal Thai Marine Corps 1962-63,Thailand,military,Marine Corps,M,1962,other:instep_length,Instep length,cm,182.0,9.0,610,,,,B,Table 4.10; OCR of rotated scan; SD/mean matches printed CV.  Survey Oct 1962-Mar 1963 (report 1964).
thai-1964,reports/additional/AD0450836.pdf,50,Royal Thai Air Force 1962-63,Thailand,military,Air Force,M,1962,other:instep_length,Instep length,cm,178.0,9.0,330,,,,B,Table 4.10; OCR of rotated scan; SD/mean matches printed CV.  Survey Oct 1962-Mar 1963 (report 1964).
thai-1964,reports/additional/AD0450836.pdf,50,Royal Thai Armed Forces total series 1962-63 (Army+Marine Corps+Air Force),Thailand,military,Tri-service,M,1962,other:instep_length,Instep length,cm,179.0,10.0,2950,,,,B,Table 4.10; OCR of rotated scan; SD/mean matches printed CV.  Survey Oct 1962-Mar 1963 (report 1964).
thai-1964,reports/additional/AD0450836.pdf,50,Royal Thai Army 1962-63,Thailand,military,Army,M,1962,foot_breadth,Foot breadth,cm,100.0,6.0,2010,,,,B,Table 4.10; OCR of rotated scan; SD/mean matches printed CV.  Survey Oct 1962-Mar 1963 (report 1964).
thai-1964,reports/additional/AD0450836.pdf,50,Royal Thai Marine Corps 1962-63,Thailand,military,Marine Corps,M,1962,foot_breadth,Foot breadth,cm,100.0,7.0,610,,,,B,Table 4.10; OCR of rotated scan; SD/mean matches printed CV.  Survey Oct 1962-Mar 1963 (report 1964).
thai-1964,reports/additional/AD0450836.pdf,50,Royal Thai Air Force 1962-63,Thailand,military,Air Force,M,1962,foot_breadth,Foot breadth,cm,96.0,5.0,330,,,,B,Table 4.10; OCR of rotated scan; SD/mean matches printed CV.  Survey Oct 1962-Mar 1963 (report 1964).
thai-1964,reports/additional/AD0450836.pdf,50,Royal Thai Armed Forces total series 1962-63 (Army+Marine Corps+Air Force),Thailand,military,Tri-service,M,1962,foot_breadth,Foot breadth,cm,100.0,6.0,2950,,,,B,Table 4.10; OCR of rotated scan; SD/mean matches printed CV.  Survey Oct 1962-Mar 1963 (report 1964).
thai-1964,reports/additional/AD0450836.pdf,50,Royal Thai Army 1962-63,Thailand,military,Army,M,1962,other:ball_foot_circumference,Ball foot circumference,cm,248.0,14.0,2010,,,,B,Table 4.10; OCR of rotated scan; SD/mean matches printed CV.  Survey Oct 1962-Mar 1963 (report 1964).
thai-1964,reports/additional/AD0450836.pdf,50,Royal Thai Marine Corps 1962-63,Thailand,military,Marine Corps,M,1962,other:ball_foot_circumference,Ball foot circumference,cm,252.0,13.0,610,,,,B,Table 4.10; OCR of rotated scan; SD/mean matches printed CV.  Survey Oct 1962-Mar 1963 (report 1964).
thai-1964,reports/additional/AD0450836.pdf,50,Royal Thai Air Force 1962-63,Thailand,military,Air Force,M,1962,other:ball_foot_circumference,Ball foot circumference,cm,242.0,12.0,330,,,,B,Table 4.10; OCR of rotated scan; SD/mean matches printed CV.  Survey Oct 1962-Mar 1963 (report 1964).
thai-1964,reports/additional/AD0450836.pdf,50,Royal Thai Armed Forces total series 1962-63 (Army+Marine Corps+Air Force),Thailand,military,Tri-service,M,1962,other:ball_foot_circumference,Ball foot circumference,cm,248.0,14.0,2950,,,,B,Table 4.10; OCR of rotated scan; SD/mean matches printed CV.  Survey Oct 1962-Mar 1963 (report 1964).
thai-1964,reports/additional/AD0450836.pdf,50,Royal Thai Army 1962-63,Thailand,military,Army,M,1962,other:heel_breadth,Heel breadth,cm,64.0,4.0,2010,,,,B,Table 4.10; OCR of rotated scan; SD/mean matches printed CV.  Survey Oct 1962-Mar 1963 (report 1964).
thai-1964,reports/additional/AD0450836.pdf,50,Royal Thai Marine Corps 1962-63,Thailand,military,Marine Corps,M,1962,other:heel_breadth,Heel breadth,cm,66.0,4.0,610,,,,B,Table 4.10; OCR of rotated scan; SD/mean matches printed CV.  Survey Oct 1962-Mar 1963 (report 1964).
thai-1964,reports/additional/AD0450836.pdf,50,Royal Thai Air Force 1962-63,Thailand,military,Air Force,M,1962,other:heel_breadth,Heel breadth,cm,64.0,4.0,330,,,,B,Table 4.10; OCR of rotated scan; SD/mean matches printed CV.  Survey Oct 1962-Mar 1963 (report 1964).
thai-1964,reports/additional/AD0450836.pdf,50,Royal Thai Armed Forces total series 1962-63 (Army+Marine Corps+Air Force),Thailand,military,Tri-service,M,1962,other:heel_breadth,Heel breadth,cm,65.0,4.0,2950,,,,B,Table 4.10; OCR of rotated scan; SD/mean matches printed CV.  Survey Oct 1962-Mar 1963 (report 1964).
thai-1964,reports/additional/AD0450836.pdf,50,Royal Thai Army 1962-63,Thailand,military,Army,M,1962,other:heel_ankle_circumference,Heel-ankle circumference,cm,320.0,15.0,2010,,,,B,Table 4.10; OCR of rotated scan; SD/mean matches printed CV.  Survey Oct 1962-Mar 1963 (report 1964).
thai-1964,reports/additional/AD0450836.pdf,50,Royal Thai Marine Corps 1962-63,Thailand,military,Marine Corps,M,1962,other:heel_ankle_circumference,Heel-ankle circumference,cm,326.0,16.0,610,,,,B,Table 4.10; OCR of rotated scan; SD/mean matches printed CV.  Survey Oct 1962-Mar 1963 (report 1964).
thai-1964,reports/additional/AD0450836.pdf,50,Royal Thai Air Force 1962-63,Thailand,military,Air Force,M,1962,other:heel_ankle_circumference,Heel-ankle circumference,cm,324.0,15.0,330,,,,B,Table 4.10; OCR of rotated scan; SD/mean matches printed CV.  Survey Oct 1962-Mar 1963 (report 1964).
thai-1964,reports/additional/AD0450836.pdf,50,Royal Thai Armed Forces total series 1962-63 (Army+Marine Corps+Air Force),Thailand,military,Tri-service,M,1962,other:heel_ankle_circumference,Heel-ankle circumference,cm,322.0,15.0,2950,,,,B,Table 4.10; OCR of rotated scan; SD/mean matches printed CV.  Survey Oct 1962-Mar 1963 (report 1964).
thai-1964,reports/additional/AD0450836.pdf,50,Royal Thai Army 1962-63,Thailand,military,Army,M,1962,mass,Weight,kg,56.3,5.8,2010,,,,B,Table 4.10; OCR of rotated scan; SD/mean matches printed CV.  Survey Oct 1962-Mar 1963 (report 1964).
thai-1964,reports/additional/AD0450836.pdf,50,Royal Thai Marine Corps 1962-63,Thailand,military,Marine Corps,M,1962,mass,Weight,kg,55.6,5.4,610,,,,B,Table 4.10; OCR of rotated scan; SD/mean matches printed CV.  Survey Oct 1962-Mar 1963 (report 1964).
thai-1964,reports/additional/AD0450836.pdf,50,Royal Thai Air Force 1962-63,Thailand,military,Air Force,M,1962,mass,Weight,kg,57.6,6.2,330,,,,B,Table 4.10; OCR of rotated scan; SD/mean matches printed CV.  Survey Oct 1962-Mar 1963 (report 1964).
thai-1964,reports/additional/AD0450836.pdf,50,Royal Thai Armed Forces total series 1962-63 (Army+Marine Corps+Air Force),Thailand,military,Tri-service,M,1962,mass,Weight,kg,56.3,5.8,2950,,,,B,Table 4.10; OCR of rotated scan; SD/mean matches printed CV.  Survey Oct 1962-Mar 1963 (report 1964).
thai-1964,reports/additional/AD0450836.pdf,51,Royal Thai Army 1962-63,Thailand,military,Army,M,1962,age,Age (years),years,24.2,4.2,2010,,,,B,Table 5.1 (text layer); CV 17.4/8.2/16.4 checked. Survey Oct 1962-Mar 1963 (report 1964).
thai-1964,reports/additional/AD0450836.pdf,51,Royal Thai Marine Corps 1962-63,Thailand,military,Marine Corps,M,1962,age,Age (years),years,22.0,1.8,610,,,,B,Table 5.1 (text layer); CV 17.4/8.2/16.4 checked. Survey Oct 1962-Mar 1963 (report 1964).
thai-1964,reports/additional/AD0450836.pdf,51,Royal Thai Air Force 1962-63,Thailand,military,Air Force,M,1962,age,Age (years),years,26.8,4.4,330,,,,B,Table 5.1 (text layer); CV 17.4/8.2/16.4 checked. Survey Oct 1962-Mar 1963 (report 1964).
latin-american-armed-forces,reports/latin-american-armed-forces/AD0759949.pdf,15,Latin-American trainees - Bolivia (country of longest residence),Bolivia,military,Recruits/trainees,M,1965,age,Age in years,years,26.0,5.8,135,,,,B,"Table II (text layer, clean); trainees at USAF Inter-American Air Forces Academy (airmen) and US Army School of the Americas (mostly airmen), Canal Zone, Sep 1965-Feb 1970; sex not stated, assumed male; SD/mean sane. Country grouping by country of longest residence; Argentina, Costa Rica, Mexico omitted by report (n<10)."
latin-american-armed-forces,reports/latin-american-armed-forces/AD0759949.pdf,15,Latin-American trainees - Brazil (country of longest residence),Brazil,military,Recruits/trainees,M,1965,age,Age in years,years,21.5,3.3,94,,,,B,"Table II (text layer, clean); trainees at USAF Inter-American Air Forces Academy (airmen) and US Army School of the Americas (mostly airmen), Canal Zone, Sep 1965-Feb 1970; sex not stated, assumed male; SD/mean sane. Country grouping by country of longest residence; Argentina, Costa Rica, Mexico omitted by report (n<10)."
latin-american-armed-forces,reports/latin-american-armed-forces/AD0759949.pdf,15,Latin-American trainees - Colombia (country of longest residence),Colombia,military,Recruits/trainees,M,1965,age,Age in years,years,19.7,1.5,207,,,,B,"Table II (text layer, clean); trainees at USAF Inter-American Air Forces Academy (airmen) and US Army School of the Americas (mostly airmen), Canal Zone, Sep 1965-Feb 1970; sex not stated, assumed male; SD/mean sane. Country grouping by country of longest residence; Argentina, Costa Rica, Mexico omitted by report (n<10)."
latin-american-armed-forces,reports/latin-american-armed-forces/AD0759949.pdf,15,Latin-American trainees - Chile (country of longest residence),Chile,military,Recruits/trainees,M,1965,age,Age in years,years,18.9,2.6,411,,,,B,"Table II (text layer, clean); trainees at USAF Inter-American Air Forces Academy (airmen) and US Army School of the Americas (mostly airmen), Canal Zone, Sep 1965-Feb 1970; sex not stated, assumed male; SD/mean sane. Country grouping by country of longest residence; Argentina, Costa Rica, Mexico omitted by report (n<10)."
latin-american-armed-forces,reports/latin-american-armed-forces/AD0759949.pdf,15,Latin-American trainees - Dominican Republic (country of longest residence),Dominican Republic,military,Recruits/trainees,M,1965,age,Age in years,years,26.3,5.3,84,,,,B,"Table II (text layer, clean); trainees at USAF Inter-American Air Forces Academy (airmen) and US Army School of the Americas (mostly airmen), Canal Zone, Sep 1965-Feb 1970; sex not stated, assumed male; SD/mean sane. Country grouping by country of longest residence; Argentina, Costa Rica, Mexico omitted by report (n<10)."
latin-american-armed-forces,reports/latin-american-armed-forces/AD0759949.pdf,15,Latin-American trainees - Ecuador (country of longest residence),Ecuador,military,Recruits/trainees,M,1965,age,Age in years,years,25.6,5.5,210,,,,B,"Table II (text layer, clean); trainees at USAF Inter-American Air Forces Academy (airmen) and US Army School of the Americas (mostly airmen), Canal Zone, Sep 1965-Feb 1970; sex not stated, assumed male; SD/mean sane. Country grouping by country of longest residence; Argentina, Costa Rica, Mexico omitted by report (n<10)."
latin-american-armed-forces,reports/latin-american-armed-forces/AD0759949.pdf,15,Latin-American trainees - El Salvador (country of longest residence),El Salvador,military,Recruits/trainees,M,1965,age,Age in years,years,24.1,6.3,47,,,,B,"Table II (text layer, clean); trainees at USAF Inter-American Air Forces Academy (airmen) and US Army School of the Americas (mostly airmen), Canal Zone, Sep 1965-Feb 1970; sex not stated, assumed male; SD/mean sane. Country grouping by country of longest residence; Argentina, Costa Rica, Mexico omitted by report (n<10)."
latin-american-armed-forces,reports/latin-american-armed-forces/AD0759949.pdf,15,Latin-American trainees - Guatemala (country of longest residence),Guatemala,military,Recruits/trainees,M,1965,age,Age in years,years,22.9,4.7,62,,,,B,"Table II (text layer, clean); trainees at USAF Inter-American Air Forces Academy (airmen) and US Army School of the Americas (mostly airmen), Canal Zone, Sep 1965-Feb 1970; sex not stated, assumed male; SD/mean sane. Country grouping by country of longest residence; Argentina, Costa Rica, Mexico omitted by report (n<10)."
latin-american-armed-forces,reports/latin-american-armed-forces/AD0759949.pdf,15,Latin-American trainees - Honduras (country of longest residence),Honduras,military,Recruits/trainees,M,1965,age,Age in years,years,24.2,5.1,91,,,,B,"Table II (text layer, clean); trainees at USAF Inter-American Air Forces Academy (airmen) and US Army School of the Americas (mostly airmen), Canal Zone, Sep 1965-Feb 1970; sex not stated, assumed male; SD/mean sane. Country grouping by country of longest residence; Argentina, Costa Rica, Mexico omitted by report (n<10)."
latin-american-armed-forces,reports/latin-american-armed-forces/AD0759949.pdf,15,Latin-American trainees - Nicaragua (country of longest residence),Nicaragua,military,Recruits/trainees,M,1965,age,Age in years,years,22.5,7.5,84,,,,B,"Table II (text layer, clean); trainees at USAF Inter-American Air Forces Academy (airmen) and US Army School of the Americas (mostly airmen), Canal Zone, Sep 1965-Feb 1970; sex not stated, assumed male; SD/mean sane. Country grouping by country of longest residence; Argentina, Costa Rica, Mexico omitted by report (n<10)."
latin-american-armed-forces,reports/latin-american-armed-forces/AD0759949.pdf,15,Latin-American trainees - Panama (country of longest residence),Panama,military,Recruits/trainees,M,1965,age,Age in years,years,27.7,6.2,131,,,,B,"Table II (text layer, clean); trainees at USAF Inter-American Air Forces Academy (airmen) and US Army School of the Americas (mostly airmen), Canal Zone, Sep 1965-Feb 1970; sex not stated, assumed male; SD/mean sane. Country grouping by country of longest residence; Argentina, Costa Rica, Mexico omitted by report (n<10)."
latin-american-armed-forces,reports/latin-american-armed-forces/AD0759949.pdf,15,Latin-American trainees - Paraguay (country of longest residence),Paraguay,military,Recruits/trainees,M,1965,age,Age in years,years,24.3,5.4,61,,,,B,"Table II (text layer, clean); trainees at USAF Inter-American Air Forces Academy (airmen) and US Army School of the Americas (mostly airmen), Canal Zone, Sep 1965-Feb 1970; sex not stated, assumed male; SD/mean sane. Country grouping by country of longest residence; Argentina, Costa Rica, Mexico omitted by report (n<10)."
latin-american-armed-forces,reports/latin-american-armed-forces/AD0759949.pdf,15,Latin-American trainees - Peru (country of longest residence),Peru,military,Recruits/trainees,M,1965,age,Age in years,years,21.7,3.5,161,,,,B,"Table II (text layer, clean); trainees at USAF Inter-American Air Forces Academy (airmen) and US Army School of the Americas (mostly airmen), Canal Zone, Sep 1965-Feb 1970; sex not stated, assumed male; SD/mean sane. Country grouping by country of longest residence; Argentina, Costa Rica, Mexico omitted by report (n<10)."
latin-american-armed-forces,reports/latin-american-armed-forces/AD0759949.pdf,15,Latin-American trainees - Uruguay (country of longest residence),Uruguay,military,Recruits/trainees,M,1965,age,Age in years,years,23.6,3.4,43,,,,B,"Table II (text layer, clean); trainees at USAF Inter-American Air Forces Academy (airmen) and US Army School of the Americas (mostly airmen), Canal Zone, Sep 1965-Feb 1970; sex not stated, assumed male; SD/mean sane. Country grouping by country of longest residence; Argentina, Costa Rica, Mexico omitted by report (n<10)."
latin-american-armed-forces,reports/latin-american-armed-forces/AD0759949.pdf,15,Latin-American trainees - Venezuela (country of longest residence),Venezuela,military,Recruits/trainees,M,1965,age,Age in years,years,26.9,7.5,139,,,,B,"Table II (text layer, clean); trainees at USAF Inter-American Air Forces Academy (airmen) and US Army School of the Americas (mostly airmen), Canal Zone, Sep 1965-Feb 1970; sex not stated, assumed male; SD/mean sane. Country grouping by country of longest residence; Argentina, Costa Rica, Mexico omitted by report (n<10)."
latin-american-armed-forces,reports/latin-american-armed-forces/AD0759949.pdf,15,"Latin-American trainees, 15 countries pooled (weighted total)","Multiple: Bolivia, Brazil, Colombia, Chile, Dominican Republic, Ecuador, El Salvador, Guatemala, Honduras, Nicaragua, Panama, Paraguay, Peru, Uruguay, Venezuela",military,Recruits/trainees,M,1965,age,Age in years,years,22.9,5.7,1960,,,,B,"Table II (text layer, clean); trainees at USAF Inter-American Air Forces Academy (airmen) and US Army School of the Americas (mostly airmen), Canal Zone, Sep 1965-Feb 1970; sex not stated, assumed male; SD/mean sane. Table total is weighted over the 15 countries shown (n=1960 of 1985 measured)."
latin-american-armed-forces,reports/latin-american-armed-forces/AD0759949.pdf,16,Latin-American trainees - Bolivia (country of longest residence),Bolivia,military,Recruits/trainees,M,1965,stature,Height in inches,in,1651.0,53.85,135,,,,B,"Table III (text layer, clean); trainees at USAF Inter-American Air Forces Academy (airmen) and US Army School of the Americas (mostly airmen), Canal Zone, Sep 1965-Feb 1970; sex not stated, assumed male; SD/mean sane. Country grouping by country of longest residence; Argentina, Costa Rica, Mexico omitted by report (n<10)."
latin-american-armed-forces,reports/latin-american-armed-forces/AD0759949.pdf,16,Latin-American trainees - Brazil (country of longest residence),Brazil,military,Recruits/trainees,M,1965,stature,Height in inches,in,1699.26,60.71,94,,,,B,"Table III (text layer, clean); trainees at USAF Inter-American Air Forces Academy (airmen) and US Army School of the Americas (mostly airmen), Canal Zone, Sep 1965-Feb 1970; sex not stated, assumed male; SD/mean sane. Country grouping by country of longest residence; Argentina, Costa Rica, Mexico omitted by report (n<10)."
latin-american-armed-forces,reports/latin-american-armed-forces/AD0759949.pdf,16,Latin-American trainees - Colombia (country of longest residence),Colombia,military,Recruits/trainees,M,1965,stature,Height in inches,in,1656.08,52.32,207,,,,B,"Table III (text layer, clean); trainees at USAF Inter-American Air Forces Academy (airmen) and US Army School of the Americas (mostly airmen), Canal Zone, Sep 1965-Feb 1970; sex not stated, assumed male; SD/mean sane. Country grouping by country of longest residence; Argentina, Costa Rica, Mexico omitted by report (n<10)."
latin-american-armed-forces,reports/latin-american-armed-forces/AD0759949.pdf,16,Latin-American trainees - Chile (country of longest residence),Chile,military,Recruits/trainees,M,1965,stature,Height in inches,in,1676.4,58.17,411,,,,B,"Table III (text layer, clean); trainees at USAF Inter-American Air Forces Academy (airmen) and US Army School of the Americas (mostly airmen), Canal Zone, Sep 1965-Feb 1970; sex not stated, assumed male; SD/mean sane. Country grouping by country of longest residence; Argentina, Costa Rica, Mexico omitted by report (n<10)."
latin-american-armed-forces,reports/latin-american-armed-forces/AD0759949.pdf,16,Latin-American trainees - Dominican Republic (country of longest residence),Dominican Republic,military,Recruits/trainees,M,1965,stature,Height in inches,in,1681.48,61.21,84,,,,B,"Table III (text layer, clean); trainees at USAF Inter-American Air Forces Academy (airmen) and US Army School of the Americas (mostly airmen), Canal Zone, Sep 1965-Feb 1970; sex not stated, assumed male; SD/mean sane. Country grouping by country of longest residence; Argentina, Costa Rica, Mexico omitted by report (n<10)."
latin-american-armed-forces,reports/latin-american-armed-forces/AD0759949.pdf,16,Latin-American trainees - Ecuador (country of longest residence),Ecuador,military,Recruits/trainees,M,1965,stature,Height in inches,in,1638.3,54.36,210,,,,B,"Table III (text layer, clean); trainees at USAF Inter-American Air Forces Academy (airmen) and US Army School of the Americas (mostly airmen), Canal Zone, Sep 1965-Feb 1970; sex not stated, assumed male; SD/mean sane. Country grouping by country of longest residence; Argentina, Costa Rica, Mexico omitted by report (n<10)."
latin-american-armed-forces,reports/latin-american-armed-forces/AD0759949.pdf,16,Latin-American trainees - El Salvador (country of longest residence),El Salvador,military,Recruits/trainees,M,1965,stature,Height in inches,in,1635.76,52.83,47,,,,B,"Table III (text layer, clean); trainees at USAF Inter-American Air Forces Academy (airmen) and US Army School of the Americas (mostly airmen), Canal Zone, Sep 1965-Feb 1970; sex not stated, assumed male; SD/mean sane. Country grouping by country of longest residence; Argentina, Costa Rica, Mexico omitted by report (n<10)."
latin-american-armed-forces,reports/latin-american-armed-forces/AD0759949.pdf,16,Latin-American trainees - Guatemala (country of longest residence),Guatemala,military,Recruits/trainees,M,1965,stature,Height in inches,in,1640.84,66.29,62,,,,B,"Table III (text layer, clean); trainees at USAF Inter-American Air Forces Academy (airmen) and US Army School of the Americas (mostly airmen), Canal Zone, Sep 1965-Feb 1970; sex not stated, assumed male; SD/mean sane. Country grouping by country of longest residence; Argentina, Costa Rica, Mexico omitted by report (n<10)."
latin-american-armed-forces,reports/latin-american-armed-forces/AD0759949.pdf,16,Latin-American trainees - Honduras (country of longest residence),Honduras,military,Recruits/trainees,M,1965,stature,Height in inches,in,1653.54,55.12,91,,,,B,"Table III (text layer, clean); trainees at USAF Inter-American Air Forces Academy (airmen) and US Army School of the Americas (mostly airmen), Canal Zone, Sep 1965-Feb 1970; sex not stated, assumed male; SD/mean sane. Country grouping by country of longest residence; Argentina, Costa Rica, Mexico omitted by report (n<10)."
latin-american-armed-forces,reports/latin-american-armed-forces/AD0759949.pdf,16,Latin-American trainees - Nicaragua (country of longest residence),Nicaragua,military,Recruits/trainees,M,1965,stature,Height in inches,in,1656.08,61.21,84,,,,B,"Table III (text layer, clean); trainees at USAF Inter-American Air Forces Academy (airmen) and US Army School of the Americas (mostly airmen), Canal Zone, Sep 1965-Feb 1970; sex not stated, assumed male; SD/mean sane. Country grouping by country of longest residence; Argentina, Costa Rica, Mexico omitted by report (n<10)."
latin-american-armed-forces,reports/latin-american-armed-forces/AD0759949.pdf,16,Latin-American trainees - Panama (country of longest residence),Panama,military,Recruits/trainees,M,1965,stature,Height in inches,in,1678.94,65.02,131,,,,B,"Table III (text layer, clean); trainees at USAF Inter-American Air Forces Academy (airmen) and US Army School of the Americas (mostly airmen), Canal Zone, Sep 1965-Feb 1970; sex not stated, assumed male; SD/mean sane. Country grouping by country of longest residence; Argentina, Costa Rica, Mexico omitted by report (n<10)."
latin-american-armed-forces,reports/latin-american-armed-forces/AD0759949.pdf,16,Latin-American trainees - Paraguay (country of longest residence),Paraguay,military,Recruits/trainees,M,1965,stature,Height in inches,in,1678.94,53.85,61,,,,B,"Table III (text layer, clean); trainees at USAF Inter-American Air Forces Academy (airmen) and US Army School of the Americas (mostly airmen), Canal Zone, Sep 1965-Feb 1970; sex not stated, assumed male; SD/mean sane. Country grouping by country of longest residence; Argentina, Costa Rica, Mexico omitted by report (n<10)."
latin-american-armed-forces,reports/latin-american-armed-forces/AD0759949.pdf,16,Latin-American trainees - Peru (country of longest residence),Peru,military,Recruits/trainees,M,1965,stature,Height in inches,in,1645.92,46.99,161,,,,B,"Table III (text layer, clean); trainees at USAF Inter-American Air Forces Academy (airmen) and US Army School of the Americas (mostly airmen), Canal Zone, Sep 1965-Feb 1970; sex not stated, assumed male; SD/mean sane. Country grouping by country of longest residence; Argentina, Costa Rica, Mexico omitted by report (n<10)."
latin-american-armed-forces,reports/latin-american-armed-forces/AD0759949.pdf,16,Latin-American trainees - Uruguay (country of longest residence),Uruguay,military,Recruits/trainees,M,1965,stature,Height in inches,in,1694.18,62.48,43,,,,B,"Table III (text layer, clean); trainees at USAF Inter-American Air Forces Academy (airmen) and US Army School of the Americas (mostly airmen), Canal Zone, Sep 1965-Feb 1970; sex not stated, assumed male; SD/mean sane. Country grouping by country of longest residence; Argentina, Costa Rica, Mexico omitted by report (n<10)."
latin-american-armed-forces,reports/latin-american-armed-forces/AD0759949.pdf,16,Latin-American trainees - Venezuela (country of longest residence),Venezuela,military,Recruits/trainees,M,1965,stature,Height in inches,in,1671.32,45.47,139,,,,B,"Table III (text layer, clean); trainees at USAF Inter-American Air Forces Academy (airmen) and US Army School of the Americas (mostly airmen), Canal Zone, Sep 1965-Feb 1970; sex not stated, assumed male; SD/mean sane. Country grouping by country of longest residence; Argentina, Costa Rica, Mexico omitted by report (n<10)."
latin-american-armed-forces,reports/latin-american-armed-forces/AD0759949.pdf,16,"Latin-American trainees, 15 countries pooled (weighted total)","Multiple: Bolivia, Brazil, Colombia, Chile, Dominican Republic, Ecuador, El Salvador, Guatemala, Honduras, Nicaragua, Panama, Paraguay, Peru, Uruguay, Venezuela",military,Recruits/trainees,M,1965,stature,Height in inches,in,1663.7,55.63,1960,,,,B,"Table III (text layer, clean); trainees at USAF Inter-American Air Forces Academy (airmen) and US Army School of the Americas (mostly airmen), Canal Zone, Sep 1965-Feb 1970; sex not stated, assumed male; SD/mean sane. Table total is weighted over the 15 countries shown (n=1960 of 1985 measured)."
latin-american-armed-forces,reports/latin-american-armed-forces/AD0759949.pdf,17,Latin-American trainees - Bolivia (country of longest residence),Bolivia,military,Recruits/trainees,M,1965,mass,Weight in pounds,lb,62.91,7.62,135,,,,B,"Table IV (text layer, clean); trainees at USAF Inter-American Air Forces Academy (airmen) and US Army School of the Americas (mostly airmen), Canal Zone, Sep 1965-Feb 1970; sex not stated, assumed male; SD/mean sane. Country grouping by country of longest residence; Argentina, Costa Rica, Mexico omitted by report (n<10)."
latin-american-armed-forces,reports/latin-american-armed-forces/AD0759949.pdf,17,Latin-American trainees - Brazil (country of longest residence),Brazil,military,Recruits/trainees,M,1965,mass,Weight in pounds,lb,65.41,7.89,94,,,,B,"Table IV (text layer, clean); trainees at USAF Inter-American Air Forces Academy (airmen) and US Army School of the Americas (mostly airmen), Canal Zone, Sep 1965-Feb 1970; sex not stated, assumed male; SD/mean sane. Country grouping by country of longest residence; Argentina, Costa Rica, Mexico omitted by report (n<10)."
latin-american-armed-forces,reports/latin-american-armed-forces/AD0759949.pdf,17,Latin-American trainees - Colombia (country of longest residence),Colombia,military,Recruits/trainees,M,1965,mass,Weight in pounds,lb,61.51,5.99,207,,,,B,"Table IV (text layer, clean); trainees at USAF Inter-American Air Forces Academy (airmen) and US Army School of the Americas (mostly airmen), Canal Zone, Sep 1965-Feb 1970; sex not stated, assumed male; SD/mean sane. Country grouping by country of longest residence; Argentina, Costa Rica, Mexico omitted by report (n<10)."
latin-american-armed-forces,reports/latin-american-armed-forces/AD0759949.pdf,17,Latin-American trainees - Chile (country of longest residence),Chile,military,Recruits/trainees,M,1965,mass,Weight in pounds,lb,63.28,7.08,411,,,,B,"Table IV (text layer, clean); trainees at USAF Inter-American Air Forces Academy (airmen) and US Army School of the Americas (mostly airmen), Canal Zone, Sep 1965-Feb 1970; sex not stated, assumed male; SD/mean sane. Country grouping by country of longest residence; Argentina, Costa Rica, Mexico omitted by report (n<10)."
latin-american-armed-forces,reports/latin-american-armed-forces/AD0759949.pdf,17,Latin-American trainees - Dominican Republic (country of longest residence),Dominican Republic,military,Recruits/trainees,M,1965,mass,Weight in pounds,lb,64.86,10.8,84,,,,B,"Table IV (text layer, clean); trainees at USAF Inter-American Air Forces Academy (airmen) and US Army School of the Americas (mostly airmen), Canal Zone, Sep 1965-Feb 1970; sex not stated, assumed male; SD/mean sane. Country grouping by country of longest residence; Argentina, Costa Rica, Mexico omitted by report (n<10)."
latin-american-armed-forces,reports/latin-american-armed-forces/AD0759949.pdf,17,Latin-American trainees - Ecuador (country of longest residence),Ecuador,military,Recruits/trainees,M,1965,mass,Weight in pounds,lb,61.73,6.62,210,,,,B,"Table IV (text layer, clean); trainees at USAF Inter-American Air Forces Academy (airmen) and US Army School of the Americas (mostly airmen), Canal Zone, Sep 1965-Feb 1970; sex not stated, assumed male; SD/mean sane. Country grouping by country of longest residence; Argentina, Costa Rica, Mexico omitted by report (n<10)."
latin-american-armed-forces,reports/latin-american-armed-forces/AD0759949.pdf,17,Latin-American trainees - El Salvador (country of longest residence),El Salvador,military,Recruits/trainees,M,1965,mass,Weight in pounds,lb,62.91,10.61,47,,,,B,"Table IV (text layer, clean); trainees at USAF Inter-American Air Forces Academy (airmen) and US Army School of the Americas (mostly airmen), Canal Zone, Sep 1965-Feb 1970; sex not stated, assumed male; SD/mean sane. Country grouping by country of longest residence; Argentina, Costa Rica, Mexico omitted by report (n<10)."
latin-american-armed-forces,reports/latin-american-armed-forces/AD0759949.pdf,17,Latin-American trainees - Guatemala (country of longest residence),Guatemala,military,Recruits/trainees,M,1965,mass,Weight in pounds,lb,63.28,10.98,62,,,,B,"Table IV (text layer, clean); trainees at USAF Inter-American Air Forces Academy (airmen) and US Army School of the Americas (mostly airmen), Canal Zone, Sep 1965-Feb 1970; sex not stated, assumed male; SD/mean sane. Country grouping by country of longest residence; Argentina, Costa Rica, Mexico omitted by report (n<10)."
latin-american-armed-forces,reports/latin-american-armed-forces/AD0759949.pdf,17,Latin-American trainees - Honduras (country of longest residence),Honduras,military,Recruits/trainees,M,1965,mass,Weight in pounds,lb,62.23,8.44,91,,,,B,"Table IV (text layer, clean); trainees at USAF Inter-American Air Forces Academy (airmen) and US Army School of the Americas (mostly airmen), Canal Zone, Sep 1965-Feb 1970; sex not stated, assumed male; SD/mean sane. Country grouping by country of longest residence; Argentina, Costa Rica, Mexico omitted by report (n<10)."
latin-american-armed-forces,reports/latin-american-armed-forces/AD0759949.pdf,17,Latin-American trainees - Nicaragua (country of longest residence),Nicaragua,military,Recruits/trainees,M,1965,mass,Weight in pounds,lb,63.32,10.43,84,,,,B,"Table IV (text layer, clean); trainees at USAF Inter-American Air Forces Academy (airmen) and US Army School of the Americas (mostly airmen), Canal Zone, Sep 1965-Feb 1970; sex not stated, assumed male; SD/mean sane. Country grouping by country of longest residence; Argentina, Costa Rica, Mexico omitted by report (n<10)."
latin-american-armed-forces,reports/latin-american-armed-forces/AD0759949.pdf,17,Latin-American trainees - Panama (country of longest residence),Panama,military,Recruits/trainees,M,1965,mass,Weight in pounds,lb,65.82,9.53,131,,,,B,"Table IV (text layer, clean); trainees at USAF Inter-American Air Forces Academy (airmen) and US Army School of the Americas (mostly airmen), Canal Zone, Sep 1965-Feb 1970; sex not stated, assumed male; SD/mean sane. Country grouping by country of longest residence; Argentina, Costa Rica, Mexico omitted by report (n<10)."
latin-american-armed-forces,reports/latin-american-armed-forces/AD0759949.pdf,17,Latin-American trainees - Paraguay (country of longest residence),Paraguay,military,Recruits/trainees,M,1965,mass,Weight in pounds,lb,67.18,8.3,61,,,,B,"Table IV (text layer, clean); trainees at USAF Inter-American Air Forces Academy (airmen) and US Army School of the Americas (mostly airmen), Canal Zone, Sep 1965-Feb 1970; sex not stated, assumed male; SD/mean sane. Country grouping by country of longest residence; Argentina, Costa Rica, Mexico omitted by report (n<10)."
latin-american-armed-forces,reports/latin-american-armed-forces/AD0759949.pdf,17,Latin-American trainees - Peru (country of longest residence),Peru,military,Recruits/trainees,M,1965,mass,Weight in pounds,lb,63.55,5.85,161,,,,B,"Table IV (text layer, clean); trainees at USAF Inter-American Air Forces Academy (airmen) and US Army School of the Americas (mostly airmen), Canal Zone, Sep 1965-Feb 1970; sex not stated, assumed male; SD/mean sane. Country grouping by country of longest residence; Argentina, Costa Rica, Mexico omitted by report (n<10)."
latin-american-armed-forces,reports/latin-american-armed-forces/AD0759949.pdf,17,Latin-American trainees - Uruguay (country of longest residence),Uruguay,military,Recruits/trainees,M,1965,mass,Weight in pounds,lb,67.63,9.34,43,,,,B,"Table IV (text layer, clean); trainees at USAF Inter-American Air Forces Academy (airmen) and US Army School of the Americas (mostly airmen), Canal Zone, Sep 1965-Feb 1970; sex not stated, assumed male; SD/mean sane. Country grouping by country of longest residence; Argentina, Costa Rica, Mexico omitted by report (n<10)."
latin-american-armed-forces,reports/latin-american-armed-forces/AD0759949.pdf,17,Latin-American trainees - Venezuela (country of longest residence),Venezuela,military,Recruits/trainees,M,1965,mass,Weight in pounds,lb,68.04,8.07,139,,,,B,"Table IV (text layer, clean); trainees at USAF Inter-American Air Forces Academy (airmen) and US Army School of the Americas (mostly airmen), Canal Zone, Sep 1965-Feb 1970; sex not stated, assumed male; SD/mean sane. Country grouping by country of longest residence; Argentina, Costa Rica, Mexico omitted by report (n<10)."
latin-american-armed-forces,reports/latin-american-armed-forces/AD0759949.pdf,17,"Latin-American trainees, 15 countries pooled (weighted total)","Multiple: Bolivia, Brazil, Colombia, Chile, Dominican Republic, Ecuador, El Salvador, Guatemala, Honduras, Nicaragua, Panama, Paraguay, Peru, Uruguay, Venezuela",military,Recruits/trainees,M,1965,mass,Weight in pounds,lb,63.78,8.21,1960,,,,B,"Table IV (text layer, clean); trainees at USAF Inter-American Air Forces Academy (airmen) and US Army School of the Americas (mostly airmen), Canal Zone, Sep 1965-Feb 1970; sex not stated, assumed male; SD/mean sane. Table total is weighted over the 15 countries shown (n=1960 of 1985 measured)."
korea,reports/korea/AD0661625.pdf,22,"ROK Armed Forces total sample 1965 (Army, Air Force, Navy, Marine)",South Korea,military,Tri-service,M,1965,stature,Stature,cm,1652.0,49.0,3747,,,,B,Table 1-6 pooled statistics; SD/mean matches printed CV; hand annotations on scan ignored (printed values used). 
korea,reports/korea/AD0661625.pdf,47,ROK Navy 1965,South Korea,military,Navy,M,1965,stature,Stature,cm,1663.0,,141,,,,B,Table 1-30 mean by branch (SD not given by branch); accepted because consistent with pooled Table 1-6 (checked vs implied Army mean / branch SE). Navy sample has many senior officers (mean age 27). 
korea,reports/korea/AD0661625.pdf,47,ROK Marines 1965,South Korea,military,Marine Corps,M,1965,stature,Stature,cm,1639.0,,167,,,,B,Table 1-30 mean by branch (SD not given by branch); accepted because consistent with pooled Table 1-6 (checked vs implied Army mean / branch SE). Navy sample has many senior officers (mean age 27). 
korea,reports/korea/AD0661625.pdf,47,ROK Air Force 1965,South Korea,military,Air Force,M,1965,stature,Stature,cm,1659.0,,190,,,,B,Table 1-30 mean by branch (SD not given by branch); accepted because consistent with pooled Table 1-6 (checked vs implied Army mean / branch SE). Navy sample has many senior officers (mean age 27). 
korea,reports/korea/AD0661625.pdf,22,"ROK Armed Forces total sample 1965 (Army, Air Force, Navy, Marine)",South Korea,military,Tri-service,M,1965,other:shoulder_height,Shoulder height,cm,1341.0,47.0,3747,,,,B,Table 1-6 pooled statistics; SD/mean matches printed CV; hand annotations on scan ignored (printed values used). 
korea,reports/korea/AD0661625.pdf,47,ROK Navy 1965,South Korea,military,Navy,M,1965,other:shoulder_height,Shoulder height,cm,1342.0,,141,,,,B,Table 1-30 mean by branch (SD not given by branch); accepted because consistent with pooled Table 1-6 (checked vs implied Army mean / branch SE). Navy sample has many senior officers (mean age 27). 
korea,reports/korea/AD0661625.pdf,47,ROK Marines 1965,South Korea,military,Marine Corps,M,1965,other:shoulder_height,Shoulder height,cm,1343.0,,167,,,,B,Table 1-30 mean by branch (SD not given by branch); accepted because consistent with pooled Table 1-6 (checked vs implied Army mean / branch SE). Navy sample has many senior officers (mean age 27). 
korea,reports/korea/AD0661625.pdf,47,ROK Air Force 1965,South Korea,military,Air Force,M,1965,other:shoulder_height,Shoulder height,cm,1345.0,,190,,,,B,Table 1-30 mean by branch (SD not given by branch); accepted because consistent with pooled Table 1-6 (checked vs implied Army mean / branch SE). Navy sample has many senior officers (mean age 27). 
korea,reports/korea/AD0661625.pdf,22,"ROK Armed Forces total sample 1965 (Army, Air Force, Navy, Marine)",South Korea,military,Tri-service,M,1965,other:waist_height,Waist height,cm,988.0,42.0,3747,,,,B,Table 1-6 pooled statistics; SD/mean matches printed CV; hand annotations on scan ignored (printed values used). 
korea,reports/korea/AD0661625.pdf,47,ROK Army 1965,South Korea,military,Army,M,1965,other:waist_height,Waist height,cm,988.0,,3249,,,,B,Table 1-30 mean by branch (SD not given by branch); accepted because consistent with pooled Table 1-6 (checked vs implied Army mean / branch SE). Navy sample has many senior officers (mean age 27). 
korea,reports/korea/AD0661625.pdf,22,"ROK Armed Forces total sample 1965 (Army, Air Force, Navy, Marine)",South Korea,military,Tri-service,M,1965,crotch_height,Crotch height,cm,750.0,38.0,3747,,,,B,Table 1-6 pooled statistics; SD/mean matches printed CV; hand annotations on scan ignored (printed values used). 
korea,reports/korea/AD0661625.pdf,47,ROK Navy 1965,South Korea,military,Navy,M,1965,crotch_height,Crotch height,cm,750.0,,141,,,,B,Table 1-30 mean by branch (SD not given by branch); accepted because consistent with pooled Table 1-6 (checked vs implied Army mean / branch SE). Navy sample has many senior officers (mean age 27). 
korea,reports/korea/AD0661625.pdf,47,ROK Air Force 1965,South Korea,military,Air Force,M,1965,crotch_height,Crotch height,cm,758.0,,190,,,,B,Table 1-30 mean by branch (SD not given by branch); accepted because consistent with pooled Table 1-6 (checked vs implied Army mean / branch SE). Navy sample has many senior officers (mean age 27). 
korea,reports/korea/AD0661625.pdf,22,"ROK Armed Forces total sample 1965 (Army, Air Force, Navy, Marine)",South Korea,military,Tri-service,M,1965,other:kneecap_height,Kneecap height,cm,467.0,26.0,3747,,,,B,Table 1-6 pooled statistics; SD/mean matches printed CV; hand annotations on scan ignored (printed values used). 
korea,reports/korea/AD0661625.pdf,47,ROK Navy 1965,South Korea,military,Navy,M,1965,other:kneecap_height,Kneecap height,cm,472.0,,141,,,,B,Table 1-30 mean by branch (SD not given by branch); accepted because consistent with pooled Table 1-6 (checked vs implied Army mean / branch SE). Navy sample has many senior officers (mean age 27). 
korea,reports/korea/AD0661625.pdf,47,ROK Marines 1965,South Korea,military,Marine Corps,M,1965,other:kneecap_height,Kneecap height,cm,458.0,,167,,,,B,Table 1-30 mean by branch (SD not given by branch); accepted because consistent with pooled Table 1-6 (checked vs implied Army mean / branch SE). Navy sample has many senior officers (mean age 27). 
korea,reports/korea/AD0661625.pdf,47,ROK Air Force 1965,South Korea,military,Air Force,M,1965,other:kneecap_height,Kneecap height,cm,473.0,,190,,,,B,Table 1-30 mean by branch (SD not given by branch); accepted because consistent with pooled Table 1-6 (checked vs implied Army mean / branch SE). Navy sample has many senior officers (mean age 27). 
korea,reports/korea/AD0661625.pdf,22,"ROK Armed Forces total sample 1965 (Army, Air Force, Navy, Marine)",South Korea,military,Tri-service,M,1965,chest_depth,Chest depth,cm,218.0,12.0,3747,,,,B,Table 1-6 pooled statistics; SD/mean matches printed CV; hand annotations on scan ignored (printed values used). standing
korea,reports/korea/AD0661625.pdf,47,ROK Army 1965,South Korea,military,Army,M,1965,chest_depth,Chest depth,cm,217.0,,3249,,,,B,Table 1-30 mean by branch (SD not given by branch); accepted because consistent with pooled Table 1-6 (checked vs implied Army mean / branch SE). Navy sample has many senior officers (mean age 27). standing
korea,reports/korea/AD0661625.pdf,47,ROK Navy 1965,South Korea,military,Navy,M,1965,chest_depth,Chest depth,cm,221.0,,141,,,,B,Table 1-30 mean by branch (SD not given by branch); accepted because consistent with pooled Table 1-6 (checked vs implied Army mean / branch SE). Navy sample has many senior officers (mean age 27). standing
korea,reports/korea/AD0661625.pdf,47,ROK Air Force 1965,South Korea,military,Air Force,M,1965,chest_depth,Chest depth,cm,220.0,,190,,,,B,Table 1-30 mean by branch (SD not given by branch); accepted because consistent with pooled Table 1-6 (checked vs implied Army mean / branch SE). Navy sample has many senior officers (mean age 27). standing
korea,reports/korea/AD0661625.pdf,22,"ROK Armed Forces total sample 1965 (Army, Air Force, Navy, Marine)",South Korea,military,Tri-service,M,1965,chest_breadth,Chest breadth,cm,290.0,19.0,3747,,,,B,Table 1-6 pooled statistics; SD/mean matches printed CV; hand annotations on scan ignored (printed values used). standing
korea,reports/korea/AD0661625.pdf,47,ROK Army 1965,South Korea,military,Army,M,1965,chest_breadth,Chest breadth,cm,288.0,,3249,,,,B,Table 1-30 mean by branch (SD not given by branch); accepted because consistent with pooled Table 1-6 (checked vs implied Army mean / branch SE). Navy sample has many senior officers (mean age 27). standing
korea,reports/korea/AD0661625.pdf,47,ROK Navy 1965,South Korea,military,Navy,M,1965,chest_breadth,Chest breadth,cm,294.0,,141,,,,B,Table 1-30 mean by branch (SD not given by branch); accepted because consistent with pooled Table 1-6 (checked vs implied Army mean / branch SE). Navy sample has many senior officers (mean age 27). standing
korea,reports/korea/AD0661625.pdf,47,ROK Air Force 1965,South Korea,military,Air Force,M,1965,chest_breadth,Chest breadth,cm,295.0,,190,,,,B,Table 1-30 mean by branch (SD not given by branch); accepted because consistent with pooled Table 1-6 (checked vs implied Army mean / branch SE). Navy sample has many senior officers (mean age 27). standing
korea,reports/korea/AD0661625.pdf,22,"ROK Armed Forces total sample 1965 (Army, Air Force, Navy, Marine)",South Korea,military,Tri-service,M,1965,other:hip_breadth_standing,"Hip breadth, standing",cm,305.0,16.0,3747,,,,B,Table 1-6 pooled statistics; SD/mean matches printed CV; hand annotations on scan ignored (printed values used). 
korea,reports/korea/AD0661625.pdf,47,ROK Army 1965,South Korea,military,Army,M,1965,other:hip_breadth_standing,"Hip breadth, standing",cm,303.0,,3249,,,,B,Table 1-30 mean by branch (SD not given by branch); accepted because consistent with pooled Table 1-6 (checked vs implied Army mean / branch SE). Navy sample has many senior officers (mean age 27). 
korea,reports/korea/AD0661625.pdf,47,ROK Marines 1965,South Korea,military,Marine Corps,M,1965,other:hip_breadth_standing,"Hip breadth, standing",cm,309.0,,167,,,,B,Table 1-30 mean by branch (SD not given by branch); accepted because consistent with pooled Table 1-6 (checked vs implied Army mean / branch SE). Navy sample has many senior officers (mean age 27). 
korea,reports/korea/AD0661625.pdf,47,ROK Air Force 1965,South Korea,military,Air Force,M,1965,other:hip_breadth_standing,"Hip breadth, standing",cm,309.0,,190,,,,B,Table 1-30 mean by branch (SD not given by branch); accepted because consistent with pooled Table 1-6 (checked vs implied Army mean / branch SE). Navy sample has many senior officers (mean age 27). 
korea,reports/korea/AD0661625.pdf,23,"ROK Armed Forces total sample 1965 (Army, Air Force, Navy, Marine)",South Korea,military,Tri-service,M,1965,eye_height_sitting,Eye height,cm,751.0,31.0,3747,,,,B,Table 1-7 pooled statistics; SD/mean matches printed CV; hand annotations on scan ignored (printed values used). printed as Eye height in sitting block
korea,reports/korea/AD0661625.pdf,23,"ROK Armed Forces total sample 1965 (Army, Air Force, Navy, Marine)",South Korea,military,Tri-service,M,1965,other:shoulder_height_sitting,"Shoulder height, sitting",cm,582.0,31.0,3747,,,,B,Table 1-7 pooled statistics; SD/mean matches printed CV; hand annotations on scan ignored (printed values used). 
korea,reports/korea/AD0661625.pdf,47,ROK Navy 1965,South Korea,military,Navy,M,1965,other:shoulder_height_sitting,"Shoulder height, sitting",cm,583.0,,141,,,,B,Table 1-30 mean by branch (SD not given by branch); accepted because consistent with pooled Table 1-7 (checked vs implied Army mean / branch SE). Navy sample has many senior officers (mean age 27). 
korea,reports/korea/AD0661625.pdf,47,ROK Marines 1965,South Korea,military,Marine Corps,M,1965,other:shoulder_height_sitting,"Shoulder height, sitting",cm,572.0,,167,,,,B,Table 1-30 mean by branch (SD not given by branch); accepted because consistent with pooled Table 1-7 (checked vs implied Army mean / branch SE). Navy sample has many senior officers (mean age 27). 
korea,reports/korea/AD0661625.pdf,47,ROK Air Force 1965,South Korea,military,Air Force,M,1965,other:shoulder_height_sitting,"Shoulder height, sitting",cm,573.0,,190,,,,B,Table 1-30 mean by branch (SD not given by branch); accepted because consistent with pooled Table 1-7 (checked vs implied Army mean / branch SE). Navy sample has many senior officers (mean age 27). 
korea,reports/korea/AD0661625.pdf,23,"ROK Armed Forces total sample 1965 (Army, Air Force, Navy, Marine)",South Korea,military,Tri-service,M,1965,shoulder_elbow_length,Shoulder-elbow length,cm,335.0,19.0,3747,,,,B,Table 1-7 pooled statistics; SD/mean matches printed CV; hand annotations on scan ignored (printed values used). 
korea,reports/korea/AD0661625.pdf,47,ROK Army 1965,South Korea,military,Army,M,1965,shoulder_elbow_length,Shoulder-elbow length,cm,336.0,,3249,,,,B,Table 1-30 mean by branch (SD not given by branch); accepted because consistent with pooled Table 1-7 (checked vs implied Army mean / branch SE). Navy sample has many senior officers (mean age 27). 
korea,reports/korea/AD0661625.pdf,47,ROK Navy 1965,South Korea,military,Navy,M,1965,shoulder_elbow_length,Shoulder-elbow length,cm,341.0,,141,,,,B,Table 1-30 mean by branch (SD not given by branch); accepted because consistent with pooled Table 1-7 (checked vs implied Army mean / branch SE). Navy sample has many senior officers (mean age 27). 
korea,reports/korea/AD0661625.pdf,47,ROK Marines 1965,South Korea,military,Marine Corps,M,1965,shoulder_elbow_length,Shoulder-elbow length,cm,339.0,,167,,,,B,Table 1-30 mean by branch (SD not given by branch); accepted because consistent with pooled Table 1-7 (checked vs implied Army mean / branch SE). Navy sample has many senior officers (mean age 27). 
korea,reports/korea/AD0661625.pdf,23,"ROK Armed Forces total sample 1965 (Army, Air Force, Navy, Marine)",South Korea,military,Tri-service,M,1965,other:forearm_hand_length,Forearm-hand length,cm,440.0,20.0,3747,,,,B,Table 1-7 pooled statistics; SD/mean matches printed CV; hand annotations on scan ignored (printed values used). 
korea,reports/korea/AD0661625.pdf,47,ROK Navy 1965,South Korea,military,Navy,M,1965,other:forearm_hand_length,Forearm-hand length,cm,443.0,,141,,,,B,Table 1-30 mean by branch (SD not given by branch); accepted because consistent with pooled Table 1-7 (checked vs implied Army mean / branch SE). Navy sample has many senior officers (mean age 27). 
korea,reports/korea/AD0661625.pdf,47,ROK Marines 1965,South Korea,military,Marine Corps,M,1965,other:forearm_hand_length,Forearm-hand length,cm,439.0,,167,,,,B,Table 1-30 mean by branch (SD not given by branch); accepted because consistent with pooled Table 1-7 (checked vs implied Army mean / branch SE). Navy sample has many senior officers (mean age 27). 
korea,reports/korea/AD0661625.pdf,23,"ROK Armed Forces total sample 1965 (Army, Air Force, Navy, Marine)",South Korea,military,Tri-service,M,1965,buttock_knee_length,Buttock-knee length,cm,538.0,27.0,3747,,,,B,Table 1-7 pooled statistics; SD/mean matches printed CV; hand annotations on scan ignored (printed values used). 
korea,reports/korea/AD0661625.pdf,23,"ROK Armed Forces total sample 1965 (Army, Air Force, Navy, Marine)",South Korea,military,Tri-service,M,1965,buttock_popliteal_length,Buttock-popliteal length,cm,430.0,26.0,3747,,,,B,Table 1-7 pooled statistics; SD/mean matches printed CV; hand annotations on scan ignored (printed values used). 
korea,reports/korea/AD0661625.pdf,23,"ROK Armed Forces total sample 1965 (Army, Air Force, Navy, Marine)",South Korea,military,Tri-service,M,1965,knee_height_sitting,"Knee height, sitting",cm,487.0,29.0,3747,,,,B,Table 1-7 pooled statistics; SD/mean matches printed CV; hand annotations on scan ignored (printed values used). 
korea,reports/korea/AD0661625.pdf,47,ROK Navy 1965,South Korea,military,Navy,M,1965,knee_height_sitting,"Knee height, sitting",cm,481.0,,141,,,,B,Table 1-30 mean by branch (SD not given by branch); accepted because consistent with pooled Table 1-7 (checked vs implied Army mean / branch SE). Navy sample has many senior officers (mean age 27). 
korea,reports/korea/AD0661625.pdf,47,ROK Air Force 1965,South Korea,military,Air Force,M,1965,knee_height_sitting,"Knee height, sitting",cm,479.0,,190,,,,B,Table 1-30 mean by branch (SD not given by branch); accepted because consistent with pooled Table 1-7 (checked vs implied Army mean / branch SE). Navy sample has many senior officers (mean age 27). 
korea,reports/korea/AD0661625.pdf,23,"ROK Armed Forces total sample 1965 (Army, Air Force, Navy, Marine)",South Korea,military,Tri-service,M,1965,popliteal_height,Popliteal height,cm,391.0,24.0,3747,,,,B,Table 1-7 pooled statistics; SD/mean matches printed CV; hand annotations on scan ignored (printed values used). 
korea,reports/korea/AD0661625.pdf,47,ROK Navy 1965,South Korea,military,Navy,M,1965,popliteal_height,Popliteal height,cm,385.0,,141,,,,B,Table 1-30 mean by branch (SD not given by branch); accepted because consistent with pooled Table 1-7 (checked vs implied Army mean / branch SE). Navy sample has many senior officers (mean age 27). 
korea,reports/korea/AD0661625.pdf,23,"ROK Armed Forces total sample 1965 (Army, Air Force, Navy, Marine)",South Korea,military,Tri-service,M,1965,other:shoulder_breadth,Shoulder breadth,cm,425.0,19.0,3747,,,,B,Table 1-7 pooled statistics; SD/mean matches printed CV; hand annotations on scan ignored (printed values used). 
korea,reports/korea/AD0661625.pdf,47,ROK Army 1965,South Korea,military,Army,M,1965,other:shoulder_breadth,Shoulder breadth,cm,422.0,,3249,,,,B,Table 1-30 mean by branch (SD not given by branch); accepted because consistent with pooled Table 1-7 (checked vs implied Army mean / branch SE). Navy sample has many senior officers (mean age 27). 
korea,reports/korea/AD0661625.pdf,47,ROK Marines 1965,South Korea,military,Marine Corps,M,1965,other:shoulder_breadth,Shoulder breadth,cm,429.0,,167,,,,B,Table 1-30 mean by branch (SD not given by branch); accepted because consistent with pooled Table 1-7 (checked vs implied Army mean / branch SE). Navy sample has many senior officers (mean age 27). 
korea,reports/korea/AD0661625.pdf,47,ROK Air Force 1965,South Korea,military,Air Force,M,1965,other:shoulder_breadth,Shoulder breadth,cm,420.0,,190,,,,B,Table 1-30 mean by branch (SD not given by branch); accepted because consistent with pooled Table 1-7 (checked vs implied Army mean / branch SE). Navy sample has many senior officers (mean age 27). 
korea,reports/korea/AD0661625.pdf,23,"ROK Armed Forces total sample 1965 (Army, Air Force, Navy, Marine)",South Korea,military,Tri-service,M,1965,other:elbow_to_elbow_breadth,Elbow-to-elbow breadth,cm,402.0,27.0,3747,,,,B,Table 1-7 pooled statistics; SD/mean matches printed CV; hand annotations on scan ignored (printed values used). 
korea,reports/korea/AD0661625.pdf,47,ROK Army 1965,South Korea,military,Army,M,1965,other:elbow_to_elbow_breadth,Elbow-to-elbow breadth,cm,398.0,,3249,,,,B,Table 1-30 mean by branch (SD not given by branch); accepted because consistent with pooled Table 1-7 (checked vs implied Army mean / branch SE). Navy sample has many senior officers (mean age 27). 
korea,reports/korea/AD0661625.pdf,47,ROK Marines 1965,South Korea,military,Marine Corps,M,1965,other:elbow_to_elbow_breadth,Elbow-to-elbow breadth,cm,411.0,,167,,,,B,Table 1-30 mean by branch (SD not given by branch); accepted because consistent with pooled Table 1-7 (checked vs implied Army mean / branch SE). Navy sample has many senior officers (mean age 27). 
korea,reports/korea/AD0661625.pdf,47,ROK Air Force 1965,South Korea,military,Air Force,M,1965,other:elbow_to_elbow_breadth,Elbow-to-elbow breadth,cm,406.0,,190,,,,B,Table 1-30 mean by branch (SD not given by branch); accepted because consistent with pooled Table 1-7 (checked vs implied Army mean / branch SE). Navy sample has many senior officers (mean age 27). 
korea,reports/korea/AD0661625.pdf,23,"ROK Armed Forces total sample 1965 (Army, Air Force, Navy, Marine)",South Korea,military,Tri-service,M,1965,hip_breadth_sitting,"Hip breadth, sitting",cm,321.0,17.0,3747,,,,B,Table 1-7 pooled statistics; SD/mean matches printed CV; hand annotations on scan ignored (printed values used). 
korea,reports/korea/AD0661625.pdf,47,ROK Army 1965,South Korea,military,Army,M,1965,hip_breadth_sitting,"Hip breadth, sitting",cm,318.0,,3249,,,,B,Table 1-30 mean by branch (SD not given by branch); accepted because consistent with pooled Table 1-7 (checked vs implied Army mean / branch SE). Navy sample has many senior officers (mean age 27). 
korea,reports/korea/AD0661625.pdf,47,ROK Air Force 1965,South Korea,military,Air Force,M,1965,hip_breadth_sitting,"Hip breadth, sitting",cm,321.0,,190,,,,B,Table 1-30 mean by branch (SD not given by branch); accepted because consistent with pooled Table 1-7 (checked vs implied Army mean / branch SE). Navy sample has many senior officers (mean age 27). 
korea,reports/korea/AD0661625.pdf,23,"ROK Armed Forces total sample 1965 (Army, Air Force, Navy, Marine)",South Korea,military,Tri-service,M,1965,other:arm_reach_upward,"Arm reach, upward",cm,1319.0,45.0,3747,,,,B,Table 1-7 pooled statistics; SD/mean matches printed CV; hand annotations on scan ignored (printed values used). 
korea,reports/korea/AD0661625.pdf,47,ROK Navy 1965,South Korea,military,Navy,M,1965,other:arm_reach_upward,"Arm reach, upward",cm,1310.0,,141,,,,B,Table 1-30 mean by branch (SD not given by branch); accepted because consistent with pooled Table 1-7 (checked vs implied Army mean / branch SE). Navy sample has many senior officers (mean age 27). 
korea,reports/korea/AD0661625.pdf,47,ROK Air Force 1965,South Korea,military,Air Force,M,1965,other:arm_reach_upward,"Arm reach, upward",cm,1320.0,,190,,,,B,Table 1-30 mean by branch (SD not given by branch); accepted because consistent with pooled Table 1-7 (checked vs implied Army mean / branch SE). Navy sample has many senior officers (mean age 27). 
korea,reports/korea/AD0661625.pdf,23,"ROK Armed Forces total sample 1965 (Army, Air Force, Navy, Marine)",South Korea,military,Tri-service,M,1965,other:arm_reach_forward,"Arm reach, forward",cm,806.0,42.0,3747,,,,B,Table 1-7 pooled statistics; SD/mean matches printed CV; hand annotations on scan ignored (printed values used). 
korea,reports/korea/AD0661625.pdf,47,ROK Navy 1965,South Korea,military,Navy,M,1965,other:arm_reach_forward,"Arm reach, forward",cm,820.0,,141,,,,B,Table 1-30 mean by branch (SD not given by branch); accepted because consistent with pooled Table 1-7 (checked vs implied Army mean / branch SE). Navy sample has many senior officers (mean age 27). 
korea,reports/korea/AD0661625.pdf,47,ROK Marines 1965,South Korea,military,Marine Corps,M,1965,other:arm_reach_forward,"Arm reach, forward",cm,817.0,,167,,,,B,Table 1-30 mean by branch (SD not given by branch); accepted because consistent with pooled Table 1-7 (checked vs implied Army mean / branch SE). Navy sample has many senior officers (mean age 27). 
korea,reports/korea/AD0661625.pdf,47,ROK Air Force 1965,South Korea,military,Air Force,M,1965,other:arm_reach_forward,"Arm reach, forward",cm,807.0,,190,,,,B,Table 1-30 mean by branch (SD not given by branch); accepted because consistent with pooled Table 1-7 (checked vs implied Army mean / branch SE). Navy sample has many senior officers (mean age 27). 
korea,reports/korea/AD0661625.pdf,24,"ROK Armed Forces total sample 1965 (Army, Air Force, Navy, Marine)",South Korea,military,Tri-service,M,1965,neck_circumference,Neck circumference,cm,344.0,15.0,3747,,,,B,Table 1-8 pooled statistics; SD/mean matches printed CV; hand annotations on scan ignored (printed values used). definition per source survey (neck level not verified)
korea,reports/korea/AD0661625.pdf,47,ROK Navy 1965,South Korea,military,Navy,M,1965,neck_circumference,Neck circumference,cm,350.0,,141,,,,B,Table 1-30 mean by branch (SD not given by branch); accepted because consistent with pooled Table 1-8 (checked vs implied Army mean / branch SE). Navy sample has many senior officers (mean age 27). definition per source survey (neck level not verified)
korea,reports/korea/AD0661625.pdf,47,ROK Air Force 1965,South Korea,military,Air Force,M,1965,neck_circumference,Neck circumference,cm,346.0,,190,,,,B,Table 1-30 mean by branch (SD not given by branch); accepted because consistent with pooled Table 1-8 (checked vs implied Army mean / branch SE). Navy sample has many senior officers (mean age 27). definition per source survey (neck level not verified)
korea,reports/korea/AD0661625.pdf,24,"ROK Armed Forces total sample 1965 (Army, Air Force, Navy, Marine)",South Korea,military,Tri-service,M,1965,shoulder_circumference,Shoulder circumference,cm,1056.0,44.0,3747,,,,B,Table 1-8 pooled statistics; SD/mean matches printed CV; hand annotations on scan ignored (printed values used). 
korea,reports/korea/AD0661625.pdf,47,ROK Marines 1965,South Korea,military,Marine Corps,M,1965,shoulder_circumference,Shoulder circumference,cm,1065.0,,167,,,,B,Table 1-30 mean by branch (SD not given by branch); accepted because consistent with pooled Table 1-8 (checked vs implied Army mean / branch SE). Navy sample has many senior officers (mean age 27). 
korea,reports/korea/AD0661625.pdf,24,"ROK Armed Forces total sample 1965 (Army, Air Force, Navy, Marine)",South Korea,military,Tri-service,M,1965,chest_circumference,Chest circumference,cm,885.0,41.0,3747,,,,B,Table 1-8 pooled statistics; SD/mean matches printed CV; hand annotations on scan ignored (printed values used). 
korea,reports/korea/AD0661625.pdf,24,"ROK Armed Forces total sample 1965 (Army, Air Force, Navy, Marine)",South Korea,military,Tri-service,M,1965,waist_circumference,Waist circumference,cm,743.0,40.0,3747,,,,B,Table 1-8 pooled statistics; SD/mean matches printed CV; hand annotations on scan ignored (printed values used). waist landmark per source survey
korea,reports/korea/AD0661625.pdf,47,ROK Navy 1965,South Korea,military,Navy,M,1965,waist_circumference,Waist circumference,cm,740.0,,141,,,,B,Table 1-30 mean by branch (SD not given by branch); accepted because consistent with pooled Table 1-8 (checked vs implied Army mean / branch SE). Navy sample has many senior officers (mean age 27). waist landmark per source survey
korea,reports/korea/AD0661625.pdf,24,"ROK Armed Forces total sample 1965 (Army, Air Force, Navy, Marine)",South Korea,military,Tri-service,M,1965,other:hip_circumference,Hip circumference,cm,875.0,33.0,3747,,,,B,Table 1-8 pooled statistics; SD/mean matches printed CV; hand annotations on scan ignored (printed values used). 
korea,reports/korea/AD0661625.pdf,24,"ROK Armed Forces total sample 1965 (Army, Air Force, Navy, Marine)",South Korea,military,Tri-service,M,1965,other:upper_arm_circumference,Upper arm circumference,cm,255.0,18.0,3747,,,,B,Table 1-8 pooled statistics; SD/mean matches printed CV; hand annotations on scan ignored (printed values used). 
korea,reports/korea/AD0661625.pdf,47,ROK Navy 1965,South Korea,military,Navy,M,1965,other:upper_arm_circumference,Upper arm circumference,cm,254.0,,141,,,,B,Table 1-30 mean by branch (SD not given by branch); accepted because consistent with pooled Table 1-8 (checked vs implied Army mean / branch SE). Navy sample has many senior officers (mean age 27). 
korea,reports/korea/AD0661625.pdf,47,ROK Marines 1965,South Korea,military,Marine Corps,M,1965,other:upper_arm_circumference,Upper arm circumference,cm,256.0,,167,,,,B,Table 1-30 mean by branch (SD not given by branch); accepted because consistent with pooled Table 1-8 (checked vs implied Army mean / branch SE). Navy sample has many senior officers (mean age 27). 
korea,reports/korea/AD0661625.pdf,47,ROK Air Force 1965,South Korea,military,Air Force,M,1965,other:upper_arm_circumference,Upper arm circumference,cm,253.0,,190,,,,B,Table 1-30 mean by branch (SD not given by branch); accepted because consistent with pooled Table 1-8 (checked vs implied Army mean / branch SE). Navy sample has many senior officers (mean age 27). 
korea,reports/korea/AD0661625.pdf,24,"ROK Armed Forces total sample 1965 (Army, Air Force, Navy, Marine)",South Korea,military,Tri-service,M,1965,wrist_circumference,Wrist circumference,cm,164.0,9.0,3747,,,,B,Table 1-8 pooled statistics; SD/mean matches printed CV; hand annotations on scan ignored (printed values used). 
korea,reports/korea/AD0661625.pdf,47,ROK Army 1965,South Korea,military,Army,M,1965,wrist_circumference,Wrist circumference,cm,164.0,,3249,,,,B,Table 1-30 mean by branch (SD not given by branch); accepted because consistent with pooled Table 1-8 (checked vs implied Army mean / branch SE). Navy sample has many senior officers (mean age 27). 
korea,reports/korea/AD0661625.pdf,47,ROK Navy 1965,South Korea,military,Navy,M,1965,wrist_circumference,Wrist circumference,cm,166.0,,141,,,,B,Table 1-30 mean by branch (SD not given by branch); accepted because consistent with pooled Table 1-8 (checked vs implied Army mean / branch SE). Navy sample has many senior officers (mean age 27). 
korea,reports/korea/AD0661625.pdf,47,ROK Marines 1965,South Korea,military,Marine Corps,M,1965,wrist_circumference,Wrist circumference,cm,165.0,,167,,,,B,Table 1-30 mean by branch (SD not given by branch); accepted because consistent with pooled Table 1-8 (checked vs implied Army mean / branch SE). Navy sample has many senior officers (mean age 27). 
korea,reports/korea/AD0661625.pdf,47,ROK Air Force 1965,South Korea,military,Air Force,M,1965,wrist_circumference,Wrist circumference,cm,162.0,,190,,,,B,Table 1-30 mean by branch (SD not given by branch); accepted because consistent with pooled Table 1-8 (checked vs implied Army mean / branch SE). Navy sample has many senior officers (mean age 27). 
korea,reports/korea/AD0661625.pdf,24,"ROK Armed Forces total sample 1965 (Army, Air Force, Navy, Marine)",South Korea,military,Tri-service,M,1965,other:crotch_thigh_circumference,Crotch thigh circumference,cm,491.0,28.0,3747,,,,B,Table 1-8 pooled statistics; SD/mean matches printed CV; hand annotations on scan ignored (printed values used). 
korea,reports/korea/AD0661625.pdf,47,ROK Marines 1965,South Korea,military,Marine Corps,M,1965,other:crotch_thigh_circumference,Crotch thigh circumference,cm,491.0,,167,,,,B,Table 1-30 mean by branch (SD not given by branch); accepted because consistent with pooled Table 1-8 (checked vs implied Army mean / branch SE). Navy sample has many senior officers (mean age 27). 
korea,reports/korea/AD0661625.pdf,47,ROK Air Force 1965,South Korea,military,Air Force,M,1965,other:crotch_thigh_circumference,Crotch thigh circumference,cm,490.0,,190,,,,B,Table 1-30 mean by branch (SD not given by branch); accepted because consistent with pooled Table 1-8 (checked vs implied Army mean / branch SE). Navy sample has many senior officers (mean age 27). 
korea,reports/korea/AD0661625.pdf,24,"ROK Armed Forces total sample 1965 (Army, Air Force, Navy, Marine)",South Korea,military,Tri-service,M,1965,other:lower_thigh_circumference,Lower thigh circumference,cm,382.0,29.0,3747,,,,B,Table 1-8 pooled statistics; SD/mean matches printed CV; hand annotations on scan ignored (printed values used). 
korea,reports/korea/AD0661625.pdf,47,ROK Navy 1965,South Korea,military,Navy,M,1965,other:lower_thigh_circumference,Lower thigh circumference,cm,390.0,,141,,,,B,Table 1-30 mean by branch (SD not given by branch); accepted because consistent with pooled Table 1-8 (checked vs implied Army mean / branch SE). Navy sample has many senior officers (mean age 27). 
korea,reports/korea/AD0661625.pdf,47,ROK Marines 1965,South Korea,military,Marine Corps,M,1965,other:lower_thigh_circumference,Lower thigh circumference,cm,383.0,,167,,,,B,Table 1-30 mean by branch (SD not given by branch); accepted because consistent with pooled Table 1-8 (checked vs implied Army mean / branch SE). Navy sample has many senior officers (mean age 27). 
korea,reports/korea/AD0661625.pdf,47,ROK Air Force 1965,South Korea,military,Air Force,M,1965,other:lower_thigh_circumference,Lower thigh circumference,cm,377.0,,190,,,,B,Table 1-30 mean by branch (SD not given by branch); accepted because consistent with pooled Table 1-8 (checked vs implied Army mean / branch SE). Navy sample has many senior officers (mean age 27). 
korea,reports/korea/AD0661625.pdf,24,"ROK Armed Forces total sample 1965 (Army, Air Force, Navy, Marine)",South Korea,military,Tri-service,M,1965,calf_circumference,Calf circumference,cm,346.0,23.0,3747,,,,B,Table 1-8 pooled statistics; SD/mean matches printed CV; hand annotations on scan ignored (printed values used). 
korea,reports/korea/AD0661625.pdf,47,ROK Marines 1965,South Korea,military,Marine Corps,M,1965,calf_circumference,Calf circumference,cm,345.0,,167,,,,B,Table 1-30 mean by branch (SD not given by branch); accepted because consistent with pooled Table 1-8 (checked vs implied Army mean / branch SE). Navy sample has many senior officers (mean age 27). 
korea,reports/korea/AD0661625.pdf,47,ROK Air Force 1965,South Korea,military,Air Force,M,1965,calf_circumference,Calf circumference,cm,344.0,,190,,,,B,Table 1-30 mean by branch (SD not given by branch); accepted because consistent with pooled Table 1-8 (checked vs implied Army mean / branch SE). Navy sample has many senior officers (mean age 27). 
korea,reports/korea/AD0661625.pdf,24,"ROK Armed Forces total sample 1965 (Army, Air Force, Navy, Marine)",South Korea,military,Tri-service,M,1965,ankle_circumference,Ankle circumference,cm,216.0,21.0,3747,,,,B,Table 1-8 pooled statistics; SD/mean matches printed CV; hand annotations on scan ignored (printed values used). 
korea,reports/korea/AD0661625.pdf,47,ROK Army 1965,South Korea,military,Army,M,1965,ankle_circumference,Ankle circumference,cm,214.0,,3249,,,,B,Table 1-30 mean by branch (SD not given by branch); accepted because consistent with pooled Table 1-8 (checked vs implied Army mean / branch SE). Navy sample has many senior officers (mean age 27). 
korea,reports/korea/AD0661625.pdf,47,ROK Navy 1965,South Korea,military,Navy,M,1965,ankle_circumference,Ankle circumference,cm,213.0,,141,,,,B,Table 1-30 mean by branch (SD not given by branch); accepted because consistent with pooled Table 1-8 (checked vs implied Army mean / branch SE). Navy sample has many senior officers (mean age 27). 
korea,reports/korea/AD0661625.pdf,47,ROK Marines 1965,South Korea,military,Marine Corps,M,1965,ankle_circumference,Ankle circumference,cm,220.0,,167,,,,B,Table 1-30 mean by branch (SD not given by branch); accepted because consistent with pooled Table 1-8 (checked vs implied Army mean / branch SE). Navy sample has many senior officers (mean age 27). 
korea,reports/korea/AD0661625.pdf,47,ROK Air Force 1965,South Korea,military,Air Force,M,1965,ankle_circumference,Ankle circumference,cm,212.0,,190,,,,B,Table 1-30 mean by branch (SD not given by branch); accepted because consistent with pooled Table 1-8 (checked vs implied Army mean / branch SE). Navy sample has many senior officers (mean age 27). 
korea,reports/korea/AD0661625.pdf,24,"ROK Armed Forces total sample 1965 (Army, Air Force, Navy, Marine)",South Korea,military,Tri-service,M,1965,other:back_waist_length,Back waist length,cm,462.0,24.0,3747,,,,B,Table 1-8 pooled statistics; SD/mean matches printed CV; hand annotations on scan ignored (printed values used). 
korea,reports/korea/AD0661625.pdf,47,ROK Air Force 1965,South Korea,military,Air Force,M,1965,other:back_waist_length,Back waist length,cm,455.0,,190,,,,B,Table 1-30 mean by branch (SD not given by branch); accepted because consistent with pooled Table 1-8 (checked vs implied Army mean / branch SE). Navy sample has many senior officers (mean age 27). 
korea,reports/korea/AD0661625.pdf,24,"ROK Armed Forces total sample 1965 (Army, Air Force, Navy, Marine)",South Korea,military,Tri-service,M,1965,other:interscye_breadth,Interscye,cm,379.0,30.0,3747,,,,B,Table 1-8 pooled statistics; SD/mean matches printed CV; hand annotations on scan ignored (printed values used). 
korea,reports/korea/AD0661625.pdf,47,ROK Army 1965,South Korea,military,Army,M,1965,other:interscye_breadth,Interscye,cm,377.0,,3249,,,,B,Table 1-30 mean by branch (SD not given by branch); accepted because consistent with pooled Table 1-8 (checked vs implied Army mean / branch SE). Navy sample has many senior officers (mean age 27). 
korea,reports/korea/AD0661625.pdf,47,ROK Navy 1965,South Korea,military,Navy,M,1965,other:interscye_breadth,Interscye,cm,387.0,,141,,,,B,Table 1-30 mean by branch (SD not given by branch); accepted because consistent with pooled Table 1-8 (checked vs implied Army mean / branch SE). Navy sample has many senior officers (mean age 27). 
korea,reports/korea/AD0661625.pdf,47,ROK Marines 1965,South Korea,military,Marine Corps,M,1965,other:interscye_breadth,Interscye,cm,387.0,,167,,,,B,Table 1-30 mean by branch (SD not given by branch); accepted because consistent with pooled Table 1-8 (checked vs implied Army mean / branch SE). Navy sample has many senior officers (mean age 27). 
korea,reports/korea/AD0661625.pdf,24,"ROK Armed Forces total sample 1965 (Army, Air Force, Navy, Marine)",South Korea,military,Tri-service,M,1965,other:sleeve_inseam,Sleeve inseam,cm,451.0,23.0,3747,,,,B,Table 1-8 pooled statistics; SD/mean matches printed CV; hand annotations on scan ignored (printed values used). 
korea,reports/korea/AD0661625.pdf,47,ROK Navy 1965,South Korea,military,Navy,M,1965,other:sleeve_inseam,Sleeve inseam,cm,455.0,,141,,,,B,Table 1-30 mean by branch (SD not given by branch); accepted because consistent with pooled Table 1-8 (checked vs implied Army mean / branch SE). Navy sample has many senior officers (mean age 27). 
korea,reports/korea/AD0661625.pdf,47,ROK Air Force 1965,South Korea,military,Air Force,M,1965,other:sleeve_inseam,Sleeve inseam,cm,455.0,,190,,,,B,Table 1-30 mean by branch (SD not given by branch); accepted because consistent with pooled Table 1-8 (checked vs implied Army mean / branch SE). Navy sample has many senior officers (mean age 27). 
korea,reports/korea/AD0661625.pdf,24,"ROK Armed Forces total sample 1965 (Army, Air Force, Navy, Marine)",South Korea,military,Tri-service,M,1965,other:sleeve_length,Sleeve length,cm,794.0,34.0,3747,,,,B,Table 1-8 pooled statistics; SD/mean matches printed CV; hand annotations on scan ignored (printed values used). 
korea,reports/korea/AD0661625.pdf,47,ROK Navy 1965,South Korea,military,Navy,M,1965,other:sleeve_length,Sleeve length,cm,797.0,,141,,,,B,Table 1-30 mean by branch (SD not given by branch); accepted because consistent with pooled Table 1-8 (checked vs implied Army mean / branch SE). Navy sample has many senior officers (mean age 27). 
korea,reports/korea/AD0661625.pdf,25,"ROK Armed Forces total sample 1965 (Army, Air Force, Navy, Marine)",South Korea,military,Tri-service,M,1965,head_length,Head length,cm,179.0,7.0,3747,,,,B,Table 1-9 pooled statistics; SD/mean matches printed CV; hand annotations on scan ignored (printed values used). 
korea,reports/korea/AD0661625.pdf,47,ROK Army 1965,South Korea,military,Army,M,1965,head_length,Head length,cm,178.0,,3249,,,,B,Table 1-30 mean by branch (SD not given by branch); accepted because consistent with pooled Table 1-9 (checked vs implied Army mean / branch SE). Navy sample has many senior officers (mean age 27). 
korea,reports/korea/AD0661625.pdf,47,ROK Navy 1965,South Korea,military,Navy,M,1965,head_length,Head length,cm,177.0,,141,,,,B,Table 1-30 mean by branch (SD not given by branch); accepted because consistent with pooled Table 1-9 (checked vs implied Army mean / branch SE). Navy sample has many senior officers (mean age 27). 
korea,reports/korea/AD0661625.pdf,47,ROK Marines 1965,South Korea,military,Marine Corps,M,1965,head_length,Head length,cm,177.0,,167,,,,B,Table 1-30 mean by branch (SD not given by branch); accepted because consistent with pooled Table 1-9 (checked vs implied Army mean / branch SE). Navy sample has many senior officers (mean age 27). 
korea,reports/korea/AD0661625.pdf,47,ROK Air Force 1965,South Korea,military,Air Force,M,1965,head_length,Head length,cm,177.0,,190,,,,B,Table 1-30 mean by branch (SD not given by branch); accepted because consistent with pooled Table 1-9 (checked vs implied Army mean / branch SE). Navy sample has many senior officers (mean age 27). 
korea,reports/korea/AD0661625.pdf,25,"ROK Armed Forces total sample 1965 (Army, Air Force, Navy, Marine)",South Korea,military,Tri-service,M,1965,other:head_height,Head height,cm,125.0,8.0,3747,,,,B,Table 1-9 pooled statistics; SD/mean matches printed CV; hand annotations on scan ignored (printed values used). 
korea,reports/korea/AD0661625.pdf,47,ROK Army 1965,South Korea,military,Army,M,1965,other:head_height,Head height,cm,125.0,,3249,,,,B,Table 1-30 mean by branch (SD not given by branch); accepted because consistent with pooled Table 1-9 (checked vs implied Army mean / branch SE). Navy sample has many senior officers (mean age 27). 
korea,reports/korea/AD0661625.pdf,47,ROK Navy 1965,South Korea,military,Navy,M,1965,other:head_height,Head height,cm,123.0,,141,,,,B,Table 1-30 mean by branch (SD not given by branch); accepted because consistent with pooled Table 1-9 (checked vs implied Army mean / branch SE). Navy sample has many senior officers (mean age 27). 
korea,reports/korea/AD0661625.pdf,47,ROK Air Force 1965,South Korea,military,Air Force,M,1965,other:head_height,Head height,cm,122.0,,190,,,,B,Table 1-30 mean by branch (SD not given by branch); accepted because consistent with pooled Table 1-9 (checked vs implied Army mean / branch SE). Navy sample has many senior officers (mean age 27). 
korea,reports/korea/AD0661625.pdf,25,"ROK Armed Forces total sample 1965 (Army, Air Force, Navy, Marine)",South Korea,military,Tri-service,M,1965,head_breadth,Head breadth,cm,153.0,6.0,3747,,,,B,Table 1-9 pooled statistics; SD/mean matches printed CV; hand annotations on scan ignored (printed values used). 
korea,reports/korea/AD0661625.pdf,47,ROK Army 1965,South Korea,military,Army,M,1965,head_breadth,Head breadth,cm,150.0,,3249,,,,B,Table 1-30 mean by branch (SD not given by branch); accepted because consistent with pooled Table 1-9 (checked vs implied Army mean / branch SE). Navy sample has many senior officers (mean age 27). 
korea,reports/korea/AD0661625.pdf,47,ROK Navy 1965,South Korea,military,Navy,M,1965,head_breadth,Head breadth,cm,154.0,,141,,,,B,Table 1-30 mean by branch (SD not given by branch); accepted because consistent with pooled Table 1-9 (checked vs implied Army mean / branch SE). Navy sample has many senior officers (mean age 27). 
korea,reports/korea/AD0661625.pdf,47,ROK Marines 1965,South Korea,military,Marine Corps,M,1965,head_breadth,Head breadth,cm,154.0,,167,,,,B,Table 1-30 mean by branch (SD not given by branch); accepted because consistent with pooled Table 1-9 (checked vs implied Army mean / branch SE). Navy sample has many senior officers (mean age 27). 
korea,reports/korea/AD0661625.pdf,47,ROK Air Force 1965,South Korea,military,Air Force,M,1965,head_breadth,Head breadth,cm,154.0,,190,,,,B,Table 1-30 mean by branch (SD not given by branch); accepted because consistent with pooled Table 1-9 (checked vs implied Army mean / branch SE). Navy sample has many senior officers (mean age 27). 
korea,reports/korea/AD0661625.pdf,25,"ROK Armed Forces total sample 1965 (Army, Air Force, Navy, Marine)",South Korea,military,Tri-service,M,1965,head_circumference,Head circumference,cm,544.0,13.0,3747,,,,B,Table 1-9 pooled statistics; SD/mean matches printed CV; hand annotations on scan ignored (printed values used). 
korea,reports/korea/AD0661625.pdf,47,ROK Navy 1965,South Korea,military,Navy,M,1965,head_circumference,Head circumference,cm,539.0,,141,,,,B,Table 1-30 mean by branch (SD not given by branch); accepted because consistent with pooled Table 1-9 (checked vs implied Army mean / branch SE). Navy sample has many senior officers (mean age 27). 
korea,reports/korea/AD0661625.pdf,47,ROK Marines 1965,South Korea,military,Marine Corps,M,1965,head_circumference,Head circumference,cm,544.0,,167,,,,B,Table 1-30 mean by branch (SD not given by branch); accepted because consistent with pooled Table 1-9 (checked vs implied Army mean / branch SE). Navy sample has many senior officers (mean age 27). 
korea,reports/korea/AD0661625.pdf,47,ROK Air Force 1965,South Korea,military,Air Force,M,1965,head_circumference,Head circumference,cm,540.0,,190,,,,B,Table 1-30 mean by branch (SD not given by branch); accepted because consistent with pooled Table 1-9 (checked vs implied Army mean / branch SE). Navy sample has many senior officers (mean age 27). 
korea,reports/korea/AD0661625.pdf,25,"ROK Armed Forces total sample 1965 (Army, Air Force, Navy, Marine)",South Korea,military,Tri-service,M,1965,other:face_breadth,Face breadth,cm,143.0,6.0,3747,,,,B,Table 1-9 pooled statistics; SD/mean matches printed CV; hand annotations on scan ignored (printed values used). 
korea,reports/korea/AD0661625.pdf,48,ROK Army 1965,South Korea,military,Army,M,1965,other:face_breadth,Face breadth,cm,140.0,,3249,,,,B,Table 1-30 mean by branch (SD not given by branch); accepted because consistent with pooled Table 1-9 (checked vs implied Army mean / branch SE). Navy sample has many senior officers (mean age 27). 
korea,reports/korea/AD0661625.pdf,48,ROK Navy 1965,South Korea,military,Navy,M,1965,other:face_breadth,Face breadth,cm,143.0,,141,,,,B,Table 1-30 mean by branch (SD not given by branch); accepted because consistent with pooled Table 1-9 (checked vs implied Army mean / branch SE). Navy sample has many senior officers (mean age 27). 
korea,reports/korea/AD0661625.pdf,48,ROK Marines 1965,South Korea,military,Marine Corps,M,1965,other:face_breadth,Face breadth,cm,141.0,,167,,,,B,Table 1-30 mean by branch (SD not given by branch); accepted because consistent with pooled Table 1-9 (checked vs implied Army mean / branch SE). Navy sample has many senior officers (mean age 27). 
korea,reports/korea/AD0661625.pdf,48,ROK Air Force 1965,South Korea,military,Air Force,M,1965,other:face_breadth,Face breadth,cm,144.0,,190,,,,B,Table 1-30 mean by branch (SD not given by branch); accepted because consistent with pooled Table 1-9 (checked vs implied Army mean / branch SE). Navy sample has many senior officers (mean age 27). 
korea,reports/korea/AD0661625.pdf,25,"ROK Armed Forces total sample 1965 (Army, Air Force, Navy, Marine)",South Korea,military,Tri-service,M,1965,hand_length,Hand length,cm,181.0,7.0,3747,,,,B,Table 1-9 pooled statistics; SD/mean matches printed CV; hand annotations on scan ignored (printed values used). 
korea,reports/korea/AD0661625.pdf,48,ROK Army 1965,South Korea,military,Army,M,1965,hand_length,Hand length,cm,179.0,,3249,,,,B,Table 1-30 mean by branch (SD not given by branch); accepted because consistent with pooled Table 1-9 (checked vs implied Army mean / branch SE). Navy sample has many senior officers (mean age 27). 
korea,reports/korea/AD0661625.pdf,48,ROK Navy 1965,South Korea,military,Navy,M,1965,hand_length,Hand length,cm,179.0,,141,,,,B,Table 1-30 mean by branch (SD not given by branch); accepted because consistent with pooled Table 1-9 (checked vs implied Army mean / branch SE). Navy sample has many senior officers (mean age 27). 
korea,reports/korea/AD0661625.pdf,25,"ROK Armed Forces total sample 1965 (Army, Air Force, Navy, Marine)",South Korea,military,Tri-service,M,1965,other:palm_length,Palm length,cm,103.0,5.0,3747,,,,B,Table 1-9 pooled statistics; SD/mean matches printed CV; hand annotations on scan ignored (printed values used). 
korea,reports/korea/AD0661625.pdf,48,ROK Navy 1965,South Korea,military,Navy,M,1965,other:palm_length,Palm length,cm,103.0,,141,,,,B,Table 1-30 mean by branch (SD not given by branch); accepted because consistent with pooled Table 1-9 (checked vs implied Army mean / branch SE). Navy sample has many senior officers (mean age 27). 
korea,reports/korea/AD0661625.pdf,48,ROK Air Force 1965,South Korea,military,Air Force,M,1965,other:palm_length,Palm length,cm,104.0,,190,,,,B,Table 1-30 mean by branch (SD not given by branch); accepted because consistent with pooled Table 1-9 (checked vs implied Army mean / branch SE). Navy sample has many senior officers (mean age 27). 
korea,reports/korea/AD0661625.pdf,25,"ROK Armed Forces total sample 1965 (Army, Air Force, Navy, Marine)",South Korea,military,Tri-service,M,1965,hand_breadth,Hand breadth,cm,85.0,4.0,3747,,,,B,Table 1-9 pooled statistics; SD/mean matches printed CV; hand annotations on scan ignored (printed values used). 
korea,reports/korea/AD0661625.pdf,48,ROK Air Force 1965,South Korea,military,Air Force,M,1965,hand_breadth,Hand breadth,cm,87.0,,190,,,,B,Table 1-30 mean by branch (SD not given by branch); accepted because consistent with pooled Table 1-9 (checked vs implied Army mean / branch SE). Navy sample has many senior officers (mean age 27). 
korea,reports/korea/AD0661625.pdf,25,"ROK Armed Forces total sample 1965 (Army, Air Force, Navy, Marine)",South Korea,military,Tri-service,M,1965,other:hand_circumference,Hand circumference,cm,208.0,12.0,3747,,,,B,Table 1-9 pooled statistics; SD/mean matches printed CV; hand annotations on scan ignored (printed values used). 
korea,reports/korea/AD0661625.pdf,48,ROK Army 1965,South Korea,military,Army,M,1965,other:hand_circumference,Hand circumference,cm,206.0,,3249,,,,B,Table 1-30 mean by branch (SD not given by branch); accepted because consistent with pooled Table 1-9 (checked vs implied Army mean / branch SE). Navy sample has many senior officers (mean age 27). 
korea,reports/korea/AD0661625.pdf,48,ROK Navy 1965,South Korea,military,Navy,M,1965,other:hand_circumference,Hand circumference,cm,208.0,,141,,,,B,Table 1-30 mean by branch (SD not given by branch); accepted because consistent with pooled Table 1-9 (checked vs implied Army mean / branch SE). Navy sample has many senior officers (mean age 27). 
korea,reports/korea/AD0661625.pdf,48,ROK Marines 1965,South Korea,military,Marine Corps,M,1965,other:hand_circumference,Hand circumference,cm,210.0,,167,,,,B,Table 1-30 mean by branch (SD not given by branch); accepted because consistent with pooled Table 1-9 (checked vs implied Army mean / branch SE). Navy sample has many senior officers (mean age 27). 
korea,reports/korea/AD0661625.pdf,25,"ROK Armed Forces total sample 1965 (Army, Air Force, Navy, Marine)",South Korea,military,Tri-service,M,1965,foot_length,Foot length,cm,244.0,13.0,3747,,,,B,Table 1-9 pooled statistics; SD/mean matches printed CV; hand annotations on scan ignored (printed values used). 
korea,reports/korea/AD0661625.pdf,48,ROK Navy 1965,South Korea,military,Navy,M,1965,foot_length,Foot length,cm,242.0,,141,,,,B,Table 1-30 mean by branch (SD not given by branch); accepted because consistent with pooled Table 1-9 (checked vs implied Army mean / branch SE). Navy sample has many senior officers (mean age 27). 
korea,reports/korea/AD0661625.pdf,25,"ROK Armed Forces total sample 1965 (Army, Air Force, Navy, Marine)",South Korea,military,Tri-service,M,1965,other:instep_length,Instep length,cm,179.0,20.0,3747,,,,B,Table 1-9 pooled statistics; SD/mean matches printed CV; hand annotations on scan ignored (printed values used). 
korea,reports/korea/AD0661625.pdf,48,ROK Army 1965,South Korea,military,Army,M,1965,other:instep_length,Instep length,cm,177.0,,3249,,,,B,Table 1-30 mean by branch (SD not given by branch); accepted because consistent with pooled Table 1-9 (checked vs implied Army mean / branch SE). Navy sample has many senior officers (mean age 27). 
korea,reports/korea/AD0661625.pdf,25,"ROK Armed Forces total sample 1965 (Army, Air Force, Navy, Marine)",South Korea,military,Tri-service,M,1965,foot_breadth,Foot breadth,cm,96.0,4.0,3747,,,,B,Table 1-9 pooled statistics; SD/mean matches printed CV; hand annotations on scan ignored (printed values used). 
korea,reports/korea/AD0661625.pdf,48,ROK Army 1965,South Korea,military,Army,M,1965,foot_breadth,Foot breadth,cm,96.0,,3249,,,,B,Table 1-30 mean by branch (SD not given by branch); accepted because consistent with pooled Table 1-9 (checked vs implied Army mean / branch SE). Navy sample has many senior officers (mean age 27). 
korea,reports/korea/AD0661625.pdf,48,ROK Navy 1965,South Korea,military,Navy,M,1965,foot_breadth,Foot breadth,cm,96.0,,141,,,,B,Table 1-30 mean by branch (SD not given by branch); accepted because consistent with pooled Table 1-9 (checked vs implied Army mean / branch SE). Navy sample has many senior officers (mean age 27). 
korea,reports/korea/AD0661625.pdf,48,ROK Marines 1965,South Korea,military,Marine Corps,M,1965,foot_breadth,Foot breadth,cm,96.0,,167,,,,B,Table 1-30 mean by branch (SD not given by branch); accepted because consistent with pooled Table 1-9 (checked vs implied Army mean / branch SE). Navy sample has many senior officers (mean age 27). 
korea,reports/korea/AD0661625.pdf,25,"ROK Armed Forces total sample 1965 (Army, Air Force, Navy, Marine)",South Korea,military,Tri-service,M,1965,other:ball_foot_circumference,Ball foot circumference,cm,246.0,11.0,3747,,,,B,Table 1-9 pooled statistics; SD/mean matches printed CV; hand annotations on scan ignored (printed values used). 
korea,reports/korea/AD0661625.pdf,48,ROK Army 1965,South Korea,military,Army,M,1965,other:ball_foot_circumference,Ball foot circumference,cm,244.0,,3249,,,,B,Table 1-30 mean by branch (SD not given by branch); accepted because consistent with pooled Table 1-9 (checked vs implied Army mean / branch SE). Navy sample has many senior officers (mean age 27). 
korea,reports/korea/AD0661625.pdf,48,ROK Marines 1965,South Korea,military,Marine Corps,M,1965,other:ball_foot_circumference,Ball foot circumference,cm,244.0,,167,,,,B,Table 1-30 mean by branch (SD not given by branch); accepted because consistent with pooled Table 1-9 (checked vs implied Army mean / branch SE). Navy sample has many senior officers (mean age 27). 
korea,reports/korea/AD0661625.pdf,25,"ROK Armed Forces total sample 1965 (Army, Air Force, Navy, Marine)",South Korea,military,Tri-service,M,1965,other:heel_ankle_circumference,Heel-ankle circumference,cm,319.0,19.0,3747,,,,B,Table 1-9 pooled statistics; SD/mean matches printed CV; hand annotations on scan ignored (printed values used). 
korea,reports/korea/AD0661625.pdf,48,ROK Marines 1965,South Korea,military,Marine Corps,M,1965,other:heel_ankle_circumference,Heel-ankle circumference,cm,317.0,,167,,,,B,Table 1-30 mean by branch (SD not given by branch); accepted because consistent with pooled Table 1-9 (checked vs implied Army mean / branch SE). Navy sample has many senior officers (mean age 27). 
korea,reports/korea/AD0661625.pdf,48,ROK Air Force 1965,South Korea,military,Air Force,M,1965,other:heel_ankle_circumference,Heel-ankle circumference,cm,317.0,,190,,,,B,Table 1-30 mean by branch (SD not given by branch); accepted because consistent with pooled Table 1-9 (checked vs implied Army mean / branch SE). Navy sample has many senior officers (mean age 27). 
korea,reports/korea/AD0661625.pdf,26,"ROK Armed Forces total sample 1965 (Army, Air Force, Navy, Marine)",South Korea,military,Tri-service,M,1965,mass,Weight,kg,59.4,4.9,3747,,,,B,Table 1-10 pooled statistics; SD/mean matches printed CV; hand annotations on scan ignored (printed values used). 
korea,reports/korea/AD0661625.pdf,48,ROK Navy 1965,South Korea,military,Navy,M,1965,mass,Weight,kg,60.1,,141,,,,B,Table 1-30 mean by branch (SD not given by branch); accepted because consistent with pooled Table 1-10 (checked vs implied Army mean / branch SE). Navy sample has many senior officers (mean age 27). 
korea,reports/korea/AD0661625.pdf,48,ROK Marines 1965,South Korea,military,Marine Corps,M,1965,mass,Weight,kg,60.1,,167,,,,B,Table 1-30 mean by branch (SD not given by branch); accepted because consistent with pooled Table 1-10 (checked vs implied Army mean / branch SE). Navy sample has many senior officers (mean age 27). 
korea,reports/korea/AD0661625.pdf,48,ROK Air Force 1965,South Korea,military,Air Force,M,1965,mass,Weight,kg,59.4,,190,,,,B,Table 1-30 mean by branch (SD not given by branch); accepted because consistent with pooled Table 1-10 (checked vs implied Army mean / branch SE). Navy sample has many senior officers (mean age 27). 
korea,reports/korea/AD0661625.pdf,26,"ROK Armed Forces total sample 1965 (Army, Air Force, Navy, Marine)",South Korea,military,Tri-service,M,1965,other:juxta_nipple_skinfold,Juxta-nipple skinfold,cm,4.0,1.4,3747,,,,B,"Table 1-10 pooled statistics; SD/mean matches printed CV; hand annotations on scan ignored (printed values used). skinfold thickness printed in cm, converted to mm"
korea,reports/korea/AD0661625.pdf,48,ROK Army 1965,South Korea,military,Army,M,1965,other:juxta_nipple_skinfold,Juxta-nipple skinfold,cm,4.4,,3249,,,,B,"Table 1-30 mean by branch (SD not given by branch); accepted because consistent with pooled Table 1-10 (checked vs implied Army mean / branch SE). Navy sample has many senior officers (mean age 27). skinfold thickness printed in cm, converted to mm"
korea,reports/korea/AD0661625.pdf,26,"ROK Armed Forces total sample 1965 (Army, Air Force, Navy, Marine)",South Korea,military,Tri-service,M,1965,other:sub_scapular_skinfold,Sub-scapular skinfold,cm,7.7,2.0,3747,,,,B,"Table 1-10 pooled statistics; SD/mean matches printed CV; hand annotations on scan ignored (printed values used). skinfold thickness printed in cm, converted to mm"
korea,reports/korea/AD0661625.pdf,48,ROK Marines 1965,South Korea,military,Marine Corps,M,1965,other:sub_scapular_skinfold,Sub-scapular skinfold,cm,7.6,,167,,,,B,"Table 1-30 mean by branch (SD not given by branch); accepted because consistent with pooled Table 1-10 (checked vs implied Army mean / branch SE). Navy sample has many senior officers (mean age 27). skinfold thickness printed in cm, converted to mm"
korea,reports/korea/AD0661625.pdf,26,"ROK Armed Forces total sample 1965 (Army, Air Force, Navy, Marine)",South Korea,military,Tri-service,M,1965,other:mid_axillary_skinfold,Mid-axillary skinfold,cm,4.4,1.3,3747,,,,B,"Table 1-10 pooled statistics; SD/mean matches printed CV; hand annotations on scan ignored (printed values used). skinfold thickness printed in cm, converted to mm"
korea,reports/korea/AD0661625.pdf,48,ROK Army 1965,South Korea,military,Army,M,1965,other:mid_axillary_skinfold,Mid-axillary skinfold,cm,4.8,,3249,,,,B,"Table 1-30 mean by branch (SD not given by branch); accepted because consistent with pooled Table 1-10 (checked vs implied Army mean / branch SE). Navy sample has many senior officers (mean age 27). skinfold thickness printed in cm, converted to mm"
korea,reports/korea/AD0661625.pdf,26,"ROK Armed Forces total sample 1965 (Army, Air Force, Navy, Marine)",South Korea,military,Tri-service,M,1965,other:triceps_skinfold,Triceps skinfold,cm,5.3,1.7,3747,,,,B,"Table 1-10 pooled statistics; SD/mean matches printed CV; hand annotations on scan ignored (printed values used). skinfold thickness printed in cm, converted to mm"
korea,reports/korea/AD0661625.pdf,48,ROK Army 1965,South Korea,military,Army,M,1965,other:triceps_skinfold,Triceps skinfold,cm,5.4,,3249,,,,B,"Table 1-30 mean by branch (SD not given by branch); accepted because consistent with pooled Table 1-10 (checked vs implied Army mean / branch SE). Navy sample has many senior officers (mean age 27). skinfold thickness printed in cm, converted to mm"
korea,reports/korea/AD0661625.pdf,48,ROK Navy 1965,South Korea,military,Navy,M,1965,other:triceps_skinfold,Triceps skinfold,cm,4.8,,141,,,,B,"Table 1-30 mean by branch (SD not given by branch); accepted because consistent with pooled Table 1-10 (checked vs implied Army mean / branch SE). Navy sample has many senior officers (mean age 27). skinfold thickness printed in cm, converted to mm"
korea,reports/korea/AD0661625.pdf,48,ROK Air Force 1965,South Korea,military,Air Force,M,1965,other:triceps_skinfold,Triceps skinfold,cm,5.7,,190,,,,B,"Table 1-30 mean by branch (SD not given by branch); accepted because consistent with pooled Table 1-10 (checked vs implied Army mean / branch SE). Navy sample has many senior officers (mean age 27). skinfold thickness printed in cm, converted to mm"
