source_id,source_file,page,population,country,population_type,service_role,sex,year_start,measure_key,measure_label,unit_original,mean,sd,n,p5,p50,p95,quality,notes
de-2024-scheit-bundeswehr-obesity,reports/openaccess/de-2024-scheit-bundeswehr-obesity.pdf,3,"Bundeswehr soldiers, mandatory health examinations 2018-2022 (89.6% men, 18.3% officers)",Germany,military,Tri-service,both,2018,age,Alter (Jahre),years,34.20,8.70,40165,,33.00,,A,"Table 1 total sample after data cleaning; both sexes pooled (10.4% women); Table 1 prints P25/P50/P75 only, P50 stored; CC BY 4.0"
de-2024-scheit-bundeswehr-obesity,reports/openaccess/de-2024-scheit-bundeswehr-obesity.pdf,3,"Bundeswehr soldiers, mandatory health examinations 2018-2022 (89.6% men, 18.3% officers)",Germany,military,Tri-service,both,2018,bmi,BMI (kg/m²),kg/m²,26.80,3.70,40165,,26.30,,A,"Table 1 total sample after data cleaning; both sexes pooled (10.4% women); Table 1 prints P25/P50/P75 only, P50 stored; CC BY 4.0"
de-2024-scheit-bundeswehr-obesity,reports/openaccess/de-2024-scheit-bundeswehr-obesity.pdf,3,"Bundeswehr soldiers, mandatory health examinations 2018-2022 (89.6% men, 18.3% officers)",Germany,military,Tri-service,both,2018,waist_circumference,Taillenumfang (cm),cm,921.00,114.00,40165,,910.00,,A,"Table 1 total sample after data cleaning; both sexes pooled (10.4% women); Table 1 prints P25/P50/P75 only, P50 stored; CC BY 4.0; waist landmark not stated"
de-2020-scheit-medical-officers-hamburg,https://wmm.pic-mediaserver.de/index.php?a=202005_202005_wmm202005_S170_Praeventivmed_Scheit&f=artikel,,"Bundeswehr medical officers (physicians), Bundeswehr Hospital Hamburg",Germany,military,Officers,M,,waist_circumference,Taillenumfang (Bauchumfang),cm,857.00,,,,,,C,"Values quoted in the article text (Table 4 itself is an image); n = 48 physicians in total, n per sex not printed; year of measurement not stated"
de-2020-scheit-medical-officers-hamburg,https://wmm.pic-mediaserver.de/index.php?a=202005_202005_wmm202005_S170_Praeventivmed_Scheit&f=artikel,,"Bundeswehr medical officers (physicians), Bundeswehr Hospital Hamburg",Germany,military,Officers,F,,waist_circumference,Taillenumfang (Bauchumfang),cm,758.00,,,,,,C,"Values quoted in the article text (Table 4 itself is an image); n = 48 physicians in total, n per sex not printed; year of measurement not stated"
nl-1989-schuffel-dutchmil85,reports/openaccess/nl-1989-schuffel-dutchmil85.pdf,2,"Dutch male military personnel, Dutchmil '85 (Royal Netherlands Army combat-clothing survey, 1010 subjects)",Netherlands,military,Army,M,1985,stature,"Lichaamslengte (cm, ongeschoeid)",cm,1802.00,67.00,1000,,,,A,"Dutchmil '85 database (1010 KL soldiers measured for PSU'80 combat clothing; persons <1.57 m or >1.99 m excluded); scanned article with text layer, values checked against page image; Fig. 3 result box: n 1000, range 159.5-200.0 cm; comparison table on p.3 prints 180.3"
nl-1989-schuffel-dutchmil85,reports/openaccess/nl-1989-schuffel-dutchmil85.pdf,3,"Dutch male military personnel, Dutchmil '85 (Royal Netherlands Army combat-clothing survey, 1010 subjects)",Netherlands,military,Army,M,1985,mass,Gewicht (kg),kg,76.20,9.60,,,,,A,"Dutchmil '85 database (1010 KL soldiers measured for PSU'80 combat clothing; persons <1.57 m or >1.99 m excluded); scanned article with text layer, values checked against page image; comparison table 'Lichaamslengte en gewicht van militaire personen'; n not printed for weight"
nl-1989-schuffel-dutchmil85,reports/openaccess/nl-1989-schuffel-dutchmil85.pdf,2,"Dutch male military personnel, Dutchmil '85 (Royal Netherlands Army combat-clothing survey, 1010 subjects)",Netherlands,military,Army,M,1985,other:eye_height_standing,Ooghoogte staand,cm,1683.00,65.00,,,,,B,"Dutchmil '85 database (1010 KL soldiers measured for PSU'80 combat clothing; persons <1.57 m or >1.99 m excluded); scanned article with text layer, values checked against page image; Fig. 1 table, n not printed; eye height standing"
nl-1989-schuffel-dutchmil85,reports/openaccess/nl-1989-schuffel-dutchmil85.pdf,2,"Dutch male military personnel, Dutchmil '85 (Royal Netherlands Army combat-clothing survey, 1010 subjects)",Netherlands,military,Army,M,1985,eye_height_sitting,Ooghoogte zittend,cm,818.00,31.00,,,,,B,"Dutchmil '85 database (1010 KL soldiers measured for PSU'80 combat clothing; persons <1.57 m or >1.99 m excluded); scanned article with text layer, values checked against page image; Fig. 1 table, n not printed"
nl-1989-schuffel-dutchmil85,reports/openaccess/nl-1989-schuffel-dutchmil85.pdf,2,"Dutch male military personnel, Dutchmil '85 (Royal Netherlands Army combat-clothing survey, 1010 subjects)",Netherlands,military,Army,M,1985,elbow_rest_height,Elleboog-zitvlakhoogte,cm,247.00,23.00,,,,,B,"Dutchmil '85 database (1010 KL soldiers measured for PSU'80 combat clothing; persons <1.57 m or >1.99 m excluded); scanned article with text layer, values checked against page image; Fig. 1 table, n not printed; elbow to seat surface height"
nl-1989-schuffel-dutchmil85,reports/openaccess/nl-1989-schuffel-dutchmil85.pdf,2,"Dutch male military personnel, Dutchmil '85 (Royal Netherlands Army combat-clothing survey, 1010 subjects)",Netherlands,military,Army,M,1985,popliteal_height,Zithoogte,cm,445.00,25.00,,,,,B,"Dutchmil '85 database (1010 KL soldiers measured for PSU'80 combat clothing; persons <1.57 m or >1.99 m excluded); scanned article with text layer, values checked against page image; Fig. 1 table, n not printed; Dutch 'zithoogte' here = seat (popliteal) height, E5 in Fig. 1, not sitting height"
nl-1989-schuffel-dutchmil85,reports/openaccess/nl-1989-schuffel-dutchmil85.pdf,2,"Dutch male military personnel, Dutchmil '85 (Royal Netherlands Army combat-clothing survey, 1010 subjects)",Netherlands,military,Army,M,1985,buttock_popliteal_length,Zitdiepte,cm,510.00,25.00,,,,,B,"Dutchmil '85 database (1010 KL soldiers measured for PSU'80 combat clothing; persons <1.57 m or >1.99 m excluded); scanned article with text layer, values checked against page image; Fig. 1 table, n not printed; seat depth = buttock-popliteal length"
nl-1989-schuffel-dutchmil85,reports/openaccess/nl-1989-schuffel-dutchmil85.pdf,2,"Dutch male military personnel, Dutchmil '85 (Royal Netherlands Army combat-clothing survey, 1010 subjects)",Netherlands,military,Army,M,1985,buttock_knee_length,Bil-kniediepte,cm,629.00,27.00,,,,,B,"Dutchmil '85 database (1010 KL soldiers measured for PSU'80 combat clothing; persons <1.57 m or >1.99 m excluded); scanned article with text layer, values checked against page image; Fig. 1 table, n not printed"
fi-2016-reservists-fitness-2015,reports/openaccess/fi-2016-reservists-fitness-2015.pdf,37,"Finnish Army reservists at refresher training 2015 (men, 20-34 y)",Finland,military,Cadre/other military,M,2015,stature,Pituus (cm),cm,1794.00,63.00,750,,,,A,Table 28 body composition; main sample men (women n=15 reported separately in Appendix 2); measured 2015 at 7 refresher exercises; InBody bioimpedance for body fat; min 157 max 198; text gives 179.5
fi-2016-reservists-fitness-2015,reports/openaccess/fi-2016-reservists-fitness-2015.pdf,37,"Finnish Army reservists at refresher training 2015 (men, 20-34 y)",Finland,military,Cadre/other military,M,2015,mass,Paino (kg),kg,81.30,15.00,754,,,,A,Table 28 body composition; main sample men (women n=15 reported separately in Appendix 2); measured 2015 at 7 refresher exercises; InBody bioimpedance for body fat; min 49.2 max 161.2; text gives SD 14.9
fi-2016-reservists-fitness-2015,reports/openaccess/fi-2016-reservists-fitness-2015.pdf,37,"Finnish Army reservists at refresher training 2015 (men, 20-34 y)",Finland,military,Cadre/other military,M,2015,bmi,Painoindeksi,kg/m²,25.20,4.10,754,,,,A,Table 28 body composition; main sample men (women n=15 reported separately in Appendix 2); measured 2015 at 7 refresher exercises; InBody bioimpedance for body fat
fi-2016-reservists-fitness-2015,reports/openaccess/fi-2016-reservists-fitness-2015.pdf,37,"Finnish Army reservists at refresher training 2015 (men, 20-34 y)",Finland,military,Cadre/other military,M,2015,other:body_fat_percent,Rasvaprosentti,%,17.70,7.90,754,,,,A,Table 28 body composition; main sample men (women n=15 reported separately in Appendix 2); measured 2015 at 7 refresher exercises; InBody bioimpedance for body fat; unit percent body fat
fi-2016-reservists-fitness-2015,reports/openaccess/fi-2016-reservists-fitness-2015.pdf,37,"Finnish Army reservists at refresher training 2015 (men, 20-34 y)",Finland,military,Cadre/other military,M,2015,waist_circumference,Vyötärönympärys (cm),cm,874.00,111.00,750,,,,A,Table 28 body composition; main sample men (women n=15 reported separately in Appendix 2); measured 2015 at 7 refresher exercises; InBody bioimpedance for body fat; waist measured midway between iliac crest and lowest rib
fi-2016-reservists-fitness-2015,reports/openaccess/fi-2016-reservists-fitness-2015.pdf,132,Finnish Army reservists at refresher training 2015 (women),Finland,military,Cadre/other military,F,2015,stature,"Pituus, cm",cm,1653.00,59.00,15,,,,A,Appendix 2 (Liite 2) women's results; small sample
fi-2016-reservists-fitness-2015,reports/openaccess/fi-2016-reservists-fitness-2015.pdf,132,Finnish Army reservists at refresher training 2015 (women),Finland,military,Cadre/other military,F,2015,mass,"Paino, kg",kg,69.30,15.80,15,,,,A,Appendix 2 (Liite 2) women's results; small sample
fi-2016-reservists-fitness-2015,reports/openaccess/fi-2016-reservists-fitness-2015.pdf,132,Finnish Army reservists at refresher training 2015 (women),Finland,military,Cadre/other military,F,2015,waist_circumference,"Vyötärönympärys, cm",cm,775.00,105.00,15,,,,A,Appendix 2 (Liite 2) women's results; small sample
fi-2016-reservists-fitness-2015,reports/openaccess/fi-2016-reservists-fitness-2015.pdf,132,Finnish Army reservists at refresher training 2015 (women),Finland,military,Cadre/other military,F,2015,bmi,BMI,kg/m²,25.60,6.20,15,,,,A,Appendix 2 (Liite 2) women's results; small sample
fi-2016-reservists-fitness-2015,reports/openaccess/fi-2016-reservists-fitness-2015.pdf,132,Finnish Army reservists at refresher training 2015 (women),Finland,military,Cadre/other military,F,2015,other:body_fat_percent,Rasvaprosentti,%,31.50,9.60,15,,,,A,Appendix 2 (Liite 2) women's results; small sample; unit percent body fat
fi-2016-reservists-fitness-2015,reports/openaccess/fi-2016-reservists-fitness-2015.pdf,218,"Finnish Army reservists at refresher training 2003 (men, unweighted)",Finland,military,Cadre/other military,M,2003,waist_circumference,"Vyötärönympärys, cm",cm,909.00,107.00,856,,,,A,"Appendix table 14 (Liitetaulukko 14): unweighted results of the 2003, 2008 and 2015 reservist studies; height printed in m with 2 decimals; the 2015 column is a smaller subset than Table 28"
fi-2016-reservists-fitness-2015,reports/openaccess/fi-2016-reservists-fitness-2015.pdf,218,"Finnish Army reservists at refresher training 2003 (men, unweighted)",Finland,military,Cadre/other military,M,2003,stature,"Pituus, m",m,1790.00,60.00,857,,,,A,"Appendix table 14 (Liitetaulukko 14): unweighted results of the 2003, 2008 and 2015 reservist studies; height printed in m with 2 decimals; the 2015 column is a smaller subset than Table 28"
fi-2016-reservists-fitness-2015,reports/openaccess/fi-2016-reservists-fitness-2015.pdf,218,"Finnish Army reservists at refresher training 2003 (men, unweighted)",Finland,military,Cadre/other military,M,2003,mass,"Paino, kg",kg,80.80,13.40,857,,,,A,"Appendix table 14 (Liitetaulukko 14): unweighted results of the 2003, 2008 and 2015 reservist studies; height printed in m with 2 decimals; the 2015 column is a smaller subset than Table 28"
fi-2016-reservists-fitness-2015,reports/openaccess/fi-2016-reservists-fitness-2015.pdf,218,"Finnish Army reservists at refresher training 2003 (men, unweighted)",Finland,military,Cadre/other military,M,2003,bmi,BMI,kg/m²,25.20,3.80,857,,,,A,"Appendix table 14 (Liitetaulukko 14): unweighted results of the 2003, 2008 and 2015 reservist studies; height printed in m with 2 decimals; the 2015 column is a smaller subset than Table 28"
fi-2016-reservists-fitness-2015,reports/openaccess/fi-2016-reservists-fitness-2015.pdf,218,"Finnish Army reservists at refresher training 2008 (men, unweighted)",Finland,military,Cadre/other military,M,2008,waist_circumference,"Vyötärönympärys, cm",cm,860.00,104.00,801,,,,A,"Appendix table 14 (Liitetaulukko 14): unweighted results of the 2003, 2008 and 2015 reservist studies; height printed in m with 2 decimals; the 2015 column is a smaller subset than Table 28"
fi-2016-reservists-fitness-2015,reports/openaccess/fi-2016-reservists-fitness-2015.pdf,218,"Finnish Army reservists at refresher training 2008 (men, unweighted)",Finland,military,Cadre/other military,M,2008,stature,"Pituus, m",m,1800.00,60.00,801,,,,A,"Appendix table 14 (Liitetaulukko 14): unweighted results of the 2003, 2008 and 2015 reservist studies; height printed in m with 2 decimals; the 2015 column is a smaller subset than Table 28"
fi-2016-reservists-fitness-2015,reports/openaccess/fi-2016-reservists-fitness-2015.pdf,218,"Finnish Army reservists at refresher training 2008 (men, unweighted)",Finland,military,Cadre/other military,M,2008,mass,"Paino, kg",kg,80.50,13.50,800,,,,A,"Appendix table 14 (Liitetaulukko 14): unweighted results of the 2003, 2008 and 2015 reservist studies; height printed in m with 2 decimals; the 2015 column is a smaller subset than Table 28"
fi-2016-reservists-fitness-2015,reports/openaccess/fi-2016-reservists-fitness-2015.pdf,218,"Finnish Army reservists at refresher training 2008 (men, unweighted)",Finland,military,Cadre/other military,M,2008,bmi,BMI,kg/m²,24.70,3.80,800,,,,A,"Appendix table 14 (Liitetaulukko 14): unweighted results of the 2003, 2008 and 2015 reservist studies; height printed in m with 2 decimals; the 2015 column is a smaller subset than Table 28"
fi-2016-reservists-fitness-2015,reports/openaccess/fi-2016-reservists-fitness-2015.pdf,218,"Finnish Army reservists at refresher training 2015 (men, unweighted)",Finland,military,Cadre/other military,M,2015,waist_circumference,"Vyötärönympärys, cm",cm,865.00,109.00,661,,,,A,"Appendix table 14 (Liitetaulukko 14): unweighted results of the 2003, 2008 and 2015 reservist studies; height printed in m with 2 decimals; the 2015 column is a smaller subset than Table 28"
fi-2016-reservists-fitness-2015,reports/openaccess/fi-2016-reservists-fitness-2015.pdf,218,"Finnish Army reservists at refresher training 2015 (men, unweighted)",Finland,military,Cadre/other military,M,2015,stature,"Pituus, m",m,1790.00,60.00,661,,,,A,"Appendix table 14 (Liitetaulukko 14): unweighted results of the 2003, 2008 and 2015 reservist studies; height printed in m with 2 decimals; the 2015 column is a smaller subset than Table 28"
fi-2016-reservists-fitness-2015,reports/openaccess/fi-2016-reservists-fitness-2015.pdf,218,"Finnish Army reservists at refresher training 2015 (men, unweighted)",Finland,military,Cadre/other military,M,2015,mass,"Paino, kg",kg,80.50,15.20,662,,,,A,"Appendix table 14 (Liitetaulukko 14): unweighted results of the 2003, 2008 and 2015 reservist studies; height printed in m with 2 decimals; the 2015 column is a smaller subset than Table 28"
fi-2016-reservists-fitness-2015,reports/openaccess/fi-2016-reservists-fitness-2015.pdf,218,"Finnish Army reservists at refresher training 2015 (men, unweighted)",Finland,military,Cadre/other military,M,2015,bmi,BMI,kg/m²,24.90,4.20,,,,,A,"Appendix table 14 (Liitetaulukko 14): unweighted results of the 2003, 2008 and 2015 reservist studies; height printed in m with 2 decimals; the 2015 column is a smaller subset than Table 28; n cut off at page break"
fi-2008-jallinoja-varu-conscripts,reports/openaccess/fi-2008-jallinoja-varu-conscripts.pdf,31,"Finnish conscripts entering service, Panssariprikaati (Armoured Brigade) January 2007 intake",Finland,military,Recruits/trainees,M,2007,bmi,Painoindeksi (kg/m2),kg/m²,23.30,,250,,,,A,"VARU intervention study, measurements in first week of service, Jan and Jul 2007 intakes; tables print means and % distributions only (no SD); Table 16"
fi-2008-jallinoja-varu-conscripts,reports/openaccess/fi-2008-jallinoja-varu-conscripts.pdf,32,"Finnish conscripts entering service, Panssariprikaati (Armoured Brigade) January 2007 intake",Finland,military,Recruits/trainees,M,2007,waist_circumference,Vyötärönympärys (cm),cm,854.00,,259,,,,A,"VARU intervention study, measurements in first week of service, Jan and Jul 2007 intakes; tables print means and % distributions only (no SD); Table 17; waist midway between iliac crest and lowest rib"
fi-2008-jallinoja-varu-conscripts,reports/openaccess/fi-2008-jallinoja-varu-conscripts.pdf,32,"Finnish conscripts entering service, Panssariprikaati (Armoured Brigade) January 2007 intake",Finland,military,Recruits/trainees,M,2007,other:body_fat_percent,Rasvaprosentti,%,16.40,,259,,,,A,"VARU intervention study, measurements in first week of service, Jan and Jul 2007 intakes; tables print means and % distributions only (no SD); Table 18; bioimpedance; unit percent body fat"
fi-2008-jallinoja-varu-conscripts,reports/openaccess/fi-2008-jallinoja-varu-conscripts.pdf,31,"Finnish conscripts entering service, Panssariprikaati (Armoured Brigade) July 2007 intake",Finland,military,Recruits/trainees,M,2007,bmi,Painoindeksi (kg/m2),kg/m²,23.30,,262,,,,A,"VARU intervention study, measurements in first week of service, Jan and Jul 2007 intakes; tables print means and % distributions only (no SD); Table 16"
fi-2008-jallinoja-varu-conscripts,reports/openaccess/fi-2008-jallinoja-varu-conscripts.pdf,32,"Finnish conscripts entering service, Panssariprikaati (Armoured Brigade) July 2007 intake",Finland,military,Recruits/trainees,M,2007,waist_circumference,Vyötärönympärys (cm),cm,831.00,,262,,,,A,"VARU intervention study, measurements in first week of service, Jan and Jul 2007 intakes; tables print means and % distributions only (no SD); Table 17; waist midway between iliac crest and lowest rib"
fi-2008-jallinoja-varu-conscripts,reports/openaccess/fi-2008-jallinoja-varu-conscripts.pdf,32,"Finnish conscripts entering service, Panssariprikaati (Armoured Brigade) July 2007 intake",Finland,military,Recruits/trainees,M,2007,other:body_fat_percent,Rasvaprosentti,%,16.10,,262,,,,A,"VARU intervention study, measurements in first week of service, Jan and Jul 2007 intakes; tables print means and % distributions only (no SD); Table 18; bioimpedance; unit percent body fat"
fi-2008-jallinoja-varu-conscripts,reports/openaccess/fi-2008-jallinoja-varu-conscripts.pdf,31,"Finnish conscripts entering service, Kainuun Prikaati (Kainuu Brigade) January 2007 intake",Finland,military,Recruits/trainees,M,2007,bmi,Painoindeksi (kg/m2),kg/m²,24.60,,284,,,,A,"VARU intervention study, measurements in first week of service, Jan and Jul 2007 intakes; tables print means and % distributions only (no SD); Table 16"
fi-2008-jallinoja-varu-conscripts,reports/openaccess/fi-2008-jallinoja-varu-conscripts.pdf,32,"Finnish conscripts entering service, Kainuun Prikaati (Kainuu Brigade) January 2007 intake",Finland,military,Recruits/trainees,M,2007,waist_circumference,Vyötärönympärys (cm),cm,854.00,,308,,,,A,"VARU intervention study, measurements in first week of service, Jan and Jul 2007 intakes; tables print means and % distributions only (no SD); Table 17; waist midway between iliac crest and lowest rib"
fi-2008-jallinoja-varu-conscripts,reports/openaccess/fi-2008-jallinoja-varu-conscripts.pdf,32,"Finnish conscripts entering service, Kainuun Prikaati (Kainuu Brigade) January 2007 intake",Finland,military,Recruits/trainees,M,2007,other:body_fat_percent,Rasvaprosentti,%,19.70,,93,,,,A,"VARU intervention study, measurements in first week of service, Jan and Jul 2007 intakes; tables print means and % distributions only (no SD); Table 18; bioimpedance; unit percent body fat; fat% obtained for only 93 of 362 for technical reasons"
fi-2008-jallinoja-varu-conscripts,reports/openaccess/fi-2008-jallinoja-varu-conscripts.pdf,31,"Finnish conscripts entering service, Kainuun Prikaati (Kainuu Brigade) July 2007 intake",Finland,military,Recruits/trainees,M,2007,bmi,Painoindeksi (kg/m2),kg/m²,23.70,,315,,,,A,"VARU intervention study, measurements in first week of service, Jan and Jul 2007 intakes; tables print means and % distributions only (no SD); Table 16"
fi-2008-jallinoja-varu-conscripts,reports/openaccess/fi-2008-jallinoja-varu-conscripts.pdf,32,"Finnish conscripts entering service, Kainuun Prikaati (Kainuu Brigade) July 2007 intake",Finland,military,Recruits/trainees,M,2007,waist_circumference,Vyötärönympärys (cm),cm,858.00,,315,,,,A,"VARU intervention study, measurements in first week of service, Jan and Jul 2007 intakes; tables print means and % distributions only (no SD); Table 17; waist midway between iliac crest and lowest rib"
fi-2008-jallinoja-varu-conscripts,reports/openaccess/fi-2008-jallinoja-varu-conscripts.pdf,32,"Finnish conscripts entering service, Kainuun Prikaati (Kainuu Brigade) July 2007 intake",Finland,military,Recruits/trainees,M,2007,other:body_fat_percent,Rasvaprosentti,%,17.20,,333,,,,A,"VARU intervention study, measurements in first week of service, Jan and Jul 2007 intakes; tables print means and % distributions only (no SD); Table 18; bioimpedance; unit percent body fat"
fi-2008-jallinoja-varu-conscripts,reports/openaccess/fi-2008-jallinoja-varu-conscripts.pdf,31,"Finnish conscripts entering service, both brigades, all 2007 intakes",Finland,military,Recruits/trainees,M,2007,bmi,Painoindeksi (kg/m2),kg/m²,23.70,,1111,,,,A,"VARU intervention study, measurements in first week of service, Jan and Jul 2007 intakes; tables print means and % distributions only (no SD); Table 16"
fi-2008-jallinoja-varu-conscripts,reports/openaccess/fi-2008-jallinoja-varu-conscripts.pdf,32,"Finnish conscripts entering service, both brigades, all 2007 intakes",Finland,military,Recruits/trainees,M,2007,waist_circumference,Vyötärönympärys (cm),cm,850.00,,1144,,,,A,"VARU intervention study, measurements in first week of service, Jan and Jul 2007 intakes; tables print means and % distributions only (no SD); Table 17; waist midway between iliac crest and lowest rib"
fi-2008-jallinoja-varu-conscripts,reports/openaccess/fi-2008-jallinoja-varu-conscripts.pdf,32,"Finnish conscripts entering service, both brigades, all 2007 intakes",Finland,military,Recruits/trainees,M,2007,other:body_fat_percent,Rasvaprosentti,%,16.90,,921,,,,A,"VARU intervention study, measurements in first week of service, Jan and Jul 2007 intakes; tables print means and % distributions only (no SD); Table 18; bioimpedance; unit percent body fat"
fi-2008-jallinoja-varu-conscripts,reports/openaccess/fi-2008-jallinoja-varu-conscripts.pdf,31,"Finnish conscripts entering service, both brigades, all 2007 intakes",Finland,military,Recruits/trainees,M,2007,mass,paino (kg),kg,75.00,,,,,,A,"VARU intervention study, measurements in first week of service, Jan and Jul 2007 intakes; tables print means and % distributions only (no SD); from text: 'Keskimäärin palveluksensa aloittaneiden paino oli 75 kiloa' (rounded); n not printed for weight"
fi-2020-pihlainen-kritoky,reports/openaccess/fi-2020-pihlainen-kritoky.pdf,2,"Finnish male soldiers in a crisis-management (peacekeeping) operation, KRITOKY study",Finland,military,Cadre/other military,M,,age,ikä (vuotta),years,30.00,8.00,91,,,,A,Sample description in article text (mean±SD); 91 volunteer male soldiers with 6-12 month deployment; operation year not stated
fi-2020-pihlainen-kritoky,reports/openaccess/fi-2020-pihlainen-kritoky.pdf,2,"Finnish male soldiers in a crisis-management (peacekeeping) operation, KRITOKY study",Finland,military,Cadre/other military,M,,mass,paino (kg),kg,79.00,8.00,91,,,,A,Sample description in article text (mean±SD); 91 volunteer male soldiers with 6-12 month deployment; operation year not stated
fi-2020-pihlainen-kritoky,reports/openaccess/fi-2020-pihlainen-kritoky.pdf,2,"Finnish male soldiers in a crisis-management (peacekeeping) operation, KRITOKY study",Finland,military,Cadre/other military,M,,stature,pituus (cm),cm,1800.00,70.00,91,,,,A,Sample description in article text (mean±SD); 91 volunteer male soldiers with 6-12 month deployment; operation year not stated
fi-2020-pihlainen-kritoky,reports/openaccess/fi-2020-pihlainen-kritoky.pdf,2,"Finnish male soldiers in a crisis-management (peacekeeping) operation, KRITOKY study",Finland,military,Cadre/other military,M,,bmi,BMI (kg/m2),kg/m²,25.00,2.00,91,,,,A,Sample description in article text (mean±SD); 91 volunteer male soldiers with 6-12 month deployment; operation year not stated
fi-2021-conscript-fitness-trends,reports/openaccess/fi-2021-conscript-fitness-trends.pdf,4,"Finnish male conscripts at start of service, 1993 (all intakes)",Finland,military,Recruits/trainees,M,1993,mass,Keskipaino (kg),kg,70.80,,,,,,A,Data labels on the Defence Forces Training Division chart 'Varusmiespalveluksen aloittaneiden miesten pituus ja paino 1993-2021'; national conscript fitness-test register (about 20 000 men per year); no SD or n printed; mean height curve is unlabelled (about 178-180 cm) and was not extracted
fi-2021-conscript-fitness-trends,reports/openaccess/fi-2021-conscript-fitness-trends.pdf,4,"Finnish male conscripts at start of service, 1994 (all intakes)",Finland,military,Recruits/trainees,M,1994,mass,Keskipaino (kg),kg,70.80,,,,,,A,Data labels on the Defence Forces Training Division chart 'Varusmiespalveluksen aloittaneiden miesten pituus ja paino 1993-2021'; national conscript fitness-test register (about 20 000 men per year); no SD or n printed; mean height curve is unlabelled (about 178-180 cm) and was not extracted
fi-2021-conscript-fitness-trends,reports/openaccess/fi-2021-conscript-fitness-trends.pdf,4,"Finnish male conscripts at start of service, 1995 (all intakes)",Finland,military,Recruits/trainees,M,1995,mass,Keskipaino (kg),kg,71.20,,,,,,A,Data labels on the Defence Forces Training Division chart 'Varusmiespalveluksen aloittaneiden miesten pituus ja paino 1993-2021'; national conscript fitness-test register (about 20 000 men per year); no SD or n printed; mean height curve is unlabelled (about 178-180 cm) and was not extracted
fi-2021-conscript-fitness-trends,reports/openaccess/fi-2021-conscript-fitness-trends.pdf,4,"Finnish male conscripts at start of service, 1996 (all intakes)",Finland,military,Recruits/trainees,M,1996,mass,Keskipaino (kg),kg,71.20,,,,,,A,Data labels on the Defence Forces Training Division chart 'Varusmiespalveluksen aloittaneiden miesten pituus ja paino 1993-2021'; national conscript fitness-test register (about 20 000 men per year); no SD or n printed; mean height curve is unlabelled (about 178-180 cm) and was not extracted
fi-2021-conscript-fitness-trends,reports/openaccess/fi-2021-conscript-fitness-trends.pdf,4,"Finnish male conscripts at start of service, 1997 (all intakes)",Finland,military,Recruits/trainees,M,1997,mass,Keskipaino (kg),kg,72.10,,,,,,A,Data labels on the Defence Forces Training Division chart 'Varusmiespalveluksen aloittaneiden miesten pituus ja paino 1993-2021'; national conscript fitness-test register (about 20 000 men per year); no SD or n printed; mean height curve is unlabelled (about 178-180 cm) and was not extracted
fi-2021-conscript-fitness-trends,reports/openaccess/fi-2021-conscript-fitness-trends.pdf,4,"Finnish male conscripts at start of service, 1998 (all intakes)",Finland,military,Recruits/trainees,M,1998,mass,Keskipaino (kg),kg,72.80,,,,,,A,Data labels on the Defence Forces Training Division chart 'Varusmiespalveluksen aloittaneiden miesten pituus ja paino 1993-2021'; national conscript fitness-test register (about 20 000 men per year); no SD or n printed; mean height curve is unlabelled (about 178-180 cm) and was not extracted
fi-2021-conscript-fitness-trends,reports/openaccess/fi-2021-conscript-fitness-trends.pdf,4,"Finnish male conscripts at start of service, 1999 (all intakes)",Finland,military,Recruits/trainees,M,1999,mass,Keskipaino (kg),kg,72.50,,,,,,A,Data labels on the Defence Forces Training Division chart 'Varusmiespalveluksen aloittaneiden miesten pituus ja paino 1993-2021'; national conscript fitness-test register (about 20 000 men per year); no SD or n printed; mean height curve is unlabelled (about 178-180 cm) and was not extracted
fi-2021-conscript-fitness-trends,reports/openaccess/fi-2021-conscript-fitness-trends.pdf,4,"Finnish male conscripts at start of service, 2000 (all intakes)",Finland,military,Recruits/trainees,M,2000,mass,Keskipaino (kg),kg,73.00,,,,,,A,Data labels on the Defence Forces Training Division chart 'Varusmiespalveluksen aloittaneiden miesten pituus ja paino 1993-2021'; national conscript fitness-test register (about 20 000 men per year); no SD or n printed; mean height curve is unlabelled (about 178-180 cm) and was not extracted
fi-2021-conscript-fitness-trends,reports/openaccess/fi-2021-conscript-fitness-trends.pdf,4,"Finnish male conscripts at start of service, 2001 (all intakes)",Finland,military,Recruits/trainees,M,2001,mass,Keskipaino (kg),kg,73.20,,,,,,A,Data labels on the Defence Forces Training Division chart 'Varusmiespalveluksen aloittaneiden miesten pituus ja paino 1993-2021'; national conscript fitness-test register (about 20 000 men per year); no SD or n printed; mean height curve is unlabelled (about 178-180 cm) and was not extracted
fi-2021-conscript-fitness-trends,reports/openaccess/fi-2021-conscript-fitness-trends.pdf,4,"Finnish male conscripts at start of service, 2002 (all intakes)",Finland,military,Recruits/trainees,M,2002,mass,Keskipaino (kg),kg,73.90,,,,,,A,Data labels on the Defence Forces Training Division chart 'Varusmiespalveluksen aloittaneiden miesten pituus ja paino 1993-2021'; national conscript fitness-test register (about 20 000 men per year); no SD or n printed; mean height curve is unlabelled (about 178-180 cm) and was not extracted
fi-2021-conscript-fitness-trends,reports/openaccess/fi-2021-conscript-fitness-trends.pdf,4,"Finnish male conscripts at start of service, 2003 (all intakes)",Finland,military,Recruits/trainees,M,2003,mass,Keskipaino (kg),kg,74.60,,,,,,A,Data labels on the Defence Forces Training Division chart 'Varusmiespalveluksen aloittaneiden miesten pituus ja paino 1993-2021'; national conscript fitness-test register (about 20 000 men per year); no SD or n printed; mean height curve is unlabelled (about 178-180 cm) and was not extracted
fi-2021-conscript-fitness-trends,reports/openaccess/fi-2021-conscript-fitness-trends.pdf,4,"Finnish male conscripts at start of service, 2004 (all intakes)",Finland,military,Recruits/trainees,M,2004,mass,Keskipaino (kg),kg,75.20,,,,,,A,Data labels on the Defence Forces Training Division chart 'Varusmiespalveluksen aloittaneiden miesten pituus ja paino 1993-2021'; national conscript fitness-test register (about 20 000 men per year); no SD or n printed; mean height curve is unlabelled (about 178-180 cm) and was not extracted
fi-2021-conscript-fitness-trends,reports/openaccess/fi-2021-conscript-fitness-trends.pdf,4,"Finnish male conscripts at start of service, 2005 (all intakes)",Finland,military,Recruits/trainees,M,2005,mass,Keskipaino (kg),kg,76.60,,,,,,A,Data labels on the Defence Forces Training Division chart 'Varusmiespalveluksen aloittaneiden miesten pituus ja paino 1993-2021'; national conscript fitness-test register (about 20 000 men per year); no SD or n printed; mean height curve is unlabelled (about 178-180 cm) and was not extracted
fi-2021-conscript-fitness-trends,reports/openaccess/fi-2021-conscript-fitness-trends.pdf,4,"Finnish male conscripts at start of service, 2006 (all intakes)",Finland,military,Recruits/trainees,M,2006,mass,Keskipaino (kg),kg,77.00,,,,,,A,Data labels on the Defence Forces Training Division chart 'Varusmiespalveluksen aloittaneiden miesten pituus ja paino 1993-2021'; national conscript fitness-test register (about 20 000 men per year); no SD or n printed; mean height curve is unlabelled (about 178-180 cm) and was not extracted
fi-2021-conscript-fitness-trends,reports/openaccess/fi-2021-conscript-fitness-trends.pdf,4,"Finnish male conscripts at start of service, 2007 (all intakes)",Finland,military,Recruits/trainees,M,2007,mass,Keskipaino (kg),kg,77.10,,,,,,A,Data labels on the Defence Forces Training Division chart 'Varusmiespalveluksen aloittaneiden miesten pituus ja paino 1993-2021'; national conscript fitness-test register (about 20 000 men per year); no SD or n printed; mean height curve is unlabelled (about 178-180 cm) and was not extracted
fi-2021-conscript-fitness-trends,reports/openaccess/fi-2021-conscript-fitness-trends.pdf,4,"Finnish male conscripts at start of service, 2008 (all intakes)",Finland,military,Recruits/trainees,M,2008,mass,Keskipaino (kg),kg,76.80,,,,,,A,Data labels on the Defence Forces Training Division chart 'Varusmiespalveluksen aloittaneiden miesten pituus ja paino 1993-2021'; national conscript fitness-test register (about 20 000 men per year); no SD or n printed; mean height curve is unlabelled (about 178-180 cm) and was not extracted
fi-2021-conscript-fitness-trends,reports/openaccess/fi-2021-conscript-fitness-trends.pdf,4,"Finnish male conscripts at start of service, 2009 (all intakes)",Finland,military,Recruits/trainees,M,2009,mass,Keskipaino (kg),kg,77.40,,,,,,A,Data labels on the Defence Forces Training Division chart 'Varusmiespalveluksen aloittaneiden miesten pituus ja paino 1993-2021'; national conscript fitness-test register (about 20 000 men per year); no SD or n printed; mean height curve is unlabelled (about 178-180 cm) and was not extracted
fi-2021-conscript-fitness-trends,reports/openaccess/fi-2021-conscript-fitness-trends.pdf,4,"Finnish male conscripts at start of service, 2010 (all intakes)",Finland,military,Recruits/trainees,M,2010,mass,Keskipaino (kg),kg,76.70,,,,,,A,Data labels on the Defence Forces Training Division chart 'Varusmiespalveluksen aloittaneiden miesten pituus ja paino 1993-2021'; national conscript fitness-test register (about 20 000 men per year); no SD or n printed; mean height curve is unlabelled (about 178-180 cm) and was not extracted
fi-2021-conscript-fitness-trends,reports/openaccess/fi-2021-conscript-fitness-trends.pdf,4,"Finnish male conscripts at start of service, 2011 (all intakes)",Finland,military,Recruits/trainees,M,2011,mass,Keskipaino (kg),kg,76.50,,,,,,A,Data labels on the Defence Forces Training Division chart 'Varusmiespalveluksen aloittaneiden miesten pituus ja paino 1993-2021'; national conscript fitness-test register (about 20 000 men per year); no SD or n printed; mean height curve is unlabelled (about 178-180 cm) and was not extracted
fi-2021-conscript-fitness-trends,reports/openaccess/fi-2021-conscript-fitness-trends.pdf,4,"Finnish male conscripts at start of service, 2012 (all intakes)",Finland,military,Recruits/trainees,M,2012,mass,Keskipaino (kg),kg,76.90,,,,,,A,Data labels on the Defence Forces Training Division chart 'Varusmiespalveluksen aloittaneiden miesten pituus ja paino 1993-2021'; national conscript fitness-test register (about 20 000 men per year); no SD or n printed; mean height curve is unlabelled (about 178-180 cm) and was not extracted
fi-2021-conscript-fitness-trends,reports/openaccess/fi-2021-conscript-fitness-trends.pdf,4,"Finnish male conscripts at start of service, 2013 (all intakes)",Finland,military,Recruits/trainees,M,2013,mass,Keskipaino (kg),kg,77.00,,,,,,A,Data labels on the Defence Forces Training Division chart 'Varusmiespalveluksen aloittaneiden miesten pituus ja paino 1993-2021'; national conscript fitness-test register (about 20 000 men per year); no SD or n printed; mean height curve is unlabelled (about 178-180 cm) and was not extracted
fi-2021-conscript-fitness-trends,reports/openaccess/fi-2021-conscript-fitness-trends.pdf,4,"Finnish male conscripts at start of service, 2014 (all intakes)",Finland,military,Recruits/trainees,M,2014,mass,Keskipaino (kg),kg,77.60,,,,,,A,Data labels on the Defence Forces Training Division chart 'Varusmiespalveluksen aloittaneiden miesten pituus ja paino 1993-2021'; national conscript fitness-test register (about 20 000 men per year); no SD or n printed; mean height curve is unlabelled (about 178-180 cm) and was not extracted
fi-2021-conscript-fitness-trends,reports/openaccess/fi-2021-conscript-fitness-trends.pdf,4,"Finnish male conscripts at start of service, 2015 (all intakes)",Finland,military,Recruits/trainees,M,2015,mass,Keskipaino (kg),kg,77.50,,,,,,A,Data labels on the Defence Forces Training Division chart 'Varusmiespalveluksen aloittaneiden miesten pituus ja paino 1993-2021'; national conscript fitness-test register (about 20 000 men per year); no SD or n printed; mean height curve is unlabelled (about 178-180 cm) and was not extracted
fi-2021-conscript-fitness-trends,reports/openaccess/fi-2021-conscript-fitness-trends.pdf,4,"Finnish male conscripts at start of service, 2016 (all intakes)",Finland,military,Recruits/trainees,M,2016,mass,Keskipaino (kg),kg,77.60,,,,,,A,Data labels on the Defence Forces Training Division chart 'Varusmiespalveluksen aloittaneiden miesten pituus ja paino 1993-2021'; national conscript fitness-test register (about 20 000 men per year); no SD or n printed; mean height curve is unlabelled (about 178-180 cm) and was not extracted
fi-2021-conscript-fitness-trends,reports/openaccess/fi-2021-conscript-fitness-trends.pdf,4,"Finnish male conscripts at start of service, 2017 (all intakes)",Finland,military,Recruits/trainees,M,2017,mass,Keskipaino (kg),kg,77.60,,,,,,A,Data labels on the Defence Forces Training Division chart 'Varusmiespalveluksen aloittaneiden miesten pituus ja paino 1993-2021'; national conscript fitness-test register (about 20 000 men per year); no SD or n printed; mean height curve is unlabelled (about 178-180 cm) and was not extracted
fi-2021-conscript-fitness-trends,reports/openaccess/fi-2021-conscript-fitness-trends.pdf,4,"Finnish male conscripts at start of service, 2018 (all intakes)",Finland,military,Recruits/trainees,M,2018,mass,Keskipaino (kg),kg,77.50,,,,,,A,Data labels on the Defence Forces Training Division chart 'Varusmiespalveluksen aloittaneiden miesten pituus ja paino 1993-2021'; national conscript fitness-test register (about 20 000 men per year); no SD or n printed; mean height curve is unlabelled (about 178-180 cm) and was not extracted
fi-2021-conscript-fitness-trends,reports/openaccess/fi-2021-conscript-fitness-trends.pdf,4,"Finnish male conscripts at start of service, 2019 (all intakes)",Finland,military,Recruits/trainees,M,2019,mass,Keskipaino (kg),kg,78.00,,,,,,A,Data labels on the Defence Forces Training Division chart 'Varusmiespalveluksen aloittaneiden miesten pituus ja paino 1993-2021'; national conscript fitness-test register (about 20 000 men per year); no SD or n printed; mean height curve is unlabelled (about 178-180 cm) and was not extracted
fi-2021-conscript-fitness-trends,reports/openaccess/fi-2021-conscript-fitness-trends.pdf,4,"Finnish male conscripts at start of service, 2020 (all intakes)",Finland,military,Recruits/trainees,M,2020,mass,Keskipaino (kg),kg,78.10,,,,,,A,Data labels on the Defence Forces Training Division chart 'Varusmiespalveluksen aloittaneiden miesten pituus ja paino 1993-2021'; national conscript fitness-test register (about 20 000 men per year); no SD or n printed; mean height curve is unlabelled (about 178-180 cm) and was not extracted
fi-2021-conscript-fitness-trends,reports/openaccess/fi-2021-conscript-fitness-trends.pdf,4,"Finnish male conscripts at start of service, 2021 (all intakes)",Finland,military,Recruits/trainees,M,2021,mass,Keskipaino (kg),kg,78.70,,,,,,A,Data labels on the Defence Forces Training Division chart 'Varusmiespalveluksen aloittaneiden miesten pituus ja paino 1993-2021'; national conscript fitness-test register (about 20 000 men per year); no SD or n printed; mean height curve is unlabelled (about 178-180 cm) and was not extracted
hu-2025-novak-basic-training,reports/openaccess/hu-2025-novak-basic-training.pdf,3,"Hungarian Defence Forces recruits at 9-week basic training EAP 24-2, Tata (257 men, 8 women)",Hungary,military,Recruits/trainees,both,2024,age,életkor (év),years,27.10,7.60,265,,,,A,"Table 1 baseline (D0) descriptive statistics before training, Feb 2024; both sexes pooled; Omron/InBody-type bioimpedance for body composition; CC-licensed open access via REAL repository; range 18-55"
hu-2025-novak-basic-training,reports/openaccess/hu-2025-novak-basic-training.pdf,3,"Hungarian Defence Forces recruits at 9-week basic training EAP 24-2, Tata (257 men, 8 women)",Hungary,military,Recruits/trainees,both,2024,stature,testmagasság (m),m,1757.00,65.00,265,,,,A,"Table 1 baseline (D0) descriptive statistics before training, Feb 2024; both sexes pooled; Omron/InBody-type bioimpedance for body composition; CC-licensed open access via REAL repository; range 1.55-1.92 m"
hu-2025-novak-basic-training,reports/openaccess/hu-2025-novak-basic-training.pdf,3,"Hungarian Defence Forces recruits at 9-week basic training EAP 24-2, Tata (257 men, 8 women)",Hungary,military,Recruits/trainees,both,2024,mass,testtömeg (kg),kg,77.37,13.89,265,,,,A,"Table 1 baseline (D0) descriptive statistics before training, Feb 2024; both sexes pooled; Omron/InBody-type bioimpedance for body composition; CC-licensed open access via REAL repository; range 47.8-124.7"
hu-2025-novak-basic-training,reports/openaccess/hu-2025-novak-basic-training.pdf,3,"Hungarian Defence Forces recruits at 9-week basic training EAP 24-2, Tata (257 men, 8 women)",Hungary,military,Recruits/trainees,both,2024,waist_circumference,derékkörfogat (cm),cm,882.30,114.90,265,,,,A,"Table 1 baseline (D0) descriptive statistics before training, Feb 2024; both sexes pooled; Omron/InBody-type bioimpedance for body composition; CC-licensed open access via REAL repository; range 65-126; landmark not stated"
hu-2025-novak-basic-training,reports/openaccess/hu-2025-novak-basic-training.pdf,3,"Hungarian Defence Forces recruits at 9-week basic training EAP 24-2, Tata (257 men, 8 women)",Hungary,military,Recruits/trainees,both,2024,other:hip_circumference,csípőkörfogat (cm),cm,1007.70,89.10,265,,,,A,"Table 1 baseline (D0) descriptive statistics before training, Feb 2024; both sexes pooled; Omron/InBody-type bioimpedance for body composition; CC-licensed open access via REAL repository; hip circumference; range 82-130"
hu-2025-novak-basic-training,reports/openaccess/hu-2025-novak-basic-training.pdf,3,"Hungarian Defence Forces recruits at 9-week basic training EAP 24-2, Tata (257 men, 8 women)",Hungary,military,Recruits/trainees,both,2024,other:body_fat_percent,testzsírfrakció (kg%),%,20.93,8.70,265,,,,A,"Table 1 baseline (D0) descriptive statistics before training, Feb 2024; both sexes pooled; Omron/InBody-type bioimpedance for body composition; CC-licensed open access via REAL repository; body fat fraction, unit percent of body mass"
hu-2025-novak-basic-training,reports/openaccess/hu-2025-novak-basic-training.pdf,3,"Hungarian Defence Forces recruits at 9-week basic training EAP 24-2, Tata (257 men, 8 women)",Hungary,military,Recruits/trainees,both,2024,other:skeletal_muscle_percent,testizomfrakció (kg%),%,39.35,4.71,265,,,,A,"Table 1 baseline (D0) descriptive statistics before training, Feb 2024; both sexes pooled; Omron/InBody-type bioimpedance for body composition; CC-licensed open access via REAL repository; muscle fraction, unit percent of body mass"
hu-2025-novak-basic-training,reports/openaccess/hu-2025-novak-basic-training.pdf,3,"Hungarian Defence Forces recruits at 9-week basic training EAP 24-2, Tata (257 men, 8 women)",Hungary,military,Recruits/trainees,both,2024,other:visceral_fat_level,viszcerális zsír (1-29 au.),au,7.30,3.80,265,,,,A,"Table 1 baseline (D0) descriptive statistics before training, Feb 2024; both sexes pooled; Omron/InBody-type bioimpedance for body composition; CC-licensed open access via REAL repository; device visceral-fat level, arbitrary units 1-29"
hu-2025-novak-basic-training,reports/openaccess/hu-2025-novak-basic-training.pdf,3,"Hungarian Defence Forces recruits at 9-week basic training EAP 24-2, Tata (257 men, 8 women)",Hungary,military,Recruits/trainees,both,2024,other:handgrip_strength_right,marokszorító erő jobb kéz (Newton),N,515.00,112.70,265,,,,A,"Table 1 baseline (D0) descriptive statistics before training, Feb 2024; both sexes pooled; Omron/InBody-type bioimpedance for body composition; CC-licensed open access via REAL repository; strength in newtons, left as printed"
hu-2025-novak-basic-training,reports/openaccess/hu-2025-novak-basic-training.pdf,3,"Hungarian Defence Forces recruits at 9-week basic training EAP 24-2, Tata (257 men, 8 women)",Hungary,military,Recruits/trainees,both,2024,other:handgrip_strength_left,marokszorító erő bal kéz (Newton),N,479.00,106.60,265,,,,A,"Table 1 baseline (D0) descriptive statistics before training, Feb 2024; both sexes pooled; Omron/InBody-type bioimpedance for body composition; CC-licensed open access via REAL repository; strength in newtons, left as printed"
hu-2017-juhasz-htp-body-composition,reports/openaccess/hu-2017-juhasz-htp-body-composition.pdf,5,"Hungarian Defence Forces male personnel enrolled in the Honvéd Body-Shape Programme (HTP), 2015-2016",Hungary,military,Cadre/other military,M,2015,age,Életkor (év),years,39.08,5.67,,,,,B,"Table II: Hungarian Defence Forces personnel registered in the Honvéd Body-Shape Programme (obesity/lifestyle intervention), i.e. a selected overweight group, N=124 total, n per sex not printed; table is an embedded image, values transcribed from the rendered page; body composition by Omron BF511"
hu-2017-juhasz-htp-body-composition,reports/openaccess/hu-2017-juhasz-htp-body-composition.pdf,5,"Hungarian Defence Forces male personnel enrolled in the Honvéd Body-Shape Programme (HTP), 2015-2016",Hungary,military,Cadre/other military,M,2015,mass,Testtömeg (kg),kg,103.61,20.31,,,,,B,"Table II: Hungarian Defence Forces personnel registered in the Honvéd Body-Shape Programme (obesity/lifestyle intervention), i.e. a selected overweight group, N=124 total, n per sex not printed; table is an embedded image, values transcribed from the rendered page; body composition by Omron BF511"
hu-2017-juhasz-htp-body-composition,reports/openaccess/hu-2017-juhasz-htp-body-composition.pdf,5,"Hungarian Defence Forces male personnel enrolled in the Honvéd Body-Shape Programme (HTP), 2015-2016",Hungary,military,Cadre/other military,M,2015,other:body_fat_percent,Testzsír % (%),%,34.91,6.73,,,,,B,"Table II: Hungarian Defence Forces personnel registered in the Honvéd Body-Shape Programme (obesity/lifestyle intervention), i.e. a selected overweight group, N=124 total, n per sex not printed; table is an embedded image, values transcribed from the rendered page; body composition by Omron BF511; unit percent body fat"
hu-2017-juhasz-htp-body-composition,reports/openaccess/hu-2017-juhasz-htp-body-composition.pdf,5,"Hungarian Defence Forces male personnel enrolled in the Honvéd Body-Shape Programme (HTP), 2015-2016",Hungary,military,Cadre/other military,M,2015,other:body_fat_mass,Testzsír tömeg (kg),kg,36.45,10.74,,,,,B,"Table II: Hungarian Defence Forces personnel registered in the Honvéd Body-Shape Programme (obesity/lifestyle intervention), i.e. a selected overweight group, N=124 total, n per sex not printed; table is an embedded image, values transcribed from the rendered page; body composition by Omron BF511; fat mass in kg"
hu-2017-juhasz-htp-body-composition,reports/openaccess/hu-2017-juhasz-htp-body-composition.pdf,5,"Hungarian Defence Forces male personnel enrolled in the Honvéd Body-Shape Programme (HTP), 2015-2016",Hungary,military,Cadre/other military,M,2015,bmi,BMI (kg/m2),kg/m²,33.61,5.78,,,,,B,"Table II: Hungarian Defence Forces personnel registered in the Honvéd Body-Shape Programme (obesity/lifestyle intervention), i.e. a selected overweight group, N=124 total, n per sex not printed; table is an embedded image, values transcribed from the rendered page; body composition by Omron BF511"
hu-2017-juhasz-htp-body-composition,reports/openaccess/hu-2017-juhasz-htp-body-composition.pdf,5,"Hungarian Defence Forces male personnel enrolled in the Honvéd Body-Shape Programme (HTP), 2015-2016",Hungary,military,Cadre/other military,M,2015,other:visceral_fat_level,Zsigeri zsír,au,14.56,5.73,,,,,B,"Table II: Hungarian Defence Forces personnel registered in the Honvéd Body-Shape Programme (obesity/lifestyle intervention), i.e. a selected overweight group, N=124 total, n per sex not printed; table is an embedded image, values transcribed from the rendered page; body composition by Omron BF511; device visceral-fat level, arbitrary units"
hu-2017-juhasz-htp-body-composition,reports/openaccess/hu-2017-juhasz-htp-body-composition.pdf,5,"Hungarian Defence Forces male personnel enrolled in the Honvéd Body-Shape Programme (HTP), 2015-2016",Hungary,military,Cadre/other military,M,2015,other:skeletal_muscle_percent,Izom % (%),%,29.89,3.77,,,,,B,"Table II: Hungarian Defence Forces personnel registered in the Honvéd Body-Shape Programme (obesity/lifestyle intervention), i.e. a selected overweight group, N=124 total, n per sex not printed; table is an embedded image, values transcribed from the rendered page; body composition by Omron BF511; unit percent of body mass"
hu-2017-juhasz-htp-body-composition,reports/openaccess/hu-2017-juhasz-htp-body-composition.pdf,5,"Hungarian Defence Forces female personnel enrolled in the Honvéd Body-Shape Programme (HTP), 2015-2016",Hungary,military,Cadre/other military,F,2015,age,Életkor (év),years,42.46,8.23,,,,,B,"Table II: Hungarian Defence Forces personnel registered in the Honvéd Body-Shape Programme (obesity/lifestyle intervention), i.e. a selected overweight group, N=124 total, n per sex not printed; table is an embedded image, values transcribed from the rendered page; body composition by Omron BF511"
hu-2017-juhasz-htp-body-composition,reports/openaccess/hu-2017-juhasz-htp-body-composition.pdf,5,"Hungarian Defence Forces female personnel enrolled in the Honvéd Body-Shape Programme (HTP), 2015-2016",Hungary,military,Cadre/other military,F,2015,mass,Testtömeg (kg),kg,88.96,26.65,,,,,B,"Table II: Hungarian Defence Forces personnel registered in the Honvéd Body-Shape Programme (obesity/lifestyle intervention), i.e. a selected overweight group, N=124 total, n per sex not printed; table is an embedded image, values transcribed from the rendered page; body composition by Omron BF511"
hu-2017-juhasz-htp-body-composition,reports/openaccess/hu-2017-juhasz-htp-body-composition.pdf,5,"Hungarian Defence Forces female personnel enrolled in the Honvéd Body-Shape Programme (HTP), 2015-2016",Hungary,military,Cadre/other military,F,2015,other:body_fat_percent,Testzsír % (%),%,39.74,9.53,,,,,B,"Table II: Hungarian Defence Forces personnel registered in the Honvéd Body-Shape Programme (obesity/lifestyle intervention), i.e. a selected overweight group, N=124 total, n per sex not printed; table is an embedded image, values transcribed from the rendered page; body composition by Omron BF511; unit percent body fat"
hu-2017-juhasz-htp-body-composition,reports/openaccess/hu-2017-juhasz-htp-body-composition.pdf,5,"Hungarian Defence Forces female personnel enrolled in the Honvéd Body-Shape Programme (HTP), 2015-2016",Hungary,military,Cadre/other military,F,2015,other:body_fat_mass,Testzsír tömeg (kg),kg,37.43,19.07,,,,,B,"Table II: Hungarian Defence Forces personnel registered in the Honvéd Body-Shape Programme (obesity/lifestyle intervention), i.e. a selected overweight group, N=124 total, n per sex not printed; table is an embedded image, values transcribed from the rendered page; body composition by Omron BF511; fat mass in kg"
hu-2017-juhasz-htp-body-composition,reports/openaccess/hu-2017-juhasz-htp-body-composition.pdf,5,"Hungarian Defence Forces female personnel enrolled in the Honvéd Body-Shape Programme (HTP), 2015-2016",Hungary,military,Cadre/other military,F,2015,bmi,BMI (kg/m2),kg/m²,31.60,8.10,,,,,B,"Table II: Hungarian Defence Forces personnel registered in the Honvéd Body-Shape Programme (obesity/lifestyle intervention), i.e. a selected overweight group, N=124 total, n per sex not printed; table is an embedded image, values transcribed from the rendered page; body composition by Omron BF511"
hu-2017-juhasz-htp-body-composition,reports/openaccess/hu-2017-juhasz-htp-body-composition.pdf,5,"Hungarian Defence Forces female personnel enrolled in the Honvéd Body-Shape Programme (HTP), 2015-2016",Hungary,military,Cadre/other military,F,2015,other:visceral_fat_level,Zsigeri zsír,au,9.68,5.40,,,,,B,"Table II: Hungarian Defence Forces personnel registered in the Honvéd Body-Shape Programme (obesity/lifestyle intervention), i.e. a selected overweight group, N=124 total, n per sex not printed; table is an embedded image, values transcribed from the rendered page; body composition by Omron BF511; device visceral-fat level, arbitrary units"
hu-2017-juhasz-htp-body-composition,reports/openaccess/hu-2017-juhasz-htp-body-composition.pdf,5,"Hungarian Defence Forces female personnel enrolled in the Honvéd Body-Shape Programme (HTP), 2015-2016",Hungary,military,Cadre/other military,F,2015,other:skeletal_muscle_percent,Izom % (%),%,26.42,4.42,,,,,B,"Table II: Hungarian Defence Forces personnel registered in the Honvéd Body-Shape Programme (obesity/lifestyle intervention), i.e. a selected overweight group, N=124 total, n per sex not printed; table is an embedded image, values transcribed from the rendered page; body composition by Omron BF511; unit percent of body mass"
tr-2010-ulas-malatya-military-hospital,reports/openaccess/tr-2010-ulas-malatya-military-hospital.pdf,2,"Personnel of Malatya Military Hospital (TSK) in 2007 (217 men, 55 women; 49% privates/conscript soldiers, rest officers/NCOs/other staff)",Turkey,mixed,Cadre/other military,both,2007,age,yaş (yıl),years,28.60,8.00,268,,,,A,"Whole-sample mean±SD from the results text; sexes pooled; mix of conscript soldiers and career/civilian hospital staff, hence population_type mixed"
tr-2010-ulas-malatya-military-hospital,reports/openaccess/tr-2010-ulas-malatya-military-hospital.pdf,2,"Personnel of Malatya Military Hospital (TSK) in 2007 (217 men, 55 women; 49% privates/conscript soldiers, rest officers/NCOs/other staff)",Turkey,mixed,Cadre/other military,both,2007,stature,boy (cm),cm,1726.00,83.00,268,,,,A,"Whole-sample mean±SD from the results text; sexes pooled; mix of conscript soldiers and career/civilian hospital staff, hence population_type mixed"
tr-2010-ulas-malatya-military-hospital,reports/openaccess/tr-2010-ulas-malatya-military-hospital.pdf,3,"Personnel of Malatya Military Hospital (TSK) in 2007 (217 men, 55 women; 49% privates/conscript soldiers, rest officers/NCOs/other staff)",Turkey,mixed,Cadre/other military,both,2007,mass,kilo (kg),kg,72.40,12.40,268,,,,A,"Whole-sample mean±SD from the results text; sexes pooled; mix of conscript soldiers and career/civilian hospital staff, hence population_type mixed"
tr-2010-ulas-malatya-military-hospital,reports/openaccess/tr-2010-ulas-malatya-military-hospital.pdf,3,"Personnel of Malatya Military Hospital (TSK) in 2007 (217 men, 55 women; 49% privates/conscript soldiers, rest officers/NCOs/other staff)",Turkey,mixed,Cadre/other military,both,2007,bmi,Beden Kitle İndeksi (BKİ),kg/m²,24.20,3.20,268,,,,A,"Whole-sample mean±SD from the results text; sexes pooled; mix of conscript soldiers and career/civilian hospital staff, hence population_type mixed"
lt-2007-cesnaviciene-conscripts,reports/openaccess/lt-2007-cesnaviciene-conscripts.pdf,30,"Lithuanian compulsory-service conscripts at start of service (survey of 200 men, 19-26 y)",Lithuania,military,Recruits/trainees,M,,stature,ūgis (m),m,1790.00,,200,,,,C,"Master thesis (Kaunas University of Medicine); means only, no SD printed; self/measured status not stated (height/weight items in questionnaire); conscription was male-only; range 1.65-1.94 m"
lt-2007-cesnaviciene-conscripts,reports/openaccess/lt-2007-cesnaviciene-conscripts.pdf,30,"Lithuanian compulsory-service conscripts at start of service (survey of 200 men, 19-26 y)",Lithuania,military,Recruits/trainees,M,,mass,svoris (kg),kg,72.90,,200,,,,C,"Master thesis (Kaunas University of Medicine); means only, no SD printed; self/measured status not stated (height/weight items in questionnaire); conscription was male-only"
lt-2007-cesnaviciene-conscripts,reports/openaccess/lt-2007-cesnaviciene-conscripts.pdf,30,"Lithuanian compulsory-service conscripts at start of service (survey of 200 men, 19-26 y)",Lithuania,military,Recruits/trainees,M,,age,amžius (metai),years,21.00,,200,,,,C,"Master thesis (Kaunas University of Medicine); means only, no SD printed; self/measured status not stated (height/weight items in questionnaire); conscription was male-only; range 19-26"
at-statistik-austria-stellungspflichtige,https://www.statistik.at/fileadmin/pages/392/Stellungsergebnisse_Geburtenjahrgang_bis_2006.ods,,"Austrian conscription examinees (Stellungspflichtige), birth cohort 1972",Austria,military,Recruits/trainees,M,1990,stature,Ø Körpergröße in cm,cm,1771.00,,48316,,,,A,"Statistik Austria table 'Stellungsergebnisse' (medical examination of all Austrian men liable for military service, Bundesministerium für Landesverteidigung/Ergänzungswesen; created 4.12.2025); population mean only, no SD; year_start = main examination year (birth year + 18; from cohort 1999 the window covers the year before and after); T1"
at-statistik-austria-stellungspflichtige,https://www.statistik.at/fileadmin/pages/392/Stellungsergebnisse_Geburtenjahrgang_bis_2006.ods,,"Austrian conscription examinees (Stellungspflichtige), birth cohort 1972",Austria,military,Recruits/trainees,M,1990,mass,Ø Körpergewicht in kg,kg,70.70,,48316,,,,A,"Statistik Austria table 'Stellungsergebnisse' (medical examination of all Austrian men liable for military service, Bundesministerium für Landesverteidigung/Ergänzungswesen; created 4.12.2025); population mean only, no SD; year_start = main examination year (birth year + 18; from cohort 1999 the window covers the year before and after); T1"
at-statistik-austria-stellungspflichtige,https://www.statistik.at/fileadmin/pages/392/Stellungsergebnisse_Geburtenjahrgang_bis_2006.ods,,"Austrian conscription examinees (Stellungspflichtige), birth cohort 1972",Austria,military,Recruits/trainees,M,1990,waist_circumference,Ø Taillenumfang in cm,cm,770.00,,,,,,A,"Statistik Austria table 'Stellungsergebnisse' (medical examination of all Austrian men liable for military service, Bundesministerium für Landesverteidigung/Ergänzungswesen; created 4.12.2025); population mean only, no SD; year_start = main examination year (birth year + 18; from cohort 1999 the window covers the year before and after); T2; n for waist not printed (cohort size 48316)"
at-statistik-austria-stellungspflichtige,https://www.statistik.at/fileadmin/pages/392/Stellungsergebnisse_Geburtenjahrgang_bis_2006.ods,,"Austrian conscription examinees (Stellungspflichtige), birth cohort 1973",Austria,military,Recruits/trainees,M,1991,stature,Ø Körpergröße in cm,cm,1775.00,,45021,,,,A,"Statistik Austria table 'Stellungsergebnisse' (medical examination of all Austrian men liable for military service, Bundesministerium für Landesverteidigung/Ergänzungswesen; created 4.12.2025); population mean only, no SD; year_start = main examination year (birth year + 18; from cohort 1999 the window covers the year before and after); T1"
at-statistik-austria-stellungspflichtige,https://www.statistik.at/fileadmin/pages/392/Stellungsergebnisse_Geburtenjahrgang_bis_2006.ods,,"Austrian conscription examinees (Stellungspflichtige), birth cohort 1973",Austria,military,Recruits/trainees,M,1991,mass,Ø Körpergewicht in kg,kg,70.80,,45021,,,,A,"Statistik Austria table 'Stellungsergebnisse' (medical examination of all Austrian men liable for military service, Bundesministerium für Landesverteidigung/Ergänzungswesen; created 4.12.2025); population mean only, no SD; year_start = main examination year (birth year + 18; from cohort 1999 the window covers the year before and after); T1"
at-statistik-austria-stellungspflichtige,https://www.statistik.at/fileadmin/pages/392/Stellungsergebnisse_Geburtenjahrgang_bis_2006.ods,,"Austrian conscription examinees (Stellungspflichtige), birth cohort 1973",Austria,military,Recruits/trainees,M,1991,waist_circumference,Ø Taillenumfang in cm,cm,769.00,,,,,,A,"Statistik Austria table 'Stellungsergebnisse' (medical examination of all Austrian men liable for military service, Bundesministerium für Landesverteidigung/Ergänzungswesen; created 4.12.2025); population mean only, no SD; year_start = main examination year (birth year + 18; from cohort 1999 the window covers the year before and after); T2; n for waist not printed (cohort size 45021)"
at-statistik-austria-stellungspflichtige,https://www.statistik.at/fileadmin/pages/392/Stellungsergebnisse_Geburtenjahrgang_bis_2006.ods,,"Austrian conscription examinees (Stellungspflichtige), birth cohort 1974",Austria,military,Recruits/trainees,M,1992,stature,Ø Körpergröße in cm,cm,1775.00,,44020,,,,A,"Statistik Austria table 'Stellungsergebnisse' (medical examination of all Austrian men liable for military service, Bundesministerium für Landesverteidigung/Ergänzungswesen; created 4.12.2025); population mean only, no SD; year_start = main examination year (birth year + 18; from cohort 1999 the window covers the year before and after); T1"
at-statistik-austria-stellungspflichtige,https://www.statistik.at/fileadmin/pages/392/Stellungsergebnisse_Geburtenjahrgang_bis_2006.ods,,"Austrian conscription examinees (Stellungspflichtige), birth cohort 1974",Austria,military,Recruits/trainees,M,1992,mass,Ø Körpergewicht in kg,kg,71.00,,44020,,,,A,"Statistik Austria table 'Stellungsergebnisse' (medical examination of all Austrian men liable for military service, Bundesministerium für Landesverteidigung/Ergänzungswesen; created 4.12.2025); population mean only, no SD; year_start = main examination year (birth year + 18; from cohort 1999 the window covers the year before and after); T1"
at-statistik-austria-stellungspflichtige,https://www.statistik.at/fileadmin/pages/392/Stellungsergebnisse_Geburtenjahrgang_bis_2006.ods,,"Austrian conscription examinees (Stellungspflichtige), birth cohort 1974",Austria,military,Recruits/trainees,M,1992,waist_circumference,Ø Taillenumfang in cm,cm,774.00,,,,,,A,"Statistik Austria table 'Stellungsergebnisse' (medical examination of all Austrian men liable for military service, Bundesministerium für Landesverteidigung/Ergänzungswesen; created 4.12.2025); population mean only, no SD; year_start = main examination year (birth year + 18; from cohort 1999 the window covers the year before and after); T2; n for waist not printed (cohort size 44020)"
at-statistik-austria-stellungspflichtige,https://www.statistik.at/fileadmin/pages/392/Stellungsergebnisse_Geburtenjahrgang_bis_2006.ods,,"Austrian conscription examinees (Stellungspflichtige), birth cohort 1975",Austria,military,Recruits/trainees,M,1993,stature,Ø Körpergröße in cm,cm,1775.00,,42636,,,,A,"Statistik Austria table 'Stellungsergebnisse' (medical examination of all Austrian men liable for military service, Bundesministerium für Landesverteidigung/Ergänzungswesen; created 4.12.2025); population mean only, no SD; year_start = main examination year (birth year + 18; from cohort 1999 the window covers the year before and after); T1"
at-statistik-austria-stellungspflichtige,https://www.statistik.at/fileadmin/pages/392/Stellungsergebnisse_Geburtenjahrgang_bis_2006.ods,,"Austrian conscription examinees (Stellungspflichtige), birth cohort 1975",Austria,military,Recruits/trainees,M,1993,mass,Ø Körpergewicht in kg,kg,71.30,,42636,,,,A,"Statistik Austria table 'Stellungsergebnisse' (medical examination of all Austrian men liable for military service, Bundesministerium für Landesverteidigung/Ergänzungswesen; created 4.12.2025); population mean only, no SD; year_start = main examination year (birth year + 18; from cohort 1999 the window covers the year before and after); T1"
at-statistik-austria-stellungspflichtige,https://www.statistik.at/fileadmin/pages/392/Stellungsergebnisse_Geburtenjahrgang_bis_2006.ods,,"Austrian conscription examinees (Stellungspflichtige), birth cohort 1975",Austria,military,Recruits/trainees,M,1993,waist_circumference,Ø Taillenumfang in cm,cm,772.00,,,,,,A,"Statistik Austria table 'Stellungsergebnisse' (medical examination of all Austrian men liable for military service, Bundesministerium für Landesverteidigung/Ergänzungswesen; created 4.12.2025); population mean only, no SD; year_start = main examination year (birth year + 18; from cohort 1999 the window covers the year before and after); T2; n for waist not printed (cohort size 42636)"
at-statistik-austria-stellungspflichtige,https://www.statistik.at/fileadmin/pages/392/Stellungsergebnisse_Geburtenjahrgang_bis_2006.ods,,"Austrian conscription examinees (Stellungspflichtige), birth cohort 1976",Austria,military,Recruits/trainees,M,1994,stature,Ø Körpergröße in cm,cm,1776.00,,40422,,,,A,"Statistik Austria table 'Stellungsergebnisse' (medical examination of all Austrian men liable for military service, Bundesministerium für Landesverteidigung/Ergänzungswesen; created 4.12.2025); population mean only, no SD; year_start = main examination year (birth year + 18; from cohort 1999 the window covers the year before and after); T1"
at-statistik-austria-stellungspflichtige,https://www.statistik.at/fileadmin/pages/392/Stellungsergebnisse_Geburtenjahrgang_bis_2006.ods,,"Austrian conscription examinees (Stellungspflichtige), birth cohort 1976",Austria,military,Recruits/trainees,M,1994,mass,Ø Körpergewicht in kg,kg,71.40,,40422,,,,A,"Statistik Austria table 'Stellungsergebnisse' (medical examination of all Austrian men liable for military service, Bundesministerium für Landesverteidigung/Ergänzungswesen; created 4.12.2025); population mean only, no SD; year_start = main examination year (birth year + 18; from cohort 1999 the window covers the year before and after); T1"
at-statistik-austria-stellungspflichtige,https://www.statistik.at/fileadmin/pages/392/Stellungsergebnisse_Geburtenjahrgang_bis_2006.ods,,"Austrian conscription examinees (Stellungspflichtige), birth cohort 1976",Austria,military,Recruits/trainees,M,1994,waist_circumference,Ø Taillenumfang in cm,cm,780.00,,,,,,A,"Statistik Austria table 'Stellungsergebnisse' (medical examination of all Austrian men liable for military service, Bundesministerium für Landesverteidigung/Ergänzungswesen; created 4.12.2025); population mean only, no SD; year_start = main examination year (birth year + 18; from cohort 1999 the window covers the year before and after); T2; n for waist not printed (cohort size 40422)"
at-statistik-austria-stellungspflichtige,https://www.statistik.at/fileadmin/pages/392/Stellungsergebnisse_Geburtenjahrgang_bis_2006.ods,,"Austrian conscription examinees (Stellungspflichtige), birth cohort 1977",Austria,military,Recruits/trainees,M,1995,stature,Ø Körpergröße in cm,cm,1776.00,,39788,,,,A,"Statistik Austria table 'Stellungsergebnisse' (medical examination of all Austrian men liable for military service, Bundesministerium für Landesverteidigung/Ergänzungswesen; created 4.12.2025); population mean only, no SD; year_start = main examination year (birth year + 18; from cohort 1999 the window covers the year before and after); T1"
at-statistik-austria-stellungspflichtige,https://www.statistik.at/fileadmin/pages/392/Stellungsergebnisse_Geburtenjahrgang_bis_2006.ods,,"Austrian conscription examinees (Stellungspflichtige), birth cohort 1977",Austria,military,Recruits/trainees,M,1995,mass,Ø Körpergewicht in kg,kg,71.60,,39788,,,,A,"Statistik Austria table 'Stellungsergebnisse' (medical examination of all Austrian men liable for military service, Bundesministerium für Landesverteidigung/Ergänzungswesen; created 4.12.2025); population mean only, no SD; year_start = main examination year (birth year + 18; from cohort 1999 the window covers the year before and after); T1"
at-statistik-austria-stellungspflichtige,https://www.statistik.at/fileadmin/pages/392/Stellungsergebnisse_Geburtenjahrgang_bis_2006.ods,,"Austrian conscription examinees (Stellungspflichtige), birth cohort 1977",Austria,military,Recruits/trainees,M,1995,waist_circumference,Ø Taillenumfang in cm,cm,783.00,,,,,,A,"Statistik Austria table 'Stellungsergebnisse' (medical examination of all Austrian men liable for military service, Bundesministerium für Landesverteidigung/Ergänzungswesen; created 4.12.2025); population mean only, no SD; year_start = main examination year (birth year + 18; from cohort 1999 the window covers the year before and after); T2; n for waist not printed (cohort size 39788)"
at-statistik-austria-stellungspflichtige,https://www.statistik.at/fileadmin/pages/392/Stellungsergebnisse_Geburtenjahrgang_bis_2006.ods,,"Austrian conscription examinees (Stellungspflichtige), birth cohort 1978",Austria,military,Recruits/trainees,M,1996,stature,Ø Körpergröße in cm,cm,1776.00,,39680,,,,A,"Statistik Austria table 'Stellungsergebnisse' (medical examination of all Austrian men liable for military service, Bundesministerium für Landesverteidigung/Ergänzungswesen; created 4.12.2025); population mean only, no SD; year_start = main examination year (birth year + 18; from cohort 1999 the window covers the year before and after); T1"
at-statistik-austria-stellungspflichtige,https://www.statistik.at/fileadmin/pages/392/Stellungsergebnisse_Geburtenjahrgang_bis_2006.ods,,"Austrian conscription examinees (Stellungspflichtige), birth cohort 1978",Austria,military,Recruits/trainees,M,1996,mass,Ø Körpergewicht in kg,kg,71.70,,39680,,,,A,"Statistik Austria table 'Stellungsergebnisse' (medical examination of all Austrian men liable for military service, Bundesministerium für Landesverteidigung/Ergänzungswesen; created 4.12.2025); population mean only, no SD; year_start = main examination year (birth year + 18; from cohort 1999 the window covers the year before and after); T1"
at-statistik-austria-stellungspflichtige,https://www.statistik.at/fileadmin/pages/392/Stellungsergebnisse_Geburtenjahrgang_bis_2006.ods,,"Austrian conscription examinees (Stellungspflichtige), birth cohort 1978",Austria,military,Recruits/trainees,M,1996,waist_circumference,Ø Taillenumfang in cm,cm,777.00,,,,,,A,"Statistik Austria table 'Stellungsergebnisse' (medical examination of all Austrian men liable for military service, Bundesministerium für Landesverteidigung/Ergänzungswesen; created 4.12.2025); population mean only, no SD; year_start = main examination year (birth year + 18; from cohort 1999 the window covers the year before and after); T2; n for waist not printed (cohort size 39680)"
at-statistik-austria-stellungspflichtige,https://www.statistik.at/fileadmin/pages/392/Stellungsergebnisse_Geburtenjahrgang_bis_2006.ods,,"Austrian conscription examinees (Stellungspflichtige), birth cohort 1979",Austria,military,Recruits/trainees,M,1997,stature,Ø Körpergröße in cm,cm,1775.00,,40420,,,,A,"Statistik Austria table 'Stellungsergebnisse' (medical examination of all Austrian men liable for military service, Bundesministerium für Landesverteidigung/Ergänzungswesen; created 4.12.2025); population mean only, no SD; year_start = main examination year (birth year + 18; from cohort 1999 the window covers the year before and after); T1"
at-statistik-austria-stellungspflichtige,https://www.statistik.at/fileadmin/pages/392/Stellungsergebnisse_Geburtenjahrgang_bis_2006.ods,,"Austrian conscription examinees (Stellungspflichtige), birth cohort 1979",Austria,military,Recruits/trainees,M,1997,mass,Ø Körpergewicht in kg,kg,71.90,,40420,,,,A,"Statistik Austria table 'Stellungsergebnisse' (medical examination of all Austrian men liable for military service, Bundesministerium für Landesverteidigung/Ergänzungswesen; created 4.12.2025); population mean only, no SD; year_start = main examination year (birth year + 18; from cohort 1999 the window covers the year before and after); T1"
at-statistik-austria-stellungspflichtige,https://www.statistik.at/fileadmin/pages/392/Stellungsergebnisse_Geburtenjahrgang_bis_2006.ods,,"Austrian conscription examinees (Stellungspflichtige), birth cohort 1979",Austria,military,Recruits/trainees,M,1997,waist_circumference,Ø Taillenumfang in cm,cm,776.00,,,,,,A,"Statistik Austria table 'Stellungsergebnisse' (medical examination of all Austrian men liable for military service, Bundesministerium für Landesverteidigung/Ergänzungswesen; created 4.12.2025); population mean only, no SD; year_start = main examination year (birth year + 18; from cohort 1999 the window covers the year before and after); T2; n for waist not printed (cohort size 40420)"
at-statistik-austria-stellungspflichtige,https://www.statistik.at/fileadmin/pages/392/Stellungsergebnisse_Geburtenjahrgang_bis_2006.ods,,"Austrian conscription examinees (Stellungspflichtige), birth cohort 1980",Austria,military,Recruits/trainees,M,1998,stature,Ø Körpergröße in cm,cm,1777.00,,43124,,,,A,"Statistik Austria table 'Stellungsergebnisse' (medical examination of all Austrian men liable for military service, Bundesministerium für Landesverteidigung/Ergänzungswesen; created 4.12.2025); population mean only, no SD; year_start = main examination year (birth year + 18; from cohort 1999 the window covers the year before and after); T1"
at-statistik-austria-stellungspflichtige,https://www.statistik.at/fileadmin/pages/392/Stellungsergebnisse_Geburtenjahrgang_bis_2006.ods,,"Austrian conscription examinees (Stellungspflichtige), birth cohort 1980",Austria,military,Recruits/trainees,M,1998,mass,Ø Körpergewicht in kg,kg,71.70,,43124,,,,A,"Statistik Austria table 'Stellungsergebnisse' (medical examination of all Austrian men liable for military service, Bundesministerium für Landesverteidigung/Ergänzungswesen; created 4.12.2025); population mean only, no SD; year_start = main examination year (birth year + 18; from cohort 1999 the window covers the year before and after); T1"
at-statistik-austria-stellungspflichtige,https://www.statistik.at/fileadmin/pages/392/Stellungsergebnisse_Geburtenjahrgang_bis_2006.ods,,"Austrian conscription examinees (Stellungspflichtige), birth cohort 1980",Austria,military,Recruits/trainees,M,1998,waist_circumference,Ø Taillenumfang in cm,cm,781.00,,,,,,A,"Statistik Austria table 'Stellungsergebnisse' (medical examination of all Austrian men liable for military service, Bundesministerium für Landesverteidigung/Ergänzungswesen; created 4.12.2025); population mean only, no SD; year_start = main examination year (birth year + 18; from cohort 1999 the window covers the year before and after); T2; n for waist not printed (cohort size 43124)"
at-statistik-austria-stellungspflichtige,https://www.statistik.at/fileadmin/pages/392/Stellungsergebnisse_Geburtenjahrgang_bis_2006.ods,,"Austrian conscription examinees (Stellungspflichtige), birth cohort 1981",Austria,military,Recruits/trainees,M,1999,stature,Ø Körpergröße in cm,cm,1777.00,,44322,,,,A,"Statistik Austria table 'Stellungsergebnisse' (medical examination of all Austrian men liable for military service, Bundesministerium für Landesverteidigung/Ergänzungswesen; created 4.12.2025); population mean only, no SD; year_start = main examination year (birth year + 18; from cohort 1999 the window covers the year before and after); T1"
at-statistik-austria-stellungspflichtige,https://www.statistik.at/fileadmin/pages/392/Stellungsergebnisse_Geburtenjahrgang_bis_2006.ods,,"Austrian conscription examinees (Stellungspflichtige), birth cohort 1981",Austria,military,Recruits/trainees,M,1999,mass,Ø Körpergewicht in kg,kg,71.70,,44322,,,,A,"Statistik Austria table 'Stellungsergebnisse' (medical examination of all Austrian men liable for military service, Bundesministerium für Landesverteidigung/Ergänzungswesen; created 4.12.2025); population mean only, no SD; year_start = main examination year (birth year + 18; from cohort 1999 the window covers the year before and after); T1"
at-statistik-austria-stellungspflichtige,https://www.statistik.at/fileadmin/pages/392/Stellungsergebnisse_Geburtenjahrgang_bis_2006.ods,,"Austrian conscription examinees (Stellungspflichtige), birth cohort 1981",Austria,military,Recruits/trainees,M,1999,waist_circumference,Ø Taillenumfang in cm,cm,784.00,,,,,,A,"Statistik Austria table 'Stellungsergebnisse' (medical examination of all Austrian men liable for military service, Bundesministerium für Landesverteidigung/Ergänzungswesen; created 4.12.2025); population mean only, no SD; year_start = main examination year (birth year + 18; from cohort 1999 the window covers the year before and after); T2; n for waist not printed (cohort size 44322)"
at-statistik-austria-stellungspflichtige,https://www.statistik.at/fileadmin/pages/392/Stellungsergebnisse_Geburtenjahrgang_bis_2006.ods,,"Austrian conscription examinees (Stellungspflichtige), birth cohort 1982",Austria,military,Recruits/trainees,M,2000,stature,Ø Körpergröße in cm,cm,1777.00,,44364,,,,A,"Statistik Austria table 'Stellungsergebnisse' (medical examination of all Austrian men liable for military service, Bundesministerium für Landesverteidigung/Ergänzungswesen; created 4.12.2025); population mean only, no SD; year_start = main examination year (birth year + 18; from cohort 1999 the window covers the year before and after); T1"
at-statistik-austria-stellungspflichtige,https://www.statistik.at/fileadmin/pages/392/Stellungsergebnisse_Geburtenjahrgang_bis_2006.ods,,"Austrian conscription examinees (Stellungspflichtige), birth cohort 1982",Austria,military,Recruits/trainees,M,2000,mass,Ø Körpergewicht in kg,kg,71.80,,44364,,,,A,"Statistik Austria table 'Stellungsergebnisse' (medical examination of all Austrian men liable for military service, Bundesministerium für Landesverteidigung/Ergänzungswesen; created 4.12.2025); population mean only, no SD; year_start = main examination year (birth year + 18; from cohort 1999 the window covers the year before and after); T1"
at-statistik-austria-stellungspflichtige,https://www.statistik.at/fileadmin/pages/392/Stellungsergebnisse_Geburtenjahrgang_bis_2006.ods,,"Austrian conscription examinees (Stellungspflichtige), birth cohort 1982",Austria,military,Recruits/trainees,M,2000,waist_circumference,Ø Taillenumfang in cm,cm,792.00,,,,,,A,"Statistik Austria table 'Stellungsergebnisse' (medical examination of all Austrian men liable for military service, Bundesministerium für Landesverteidigung/Ergänzungswesen; created 4.12.2025); population mean only, no SD; year_start = main examination year (birth year + 18; from cohort 1999 the window covers the year before and after); T2; n for waist not printed (cohort size 44364)"
at-statistik-austria-stellungspflichtige,https://www.statistik.at/fileadmin/pages/392/Stellungsergebnisse_Geburtenjahrgang_bis_2006.ods,,"Austrian conscription examinees (Stellungspflichtige), birth cohort 1983",Austria,military,Recruits/trainees,M,2001,stature,Ø Körpergröße in cm,cm,1777.00,,43345,,,,A,"Statistik Austria table 'Stellungsergebnisse' (medical examination of all Austrian men liable for military service, Bundesministerium für Landesverteidigung/Ergänzungswesen; created 4.12.2025); population mean only, no SD; year_start = main examination year (birth year + 18; from cohort 1999 the window covers the year before and after); T1"
at-statistik-austria-stellungspflichtige,https://www.statistik.at/fileadmin/pages/392/Stellungsergebnisse_Geburtenjahrgang_bis_2006.ods,,"Austrian conscription examinees (Stellungspflichtige), birth cohort 1983",Austria,military,Recruits/trainees,M,2001,mass,Ø Körpergewicht in kg,kg,71.70,,43345,,,,A,"Statistik Austria table 'Stellungsergebnisse' (medical examination of all Austrian men liable for military service, Bundesministerium für Landesverteidigung/Ergänzungswesen; created 4.12.2025); population mean only, no SD; year_start = main examination year (birth year + 18; from cohort 1999 the window covers the year before and after); T1"
at-statistik-austria-stellungspflichtige,https://www.statistik.at/fileadmin/pages/392/Stellungsergebnisse_Geburtenjahrgang_bis_2006.ods,,"Austrian conscription examinees (Stellungspflichtige), birth cohort 1983",Austria,military,Recruits/trainees,M,2001,waist_circumference,Ø Taillenumfang in cm,cm,803.00,,,,,,A,"Statistik Austria table 'Stellungsergebnisse' (medical examination of all Austrian men liable for military service, Bundesministerium für Landesverteidigung/Ergänzungswesen; created 4.12.2025); population mean only, no SD; year_start = main examination year (birth year + 18; from cohort 1999 the window covers the year before and after); T2; n for waist not printed (cohort size 43345)"
at-statistik-austria-stellungspflichtige,https://www.statistik.at/fileadmin/pages/392/Stellungsergebnisse_Geburtenjahrgang_bis_2006.ods,,"Austrian conscription examinees (Stellungspflichtige), birth cohort 1984",Austria,military,Recruits/trainees,M,2002,stature,Ø Körpergröße in cm,cm,1776.00,,43650,,,,A,"Statistik Austria table 'Stellungsergebnisse' (medical examination of all Austrian men liable for military service, Bundesministerium für Landesverteidigung/Ergänzungswesen; created 4.12.2025); population mean only, no SD; year_start = main examination year (birth year + 18; from cohort 1999 the window covers the year before and after); T1"
at-statistik-austria-stellungspflichtige,https://www.statistik.at/fileadmin/pages/392/Stellungsergebnisse_Geburtenjahrgang_bis_2006.ods,,"Austrian conscription examinees (Stellungspflichtige), birth cohort 1984",Austria,military,Recruits/trainees,M,2002,mass,Ø Körpergewicht in kg,kg,71.80,,43650,,,,A,"Statistik Austria table 'Stellungsergebnisse' (medical examination of all Austrian men liable for military service, Bundesministerium für Landesverteidigung/Ergänzungswesen; created 4.12.2025); population mean only, no SD; year_start = main examination year (birth year + 18; from cohort 1999 the window covers the year before and after); T1"
at-statistik-austria-stellungspflichtige,https://www.statistik.at/fileadmin/pages/392/Stellungsergebnisse_Geburtenjahrgang_bis_2006.ods,,"Austrian conscription examinees (Stellungspflichtige), birth cohort 1984",Austria,military,Recruits/trainees,M,2002,waist_circumference,Ø Taillenumfang in cm,cm,807.00,,,,,,A,"Statistik Austria table 'Stellungsergebnisse' (medical examination of all Austrian men liable for military service, Bundesministerium für Landesverteidigung/Ergänzungswesen; created 4.12.2025); population mean only, no SD; year_start = main examination year (birth year + 18; from cohort 1999 the window covers the year before and after); T2; n for waist not printed (cohort size 43650)"
at-statistik-austria-stellungspflichtige,https://www.statistik.at/fileadmin/pages/392/Stellungsergebnisse_Geburtenjahrgang_bis_2006.ods,,"Austrian conscription examinees (Stellungspflichtige), birth cohort 1985",Austria,military,Recruits/trainees,M,2003,stature,Ø Körpergröße in cm,cm,1778.00,,43359,,,,A,"Statistik Austria table 'Stellungsergebnisse' (medical examination of all Austrian men liable for military service, Bundesministerium für Landesverteidigung/Ergänzungswesen; created 4.12.2025); population mean only, no SD; year_start = main examination year (birth year + 18; from cohort 1999 the window covers the year before and after); T1"
at-statistik-austria-stellungspflichtige,https://www.statistik.at/fileadmin/pages/392/Stellungsergebnisse_Geburtenjahrgang_bis_2006.ods,,"Austrian conscription examinees (Stellungspflichtige), birth cohort 1985",Austria,military,Recruits/trainees,M,2003,mass,Ø Körpergewicht in kg,kg,72.30,,43359,,,,A,"Statistik Austria table 'Stellungsergebnisse' (medical examination of all Austrian men liable for military service, Bundesministerium für Landesverteidigung/Ergänzungswesen; created 4.12.2025); population mean only, no SD; year_start = main examination year (birth year + 18; from cohort 1999 the window covers the year before and after); T1"
at-statistik-austria-stellungspflichtige,https://www.statistik.at/fileadmin/pages/392/Stellungsergebnisse_Geburtenjahrgang_bis_2006.ods,,"Austrian conscription examinees (Stellungspflichtige), birth cohort 1985",Austria,military,Recruits/trainees,M,2003,waist_circumference,Ø Taillenumfang in cm,cm,818.00,,,,,,A,"Statistik Austria table 'Stellungsergebnisse' (medical examination of all Austrian men liable for military service, Bundesministerium für Landesverteidigung/Ergänzungswesen; created 4.12.2025); population mean only, no SD; year_start = main examination year (birth year + 18; from cohort 1999 the window covers the year before and after); T2; n for waist not printed (cohort size 43359)"
at-statistik-austria-stellungspflichtige,https://www.statistik.at/fileadmin/pages/392/Stellungsergebnisse_Geburtenjahrgang_bis_2006.ods,,"Austrian conscription examinees (Stellungspflichtige), birth cohort 1986",Austria,military,Recruits/trainees,M,2004,stature,Ø Körpergröße in cm,cm,1777.00,,43308,,,,A,"Statistik Austria table 'Stellungsergebnisse' (medical examination of all Austrian men liable for military service, Bundesministerium für Landesverteidigung/Ergänzungswesen; created 4.12.2025); population mean only, no SD; year_start = main examination year (birth year + 18; from cohort 1999 the window covers the year before and after); T1"
at-statistik-austria-stellungspflichtige,https://www.statistik.at/fileadmin/pages/392/Stellungsergebnisse_Geburtenjahrgang_bis_2006.ods,,"Austrian conscription examinees (Stellungspflichtige), birth cohort 1986",Austria,military,Recruits/trainees,M,2004,mass,Ø Körpergewicht in kg,kg,72.80,,43308,,,,A,"Statistik Austria table 'Stellungsergebnisse' (medical examination of all Austrian men liable for military service, Bundesministerium für Landesverteidigung/Ergänzungswesen; created 4.12.2025); population mean only, no SD; year_start = main examination year (birth year + 18; from cohort 1999 the window covers the year before and after); T1"
at-statistik-austria-stellungspflichtige,https://www.statistik.at/fileadmin/pages/392/Stellungsergebnisse_Geburtenjahrgang_bis_2006.ods,,"Austrian conscription examinees (Stellungspflichtige), birth cohort 1986",Austria,military,Recruits/trainees,M,2004,waist_circumference,Ø Taillenumfang in cm,cm,822.00,,,,,,A,"Statistik Austria table 'Stellungsergebnisse' (medical examination of all Austrian men liable for military service, Bundesministerium für Landesverteidigung/Ergänzungswesen; created 4.12.2025); population mean only, no SD; year_start = main examination year (birth year + 18; from cohort 1999 the window covers the year before and after); T2; n for waist not printed (cohort size 43308)"
at-statistik-austria-stellungspflichtige,https://www.statistik.at/fileadmin/pages/392/Stellungsergebnisse_Geburtenjahrgang_bis_2006.ods,,"Austrian conscription examinees (Stellungspflichtige), birth cohort 1987",Austria,military,Recruits/trainees,M,2005,stature,Ø Körpergröße in cm,cm,1776.00,,43575,,,,A,"Statistik Austria table 'Stellungsergebnisse' (medical examination of all Austrian men liable for military service, Bundesministerium für Landesverteidigung/Ergänzungswesen; created 4.12.2025); population mean only, no SD; year_start = main examination year (birth year + 18; from cohort 1999 the window covers the year before and after); T1"
at-statistik-austria-stellungspflichtige,https://www.statistik.at/fileadmin/pages/392/Stellungsergebnisse_Geburtenjahrgang_bis_2006.ods,,"Austrian conscription examinees (Stellungspflichtige), birth cohort 1987",Austria,military,Recruits/trainees,M,2005,mass,Ø Körpergewicht in kg,kg,73.10,,43575,,,,A,"Statistik Austria table 'Stellungsergebnisse' (medical examination of all Austrian men liable for military service, Bundesministerium für Landesverteidigung/Ergänzungswesen; created 4.12.2025); population mean only, no SD; year_start = main examination year (birth year + 18; from cohort 1999 the window covers the year before and after); T1"
at-statistik-austria-stellungspflichtige,https://www.statistik.at/fileadmin/pages/392/Stellungsergebnisse_Geburtenjahrgang_bis_2006.ods,,"Austrian conscription examinees (Stellungspflichtige), birth cohort 1987",Austria,military,Recruits/trainees,M,2005,waist_circumference,Ø Taillenumfang in cm,cm,821.00,,,,,,A,"Statistik Austria table 'Stellungsergebnisse' (medical examination of all Austrian men liable for military service, Bundesministerium für Landesverteidigung/Ergänzungswesen; created 4.12.2025); population mean only, no SD; year_start = main examination year (birth year + 18; from cohort 1999 the window covers the year before and after); T2; n for waist not printed (cohort size 43575)"
at-statistik-austria-stellungspflichtige,https://www.statistik.at/fileadmin/pages/392/Stellungsergebnisse_Geburtenjahrgang_bis_2006.ods,,"Austrian conscription examinees (Stellungspflichtige), birth cohort 1988",Austria,military,Recruits/trainees,M,2006,stature,Ø Körpergröße in cm,cm,1779.00,,44978,,,,A,"Statistik Austria table 'Stellungsergebnisse' (medical examination of all Austrian men liable for military service, Bundesministerium für Landesverteidigung/Ergänzungswesen; created 4.12.2025); population mean only, no SD; year_start = main examination year (birth year + 18; from cohort 1999 the window covers the year before and after); T1"
at-statistik-austria-stellungspflichtige,https://www.statistik.at/fileadmin/pages/392/Stellungsergebnisse_Geburtenjahrgang_bis_2006.ods,,"Austrian conscription examinees (Stellungspflichtige), birth cohort 1988",Austria,military,Recruits/trainees,M,2006,mass,Ø Körpergewicht in kg,kg,73.60,,44978,,,,A,"Statistik Austria table 'Stellungsergebnisse' (medical examination of all Austrian men liable for military service, Bundesministerium für Landesverteidigung/Ergänzungswesen; created 4.12.2025); population mean only, no SD; year_start = main examination year (birth year + 18; from cohort 1999 the window covers the year before and after); T1"
at-statistik-austria-stellungspflichtige,https://www.statistik.at/fileadmin/pages/392/Stellungsergebnisse_Geburtenjahrgang_bis_2006.ods,,"Austrian conscription examinees (Stellungspflichtige), birth cohort 1988",Austria,military,Recruits/trainees,M,2006,waist_circumference,Ø Taillenumfang in cm,cm,834.00,,,,,,A,"Statistik Austria table 'Stellungsergebnisse' (medical examination of all Austrian men liable for military service, Bundesministerium für Landesverteidigung/Ergänzungswesen; created 4.12.2025); population mean only, no SD; year_start = main examination year (birth year + 18; from cohort 1999 the window covers the year before and after); T2; n for waist not printed (cohort size 44978)"
at-statistik-austria-stellungspflichtige,https://www.statistik.at/fileadmin/pages/392/Stellungsergebnisse_Geburtenjahrgang_bis_2006.ods,,"Austrian conscription examinees (Stellungspflichtige), birth cohort 1989",Austria,military,Recruits/trainees,M,2007,stature,Ø Körpergröße in cm,cm,1778.00,,44937,,,,A,"Statistik Austria table 'Stellungsergebnisse' (medical examination of all Austrian men liable for military service, Bundesministerium für Landesverteidigung/Ergänzungswesen; created 4.12.2025); population mean only, no SD; year_start = main examination year (birth year + 18; from cohort 1999 the window covers the year before and after); T1"
at-statistik-austria-stellungspflichtige,https://www.statistik.at/fileadmin/pages/392/Stellungsergebnisse_Geburtenjahrgang_bis_2006.ods,,"Austrian conscription examinees (Stellungspflichtige), birth cohort 1989",Austria,military,Recruits/trainees,M,2007,mass,Ø Körpergewicht in kg,kg,73.90,,44937,,,,A,"Statistik Austria table 'Stellungsergebnisse' (medical examination of all Austrian men liable for military service, Bundesministerium für Landesverteidigung/Ergänzungswesen; created 4.12.2025); population mean only, no SD; year_start = main examination year (birth year + 18; from cohort 1999 the window covers the year before and after); T1"
at-statistik-austria-stellungspflichtige,https://www.statistik.at/fileadmin/pages/392/Stellungsergebnisse_Geburtenjahrgang_bis_2006.ods,,"Austrian conscription examinees (Stellungspflichtige), birth cohort 1990",Austria,military,Recruits/trainees,M,2008,stature,Ø Körpergröße in cm,cm,1778.00,,45387,,,,A,"Statistik Austria table 'Stellungsergebnisse' (medical examination of all Austrian men liable for military service, Bundesministerium für Landesverteidigung/Ergänzungswesen; created 4.12.2025); population mean only, no SD; year_start = main examination year (birth year + 18; from cohort 1999 the window covers the year before and after); T1"
at-statistik-austria-stellungspflichtige,https://www.statistik.at/fileadmin/pages/392/Stellungsergebnisse_Geburtenjahrgang_bis_2006.ods,,"Austrian conscription examinees (Stellungspflichtige), birth cohort 1990",Austria,military,Recruits/trainees,M,2008,mass,Ø Körpergewicht in kg,kg,74.00,,45387,,,,A,"Statistik Austria table 'Stellungsergebnisse' (medical examination of all Austrian men liable for military service, Bundesministerium für Landesverteidigung/Ergänzungswesen; created 4.12.2025); population mean only, no SD; year_start = main examination year (birth year + 18; from cohort 1999 the window covers the year before and after); T1"
at-statistik-austria-stellungspflichtige,https://www.statistik.at/fileadmin/pages/392/Stellungsergebnisse_Geburtenjahrgang_bis_2006.ods,,"Austrian conscription examinees (Stellungspflichtige), birth cohort 1990",Austria,military,Recruits/trainees,M,2008,waist_circumference,Ø Taillenumfang in cm,cm,829.00,,,,,,A,"Statistik Austria table 'Stellungsergebnisse' (medical examination of all Austrian men liable for military service, Bundesministerium für Landesverteidigung/Ergänzungswesen; created 4.12.2025); population mean only, no SD; year_start = main examination year (birth year + 18; from cohort 1999 the window covers the year before and after); T2; n for waist not printed (cohort size 45387)"
at-statistik-austria-stellungspflichtige,https://www.statistik.at/fileadmin/pages/392/Stellungsergebnisse_Geburtenjahrgang_bis_2006.ods,,"Austrian conscription examinees (Stellungspflichtige), birth cohort 1991",Austria,military,Recruits/trainees,M,2009,stature,Ø Körpergröße in cm,cm,1777.00,,46250,,,,A,"Statistik Austria table 'Stellungsergebnisse' (medical examination of all Austrian men liable for military service, Bundesministerium für Landesverteidigung/Ergänzungswesen; created 4.12.2025); population mean only, no SD; year_start = main examination year (birth year + 18; from cohort 1999 the window covers the year before and after); T1"
at-statistik-austria-stellungspflichtige,https://www.statistik.at/fileadmin/pages/392/Stellungsergebnisse_Geburtenjahrgang_bis_2006.ods,,"Austrian conscription examinees (Stellungspflichtige), birth cohort 1991",Austria,military,Recruits/trainees,M,2009,mass,Ø Körpergewicht in kg,kg,73.90,,46250,,,,A,"Statistik Austria table 'Stellungsergebnisse' (medical examination of all Austrian men liable for military service, Bundesministerium für Landesverteidigung/Ergänzungswesen; created 4.12.2025); population mean only, no SD; year_start = main examination year (birth year + 18; from cohort 1999 the window covers the year before and after); T1"
at-statistik-austria-stellungspflichtige,https://www.statistik.at/fileadmin/pages/392/Stellungsergebnisse_Geburtenjahrgang_bis_2006.ods,,"Austrian conscription examinees (Stellungspflichtige), birth cohort 1991",Austria,military,Recruits/trainees,M,2009,waist_circumference,Ø Taillenumfang in cm,cm,837.00,,,,,,A,"Statistik Austria table 'Stellungsergebnisse' (medical examination of all Austrian men liable for military service, Bundesministerium für Landesverteidigung/Ergänzungswesen; created 4.12.2025); population mean only, no SD; year_start = main examination year (birth year + 18; from cohort 1999 the window covers the year before and after); T2; n for waist not printed (cohort size 46250)"
at-statistik-austria-stellungspflichtige,https://www.statistik.at/fileadmin/pages/392/Stellungsergebnisse_Geburtenjahrgang_bis_2006.ods,,"Austrian conscription examinees (Stellungspflichtige), birth cohort 1992",Austria,military,Recruits/trainees,M,2010,stature,Ø Körpergröße in cm,cm,1778.00,,45675,,,,A,"Statistik Austria table 'Stellungsergebnisse' (medical examination of all Austrian men liable for military service, Bundesministerium für Landesverteidigung/Ergänzungswesen; created 4.12.2025); population mean only, no SD; year_start = main examination year (birth year + 18; from cohort 1999 the window covers the year before and after); T1"
at-statistik-austria-stellungspflichtige,https://www.statistik.at/fileadmin/pages/392/Stellungsergebnisse_Geburtenjahrgang_bis_2006.ods,,"Austrian conscription examinees (Stellungspflichtige), birth cohort 1992",Austria,military,Recruits/trainees,M,2010,mass,Ø Körpergewicht in kg,kg,74.40,,45675,,,,A,"Statistik Austria table 'Stellungsergebnisse' (medical examination of all Austrian men liable for military service, Bundesministerium für Landesverteidigung/Ergänzungswesen; created 4.12.2025); population mean only, no SD; year_start = main examination year (birth year + 18; from cohort 1999 the window covers the year before and after); T1"
at-statistik-austria-stellungspflichtige,https://www.statistik.at/fileadmin/pages/392/Stellungsergebnisse_Geburtenjahrgang_bis_2006.ods,,"Austrian conscription examinees (Stellungspflichtige), birth cohort 1992",Austria,military,Recruits/trainees,M,2010,waist_circumference,Ø Taillenumfang in cm,cm,846.00,,,,,,A,"Statistik Austria table 'Stellungsergebnisse' (medical examination of all Austrian men liable for military service, Bundesministerium für Landesverteidigung/Ergänzungswesen; created 4.12.2025); population mean only, no SD; year_start = main examination year (birth year + 18; from cohort 1999 the window covers the year before and after); T2; n for waist not printed (cohort size 45675)"
at-statistik-austria-stellungspflichtige,https://www.statistik.at/fileadmin/pages/392/Stellungsergebnisse_Geburtenjahrgang_bis_2006.ods,,"Austrian conscription examinees (Stellungspflichtige), birth cohort 1993",Austria,military,Recruits/trainees,M,2011,stature,Ø Körpergröße in cm,cm,1779.00,,44801,,,,A,"Statistik Austria table 'Stellungsergebnisse' (medical examination of all Austrian men liable for military service, Bundesministerium für Landesverteidigung/Ergänzungswesen; created 4.12.2025); population mean only, no SD; year_start = main examination year (birth year + 18; from cohort 1999 the window covers the year before and after); T1"
at-statistik-austria-stellungspflichtige,https://www.statistik.at/fileadmin/pages/392/Stellungsergebnisse_Geburtenjahrgang_bis_2006.ods,,"Austrian conscription examinees (Stellungspflichtige), birth cohort 1993",Austria,military,Recruits/trainees,M,2011,mass,Ø Körpergewicht in kg,kg,74.50,,44801,,,,A,"Statistik Austria table 'Stellungsergebnisse' (medical examination of all Austrian men liable for military service, Bundesministerium für Landesverteidigung/Ergänzungswesen; created 4.12.2025); population mean only, no SD; year_start = main examination year (birth year + 18; from cohort 1999 the window covers the year before and after); T1"
at-statistik-austria-stellungspflichtige,https://www.statistik.at/fileadmin/pages/392/Stellungsergebnisse_Geburtenjahrgang_bis_2006.ods,,"Austrian conscription examinees (Stellungspflichtige), birth cohort 1993",Austria,military,Recruits/trainees,M,2011,waist_circumference,Ø Taillenumfang in cm,cm,857.00,,,,,,A,"Statistik Austria table 'Stellungsergebnisse' (medical examination of all Austrian men liable for military service, Bundesministerium für Landesverteidigung/Ergänzungswesen; created 4.12.2025); population mean only, no SD; year_start = main examination year (birth year + 18; from cohort 1999 the window covers the year before and after); T2; n for waist not printed (cohort size 44801)"
at-statistik-austria-stellungspflichtige,https://www.statistik.at/fileadmin/pages/392/Stellungsergebnisse_Geburtenjahrgang_bis_2006.ods,,"Austrian conscription examinees (Stellungspflichtige), birth cohort 1994",Austria,military,Recruits/trainees,M,2012,stature,Ø Körpergröße in cm,cm,1781.00,,43743,,,,A,"Statistik Austria table 'Stellungsergebnisse' (medical examination of all Austrian men liable for military service, Bundesministerium für Landesverteidigung/Ergänzungswesen; created 4.12.2025); population mean only, no SD; year_start = main examination year (birth year + 18; from cohort 1999 the window covers the year before and after); T1"
at-statistik-austria-stellungspflichtige,https://www.statistik.at/fileadmin/pages/392/Stellungsergebnisse_Geburtenjahrgang_bis_2006.ods,,"Austrian conscription examinees (Stellungspflichtige), birth cohort 1994",Austria,military,Recruits/trainees,M,2012,mass,Ø Körpergewicht in kg,kg,74.70,,43743,,,,A,"Statistik Austria table 'Stellungsergebnisse' (medical examination of all Austrian men liable for military service, Bundesministerium für Landesverteidigung/Ergänzungswesen; created 4.12.2025); population mean only, no SD; year_start = main examination year (birth year + 18; from cohort 1999 the window covers the year before and after); T1"
at-statistik-austria-stellungspflichtige,https://www.statistik.at/fileadmin/pages/392/Stellungsergebnisse_Geburtenjahrgang_bis_2006.ods,,"Austrian conscription examinees (Stellungspflichtige), birth cohort 1994",Austria,military,Recruits/trainees,M,2012,waist_circumference,Ø Taillenumfang in cm,cm,860.00,,,,,,A,"Statistik Austria table 'Stellungsergebnisse' (medical examination of all Austrian men liable for military service, Bundesministerium für Landesverteidigung/Ergänzungswesen; created 4.12.2025); population mean only, no SD; year_start = main examination year (birth year + 18; from cohort 1999 the window covers the year before and after); T2; n for waist not printed (cohort size 43743)"
at-statistik-austria-stellungspflichtige,https://www.statistik.at/fileadmin/pages/392/Stellungsergebnisse_Geburtenjahrgang_bis_2006.ods,,"Austrian conscription examinees (Stellungspflichtige), birth cohort 1995",Austria,military,Recruits/trainees,M,2013,stature,Ø Körpergröße in cm,cm,1779.00,,42129,,,,A,"Statistik Austria table 'Stellungsergebnisse' (medical examination of all Austrian men liable for military service, Bundesministerium für Landesverteidigung/Ergänzungswesen; created 4.12.2025); population mean only, no SD; year_start = main examination year (birth year + 18; from cohort 1999 the window covers the year before and after); T1"
at-statistik-austria-stellungspflichtige,https://www.statistik.at/fileadmin/pages/392/Stellungsergebnisse_Geburtenjahrgang_bis_2006.ods,,"Austrian conscription examinees (Stellungspflichtige), birth cohort 1995",Austria,military,Recruits/trainees,M,2013,mass,Ø Körpergewicht in kg,kg,74.30,,42129,,,,A,"Statistik Austria table 'Stellungsergebnisse' (medical examination of all Austrian men liable for military service, Bundesministerium für Landesverteidigung/Ergänzungswesen; created 4.12.2025); population mean only, no SD; year_start = main examination year (birth year + 18; from cohort 1999 the window covers the year before and after); T1"
at-statistik-austria-stellungspflichtige,https://www.statistik.at/fileadmin/pages/392/Stellungsergebnisse_Geburtenjahrgang_bis_2006.ods,,"Austrian conscription examinees (Stellungspflichtige), birth cohort 1995",Austria,military,Recruits/trainees,M,2013,waist_circumference,Ø Taillenumfang in cm,cm,858.00,,,,,,A,"Statistik Austria table 'Stellungsergebnisse' (medical examination of all Austrian men liable for military service, Bundesministerium für Landesverteidigung/Ergänzungswesen; created 4.12.2025); population mean only, no SD; year_start = main examination year (birth year + 18; from cohort 1999 the window covers the year before and after); T2; n for waist not printed (cohort size 42129)"
at-statistik-austria-stellungspflichtige,https://www.statistik.at/fileadmin/pages/392/Stellungsergebnisse_Geburtenjahrgang_bis_2006.ods,,"Austrian conscription examinees (Stellungspflichtige), birth cohort 1996",Austria,military,Recruits/trainees,M,2014,stature,Ø Körpergröße in cm,cm,1779.00,,42256,,,,A,"Statistik Austria table 'Stellungsergebnisse' (medical examination of all Austrian men liable for military service, Bundesministerium für Landesverteidigung/Ergänzungswesen; created 4.12.2025); population mean only, no SD; year_start = main examination year (birth year + 18; from cohort 1999 the window covers the year before and after); T1"
at-statistik-austria-stellungspflichtige,https://www.statistik.at/fileadmin/pages/392/Stellungsergebnisse_Geburtenjahrgang_bis_2006.ods,,"Austrian conscription examinees (Stellungspflichtige), birth cohort 1996",Austria,military,Recruits/trainees,M,2014,mass,Ø Körpergewicht in kg,kg,74.50,,42256,,,,A,"Statistik Austria table 'Stellungsergebnisse' (medical examination of all Austrian men liable for military service, Bundesministerium für Landesverteidigung/Ergänzungswesen; created 4.12.2025); population mean only, no SD; year_start = main examination year (birth year + 18; from cohort 1999 the window covers the year before and after); T1"
at-statistik-austria-stellungspflichtige,https://www.statistik.at/fileadmin/pages/392/Stellungsergebnisse_Geburtenjahrgang_bis_2006.ods,,"Austrian conscription examinees (Stellungspflichtige), birth cohort 1996",Austria,military,Recruits/trainees,M,2014,waist_circumference,Ø Taillenumfang in cm,cm,847.00,,,,,,A,"Statistik Austria table 'Stellungsergebnisse' (medical examination of all Austrian men liable for military service, Bundesministerium für Landesverteidigung/Ergänzungswesen; created 4.12.2025); population mean only, no SD; year_start = main examination year (birth year + 18; from cohort 1999 the window covers the year before and after); T2; n for waist not printed (cohort size 42256)"
at-statistik-austria-stellungspflichtige,https://www.statistik.at/fileadmin/pages/392/Stellungsergebnisse_Geburtenjahrgang_bis_2006.ods,,"Austrian conscription examinees (Stellungspflichtige), birth cohort 1997",Austria,military,Recruits/trainees,M,2015,stature,Ø Körpergröße in cm,cm,1784.00,,39975,,,,A,"Statistik Austria table 'Stellungsergebnisse' (medical examination of all Austrian men liable for military service, Bundesministerium für Landesverteidigung/Ergänzungswesen; created 4.12.2025); population mean only, no SD; year_start = main examination year (birth year + 18; from cohort 1999 the window covers the year before and after); T1"
at-statistik-austria-stellungspflichtige,https://www.statistik.at/fileadmin/pages/392/Stellungsergebnisse_Geburtenjahrgang_bis_2006.ods,,"Austrian conscription examinees (Stellungspflichtige), birth cohort 1997",Austria,military,Recruits/trainees,M,2015,mass,Ø Körpergewicht in kg,kg,74.70,,39975,,,,A,"Statistik Austria table 'Stellungsergebnisse' (medical examination of all Austrian men liable for military service, Bundesministerium für Landesverteidigung/Ergänzungswesen; created 4.12.2025); population mean only, no SD; year_start = main examination year (birth year + 18; from cohort 1999 the window covers the year before and after); T1"
at-statistik-austria-stellungspflichtige,https://www.statistik.at/fileadmin/pages/392/Stellungsergebnisse_Geburtenjahrgang_bis_2006.ods,,"Austrian conscription examinees (Stellungspflichtige), birth cohort 1997",Austria,military,Recruits/trainees,M,2015,waist_circumference,Ø Taillenumfang in cm,cm,842.00,,,,,,A,"Statistik Austria table 'Stellungsergebnisse' (medical examination of all Austrian men liable for military service, Bundesministerium für Landesverteidigung/Ergänzungswesen; created 4.12.2025); population mean only, no SD; year_start = main examination year (birth year + 18; from cohort 1999 the window covers the year before and after); T2; n for waist not printed (cohort size 39975)"
at-statistik-austria-stellungspflichtige,https://www.statistik.at/fileadmin/pages/392/Stellungsergebnisse_Geburtenjahrgang_bis_2006.ods,,"Austrian conscription examinees (Stellungspflichtige), birth cohort 1998",Austria,military,Recruits/trainees,M,2016,stature,Ø Körpergröße in cm,cm,1783.00,,40506,,,,A,"Statistik Austria table 'Stellungsergebnisse' (medical examination of all Austrian men liable for military service, Bundesministerium für Landesverteidigung/Ergänzungswesen; created 4.12.2025); population mean only, no SD; year_start = main examination year (birth year + 18; from cohort 1999 the window covers the year before and after); T1"
at-statistik-austria-stellungspflichtige,https://www.statistik.at/fileadmin/pages/392/Stellungsergebnisse_Geburtenjahrgang_bis_2006.ods,,"Austrian conscription examinees (Stellungspflichtige), birth cohort 1998",Austria,military,Recruits/trainees,M,2016,mass,Ø Körpergewicht in kg,kg,74.90,,40506,,,,A,"Statistik Austria table 'Stellungsergebnisse' (medical examination of all Austrian men liable for military service, Bundesministerium für Landesverteidigung/Ergänzungswesen; created 4.12.2025); population mean only, no SD; year_start = main examination year (birth year + 18; from cohort 1999 the window covers the year before and after); T1"
at-statistik-austria-stellungspflichtige,https://www.statistik.at/fileadmin/pages/392/Stellungsergebnisse_Geburtenjahrgang_bis_2006.ods,,"Austrian conscription examinees (Stellungspflichtige), birth cohort 1998",Austria,military,Recruits/trainees,M,2016,waist_circumference,Ø Taillenumfang in cm,cm,845.00,,,,,,A,"Statistik Austria table 'Stellungsergebnisse' (medical examination of all Austrian men liable for military service, Bundesministerium für Landesverteidigung/Ergänzungswesen; created 4.12.2025); population mean only, no SD; year_start = main examination year (birth year + 18; from cohort 1999 the window covers the year before and after); T2; n for waist not printed (cohort size 40506)"
at-statistik-austria-stellungspflichtige,https://www.statistik.at/fileadmin/pages/392/Stellungsergebnisse_Geburtenjahrgang_bis_2006.ods,,"Austrian conscription examinees (Stellungspflichtige), birth cohort 1999",Austria,military,Recruits/trainees,M,2017,stature,Ø Körpergröße in cm,cm,1783.00,,38185,,,,A,"Statistik Austria table 'Stellungsergebnisse' (medical examination of all Austrian men liable for military service, Bundesministerium für Landesverteidigung/Ergänzungswesen; created 4.12.2025); population mean only, no SD; year_start = main examination year (birth year + 18; from cohort 1999 the window covers the year before and after); T1"
at-statistik-austria-stellungspflichtige,https://www.statistik.at/fileadmin/pages/392/Stellungsergebnisse_Geburtenjahrgang_bis_2006.ods,,"Austrian conscription examinees (Stellungspflichtige), birth cohort 1999",Austria,military,Recruits/trainees,M,2017,mass,Ø Körpergewicht in kg,kg,75.10,,38185,,,,A,"Statistik Austria table 'Stellungsergebnisse' (medical examination of all Austrian men liable for military service, Bundesministerium für Landesverteidigung/Ergänzungswesen; created 4.12.2025); population mean only, no SD; year_start = main examination year (birth year + 18; from cohort 1999 the window covers the year before and after); T1"
at-statistik-austria-stellungspflichtige,https://www.statistik.at/fileadmin/pages/392/Stellungsergebnisse_Geburtenjahrgang_bis_2006.ods,,"Austrian conscription examinees (Stellungspflichtige), birth cohort 1999",Austria,military,Recruits/trainees,M,2017,waist_circumference,Ø Taillenumfang in cm,cm,869.00,,,,,,A,"Statistik Austria table 'Stellungsergebnisse' (medical examination of all Austrian men liable for military service, Bundesministerium für Landesverteidigung/Ergänzungswesen; created 4.12.2025); population mean only, no SD; year_start = main examination year (birth year + 18; from cohort 1999 the window covers the year before and after); T2; n for waist not printed (cohort size 38185)"
at-statistik-austria-stellungspflichtige,https://www.statistik.at/fileadmin/pages/392/Stellungsergebnisse_Geburtenjahrgang_bis_2006.ods,,"Austrian conscription examinees (Stellungspflichtige), birth cohort 2000",Austria,military,Recruits/trainees,M,2018,stature,Ø Körpergröße in cm,cm,1784.00,,37783,,,,A,"Statistik Austria table 'Stellungsergebnisse' (medical examination of all Austrian men liable for military service, Bundesministerium für Landesverteidigung/Ergänzungswesen; created 4.12.2025); population mean only, no SD; year_start = main examination year (birth year + 18; from cohort 1999 the window covers the year before and after); T1"
at-statistik-austria-stellungspflichtige,https://www.statistik.at/fileadmin/pages/392/Stellungsergebnisse_Geburtenjahrgang_bis_2006.ods,,"Austrian conscription examinees (Stellungspflichtige), birth cohort 2000",Austria,military,Recruits/trainees,M,2018,mass,Ø Körpergewicht in kg,kg,75.40,,37783,,,,A,"Statistik Austria table 'Stellungsergebnisse' (medical examination of all Austrian men liable for military service, Bundesministerium für Landesverteidigung/Ergänzungswesen; created 4.12.2025); population mean only, no SD; year_start = main examination year (birth year + 18; from cohort 1999 the window covers the year before and after); T1"
at-statistik-austria-stellungspflichtige,https://www.statistik.at/fileadmin/pages/392/Stellungsergebnisse_Geburtenjahrgang_bis_2006.ods,,"Austrian conscription examinees (Stellungspflichtige), birth cohort 2000",Austria,military,Recruits/trainees,M,2018,waist_circumference,Ø Taillenumfang in cm,cm,862.00,,,,,,A,"Statistik Austria table 'Stellungsergebnisse' (medical examination of all Austrian men liable for military service, Bundesministerium für Landesverteidigung/Ergänzungswesen; created 4.12.2025); population mean only, no SD; year_start = main examination year (birth year + 18; from cohort 1999 the window covers the year before and after); T2; n for waist not printed (cohort size 37783)"
at-statistik-austria-stellungspflichtige,https://www.statistik.at/fileadmin/pages/392/Stellungsergebnisse_Geburtenjahrgang_bis_2006.ods,,"Austrian conscription examinees (Stellungspflichtige), birth cohort 2001",Austria,military,Recruits/trainees,M,2019,stature,Ø Körpergröße in cm,cm,1784.00,,36267,,,,A,"Statistik Austria table 'Stellungsergebnisse' (medical examination of all Austrian men liable for military service, Bundesministerium für Landesverteidigung/Ergänzungswesen; created 4.12.2025); population mean only, no SD; year_start = main examination year (birth year + 18; from cohort 1999 the window covers the year before and after); T1"
at-statistik-austria-stellungspflichtige,https://www.statistik.at/fileadmin/pages/392/Stellungsergebnisse_Geburtenjahrgang_bis_2006.ods,,"Austrian conscription examinees (Stellungspflichtige), birth cohort 2001",Austria,military,Recruits/trainees,M,2019,mass,Ø Körpergewicht in kg,kg,75.80,,36267,,,,A,"Statistik Austria table 'Stellungsergebnisse' (medical examination of all Austrian men liable for military service, Bundesministerium für Landesverteidigung/Ergänzungswesen; created 4.12.2025); population mean only, no SD; year_start = main examination year (birth year + 18; from cohort 1999 the window covers the year before and after); T1"
at-statistik-austria-stellungspflichtige,https://www.statistik.at/fileadmin/pages/392/Stellungsergebnisse_Geburtenjahrgang_bis_2006.ods,,"Austrian conscription examinees (Stellungspflichtige), birth cohort 2001",Austria,military,Recruits/trainees,M,2019,waist_circumference,Ø Taillenumfang in cm,cm,876.00,,,,,,A,"Statistik Austria table 'Stellungsergebnisse' (medical examination of all Austrian men liable for military service, Bundesministerium für Landesverteidigung/Ergänzungswesen; created 4.12.2025); population mean only, no SD; year_start = main examination year (birth year + 18; from cohort 1999 the window covers the year before and after); T2; n for waist not printed (cohort size 36267)"
at-statistik-austria-stellungspflichtige,https://www.statistik.at/fileadmin/pages/392/Stellungsergebnisse_Geburtenjahrgang_bis_2006.ods,,"Austrian conscription examinees (Stellungspflichtige), birth cohort 2002",Austria,military,Recruits/trainees,M,2020,stature,Ø Körpergröße in cm,cm,1786.00,,37088,,,,A,"Statistik Austria table 'Stellungsergebnisse' (medical examination of all Austrian men liable for military service, Bundesministerium für Landesverteidigung/Ergänzungswesen; created 4.12.2025); population mean only, no SD; year_start = main examination year (birth year + 18; from cohort 1999 the window covers the year before and after); T1"
at-statistik-austria-stellungspflichtige,https://www.statistik.at/fileadmin/pages/392/Stellungsergebnisse_Geburtenjahrgang_bis_2006.ods,,"Austrian conscription examinees (Stellungspflichtige), birth cohort 2002",Austria,military,Recruits/trainees,M,2020,mass,Ø Körpergewicht in kg,kg,76.50,,37088,,,,A,"Statistik Austria table 'Stellungsergebnisse' (medical examination of all Austrian men liable for military service, Bundesministerium für Landesverteidigung/Ergänzungswesen; created 4.12.2025); population mean only, no SD; year_start = main examination year (birth year + 18; from cohort 1999 the window covers the year before and after); T1"
at-statistik-austria-stellungspflichtige,https://www.statistik.at/fileadmin/pages/392/Stellungsergebnisse_Geburtenjahrgang_bis_2006.ods,,"Austrian conscription examinees (Stellungspflichtige), birth cohort 2002",Austria,military,Recruits/trainees,M,2020,waist_circumference,Ø Taillenumfang in cm,cm,863.00,,,,,,A,"Statistik Austria table 'Stellungsergebnisse' (medical examination of all Austrian men liable for military service, Bundesministerium für Landesverteidigung/Ergänzungswesen; created 4.12.2025); population mean only, no SD; year_start = main examination year (birth year + 18; from cohort 1999 the window covers the year before and after); T2; n for waist not printed (cohort size 37088)"
at-statistik-austria-stellungspflichtige,https://www.statistik.at/fileadmin/pages/392/Stellungsergebnisse_Geburtenjahrgang_bis_2006.ods,,"Austrian conscription examinees (Stellungspflichtige), birth cohort 2003",Austria,military,Recruits/trainees,M,2021,stature,Ø Körpergröße in cm,cm,1786.00,,36238,,,,A,"Statistik Austria table 'Stellungsergebnisse' (medical examination of all Austrian men liable for military service, Bundesministerium für Landesverteidigung/Ergänzungswesen; created 4.12.2025); population mean only, no SD; year_start = main examination year (birth year + 18; from cohort 1999 the window covers the year before and after); T1"
at-statistik-austria-stellungspflichtige,https://www.statistik.at/fileadmin/pages/392/Stellungsergebnisse_Geburtenjahrgang_bis_2006.ods,,"Austrian conscription examinees (Stellungspflichtige), birth cohort 2003",Austria,military,Recruits/trainees,M,2021,mass,Ø Körpergewicht in kg,kg,76.90,,36238,,,,A,"Statistik Austria table 'Stellungsergebnisse' (medical examination of all Austrian men liable for military service, Bundesministerium für Landesverteidigung/Ergänzungswesen; created 4.12.2025); population mean only, no SD; year_start = main examination year (birth year + 18; from cohort 1999 the window covers the year before and after); T1"
at-statistik-austria-stellungspflichtige,https://www.statistik.at/fileadmin/pages/392/Stellungsergebnisse_Geburtenjahrgang_bis_2006.ods,,"Austrian conscription examinees (Stellungspflichtige), birth cohort 2003",Austria,military,Recruits/trainees,M,2021,waist_circumference,Ø Taillenumfang in cm,cm,855.00,,,,,,A,"Statistik Austria table 'Stellungsergebnisse' (medical examination of all Austrian men liable for military service, Bundesministerium für Landesverteidigung/Ergänzungswesen; created 4.12.2025); population mean only, no SD; year_start = main examination year (birth year + 18; from cohort 1999 the window covers the year before and after); T2; n for waist not printed (cohort size 36238)"
at-statistik-austria-stellungspflichtige,https://www.statistik.at/fileadmin/pages/392/Stellungsergebnisse_Geburtenjahrgang_bis_2006.ods,,"Austrian conscription examinees (Stellungspflichtige), birth cohort 2004",Austria,military,Recruits/trainees,M,2022,stature,Ø Körpergröße in cm,cm,1785.00,,36989,,,,A,"Statistik Austria table 'Stellungsergebnisse' (medical examination of all Austrian men liable for military service, Bundesministerium für Landesverteidigung/Ergänzungswesen; created 4.12.2025); population mean only, no SD; year_start = main examination year (birth year + 18; from cohort 1999 the window covers the year before and after); T1"
at-statistik-austria-stellungspflichtige,https://www.statistik.at/fileadmin/pages/392/Stellungsergebnisse_Geburtenjahrgang_bis_2006.ods,,"Austrian conscription examinees (Stellungspflichtige), birth cohort 2004",Austria,military,Recruits/trainees,M,2022,mass,Ø Körpergewicht in kg,kg,77.10,,36989,,,,A,"Statistik Austria table 'Stellungsergebnisse' (medical examination of all Austrian men liable for military service, Bundesministerium für Landesverteidigung/Ergänzungswesen; created 4.12.2025); population mean only, no SD; year_start = main examination year (birth year + 18; from cohort 1999 the window covers the year before and after); T1"
at-statistik-austria-stellungspflichtige,https://www.statistik.at/fileadmin/pages/392/Stellungsergebnisse_Geburtenjahrgang_bis_2006.ods,,"Austrian conscription examinees (Stellungspflichtige), birth cohort 2004",Austria,military,Recruits/trainees,M,2022,waist_circumference,Ø Taillenumfang in cm,cm,851.00,,,,,,A,"Statistik Austria table 'Stellungsergebnisse' (medical examination of all Austrian men liable for military service, Bundesministerium für Landesverteidigung/Ergänzungswesen; created 4.12.2025); population mean only, no SD; year_start = main examination year (birth year + 18; from cohort 1999 the window covers the year before and after); T2; n for waist not printed (cohort size 36989)"
at-statistik-austria-stellungspflichtige,https://www.statistik.at/fileadmin/pages/392/Stellungsergebnisse_Geburtenjahrgang_bis_2006.ods,,"Austrian conscription examinees (Stellungspflichtige), birth cohort 2005",Austria,military,Recruits/trainees,M,2023,stature,Ø Körpergröße in cm,cm,1788.00,,36946,,,,A,"Statistik Austria table 'Stellungsergebnisse' (medical examination of all Austrian men liable for military service, Bundesministerium für Landesverteidigung/Ergänzungswesen; created 4.12.2025); population mean only, no SD; year_start = main examination year (birth year + 18; from cohort 1999 the window covers the year before and after); T1"
at-statistik-austria-stellungspflichtige,https://www.statistik.at/fileadmin/pages/392/Stellungsergebnisse_Geburtenjahrgang_bis_2006.ods,,"Austrian conscription examinees (Stellungspflichtige), birth cohort 2005",Austria,military,Recruits/trainees,M,2023,mass,Ø Körpergewicht in kg,kg,77.00,,36946,,,,A,"Statistik Austria table 'Stellungsergebnisse' (medical examination of all Austrian men liable for military service, Bundesministerium für Landesverteidigung/Ergänzungswesen; created 4.12.2025); population mean only, no SD; year_start = main examination year (birth year + 18; from cohort 1999 the window covers the year before and after); T1"
at-statistik-austria-stellungspflichtige,https://www.statistik.at/fileadmin/pages/392/Stellungsergebnisse_Geburtenjahrgang_bis_2006.ods,,"Austrian conscription examinees (Stellungspflichtige), birth cohort 2005",Austria,military,Recruits/trainees,M,2023,waist_circumference,Ø Taillenumfang in cm,cm,852.00,,,,,,A,"Statistik Austria table 'Stellungsergebnisse' (medical examination of all Austrian men liable for military service, Bundesministerium für Landesverteidigung/Ergänzungswesen; created 4.12.2025); population mean only, no SD; year_start = main examination year (birth year + 18; from cohort 1999 the window covers the year before and after); T2; n for waist not printed (cohort size 36946)"
at-statistik-austria-stellungspflichtige,https://www.statistik.at/fileadmin/pages/392/Stellungsergebnisse_Geburtenjahrgang_bis_2006.ods,,"Austrian conscription examinees (Stellungspflichtige), birth cohort 2006",Austria,military,Recruits/trainees,M,2024,stature,Ø Körpergröße in cm,cm,1789.00,,36691,,,,A,"Statistik Austria table 'Stellungsergebnisse' (medical examination of all Austrian men liable for military service, Bundesministerium für Landesverteidigung/Ergänzungswesen; created 4.12.2025); population mean only, no SD; year_start = main examination year (birth year + 18; from cohort 1999 the window covers the year before and after); T1"
at-statistik-austria-stellungspflichtige,https://www.statistik.at/fileadmin/pages/392/Stellungsergebnisse_Geburtenjahrgang_bis_2006.ods,,"Austrian conscription examinees (Stellungspflichtige), birth cohort 2006",Austria,military,Recruits/trainees,M,2024,mass,Ø Körpergewicht in kg,kg,77.00,,36691,,,,A,"Statistik Austria table 'Stellungsergebnisse' (medical examination of all Austrian men liable for military service, Bundesministerium für Landesverteidigung/Ergänzungswesen; created 4.12.2025); population mean only, no SD; year_start = main examination year (birth year + 18; from cohort 1999 the window covers the year before and after); T1"
at-statistik-austria-stellungspflichtige,https://www.statistik.at/fileadmin/pages/392/Stellungsergebnisse_Geburtenjahrgang_bis_2006.ods,,"Austrian conscription examinees (Stellungspflichtige), birth cohort 2006",Austria,military,Recruits/trainees,M,2024,waist_circumference,Ø Taillenumfang in cm,cm,841.00,,,,,,A,"Statistik Austria table 'Stellungsergebnisse' (medical examination of all Austrian men liable for military service, Bundesministerium für Landesverteidigung/Ergänzungswesen; created 4.12.2025); population mean only, no SD; year_start = main examination year (birth year + 18; from cohort 1999 the window covers the year before and after); T2; n for waist not printed (cohort size 36691)"
dk-2025-forsvarets-dag-statistics,reports/openaccess/dk-2025-forsvarets-dag-statistics.pdf,8,"Danish male conscription examinees (Forsvarets Dag), 1. halvår 2025",Denmark,military,Recruits/trainees,M,2025,stature,Gennemsnitshøjde (cm),cm,1818.40,,,,,,A,Table 'Mænds gennemsnitshøjde 1852-2025': mean measured height of men examined at Forsvarets Dag (conscription day) per session half-year; no SD; n not printed for height (roughly 11 000-20 000 examinations per half-year according to the BMI table); source Forsvarsministeriet
dk-2025-forsvarets-dag-statistics,reports/openaccess/dk-2025-forsvarets-dag-statistics.pdf,8,"Danish male conscription examinees (Forsvarets Dag), 2. halvår 2024",Denmark,military,Recruits/trainees,M,2024,stature,Gennemsnitshøjde (cm),cm,1819.10,,,,,,A,Table 'Mænds gennemsnitshøjde 1852-2025': mean measured height of men examined at Forsvarets Dag (conscription day) per session half-year; no SD; n not printed for height (roughly 11 000-20 000 examinations per half-year according to the BMI table); source Forsvarsministeriet
dk-2025-forsvarets-dag-statistics,reports/openaccess/dk-2025-forsvarets-dag-statistics.pdf,8,"Danish male conscription examinees (Forsvarets Dag), 1. halvår 2024",Denmark,military,Recruits/trainees,M,2024,stature,Gennemsnitshøjde (cm),cm,1817.60,,,,,,A,Table 'Mænds gennemsnitshøjde 1852-2025': mean measured height of men examined at Forsvarets Dag (conscription day) per session half-year; no SD; n not printed for height (roughly 11 000-20 000 examinations per half-year according to the BMI table); source Forsvarsministeriet
dk-2025-forsvarets-dag-statistics,reports/openaccess/dk-2025-forsvarets-dag-statistics.pdf,8,"Danish male conscription examinees (Forsvarets Dag), 2. halvår 2023",Denmark,military,Recruits/trainees,M,2023,stature,Gennemsnitshøjde (cm),cm,1815.40,,,,,,A,Table 'Mænds gennemsnitshøjde 1852-2025': mean measured height of men examined at Forsvarets Dag (conscription day) per session half-year; no SD; n not printed for height (roughly 11 000-20 000 examinations per half-year according to the BMI table); source Forsvarsministeriet
dk-2025-forsvarets-dag-statistics,reports/openaccess/dk-2025-forsvarets-dag-statistics.pdf,8,"Danish male conscription examinees (Forsvarets Dag), 1. halvår 2023",Denmark,military,Recruits/trainees,M,2023,stature,Gennemsnitshøjde (cm),cm,1816.10,,,,,,A,Table 'Mænds gennemsnitshøjde 1852-2025': mean measured height of men examined at Forsvarets Dag (conscription day) per session half-year; no SD; n not printed for height (roughly 11 000-20 000 examinations per half-year according to the BMI table); source Forsvarsministeriet
dk-2025-forsvarets-dag-statistics,reports/openaccess/dk-2025-forsvarets-dag-statistics.pdf,8,"Danish male conscription examinees (Forsvarets Dag), 2. halvår 2022",Denmark,military,Recruits/trainees,M,2022,stature,Gennemsnitshøjde (cm),cm,1816.00,,,,,,A,Table 'Mænds gennemsnitshøjde 1852-2025': mean measured height of men examined at Forsvarets Dag (conscription day) per session half-year; no SD; n not printed for height (roughly 11 000-20 000 examinations per half-year according to the BMI table); source Forsvarsministeriet
dk-2025-forsvarets-dag-statistics,reports/openaccess/dk-2025-forsvarets-dag-statistics.pdf,8,"Danish male conscription examinees (Forsvarets Dag), 1. halvår 2022",Denmark,military,Recruits/trainees,M,2022,stature,Gennemsnitshøjde (cm),cm,1816.20,,,,,,A,Table 'Mænds gennemsnitshøjde 1852-2025': mean measured height of men examined at Forsvarets Dag (conscription day) per session half-year; no SD; n not printed for height (roughly 11 000-20 000 examinations per half-year according to the BMI table); source Forsvarsministeriet
dk-2025-forsvarets-dag-statistics,reports/openaccess/dk-2025-forsvarets-dag-statistics.pdf,8,"Danish male conscription examinees (Forsvarets Dag), 2. halvår 2021",Denmark,military,Recruits/trainees,M,2021,stature,Gennemsnitshøjde (cm),cm,1816.40,,,,,,A,Table 'Mænds gennemsnitshøjde 1852-2025': mean measured height of men examined at Forsvarets Dag (conscription day) per session half-year; no SD; n not printed for height (roughly 11 000-20 000 examinations per half-year according to the BMI table); source Forsvarsministeriet; 2020-2021 sessions affected by COVID-19
dk-2025-forsvarets-dag-statistics,reports/openaccess/dk-2025-forsvarets-dag-statistics.pdf,8,"Danish male conscription examinees (Forsvarets Dag), 1. halvår 2021",Denmark,military,Recruits/trainees,M,2021,stature,Gennemsnitshøjde (cm),cm,1816.20,,,,,,A,Table 'Mænds gennemsnitshøjde 1852-2025': mean measured height of men examined at Forsvarets Dag (conscription day) per session half-year; no SD; n not printed for height (roughly 11 000-20 000 examinations per half-year according to the BMI table); source Forsvarsministeriet; 2020-2021 sessions affected by COVID-19
dk-2025-forsvarets-dag-statistics,reports/openaccess/dk-2025-forsvarets-dag-statistics.pdf,8,"Danish male conscription examinees (Forsvarets Dag), 2. halvår 2020",Denmark,military,Recruits/trainees,M,2020,stature,Gennemsnitshøjde (cm),cm,1817.60,,,,,,A,Table 'Mænds gennemsnitshøjde 1852-2025': mean measured height of men examined at Forsvarets Dag (conscription day) per session half-year; no SD; n not printed for height (roughly 11 000-20 000 examinations per half-year according to the BMI table); source Forsvarsministeriet; 2020-2021 sessions affected by COVID-19
dk-2025-forsvarets-dag-statistics,reports/openaccess/dk-2025-forsvarets-dag-statistics.pdf,8,"Danish male conscription examinees (Forsvarets Dag), 1. halvår 2020",Denmark,military,Recruits/trainees,M,2020,stature,Gennemsnitshøjde (cm),cm,1815.40,,,,,,A,Table 'Mænds gennemsnitshøjde 1852-2025': mean measured height of men examined at Forsvarets Dag (conscription day) per session half-year; no SD; n not printed for height (roughly 11 000-20 000 examinations per half-year according to the BMI table); source Forsvarsministeriet; 2020-2021 sessions affected by COVID-19
dk-2025-forsvarets-dag-statistics,reports/openaccess/dk-2025-forsvarets-dag-statistics.pdf,8,"Danish male conscription examinees (Forsvarets Dag), 2. halvår 2019",Denmark,military,Recruits/trainees,M,2019,stature,Gennemsnitshøjde (cm),cm,1813.20,,,,,,A,Table 'Mænds gennemsnitshøjde 1852-2025': mean measured height of men examined at Forsvarets Dag (conscription day) per session half-year; no SD; n not printed for height (roughly 11 000-20 000 examinations per half-year according to the BMI table); source Forsvarsministeriet
dk-2025-forsvarets-dag-statistics,reports/openaccess/dk-2025-forsvarets-dag-statistics.pdf,8,"Danish male conscription examinees (Forsvarets Dag), 1. halvår 2019",Denmark,military,Recruits/trainees,M,2019,stature,Gennemsnitshøjde (cm),cm,1810.40,,,,,,A,Table 'Mænds gennemsnitshøjde 1852-2025': mean measured height of men examined at Forsvarets Dag (conscription day) per session half-year; no SD; n not printed for height (roughly 11 000-20 000 examinations per half-year according to the BMI table); source Forsvarsministeriet
dk-2025-forsvarets-dag-statistics,reports/openaccess/dk-2025-forsvarets-dag-statistics.pdf,8,"Danish male conscription examinees (Forsvarets Dag), 2. halvår 2018",Denmark,military,Recruits/trainees,M,2018,stature,Gennemsnitshøjde (cm),cm,1811.60,,,,,,A,Table 'Mænds gennemsnitshøjde 1852-2025': mean measured height of men examined at Forsvarets Dag (conscription day) per session half-year; no SD; n not printed for height (roughly 11 000-20 000 examinations per half-year according to the BMI table); source Forsvarsministeriet
dk-2025-forsvarets-dag-statistics,reports/openaccess/dk-2025-forsvarets-dag-statistics.pdf,8,"Danish male conscription examinees (Forsvarets Dag), 1. halvår 2018",Denmark,military,Recruits/trainees,M,2018,stature,Gennemsnitshøjde (cm),cm,1818.20,,,,,,A,Table 'Mænds gennemsnitshøjde 1852-2025': mean measured height of men examined at Forsvarets Dag (conscription day) per session half-year; no SD; n not printed for height (roughly 11 000-20 000 examinations per half-year according to the BMI table); source Forsvarsministeriet
dk-2025-forsvarets-dag-statistics,reports/openaccess/dk-2025-forsvarets-dag-statistics.pdf,8,"Danish male conscription examinees (Forsvarets Dag), 2. halvår 2017",Denmark,military,Recruits/trainees,M,2017,stature,Gennemsnitshøjde (cm),cm,1815.30,,,,,,A,Table 'Mænds gennemsnitshøjde 1852-2025': mean measured height of men examined at Forsvarets Dag (conscription day) per session half-year; no SD; n not printed for height (roughly 11 000-20 000 examinations per half-year according to the BMI table); source Forsvarsministeriet
dk-2025-forsvarets-dag-statistics,reports/openaccess/dk-2025-forsvarets-dag-statistics.pdf,8,"Danish male conscription examinees (Forsvarets Dag), 1. halvår 2017",Denmark,military,Recruits/trainees,M,2017,stature,Gennemsnitshøjde (cm),cm,1812.60,,,,,,A,Table 'Mænds gennemsnitshøjde 1852-2025': mean measured height of men examined at Forsvarets Dag (conscription day) per session half-year; no SD; n not printed for height (roughly 11 000-20 000 examinations per half-year according to the BMI table); source Forsvarsministeriet
dk-2025-forsvarets-dag-statistics,reports/openaccess/dk-2025-forsvarets-dag-statistics.pdf,8,"Danish male conscription examinees (Forsvarets Dag), 2. halvår 2016",Denmark,military,Recruits/trainees,M,2016,stature,Gennemsnitshøjde (cm),cm,1808.30,,,,,,A,Table 'Mænds gennemsnitshøjde 1852-2025': mean measured height of men examined at Forsvarets Dag (conscription day) per session half-year; no SD; n not printed for height (roughly 11 000-20 000 examinations per half-year according to the BMI table); source Forsvarsministeriet
dk-2025-forsvarets-dag-statistics,reports/openaccess/dk-2025-forsvarets-dag-statistics.pdf,8,"Danish male conscription examinees (Forsvarets Dag), 1. halvår 2016",Denmark,military,Recruits/trainees,M,2016,stature,Gennemsnitshøjde (cm),cm,1806.90,,,,,,A,Table 'Mænds gennemsnitshøjde 1852-2025': mean measured height of men examined at Forsvarets Dag (conscription day) per session half-year; no SD; n not printed for height (roughly 11 000-20 000 examinations per half-year according to the BMI table); source Forsvarsministeriet
dk-2025-forsvarets-dag-statistics,reports/openaccess/dk-2025-forsvarets-dag-statistics.pdf,8,"Danish male conscription examinees (Forsvarets Dag), 2. halvår 2015",Denmark,military,Recruits/trainees,M,2015,stature,Gennemsnitshøjde (cm),cm,1807.90,,,,,,A,Table 'Mænds gennemsnitshøjde 1852-2025': mean measured height of men examined at Forsvarets Dag (conscription day) per session half-year; no SD; n not printed for height (roughly 11 000-20 000 examinations per half-year according to the BMI table); source Forsvarsministeriet
dk-2025-forsvarets-dag-statistics,reports/openaccess/dk-2025-forsvarets-dag-statistics.pdf,8,"Danish male conscription examinees (Forsvarets Dag), 1. halvår 2015",Denmark,military,Recruits/trainees,M,2015,stature,Gennemsnitshøjde (cm),cm,1806.30,,,,,,A,Table 'Mænds gennemsnitshøjde 1852-2025': mean measured height of men examined at Forsvarets Dag (conscription day) per session half-year; no SD; n not printed for height (roughly 11 000-20 000 examinations per half-year according to the BMI table); source Forsvarsministeriet
dk-2025-forsvarets-dag-statistics,reports/openaccess/dk-2025-forsvarets-dag-statistics.pdf,8,"Danish male conscription examinees (Forsvarets Dag), 2. halvår 2014",Denmark,military,Recruits/trainees,M,2014,stature,Gennemsnitshøjde (cm),cm,1806.30,,,,,,A,Table 'Mænds gennemsnitshøjde 1852-2025': mean measured height of men examined at Forsvarets Dag (conscription day) per session half-year; no SD; n not printed for height (roughly 11 000-20 000 examinations per half-year according to the BMI table); source Forsvarsministeriet
dk-2025-forsvarets-dag-statistics,reports/openaccess/dk-2025-forsvarets-dag-statistics.pdf,8,"Danish male conscription examinees (Forsvarets Dag), 1. halvår 2014",Denmark,military,Recruits/trainees,M,2014,stature,Gennemsnitshøjde (cm),cm,1805.40,,,,,,A,Table 'Mænds gennemsnitshøjde 1852-2025': mean measured height of men examined at Forsvarets Dag (conscription day) per session half-year; no SD; n not printed for height (roughly 11 000-20 000 examinations per half-year according to the BMI table); source Forsvarsministeriet
dk-2025-forsvarets-dag-statistics,reports/openaccess/dk-2025-forsvarets-dag-statistics.pdf,8,"Danish male conscription examinees (Forsvarets Dag), 2. halvår 2013",Denmark,military,Recruits/trainees,M,2013,stature,Gennemsnitshøjde (cm),cm,1805.40,,,,,,A,Table 'Mænds gennemsnitshøjde 1852-2025': mean measured height of men examined at Forsvarets Dag (conscription day) per session half-year; no SD; n not printed for height (roughly 11 000-20 000 examinations per half-year according to the BMI table); source Forsvarsministeriet
dk-2025-forsvarets-dag-statistics,reports/openaccess/dk-2025-forsvarets-dag-statistics.pdf,8,"Danish male conscription examinees (Forsvarets Dag), 1. halvår 2013",Denmark,military,Recruits/trainees,M,2013,stature,Gennemsnitshøjde (cm),cm,1800.60,,,,,,A,Table 'Mænds gennemsnitshøjde 1852-2025': mean measured height of men examined at Forsvarets Dag (conscription day) per session half-year; no SD; n not printed for height (roughly 11 000-20 000 examinations per half-year according to the BMI table); source Forsvarsministeriet
dk-2025-forsvarets-dag-statistics,reports/openaccess/dk-2025-forsvarets-dag-statistics.pdf,8,"Danish male conscription examinees (Forsvarets Dag), 2. halvår 2012",Denmark,military,Recruits/trainees,M,2012,stature,Gennemsnitshøjde (cm),cm,1804.80,,,,,,A,Table 'Mænds gennemsnitshøjde 1852-2025': mean measured height of men examined at Forsvarets Dag (conscription day) per session half-year; no SD; n not printed for height (roughly 11 000-20 000 examinations per half-year according to the BMI table); source Forsvarsministeriet
dk-2025-forsvarets-dag-statistics,reports/openaccess/dk-2025-forsvarets-dag-statistics.pdf,8,"Danish male conscription examinees (Forsvarets Dag), 1. halvår 2012",Denmark,military,Recruits/trainees,M,2012,stature,Gennemsnitshøjde (cm),cm,1802.80,,,,,,A,Table 'Mænds gennemsnitshøjde 1852-2025': mean measured height of men examined at Forsvarets Dag (conscription day) per session half-year; no SD; n not printed for height (roughly 11 000-20 000 examinations per half-year according to the BMI table); source Forsvarsministeriet
dk-2025-forsvarets-dag-statistics,reports/openaccess/dk-2025-forsvarets-dag-statistics.pdf,8,"Danish male conscription examinees (Forsvarets Dag), 2011",Denmark,military,Recruits/trainees,M,2011,stature,Gennemsnitshøjde (cm),cm,1797.50,,,,,,A,Table 'Mænds gennemsnitshøjde 1852-2025': mean measured height of men examined at Forsvarets Dag (conscription day) per session half-year; no SD; n not printed for height (roughly 11 000-20 000 examinations per half-year according to the BMI table); source Forsvarsministeriet
dk-2025-forsvarets-dag-statistics,reports/openaccess/dk-2025-forsvarets-dag-statistics.pdf,8,"Danish male conscription examinees (Forsvarets Dag), 2010",Denmark,military,Recruits/trainees,M,2010,stature,Gennemsnitshøjde (cm),cm,1802.00,,,,,,A,Table 'Mænds gennemsnitshøjde 1852-2025': mean measured height of men examined at Forsvarets Dag (conscription day) per session half-year; no SD; n not printed for height (roughly 11 000-20 000 examinations per half-year according to the BMI table); source Forsvarsministeriet
dk-2025-forsvarets-dag-statistics,reports/openaccess/dk-2025-forsvarets-dag-statistics.pdf,8,"Danish male conscription examinees (Forsvarets Dag), 2009",Denmark,military,Recruits/trainees,M,2009,stature,Gennemsnitshøjde (cm),cm,1803.00,,,,,,A,Table 'Mænds gennemsnitshøjde 1852-2025': mean measured height of men examined at Forsvarets Dag (conscription day) per session half-year; no SD; n not printed for height (roughly 11 000-20 000 examinations per half-year according to the BMI table); source Forsvarsministeriet
dk-2025-forsvarets-dag-statistics,reports/openaccess/dk-2025-forsvarets-dag-statistics.pdf,8,"Danish male conscription examinees (Forsvarets Dag), 2008",Denmark,military,Recruits/trainees,M,2008,stature,Gennemsnitshøjde (cm),cm,1802.00,,,,,,A,Table 'Mænds gennemsnitshøjde 1852-2025': mean measured height of men examined at Forsvarets Dag (conscription day) per session half-year; no SD; n not printed for height (roughly 11 000-20 000 examinations per half-year according to the BMI table); source Forsvarsministeriet
dk-2025-forsvarets-dag-statistics,reports/openaccess/dk-2025-forsvarets-dag-statistics.pdf,8,"Danish male conscription examinees (Forsvarets Dag), 2007",Denmark,military,Recruits/trainees,M,2007,stature,Gennemsnitshøjde (cm),cm,1799.00,,,,,,A,Table 'Mænds gennemsnitshøjde 1852-2025': mean measured height of men examined at Forsvarets Dag (conscription day) per session half-year; no SD; n not printed for height (roughly 11 000-20 000 examinations per half-year according to the BMI table); source Forsvarsministeriet
dk-2025-forsvarets-dag-statistics,reports/openaccess/dk-2025-forsvarets-dag-statistics.pdf,8,"Danish male conscription examinees (Forsvarets Dag), 2006",Denmark,military,Recruits/trainees,M,2006,stature,Gennemsnitshøjde (cm),cm,1801.00,,,,,,A,Table 'Mænds gennemsnitshøjde 1852-2025': mean measured height of men examined at Forsvarets Dag (conscription day) per session half-year; no SD; n not printed for height (roughly 11 000-20 000 examinations per half-year according to the BMI table); source Forsvarsministeriet
dk-2025-forsvarets-dag-statistics,reports/openaccess/dk-2025-forsvarets-dag-statistics.pdf,8,"Danish male conscription examinees (Forsvarets Dag), 2005",Denmark,military,Recruits/trainees,M,2005,stature,Gennemsnitshøjde (cm),cm,1803.00,,,,,,A,Table 'Mænds gennemsnitshøjde 1852-2025': mean measured height of men examined at Forsvarets Dag (conscription day) per session half-year; no SD; n not printed for height (roughly 11 000-20 000 examinations per half-year according to the BMI table); source Forsvarsministeriet
dk-2025-forsvarets-dag-statistics,reports/openaccess/dk-2025-forsvarets-dag-statistics.pdf,8,"Danish male conscription examinees (Forsvarets Dag), 2004",Denmark,military,Recruits/trainees,M,2004,stature,Gennemsnitshøjde (cm),cm,1804.00,,,,,,A,Table 'Mænds gennemsnitshøjde 1852-2025': mean measured height of men examined at Forsvarets Dag (conscription day) per session half-year; no SD; n not printed for height (roughly 11 000-20 000 examinations per half-year according to the BMI table); source Forsvarsministeriet
dk-2025-forsvarets-dag-statistics,reports/openaccess/dk-2025-forsvarets-dag-statistics.pdf,8,"Danish male conscription examinees (Forsvarets Dag), 2003",Denmark,military,Recruits/trainees,M,2003,stature,Gennemsnitshøjde (cm),cm,1803.00,,,,,,A,Table 'Mænds gennemsnitshøjde 1852-2025': mean measured height of men examined at Forsvarets Dag (conscription day) per session half-year; no SD; n not printed for height (roughly 11 000-20 000 examinations per half-year according to the BMI table); source Forsvarsministeriet
dk-2025-forsvarets-dag-statistics,reports/openaccess/dk-2025-forsvarets-dag-statistics.pdf,8,"Danish male conscription examinees (Forsvarets Dag), 2002",Denmark,military,Recruits/trainees,M,2002,stature,Gennemsnitshøjde (cm),cm,1801.00,,,,,,A,Table 'Mænds gennemsnitshøjde 1852-2025': mean measured height of men examined at Forsvarets Dag (conscription day) per session half-year; no SD; n not printed for height (roughly 11 000-20 000 examinations per half-year according to the BMI table); source Forsvarsministeriet
dk-2025-forsvarets-dag-statistics,reports/openaccess/dk-2025-forsvarets-dag-statistics.pdf,8,"Danish male conscription examinees (Forsvarets Dag), 2001",Denmark,military,Recruits/trainees,M,2001,stature,Gennemsnitshøjde (cm),cm,1802.00,,,,,,A,Table 'Mænds gennemsnitshøjde 1852-2025': mean measured height of men examined at Forsvarets Dag (conscription day) per session half-year; no SD; n not printed for height (roughly 11 000-20 000 examinations per half-year according to the BMI table); source Forsvarsministeriet
dk-2025-forsvarets-dag-statistics,reports/openaccess/dk-2025-forsvarets-dag-statistics.pdf,8,"Danish male conscription examinees (Forsvarets Dag), 2000",Denmark,military,Recruits/trainees,M,2000,stature,Gennemsnitshøjde (cm),cm,1801.00,,,,,,A,Table 'Mænds gennemsnitshøjde 1852-2025': mean measured height of men examined at Forsvarets Dag (conscription day) per session half-year; no SD; n not printed for height (roughly 11 000-20 000 examinations per half-year according to the BMI table); source Forsvarsministeriet
dk-2025-forsvarets-dag-statistics,reports/openaccess/dk-2025-forsvarets-dag-statistics.pdf,9,"Danish male conscription examinees (session), 1990",Denmark,military,Recruits/trainees,M,1990,stature,Gennemsnitshøjde (cm),cm,1804.00,,,,,,A,"Historic part of the same table; source Danmarks Statistik (sessions under the Ministry of the Interior 1852-1990); mean only, no SD or n"
dk-2025-forsvarets-dag-statistics,reports/openaccess/dk-2025-forsvarets-dag-statistics.pdf,9,"Danish male conscription examinees (session), 1. halvår 1980",Denmark,military,Recruits/trainees,M,1980,stature,Gennemsnitshøjde (cm),cm,1799.00,,,,,,A,"Historic part of the same table; source Danmarks Statistik (sessions under the Ministry of the Interior 1852-1990); mean only, no SD or n"
dk-2025-forsvarets-dag-statistics,reports/openaccess/dk-2025-forsvarets-dag-statistics.pdf,9,"Danish male conscription examinees (session), 1. halvår 1970",Denmark,military,Recruits/trainees,M,1970,stature,Gennemsnitshøjde (cm),cm,1774.00,,,,,,A,"Historic part of the same table; source Danmarks Statistik (sessions under the Ministry of the Interior 1852-1990); mean only, no SD or n"
dk-2025-forsvarets-dag-statistics,reports/openaccess/dk-2025-forsvarets-dag-statistics.pdf,9,"Danish male conscription examinees (session), 1950",Denmark,military,Recruits/trainees,M,1950,stature,Gennemsnitshøjde (cm),cm,1739.00,,,,,,A,"Historic part of the same table; source Danmarks Statistik (sessions under the Ministry of the Interior 1852-1990); mean only, no SD or n"
dk-2025-forsvarets-dag-statistics,reports/openaccess/dk-2025-forsvarets-dag-statistics.pdf,9,"Danish male conscription examinees (session), 1940",Denmark,military,Recruits/trainees,M,1940,stature,Gennemsnitshøjde (cm),cm,1725.00,,,,,,A,"Historic part of the same table; source Danmarks Statistik (sessions under the Ministry of the Interior 1852-1990); mean only, no SD or n"
dk-2025-forsvarets-dag-statistics,reports/openaccess/dk-2025-forsvarets-dag-statistics.pdf,9,"Danish male conscription examinees (session), 1930",Denmark,military,Recruits/trainees,M,1930,stature,Gennemsnitshøjde (cm),cm,1701.60,,,,,,A,"Historic part of the same table; source Danmarks Statistik (sessions under the Ministry of the Interior 1852-1990); mean only, no SD or n"
dk-2025-forsvarets-dag-statistics,reports/openaccess/dk-2025-forsvarets-dag-statistics.pdf,9,"Danish male conscription examinees (session), 1920",Denmark,military,Recruits/trainees,M,1920,stature,Gennemsnitshøjde (cm),cm,1693.70,,,,,,A,"Historic part of the same table; source Danmarks Statistik (sessions under the Ministry of the Interior 1852-1990); mean only, no SD or n"
dk-2025-forsvarets-dag-statistics,reports/openaccess/dk-2025-forsvarets-dag-statistics.pdf,9,"Danish male conscription examinees (session), 1896-1900",Denmark,military,Recruits/trainees,M,1896,stature,Gennemsnitshøjde (cm),cm,1684.00,,,,,,A,"Historic part of the same table; source Danmarks Statistik (sessions under the Ministry of the Interior 1852-1990); mean only, no SD or n"
dk-2025-forsvarets-dag-statistics,reports/openaccess/dk-2025-forsvarets-dag-statistics.pdf,9,"Danish male conscription examinees (session), 1852-1856",Denmark,military,Recruits/trainees,M,1852,stature,Gennemsnitshøjde (cm),cm,1654.00,,,,,,A,"Historic part of the same table; source Danmarks Statistik (sessions under the Ministry of the Interior 1852-1990); mean only, no SD or n"
dk-2025-forsvarets-dag-statistics,reports/openaccess/dk-2025-forsvarets-dag-statistics.pdf,16,"Danish female conscription-day volunteers (Forsvarets Dag), 1. halvår 2025",Denmark,military,Recruits/trainees,F,2025,stature,Gennemsnitshøjde (cm),cm,1690.90,,,,,,A,"Table 'Kvinders gennemsnitshøjde 2006-2025': mean measured height of women volunteering for Forsvarets Dag per session half-year; no SD; n not printed for height (about 800-2 100 women per half-year in the BMI table); first row of the table is labelled '1. halvår 2023' in the source, presumably 1. halvår 2025"
dk-2025-forsvarets-dag-statistics,reports/openaccess/dk-2025-forsvarets-dag-statistics.pdf,16,"Danish female conscription-day volunteers (Forsvarets Dag), 2. halvår 2024",Denmark,military,Recruits/trainees,F,2024,stature,Gennemsnitshøjde (cm),cm,1692.30,,,,,,A,Table 'Kvinders gennemsnitshøjde 2006-2025': mean measured height of women volunteering for Forsvarets Dag per session half-year; no SD; n not printed for height (about 800-2 100 women per half-year in the BMI table)
dk-2025-forsvarets-dag-statistics,reports/openaccess/dk-2025-forsvarets-dag-statistics.pdf,16,"Danish female conscription-day volunteers (Forsvarets Dag), 1. halvår 2024",Denmark,military,Recruits/trainees,F,2024,stature,Gennemsnitshøjde (cm),cm,1693.20,,,,,,A,Table 'Kvinders gennemsnitshøjde 2006-2025': mean measured height of women volunteering for Forsvarets Dag per session half-year; no SD; n not printed for height (about 800-2 100 women per half-year in the BMI table)
dk-2025-forsvarets-dag-statistics,reports/openaccess/dk-2025-forsvarets-dag-statistics.pdf,16,"Danish female conscription-day volunteers (Forsvarets Dag), 2. halvår 2023",Denmark,military,Recruits/trainees,F,2023,stature,Gennemsnitshøjde (cm),cm,1687.10,,,,,,A,Table 'Kvinders gennemsnitshøjde 2006-2025': mean measured height of women volunteering for Forsvarets Dag per session half-year; no SD; n not printed for height (about 800-2 100 women per half-year in the BMI table)
dk-2025-forsvarets-dag-statistics,reports/openaccess/dk-2025-forsvarets-dag-statistics.pdf,16,"Danish female conscription-day volunteers (Forsvarets Dag), 1. halvår 2023",Denmark,military,Recruits/trainees,F,2023,stature,Gennemsnitshøjde (cm),cm,1686.90,,,,,,A,Table 'Kvinders gennemsnitshøjde 2006-2025': mean measured height of women volunteering for Forsvarets Dag per session half-year; no SD; n not printed for height (about 800-2 100 women per half-year in the BMI table)
dk-2025-forsvarets-dag-statistics,reports/openaccess/dk-2025-forsvarets-dag-statistics.pdf,16,"Danish female conscription-day volunteers (Forsvarets Dag), 2. halvår 2022",Denmark,military,Recruits/trainees,F,2022,stature,Gennemsnitshøjde (cm),cm,1693.00,,,,,,A,Table 'Kvinders gennemsnitshøjde 2006-2025': mean measured height of women volunteering for Forsvarets Dag per session half-year; no SD; n not printed for height (about 800-2 100 women per half-year in the BMI table)
dk-2025-forsvarets-dag-statistics,reports/openaccess/dk-2025-forsvarets-dag-statistics.pdf,16,"Danish female conscription-day volunteers (Forsvarets Dag), 1. halvår 2022",Denmark,military,Recruits/trainees,F,2022,stature,Gennemsnitshøjde (cm),cm,1688.50,,,,,,A,Table 'Kvinders gennemsnitshøjde 2006-2025': mean measured height of women volunteering for Forsvarets Dag per session half-year; no SD; n not printed for height (about 800-2 100 women per half-year in the BMI table)
dk-2025-forsvarets-dag-statistics,reports/openaccess/dk-2025-forsvarets-dag-statistics.pdf,16,"Danish female conscription-day volunteers (Forsvarets Dag), 2. halvår 2021",Denmark,military,Recruits/trainees,F,2021,stature,Gennemsnitshøjde (cm),cm,1690.40,,,,,,A,Table 'Kvinders gennemsnitshøjde 2006-2025': mean measured height of women volunteering for Forsvarets Dag per session half-year; no SD; n not printed for height (about 800-2 100 women per half-year in the BMI table); 2020-2021 sessions affected by COVID-19
dk-2025-forsvarets-dag-statistics,reports/openaccess/dk-2025-forsvarets-dag-statistics.pdf,16,"Danish female conscription-day volunteers (Forsvarets Dag), 1. halvår 2021",Denmark,military,Recruits/trainees,F,2021,stature,Gennemsnitshøjde (cm),cm,1689.60,,,,,,A,Table 'Kvinders gennemsnitshøjde 2006-2025': mean measured height of women volunteering for Forsvarets Dag per session half-year; no SD; n not printed for height (about 800-2 100 women per half-year in the BMI table); 2020-2021 sessions affected by COVID-19
dk-2025-forsvarets-dag-statistics,reports/openaccess/dk-2025-forsvarets-dag-statistics.pdf,16,"Danish female conscription-day volunteers (Forsvarets Dag), 2. halvår 2020",Denmark,military,Recruits/trainees,F,2020,stature,Gennemsnitshøjde (cm),cm,1702.00,,,,,,A,Table 'Kvinders gennemsnitshøjde 2006-2025': mean measured height of women volunteering for Forsvarets Dag per session half-year; no SD; n not printed for height (about 800-2 100 women per half-year in the BMI table); 2020-2021 sessions affected by COVID-19
dk-2025-forsvarets-dag-statistics,reports/openaccess/dk-2025-forsvarets-dag-statistics.pdf,16,"Danish female conscription-day volunteers (Forsvarets Dag), 1. halvår 2020",Denmark,military,Recruits/trainees,F,2020,stature,Gennemsnitshøjde (cm),cm,1684.60,,,,,,A,Table 'Kvinders gennemsnitshøjde 2006-2025': mean measured height of women volunteering for Forsvarets Dag per session half-year; no SD; n not printed for height (about 800-2 100 women per half-year in the BMI table); 2020-2021 sessions affected by COVID-19
dk-2025-forsvarets-dag-statistics,reports/openaccess/dk-2025-forsvarets-dag-statistics.pdf,16,"Danish female conscription-day volunteers (Forsvarets Dag), 2. halvår 2019",Denmark,military,Recruits/trainees,F,2019,stature,Gennemsnitshøjde (cm),cm,1687.40,,,,,,A,Table 'Kvinders gennemsnitshøjde 2006-2025': mean measured height of women volunteering for Forsvarets Dag per session half-year; no SD; n not printed for height (about 800-2 100 women per half-year in the BMI table)
dk-2025-forsvarets-dag-statistics,reports/openaccess/dk-2025-forsvarets-dag-statistics.pdf,16,"Danish female conscription-day volunteers (Forsvarets Dag), 1. halvår 2019",Denmark,military,Recruits/trainees,F,2019,stature,Gennemsnitshøjde (cm),cm,1686.20,,,,,,A,Table 'Kvinders gennemsnitshøjde 2006-2025': mean measured height of women volunteering for Forsvarets Dag per session half-year; no SD; n not printed for height (about 800-2 100 women per half-year in the BMI table)
dk-2025-forsvarets-dag-statistics,reports/openaccess/dk-2025-forsvarets-dag-statistics.pdf,16,"Danish female conscription-day volunteers (Forsvarets Dag), 2. halvår 2018",Denmark,military,Recruits/trainees,F,2018,stature,Gennemsnitshøjde (cm),cm,1684.70,,,,,,A,Table 'Kvinders gennemsnitshøjde 2006-2025': mean measured height of women volunteering for Forsvarets Dag per session half-year; no SD; n not printed for height (about 800-2 100 women per half-year in the BMI table)
dk-2025-forsvarets-dag-statistics,reports/openaccess/dk-2025-forsvarets-dag-statistics.pdf,16,"Danish female conscription-day volunteers (Forsvarets Dag), 1. halvår 2018",Denmark,military,Recruits/trainees,F,2018,stature,Gennemsnitshøjde (cm),cm,1688.60,,,,,,A,Table 'Kvinders gennemsnitshøjde 2006-2025': mean measured height of women volunteering for Forsvarets Dag per session half-year; no SD; n not printed for height (about 800-2 100 women per half-year in the BMI table)
dk-2025-forsvarets-dag-statistics,reports/openaccess/dk-2025-forsvarets-dag-statistics.pdf,16,"Danish female conscription-day volunteers (Forsvarets Dag), 2. halvår 2017",Denmark,military,Recruits/trainees,F,2017,stature,Gennemsnitshøjde (cm),cm,1688.70,,,,,,A,Table 'Kvinders gennemsnitshøjde 2006-2025': mean measured height of women volunteering for Forsvarets Dag per session half-year; no SD; n not printed for height (about 800-2 100 women per half-year in the BMI table)
dk-2025-forsvarets-dag-statistics,reports/openaccess/dk-2025-forsvarets-dag-statistics.pdf,16,"Danish female conscription-day volunteers (Forsvarets Dag), 1. halvår 2017",Denmark,military,Recruits/trainees,F,2017,stature,Gennemsnitshøjde (cm),cm,1688.80,,,,,,A,Table 'Kvinders gennemsnitshøjde 2006-2025': mean measured height of women volunteering for Forsvarets Dag per session half-year; no SD; n not printed for height (about 800-2 100 women per half-year in the BMI table)
dk-2025-forsvarets-dag-statistics,reports/openaccess/dk-2025-forsvarets-dag-statistics.pdf,16,"Danish female conscription-day volunteers (Forsvarets Dag), 2. halvår 2016",Denmark,military,Recruits/trainees,F,2016,stature,Gennemsnitshøjde (cm),cm,1680.90,,,,,,A,Table 'Kvinders gennemsnitshøjde 2006-2025': mean measured height of women volunteering for Forsvarets Dag per session half-year; no SD; n not printed for height (about 800-2 100 women per half-year in the BMI table)
dk-2025-forsvarets-dag-statistics,reports/openaccess/dk-2025-forsvarets-dag-statistics.pdf,16,"Danish female conscription-day volunteers (Forsvarets Dag), 1. halvår 2016",Denmark,military,Recruits/trainees,F,2016,stature,Gennemsnitshøjde (cm),cm,1681.80,,,,,,A,Table 'Kvinders gennemsnitshøjde 2006-2025': mean measured height of women volunteering for Forsvarets Dag per session half-year; no SD; n not printed for height (about 800-2 100 women per half-year in the BMI table)
dk-2025-forsvarets-dag-statistics,reports/openaccess/dk-2025-forsvarets-dag-statistics.pdf,16,"Danish female conscription-day volunteers (Forsvarets Dag), 2. halvår 2015",Denmark,military,Recruits/trainees,F,2015,stature,Gennemsnitshøjde (cm),cm,1683.50,,,,,,A,Table 'Kvinders gennemsnitshøjde 2006-2025': mean measured height of women volunteering for Forsvarets Dag per session half-year; no SD; n not printed for height (about 800-2 100 women per half-year in the BMI table)
dk-2025-forsvarets-dag-statistics,reports/openaccess/dk-2025-forsvarets-dag-statistics.pdf,16,"Danish female conscription-day volunteers (Forsvarets Dag), 1. halvår 2015",Denmark,military,Recruits/trainees,F,2015,stature,Gennemsnitshøjde (cm),cm,1683.50,,,,,,A,Table 'Kvinders gennemsnitshøjde 2006-2025': mean measured height of women volunteering for Forsvarets Dag per session half-year; no SD; n not printed for height (about 800-2 100 women per half-year in the BMI table)
dk-2025-forsvarets-dag-statistics,reports/openaccess/dk-2025-forsvarets-dag-statistics.pdf,16,"Danish female conscription-day volunteers (Forsvarets Dag), 2. halvår 2014",Denmark,military,Recruits/trainees,F,2014,stature,Gennemsnitshøjde (cm),cm,1680.70,,,,,,A,Table 'Kvinders gennemsnitshøjde 2006-2025': mean measured height of women volunteering for Forsvarets Dag per session half-year; no SD; n not printed for height (about 800-2 100 women per half-year in the BMI table)
dk-2025-forsvarets-dag-statistics,reports/openaccess/dk-2025-forsvarets-dag-statistics.pdf,16,"Danish female conscription-day volunteers (Forsvarets Dag), 1. halvår 2014",Denmark,military,Recruits/trainees,F,2014,stature,Gennemsnitshøjde (cm),cm,1679.10,,,,,,A,Table 'Kvinders gennemsnitshøjde 2006-2025': mean measured height of women volunteering for Forsvarets Dag per session half-year; no SD; n not printed for height (about 800-2 100 women per half-year in the BMI table)
dk-2025-forsvarets-dag-statistics,reports/openaccess/dk-2025-forsvarets-dag-statistics.pdf,16,"Danish female conscription-day volunteers (Forsvarets Dag), 2. halvår 2013",Denmark,military,Recruits/trainees,F,2013,stature,Gennemsnitshøjde (cm),cm,1682.70,,,,,,A,Table 'Kvinders gennemsnitshøjde 2006-2025': mean measured height of women volunteering for Forsvarets Dag per session half-year; no SD; n not printed for height (about 800-2 100 women per half-year in the BMI table)
dk-2025-forsvarets-dag-statistics,reports/openaccess/dk-2025-forsvarets-dag-statistics.pdf,16,"Danish female conscription-day volunteers (Forsvarets Dag), 1. halvår 2013",Denmark,military,Recruits/trainees,F,2013,stature,Gennemsnitshøjde (cm),cm,1675.70,,,,,,A,Table 'Kvinders gennemsnitshøjde 2006-2025': mean measured height of women volunteering for Forsvarets Dag per session half-year; no SD; n not printed for height (about 800-2 100 women per half-year in the BMI table)
dk-2025-forsvarets-dag-statistics,reports/openaccess/dk-2025-forsvarets-dag-statistics.pdf,16,"Danish female conscription-day volunteers (Forsvarets Dag), 2. halvår 2012",Denmark,military,Recruits/trainees,F,2012,stature,Gennemsnitshøjde (cm),cm,1683.30,,,,,,A,Table 'Kvinders gennemsnitshøjde 2006-2025': mean measured height of women volunteering for Forsvarets Dag per session half-year; no SD; n not printed for height (about 800-2 100 women per half-year in the BMI table)
dk-2025-forsvarets-dag-statistics,reports/openaccess/dk-2025-forsvarets-dag-statistics.pdf,16,"Danish female conscription-day volunteers (Forsvarets Dag), 1. halvår 2012",Denmark,military,Recruits/trainees,F,2012,stature,Gennemsnitshøjde (cm),cm,1678.50,,,,,,A,Table 'Kvinders gennemsnitshøjde 2006-2025': mean measured height of women volunteering for Forsvarets Dag per session half-year; no SD; n not printed for height (about 800-2 100 women per half-year in the BMI table)
dk-2025-forsvarets-dag-statistics,reports/openaccess/dk-2025-forsvarets-dag-statistics.pdf,16,"Danish female conscription-day volunteers (Forsvarets Dag), 2. halvår 2011",Denmark,military,Recruits/trainees,F,2011,stature,Gennemsnitshøjde (cm),cm,1674.50,,,,,,A,Table 'Kvinders gennemsnitshøjde 2006-2025': mean measured height of women volunteering for Forsvarets Dag per session half-year; no SD; n not printed for height (about 800-2 100 women per half-year in the BMI table)
dk-2025-forsvarets-dag-statistics,reports/openaccess/dk-2025-forsvarets-dag-statistics.pdf,16,"Danish female conscription-day volunteers (Forsvarets Dag), 1. halvår 2011",Denmark,military,Recruits/trainees,F,2011,stature,Gennemsnitshøjde (cm),cm,1678.60,,,,,,A,Table 'Kvinders gennemsnitshøjde 2006-2025': mean measured height of women volunteering for Forsvarets Dag per session half-year; no SD; n not printed for height (about 800-2 100 women per half-year in the BMI table)
dk-2025-forsvarets-dag-statistics,reports/openaccess/dk-2025-forsvarets-dag-statistics.pdf,16,"Danish female conscription-day volunteers (Forsvarets Dag), 2. halvår 2010",Denmark,military,Recruits/trainees,F,2010,stature,Gennemsnitshøjde (cm),cm,1678.40,,,,,,A,Table 'Kvinders gennemsnitshøjde 2006-2025': mean measured height of women volunteering for Forsvarets Dag per session half-year; no SD; n not printed for height (about 800-2 100 women per half-year in the BMI table)
dk-2025-forsvarets-dag-statistics,reports/openaccess/dk-2025-forsvarets-dag-statistics.pdf,16,"Danish female conscription-day volunteers (Forsvarets Dag), 1. halvår 2010",Denmark,military,Recruits/trainees,F,2010,stature,Gennemsnitshøjde (cm),cm,1676.90,,,,,,A,Table 'Kvinders gennemsnitshøjde 2006-2025': mean measured height of women volunteering for Forsvarets Dag per session half-year; no SD; n not printed for height (about 800-2 100 women per half-year in the BMI table)
dk-2025-forsvarets-dag-statistics,reports/openaccess/dk-2025-forsvarets-dag-statistics.pdf,16,"Danish female conscription-day volunteers (Forsvarets Dag), 2. halvår 2009",Denmark,military,Recruits/trainees,F,2009,stature,Gennemsnitshøjde (cm),cm,1681.20,,,,,,A,Table 'Kvinders gennemsnitshøjde 2006-2025': mean measured height of women volunteering for Forsvarets Dag per session half-year; no SD; n not printed for height (about 800-2 100 women per half-year in the BMI table)
dk-2025-forsvarets-dag-statistics,reports/openaccess/dk-2025-forsvarets-dag-statistics.pdf,16,"Danish female conscription-day volunteers (Forsvarets Dag), 1. halvår 2009",Denmark,military,Recruits/trainees,F,2009,stature,Gennemsnitshøjde (cm),cm,1676.90,,,,,,A,Table 'Kvinders gennemsnitshøjde 2006-2025': mean measured height of women volunteering for Forsvarets Dag per session half-year; no SD; n not printed for height (about 800-2 100 women per half-year in the BMI table)
dk-2025-forsvarets-dag-statistics,reports/openaccess/dk-2025-forsvarets-dag-statistics.pdf,16,"Danish female conscription-day volunteers (Forsvarets Dag), 2. halvår 2008",Denmark,military,Recruits/trainees,F,2008,stature,Gennemsnitshøjde (cm),cm,1681.60,,,,,,A,Table 'Kvinders gennemsnitshøjde 2006-2025': mean measured height of women volunteering for Forsvarets Dag per session half-year; no SD; n not printed for height (about 800-2 100 women per half-year in the BMI table)
dk-2025-forsvarets-dag-statistics,reports/openaccess/dk-2025-forsvarets-dag-statistics.pdf,16,"Danish female conscription-day volunteers (Forsvarets Dag), 1. halvår 2008",Denmark,military,Recruits/trainees,F,2008,stature,Gennemsnitshøjde (cm),cm,1681.70,,,,,,A,Table 'Kvinders gennemsnitshøjde 2006-2025': mean measured height of women volunteering for Forsvarets Dag per session half-year; no SD; n not printed for height (about 800-2 100 women per half-year in the BMI table)
dk-2025-forsvarets-dag-statistics,reports/openaccess/dk-2025-forsvarets-dag-statistics.pdf,16,"Danish female conscription-day volunteers (Forsvarets Dag), 2. halvår 2007",Denmark,military,Recruits/trainees,F,2007,stature,Gennemsnitshøjde (cm),cm,1677.30,,,,,,A,Table 'Kvinders gennemsnitshøjde 2006-2025': mean measured height of women volunteering for Forsvarets Dag per session half-year; no SD; n not printed for height (about 800-2 100 women per half-year in the BMI table)
dk-2025-forsvarets-dag-statistics,reports/openaccess/dk-2025-forsvarets-dag-statistics.pdf,16,"Danish female conscription-day volunteers (Forsvarets Dag), 1. halvår 2007",Denmark,military,Recruits/trainees,F,2007,stature,Gennemsnitshøjde (cm),cm,1679.90,,,,,,A,Table 'Kvinders gennemsnitshøjde 2006-2025': mean measured height of women volunteering for Forsvarets Dag per session half-year; no SD; n not printed for height (about 800-2 100 women per half-year in the BMI table)
dk-2025-forsvarets-dag-statistics,reports/openaccess/dk-2025-forsvarets-dag-statistics.pdf,16,"Danish female conscription-day volunteers (Forsvarets Dag), 2. halvår 2006",Denmark,military,Recruits/trainees,F,2006,stature,Gennemsnitshøjde (cm),cm,1678.80,,,,,,A,Table 'Kvinders gennemsnitshøjde 2006-2025': mean measured height of women volunteering for Forsvarets Dag per session half-year; no SD; n not printed for height (about 800-2 100 women per half-year in the BMI table)
dk-2025-forsvarets-dag-statistics,reports/openaccess/dk-2025-forsvarets-dag-statistics.pdf,16,"Danish female conscription-day volunteers (Forsvarets Dag), 1. halvår 2006",Denmark,military,Recruits/trainees,F,2006,stature,Gennemsnitshøjde (cm),cm,1674.70,,,,,,A,Table 'Kvinders gennemsnitshøjde 2006-2025': mean measured height of women volunteering for Forsvarets Dag per session half-year; no SD; n not printed for height (about 800-2 100 women per half-year in the BMI table)
ch-2020-matthes-gewicht-der-schweiz,reports/openaccess/ch-2020-matthes-gewicht-der-schweiz.pdf,26,"Swiss male conscription examinees (Stellungspflichtige) 2019, under 19 y",Switzerland,military,Recruits/trainees,M,2019,stature,"Körperhöhe, Mittelwert (cm)",cm,1790.00,65.00,,,,,A,"Swiss Armed Forces recruitment (Stellungspflichtige) 2019, regular male examinees aged 18-21 (cycles A and B), measured height/weight/waist from MEDISA; Table 8 (height) and Table 9 (BMI, WC, WHtR) by age group; Table 8; group size 8799, height n per group not printed"
ch-2020-matthes-gewicht-der-schweiz,reports/openaccess/ch-2020-matthes-gewicht-der-schweiz.pdf,27,"Swiss male conscription examinees (Stellungspflichtige) 2019, under 19 y",Switzerland,military,Recruits/trainees,M,2019,bmi,BMI (kg/m2),kg/m²,22.75,3.68,8778,,,,A,"Swiss Armed Forces recruitment (Stellungspflichtige) 2019, regular male examinees aged 18-21 (cycles A and B), measured height/weight/waist from MEDISA; Table 8 (height) and Table 9 (BMI, WC, WHtR) by age group; Table 9"
ch-2020-matthes-gewicht-der-schweiz,reports/openaccess/ch-2020-matthes-gewicht-der-schweiz.pdf,27,"Swiss male conscription examinees (Stellungspflichtige) 2019, under 19 y",Switzerland,military,Recruits/trainees,M,2019,waist_circumference,WC (cm),cm,801.30,94.60,8432,,,,A,"Swiss Armed Forces recruitment (Stellungspflichtige) 2019, regular male examinees aged 18-21 (cycles A and B), measured height/weight/waist from MEDISA; Table 8 (height) and Table 9 (BMI, WC, WHtR) by age group; Table 9; waist circumference (Bauchumfang) introduced as standard in 2019"
ch-2020-matthes-gewicht-der-schweiz,reports/openaccess/ch-2020-matthes-gewicht-der-schweiz.pdf,27,"Swiss male conscription examinees (Stellungspflichtige) 2019, under 19 y",Switzerland,military,Recruits/trainees,M,2019,other:waist_to_height_ratio,WHtR (cm/cm),ratio,0.45,0.05,8432,,,,A,"Swiss Armed Forces recruitment (Stellungspflichtige) 2019, regular male examinees aged 18-21 (cycles A and B), measured height/weight/waist from MEDISA; Table 8 (height) and Table 9 (BMI, WC, WHtR) by age group; Table 9; dimensionless ratio"
ch-2020-matthes-gewicht-der-schweiz,reports/openaccess/ch-2020-matthes-gewicht-der-schweiz.pdf,26,"Swiss male conscription examinees (Stellungspflichtige) 2019, 19 y",Switzerland,military,Recruits/trainees,M,2019,stature,"Körperhöhe, Mittelwert (cm)",cm,1787.00,66.00,,,,,A,"Swiss Armed Forces recruitment (Stellungspflichtige) 2019, regular male examinees aged 18-21 (cycles A and B), measured height/weight/waist from MEDISA; Table 8 (height) and Table 9 (BMI, WC, WHtR) by age group; Table 8; group size 10161, height n per group not printed"
ch-2020-matthes-gewicht-der-schweiz,reports/openaccess/ch-2020-matthes-gewicht-der-schweiz.pdf,27,"Swiss male conscription examinees (Stellungspflichtige) 2019, 19 y",Switzerland,military,Recruits/trainees,M,2019,bmi,BMI (kg/m2),kg/m²,23.34,3.81,10121,,,,A,"Swiss Armed Forces recruitment (Stellungspflichtige) 2019, regular male examinees aged 18-21 (cycles A and B), measured height/weight/waist from MEDISA; Table 8 (height) and Table 9 (BMI, WC, WHtR) by age group; Table 9"
ch-2020-matthes-gewicht-der-schweiz,reports/openaccess/ch-2020-matthes-gewicht-der-schweiz.pdf,27,"Swiss male conscription examinees (Stellungspflichtige) 2019, 19 y",Switzerland,military,Recruits/trainees,M,2019,waist_circumference,WC (cm),cm,816.20,98.00,9820,,,,A,"Swiss Armed Forces recruitment (Stellungspflichtige) 2019, regular male examinees aged 18-21 (cycles A and B), measured height/weight/waist from MEDISA; Table 8 (height) and Table 9 (BMI, WC, WHtR) by age group; Table 9; waist circumference (Bauchumfang) introduced as standard in 2019"
ch-2020-matthes-gewicht-der-schweiz,reports/openaccess/ch-2020-matthes-gewicht-der-schweiz.pdf,27,"Swiss male conscription examinees (Stellungspflichtige) 2019, 19 y",Switzerland,military,Recruits/trainees,M,2019,other:waist_to_height_ratio,WHtR (cm/cm),ratio,0.46,0.06,9820,,,,A,"Swiss Armed Forces recruitment (Stellungspflichtige) 2019, regular male examinees aged 18-21 (cycles A and B), measured height/weight/waist from MEDISA; Table 8 (height) and Table 9 (BMI, WC, WHtR) by age group; Table 9; dimensionless ratio"
ch-2020-matthes-gewicht-der-schweiz,reports/openaccess/ch-2020-matthes-gewicht-der-schweiz.pdf,26,"Swiss male conscription examinees (Stellungspflichtige) 2019, 20 y",Switzerland,military,Recruits/trainees,M,2019,stature,"Körperhöhe, Mittelwert (cm)",cm,1785.00,66.00,,,,,A,"Swiss Armed Forces recruitment (Stellungspflichtige) 2019, regular male examinees aged 18-21 (cycles A and B), measured height/weight/waist from MEDISA; Table 8 (height) and Table 9 (BMI, WC, WHtR) by age group; Table 8; group size 4287, height n per group not printed"
ch-2020-matthes-gewicht-der-schweiz,reports/openaccess/ch-2020-matthes-gewicht-der-schweiz.pdf,27,"Swiss male conscription examinees (Stellungspflichtige) 2019, 20 y",Switzerland,military,Recruits/trainees,M,2019,bmi,BMI (kg/m2),kg/m²,23.83,4.22,4270,,,,A,"Swiss Armed Forces recruitment (Stellungspflichtige) 2019, regular male examinees aged 18-21 (cycles A and B), measured height/weight/waist from MEDISA; Table 8 (height) and Table 9 (BMI, WC, WHtR) by age group; Table 9"
ch-2020-matthes-gewicht-der-schweiz,reports/openaccess/ch-2020-matthes-gewicht-der-schweiz.pdf,27,"Swiss male conscription examinees (Stellungspflichtige) 2019, 20 y",Switzerland,military,Recruits/trainees,M,2019,waist_circumference,WC (cm),cm,830.80,108.10,4205,,,,A,"Swiss Armed Forces recruitment (Stellungspflichtige) 2019, regular male examinees aged 18-21 (cycles A and B), measured height/weight/waist from MEDISA; Table 8 (height) and Table 9 (BMI, WC, WHtR) by age group; Table 9; waist circumference (Bauchumfang) introduced as standard in 2019"
ch-2020-matthes-gewicht-der-schweiz,reports/openaccess/ch-2020-matthes-gewicht-der-schweiz.pdf,27,"Swiss male conscription examinees (Stellungspflichtige) 2019, 20 y",Switzerland,military,Recruits/trainees,M,2019,other:waist_to_height_ratio,WHtR (cm/cm),ratio,0.47,0.06,4205,,,,A,"Swiss Armed Forces recruitment (Stellungspflichtige) 2019, regular male examinees aged 18-21 (cycles A and B), measured height/weight/waist from MEDISA; Table 8 (height) and Table 9 (BMI, WC, WHtR) by age group; Table 9; dimensionless ratio"
ch-2020-matthes-gewicht-der-schweiz,reports/openaccess/ch-2020-matthes-gewicht-der-schweiz.pdf,26,"Swiss male conscription examinees (Stellungspflichtige) 2019, 21 y",Switzerland,military,Recruits/trainees,M,2019,stature,"Körperhöhe, Mittelwert (cm)",cm,1783.00,69.00,,,,,A,"Swiss Armed Forces recruitment (Stellungspflichtige) 2019, regular male examinees aged 18-21 (cycles A and B), measured height/weight/waist from MEDISA; Table 8 (height) and Table 9 (BMI, WC, WHtR) by age group; Table 8; group size 1172, height n per group not printed"
ch-2020-matthes-gewicht-der-schweiz,reports/openaccess/ch-2020-matthes-gewicht-der-schweiz.pdf,27,"Swiss male conscription examinees (Stellungspflichtige) 2019, 21 y",Switzerland,military,Recruits/trainees,M,2019,bmi,BMI (kg/m2),kg/m²,24.17,4.39,1165,,,,A,"Swiss Armed Forces recruitment (Stellungspflichtige) 2019, regular male examinees aged 18-21 (cycles A and B), measured height/weight/waist from MEDISA; Table 8 (height) and Table 9 (BMI, WC, WHtR) by age group; Table 9"
ch-2020-matthes-gewicht-der-schweiz,reports/openaccess/ch-2020-matthes-gewicht-der-schweiz.pdf,27,"Swiss male conscription examinees (Stellungspflichtige) 2019, 21 y",Switzerland,military,Recruits/trainees,M,2019,waist_circumference,WC (cm),cm,844.10,113.70,1154,,,,A,"Swiss Armed Forces recruitment (Stellungspflichtige) 2019, regular male examinees aged 18-21 (cycles A and B), measured height/weight/waist from MEDISA; Table 8 (height) and Table 9 (BMI, WC, WHtR) by age group; Table 9; waist circumference (Bauchumfang) introduced as standard in 2019"
ch-2020-matthes-gewicht-der-schweiz,reports/openaccess/ch-2020-matthes-gewicht-der-schweiz.pdf,26,"Swiss male conscription examinees (Stellungspflichtige) 2019, all ages 18-21",Switzerland,military,Recruits/trainees,M,2019,stature,"Körperhöhe, Mittelwert (cm)",cm,1788.00,66.00,24334,,,,A,"Swiss Armed Forces recruitment (Stellungspflichtige) 2019, regular male examinees aged 18-21 (cycles A and B), measured height/weight/waist from MEDISA; Table 8 (height) and Table 9 (BMI, WC, WHtR) by age group; Table 8; group size 24419, height n per group not printed"
ch-2020-matthes-gewicht-der-schweiz,reports/openaccess/ch-2020-matthes-gewicht-der-schweiz.pdf,27,"Swiss male conscription examinees (Stellungspflichtige) 2019, all ages 18-21",Switzerland,military,Recruits/trainees,M,2019,bmi,BMI (kg/m2),kg/m²,23.25,3.90,24334,,,,A,"Swiss Armed Forces recruitment (Stellungspflichtige) 2019, regular male examinees aged 18-21 (cycles A and B), measured height/weight/waist from MEDISA; Table 8 (height) and Table 9 (BMI, WC, WHtR) by age group; Table 9"
ch-2020-matthes-gewicht-der-schweiz,reports/openaccess/ch-2020-matthes-gewicht-der-schweiz.pdf,27,"Swiss male conscription examinees (Stellungspflichtige) 2019, all ages 18-21",Switzerland,military,Recruits/trainees,M,2019,waist_circumference,WC (cm),cm,814.90,100.30,23611,,,,A,"Swiss Armed Forces recruitment (Stellungspflichtige) 2019, regular male examinees aged 18-21 (cycles A and B), measured height/weight/waist from MEDISA; Table 8 (height) and Table 9 (BMI, WC, WHtR) by age group; Table 9; waist circumference (Bauchumfang) introduced as standard in 2019"
no-ssb-sa108-conscripts-session,https://www.ssb.no/376924/egenrapportert-hoyde-og-vekt-for-sesjonspliktige-sa-108,,"Norwegian male conscripts measured at session, 1910",Norway,military,Recruits/trainees,M,1910,stature,Høyde (cm),cm,1710.00,,,,,,C,"Statistics Norway table SÅ 108; values up to 2010 are physical measurements taken at the conscription session (from 2011 self-reported, not extracted); population means only, no SD or n; read from the web table"
no-ssb-sa108-conscripts-session,https://www.ssb.no/376924/egenrapportert-hoyde-og-vekt-for-sesjonspliktige-sa-108,,"Norwegian male conscripts measured at session, 1920",Norway,military,Recruits/trainees,M,1920,stature,Høyde (cm),cm,1714.00,,,,,,C,"Statistics Norway table SÅ 108; values up to 2010 are physical measurements taken at the conscription session (from 2011 self-reported, not extracted); population means only, no SD or n; read from the web table"
no-ssb-sa108-conscripts-session,https://www.ssb.no/376924/egenrapportert-hoyde-og-vekt-for-sesjonspliktige-sa-108,,"Norwegian male conscripts measured at session, 1930",Norway,military,Recruits/trainees,M,1930,stature,Høyde (cm),cm,1728.00,,,,,,C,"Statistics Norway table SÅ 108; values up to 2010 are physical measurements taken at the conscription session (from 2011 self-reported, not extracted); population means only, no SD or n; read from the web table"
no-ssb-sa108-conscripts-session,https://www.ssb.no/376924/egenrapportert-hoyde-og-vekt-for-sesjonspliktige-sa-108,,"Norwegian male conscripts measured at session, 1937",Norway,military,Recruits/trainees,M,1937,stature,Høyde (cm),cm,1738.00,,,,,,C,"Statistics Norway table SÅ 108; values up to 2010 are physical measurements taken at the conscription session (from 2011 self-reported, not extracted); population means only, no SD or n; read from the web table"
no-ssb-sa108-conscripts-session,https://www.ssb.no/376924/egenrapportert-hoyde-og-vekt-for-sesjonspliktige-sa-108,,"Norwegian male conscripts measured at session, 1952",Norway,military,Recruits/trainees,M,1952,stature,Høyde (cm),cm,1762.00,,,,,,C,"Statistics Norway table SÅ 108; values up to 2010 are physical measurements taken at the conscription session (from 2011 self-reported, not extracted); population means only, no SD or n; read from the web table"
no-ssb-sa108-conscripts-session,https://www.ssb.no/376924/egenrapportert-hoyde-og-vekt-for-sesjonspliktige-sa-108,,"Norwegian male conscripts measured at session, 1960",Norway,military,Recruits/trainees,M,1960,stature,Høyde (cm),cm,1771.00,,,,,,C,"Statistics Norway table SÅ 108; values up to 2010 are physical measurements taken at the conscription session (from 2011 self-reported, not extracted); population means only, no SD or n; read from the web table"
no-ssb-sa108-conscripts-session,https://www.ssb.no/376924/egenrapportert-hoyde-og-vekt-for-sesjonspliktige-sa-108,,"Norwegian male conscripts measured at session, 1970",Norway,military,Recruits/trainees,M,1970,stature,Høyde (cm),cm,1787.00,,,,,,C,"Statistics Norway table SÅ 108; values up to 2010 are physical measurements taken at the conscription session (from 2011 self-reported, not extracted); population means only, no SD or n; read from the web table"
no-ssb-sa108-conscripts-session,https://www.ssb.no/376924/egenrapportert-hoyde-og-vekt-for-sesjonspliktige-sa-108,,"Norwegian male conscripts measured at session, 1980",Norway,military,Recruits/trainees,M,1980,stature,Høyde (cm),cm,1794.00,,,,,,C,"Statistics Norway table SÅ 108; values up to 2010 are physical measurements taken at the conscription session (from 2011 self-reported, not extracted); population means only, no SD or n; read from the web table"
no-ssb-sa108-conscripts-session,https://www.ssb.no/376924/egenrapportert-hoyde-og-vekt-for-sesjonspliktige-sa-108,,"Norwegian male conscripts measured at session, 1990",Norway,military,Recruits/trainees,M,1990,stature,Høyde (cm),cm,1797.00,,,,,,C,"Statistics Norway table SÅ 108; values up to 2010 are physical measurements taken at the conscription session (from 2011 self-reported, not extracted); population means only, no SD or n; read from the web table"
no-ssb-sa108-conscripts-session,https://www.ssb.no/376924/egenrapportert-hoyde-og-vekt-for-sesjonspliktige-sa-108,,"Norwegian male conscripts measured at session, 2000",Norway,military,Recruits/trainees,M,2000,stature,Høyde (cm),cm,1799.00,,,,,,C,"Statistics Norway table SÅ 108; values up to 2010 are physical measurements taken at the conscription session (from 2011 self-reported, not extracted); population means only, no SD or n; read from the web table"
no-ssb-sa108-conscripts-session,https://www.ssb.no/376924/egenrapportert-hoyde-og-vekt-for-sesjonspliktige-sa-108,,"Norwegian male conscripts measured at session, 2005",Norway,military,Recruits/trainees,M,2005,stature,Høyde (cm),cm,1798.00,,,,,,C,"Statistics Norway table SÅ 108; values up to 2010 are physical measurements taken at the conscription session (from 2011 self-reported, not extracted); population means only, no SD or n; read from the web table"
no-ssb-sa108-conscripts-session,https://www.ssb.no/376924/egenrapportert-hoyde-og-vekt-for-sesjonspliktige-sa-108,,"Norwegian male conscripts measured at session, 2010",Norway,military,Recruits/trainees,M,2010,stature,Høyde (cm),cm,1795.00,,,,,,C,"Statistics Norway table SÅ 108; values up to 2010 are physical measurements taken at the conscription session (from 2011 self-reported, not extracted); population means only, no SD or n; read from the web table"
no-ssb-sa108-conscripts-session,https://www.ssb.no/376924/egenrapportert-hoyde-og-vekt-for-sesjonspliktige-sa-108,,"Norwegian male conscripts measured at session, 2000",Norway,military,Recruits/trainees,M,2000,mass,Vekt (kg),kg,72.80,,,,,,C,"Statistics Norway table SÅ 108; values up to 2010 are physical measurements taken at the conscription session (from 2011 self-reported, not extracted); population means only, no SD or n; read from the web table"
no-ssb-sa108-conscripts-session,https://www.ssb.no/376924/egenrapportert-hoyde-og-vekt-for-sesjonspliktige-sa-108,,"Norwegian male conscripts measured at session, 2005",Norway,military,Recruits/trainees,M,2005,mass,Vekt (kg),kg,74.70,,,,,,C,"Statistics Norway table SÅ 108; values up to 2010 are physical measurements taken at the conscription session (from 2011 self-reported, not extracted); population means only, no SD or n; read from the web table"
no-ssb-sa108-conscripts-session,https://www.ssb.no/376924/egenrapportert-hoyde-og-vekt-for-sesjonspliktige-sa-108,,"Norwegian male conscripts measured at session, 2010",Norway,military,Recruits/trainees,M,2010,mass,Vekt (kg),kg,75.50,,,,,,C,"Statistics Norway table SÅ 108; values up to 2010 are physical measurements taken at the conscription session (from 2011 self-reported, not extracted); population means only, no SD or n; read from the web table"
