source_id,source_file,page,population,country,population_type,service_role,sex,year_start,measure_key,measure_label,unit_original,mean,sd,n,p5,p50,p95,quality,notes
ru-2022-gaivoronsky-female-applicants,https://cyberleninka.ru/article/n/pokazateli-fizicheskogo-razvitiya-devushek-abiturientok-voennoy-obrazovatelnoy-organizatsii-po-dannym-antropometricheskogo,,Female applicants (17 y) to a Russian military educational organisation,Russia,military,Recruits/trainees,F,,mass,Вес тела (body weight),kg,54,,257,,,,C,"n = 257; measured on arrival at the training centre; table prints M±mx (labelled standard error of the mean) but the printed ± values and Cv are mutually inconsistent, so the ± value is given here in notes only: printed 54.0±1.7 kg"
ru-2022-gaivoronsky-female-applicants,https://cyberleninka.ru/article/n/pokazateli-fizicheskogo-razvitiya-devushek-abiturientok-voennoy-obrazovatelnoy-organizatsii-po-dannym-antropometricheskogo,,Female applicants (17 y) to a Russian military educational organisation,Russia,military,Recruits/trainees,F,,stature,Рост стоя (standing height),cm,1655,,257,,,,C,"n = 257; measured on arrival at the training centre; table prints M±mx (labelled standard error of the mean) but the printed ± values and Cv are mutually inconsistent, so the ± value is given here in notes only: printed 165.5±4.4 cm"
ru-2022-gaivoronsky-female-applicants,https://cyberleninka.ru/article/n/pokazateli-fizicheskogo-razvitiya-devushek-abiturientok-voennoy-obrazovatelnoy-organizatsii-po-dannym-antropometricheskogo,,Female applicants (17 y) to a Russian military educational organisation,Russia,military,Recruits/trainees,F,,sitting_height,Рост сидя (sitting height),cm,867,,257,,,,C,"n = 257; measured on arrival at the training centre; table prints M±mx (labelled standard error of the mean) but the printed ± values and Cv are mutually inconsistent, so the ± value is given here in notes only: printed 86.7±2.3 cm"
ru-2022-gaivoronsky-female-applicants,https://cyberleninka.ru/article/n/pokazateli-fizicheskogo-razvitiya-devushek-abiturientok-voennoy-obrazovatelnoy-organizatsii-po-dannym-antropometricheskogo,,Female applicants (17 y) to a Russian military educational organisation,Russia,military,Recruits/trainees,F,,head_length,Продольный диаметр головы (longitudinal head diameter),cm,189,,257,,,,C,"n = 257; measured on arrival at the training centre; table prints M±mx (labelled standard error of the mean) but the printed ± values and Cv are mutually inconsistent, so the ± value is given here in notes only: printed 18.9±1.5 cm"
ru-2022-gaivoronsky-female-applicants,https://cyberleninka.ru/article/n/pokazateli-fizicheskogo-razvitiya-devushek-abiturientok-voennoy-obrazovatelnoy-organizatsii-po-dannym-antropometricheskogo,,Female applicants (17 y) to a Russian military educational organisation,Russia,military,Recruits/trainees,F,,head_breadth,Поперечный диаметр головы (transverse head diameter),cm,151,,257,,,,C,"n = 257; measured on arrival at the training centre; table prints M±mx (labelled standard error of the mean) but the printed ± values and Cv are mutually inconsistent, so the ± value is given here in notes only: printed 15.1±1.3 cm"
ru-2022-gaivoronsky-female-applicants,https://cyberleninka.ru/article/n/pokazateli-fizicheskogo-razvitiya-devushek-abiturientok-voennoy-obrazovatelnoy-organizatsii-po-dannym-antropometricheskogo,,Female applicants (17 y) to a Russian military educational organisation,Russia,military,Recruits/trainees,F,,head_circumference,Окружность головы (head circumference),cm,545,,257,,,,C,"n = 257; measured on arrival at the training centre; table prints M±mx (labelled standard error of the mean) but the printed ± values and Cv are mutually inconsistent, so the ± value is given here in notes only: printed 54.5±2.1 cm"
ru-2022-gaivoronsky-female-applicants,https://cyberleninka.ru/article/n/pokazateli-fizicheskogo-razvitiya-devushek-abiturientok-voennoy-obrazovatelnoy-organizatsii-po-dannym-antropometricheskogo,,Female applicants (17 y) to a Russian military educational organisation,Russia,military,Recruits/trainees,F,,chest_circumference,"Окружность грудной клетки (chest circumference, at rest, tape above the breast)",cm,819,,257,,,,C,"n = 257; measured on arrival at the training centre; table prints M±mx (labelled standard error of the mean) but the printed ± values and Cv are mutually inconsistent, so the ± value is given here in notes only: printed 81.9±2.4 cm; chest tape passed above the mammary gland, not ISO 7250 chest circumference"
ru-2022-gaivoronsky-female-applicants,https://cyberleninka.ru/article/n/pokazateli-fizicheskogo-razvitiya-devushek-abiturientok-voennoy-obrazovatelnoy-organizatsii-po-dannym-antropometricheskogo,,Female applicants (17 y) to a Russian military educational organisation,Russia,military,Recruits/trainees,F,,bmi,Индекс Кетле (ИМТ),kg/m2,21.2,,257,,,,C,"n = 257; measured on arrival at the training centre; table prints M±mx (labelled standard error of the mean) but the printed ± values and Cv are mutually inconsistent, so the ± value is given here in notes only: printed 21.2±2.1 kg/m2; BMI read automatically from Soehnle 7831 scale"
ru-2022-gaivoronsky-male-applicants,reports/openaccess/ru-2022-gaivoronsky-male-applicants.pdf,4,"Male applicants (17 y) to a Russian military educational organisation, urban residents",Russia,military,Recruits/trainees,M,,stature,Длина тела (body length),cm,1806,,150,,,,A,"urban sub-group of 280 male applicants aged 17 from central Russia; table labels ± as mx (standard error) but values are inconsistent with the printed Cv, so the ± value is given only in notes: printed 180.6±5.2 cm (Table 1)"
ru-2022-gaivoronsky-male-applicants,reports/openaccess/ru-2022-gaivoronsky-male-applicants.pdf,4,"Male applicants (17 y) to a Russian military educational organisation, urban residents",Russia,military,Recruits/trainees,M,,mass,Масса тела (body mass),kg,72.2,,150,,,,A,"urban sub-group of 280 male applicants aged 17 from central Russia; table labels ± as mx (standard error) but values are inconsistent with the printed Cv, so the ± value is given only in notes: printed 72.2±2.1 kg (Table 1)"
ru-2022-gaivoronsky-male-applicants,reports/openaccess/ru-2022-gaivoronsky-male-applicants.pdf,4,"Male applicants (17 y) to a Russian military educational organisation, urban residents",Russia,military,Recruits/trainees,M,,chest_circumference,"Окружность грудной клетки (ОГК, chest circumference)",cm,933,,150,,,,A,"urban sub-group of 280 male applicants aged 17 from central Russia; table labels ± as mx (standard error) but values are inconsistent with the printed Cv, so the ± value is given only in notes: printed 93.3±1.8 cm (text, p. 33)"
ru-2022-gaivoronsky-male-applicants,reports/openaccess/ru-2022-gaivoronsky-male-applicants.pdf,4,"Male applicants (17 y) to a Russian military educational organisation, rural residents",Russia,military,Recruits/trainees,M,,stature,Длина тела (body length),cm,1758,,130,,,,A,"rural sub-group of 280 male applicants aged 17 from central Russia; table labels ± as mx (standard error) but values are inconsistent with the printed Cv, so the ± value is given only in notes: printed 175.8±4.6 cm (Table 1)"
ru-2022-gaivoronsky-male-applicants,reports/openaccess/ru-2022-gaivoronsky-male-applicants.pdf,4,"Male applicants (17 y) to a Russian military educational organisation, rural residents",Russia,military,Recruits/trainees,M,,mass,Масса тела (body mass),kg,74.7,,130,,,,A,"rural sub-group of 280 male applicants aged 17 from central Russia; table labels ± as mx (standard error) but values are inconsistent with the printed Cv, so the ± value is given only in notes: printed 74.7±1.9 kg (Table 1)"
ru-2022-gaivoronsky-male-applicants,reports/openaccess/ru-2022-gaivoronsky-male-applicants.pdf,4,"Male applicants (17 y) to a Russian military educational organisation, rural residents",Russia,military,Recruits/trainees,M,,chest_circumference,"Окружность грудной клетки (ОГК, chest circumference)",cm,914,,130,,,,A,"rural sub-group of 280 male applicants aged 17 from central Russia; table labels ± as mx (standard error) but values are inconsistent with the printed Cv, so the ± value is given only in notes: printed 91.4±1.7 cm (text, p. 33)"
ru-2007-kazakov-nw-conscripts,reports/openaccess/ru-2007-kazakov-nw-conscripts.pdf,4,"Russian conscripts 18-22 y on arrival at unit, Murmansk region, newcomers (conscripts from other NW/central regions)",Russia,military,Recruits/trainees,M,2005,age,Возраст,years,19.02,0.56,198,,,,B,Table 5 (p. 73) M±m with m = standard error; sd here = m × sqrt(n); n = 198; measured Nov-Dec 2005; OCR of scanned PDF cross-checked with CyberLeninka HTML text; 
ru-2007-kazakov-nw-conscripts,reports/openaccess/ru-2007-kazakov-nw-conscripts.pdf,4,"Russian conscripts 18-22 y on arrival at unit, Murmansk region, newcomers (conscripts from other NW/central regions)",Russia,military,Recruits/trainees,M,2005,stature,Длина тела,cm,1751.2,71.76,198,,1752.1,,B,"Table 5 (p. 73) M±m with m = standard error; sd here = m × sqrt(n); n = 198; measured Nov-Dec 2005; OCR of scanned PDF cross-checked with CyberLeninka HTML text; p50 from centile table (Tables 3-4, p. 72; P3/P10/P25/P75/P90/P97 also printed)"
ru-2007-kazakov-nw-conscripts,reports/openaccess/ru-2007-kazakov-nw-conscripts.pdf,4,"Russian conscripts 18-22 y on arrival at unit, Murmansk region, newcomers (conscripts from other NW/central regions)",Russia,military,Recruits/trainees,M,2005,mass,Масса тела,kg,68.24,9.43,198,,67.64,,B,"Table 5 (p. 73) M±m with m = standard error; sd here = m × sqrt(n); n = 198; measured Nov-Dec 2005; OCR of scanned PDF cross-checked with CyberLeninka HTML text; p50 from centile table (Tables 3-4, p. 72; P3/P10/P25/P75/P90/P97 also printed)"
ru-2007-kazakov-nw-conscripts,reports/openaccess/ru-2007-kazakov-nw-conscripts.pdf,4,"Russian conscripts 18-22 y on arrival at unit, Murmansk region, newcomers (conscripts from other NW/central regions)",Russia,military,Recruits/trainees,M,2005,chest_circumference,Обхват груди (в паузе),cm,938.6,47.84,198,,938.8,,B,"Table 5 (p. 73) M±m with m = standard error; sd here = m × sqrt(n); n = 198; measured Nov-Dec 2005; OCR of scanned PDF cross-checked with CyberLeninka HTML text; p50 from centile table (Tables 3-4, p. 72; P3/P10/P25/P75/P90/P97 also printed)"
ru-2007-kazakov-nw-conscripts,reports/openaccess/ru-2007-kazakov-nw-conscripts.pdf,4,"Russian conscripts 18-22 y on arrival at unit, Murmansk region, newcomers (conscripts from other NW/central regions)",Russia,military,Recruits/trainees,M,2005,other:chest_excursion,Экскурсия грудной клетки,cm,39.4,15.48,198,,,,B,Table 5 (p. 73) M±m with m = standard error; sd here = m × sqrt(n); n = 198; measured Nov-Dec 2005; OCR of scanned PDF cross-checked with CyberLeninka HTML text; ; chest excursion = inspiration minus expiration circumference
ru-2007-kazakov-nw-conscripts,reports/openaccess/ru-2007-kazakov-nw-conscripts.pdf,4,"Russian conscripts 18-22 y on arrival at unit, Murmansk region, newcomers (conscripts from other NW/central regions)",Russia,military,Recruits/trainees,M,2005,bmi,Индекс массы тела (Кетле),kg/m2,22.24,2.67,198,,,,B,Table 5 (p. 73) M±m with m = standard error; sd here = m × sqrt(n); n = 198; measured Nov-Dec 2005; OCR of scanned PDF cross-checked with CyberLeninka HTML text; 
ru-2007-kazakov-nw-conscripts,reports/openaccess/ru-2007-kazakov-nw-conscripts.pdf,4,"Russian conscripts 18-22 y on arrival at unit, Murmansk region, natives (Murmansk oblast residents)",Russia,military,Recruits/trainees,M,2005,age,Возраст,years,19.23,0.57,129,,,,B,Table 5 (p. 73) M±m with m = standard error; sd here = m × sqrt(n); n = 129; measured Nov-Dec 2005; OCR of scanned PDF cross-checked with CyberLeninka HTML text; 
ru-2007-kazakov-nw-conscripts,reports/openaccess/ru-2007-kazakov-nw-conscripts.pdf,4,"Russian conscripts 18-22 y on arrival at unit, Murmansk region, natives (Murmansk oblast residents)",Russia,military,Recruits/trainees,M,2005,stature,Длина тела,cm,1758.2,65.88,129,,1765.3,,B,"Table 5 (p. 73) M±m with m = standard error; sd here = m × sqrt(n); n = 129; measured Nov-Dec 2005; OCR of scanned PDF cross-checked with CyberLeninka HTML text; p50 from centile table (Tables 3-4, p. 72; P3/P10/P25/P75/P90/P97 also printed)"
ru-2007-kazakov-nw-conscripts,reports/openaccess/ru-2007-kazakov-nw-conscripts.pdf,4,"Russian conscripts 18-22 y on arrival at unit, Murmansk region, natives (Murmansk oblast residents)",Russia,military,Recruits/trainees,M,2005,mass,Масса тела,kg,65.7,6.25,129,,65.21,,B,"Table 5 (p. 73) M±m with m = standard error; sd here = m × sqrt(n); n = 129; measured Nov-Dec 2005; OCR of scanned PDF cross-checked with CyberLeninka HTML text; p50 from centile table (Tables 3-4, p. 72; P3/P10/P25/P75/P90/P97 also printed)"
ru-2007-kazakov-nw-conscripts,reports/openaccess/ru-2007-kazakov-nw-conscripts.pdf,4,"Russian conscripts 18-22 y on arrival at unit, Murmansk region, natives (Murmansk oblast residents)",Russia,military,Recruits/trainees,M,2005,chest_circumference,Обхват груди (в паузе),cm,915.8,27.26,129,,922.4,,B,"Table 5 (p. 73) M±m with m = standard error; sd here = m × sqrt(n); n = 129; measured Nov-Dec 2005; OCR of scanned PDF cross-checked with CyberLeninka HTML text; p50 from centile table (Tables 3-4, p. 72; P3/P10/P25/P75/P90/P97 also printed)"
ru-2007-kazakov-nw-conscripts,reports/openaccess/ru-2007-kazakov-nw-conscripts.pdf,4,"Russian conscripts 18-22 y on arrival at unit, Murmansk region, natives (Murmansk oblast residents)",Russia,military,Recruits/trainees,M,2005,other:chest_excursion,Экскурсия грудной клетки,cm,50.1,17.04,129,,,,B,Table 5 (p. 73) M±m with m = standard error; sd here = m × sqrt(n); n = 129; measured Nov-Dec 2005; OCR of scanned PDF cross-checked with CyberLeninka HTML text; ; chest excursion = inspiration minus expiration circumference
ru-2007-kazakov-nw-conscripts,reports/openaccess/ru-2007-kazakov-nw-conscripts.pdf,4,"Russian conscripts 18-22 y on arrival at unit, Murmansk region, natives (Murmansk oblast residents)",Russia,military,Recruits/trainees,M,2005,bmi,Индекс массы тела (Кетле),kg/m2,21.24,1.48,129,,,,B,Table 5 (p. 73) M±m with m = standard error; sd here = m × sqrt(n); n = 129; measured Nov-Dec 2005; OCR of scanned PDF cross-checked with CyberLeninka HTML text; 
by-2007-lebedev-conscripts-bmi,reports/openaccess/by-2007-lebedev-conscripts-bmi.pdf,2,Belarusian conscripts (summer 2007 draft) arriving at 120th Mechanised Brigade,Belarus,military,Recruits/trainees,M,2007,bmi,Индекс массы тела (индекс Кетле),kg/m2,22.82,2.81,208,,22.3,,A,"text p. 41: M = 22.82, standard error 0.19, SD (σ) = 2.81, median 22.3, mode 21.74, range 18.04-33.77; height and weight means not printed"
cz-2017-fajfrova-acr-metabolic-risk,reports/openaccess/cz-2017-fajfrova-acr-metabolic-risk.pdf,2,"Czech Army professional soldiers, extended preventive examination 2015, men",Czech Republic,military,Tri-service,M,2015,age,Věk,years,40.4,6.9,9009,,,,A,"Tables 1-2 (p. 53): mean and SD of soldiers aged 25/30/33/36 and 39+ examined in the 2015 extended preventive programme (age-selected sample, not all soldiers)"
cz-2017-fajfrova-acr-metabolic-risk,reports/openaccess/cz-2017-fajfrova-acr-metabolic-risk.pdf,2,"Czech Army professional soldiers, extended preventive examination 2015, men",Czech Republic,military,Tri-service,M,2015,stature,Výška,cm,1799,65,9009,,,,A,"Tables 1-2 (p. 53): mean and SD of soldiers aged 25/30/33/36 and 39+ examined in the 2015 extended preventive programme (age-selected sample, not all soldiers)"
cz-2017-fajfrova-acr-metabolic-risk,reports/openaccess/cz-2017-fajfrova-acr-metabolic-risk.pdf,2,"Czech Army professional soldiers, extended preventive examination 2015, men",Czech Republic,military,Tri-service,M,2015,mass,Hmotnost,kg,88.2,11.9,9009,,,,A,"Tables 1-2 (p. 53): mean and SD of soldiers aged 25/30/33/36 and 39+ examined in the 2015 extended preventive programme (age-selected sample, not all soldiers)"
cz-2017-fajfrova-acr-metabolic-risk,reports/openaccess/cz-2017-fajfrova-acr-metabolic-risk.pdf,2,"Czech Army professional soldiers, extended preventive examination 2015, men",Czech Republic,military,Tri-service,M,2015,bmi,BMI,kg/m2,27.2,3.2,9009,,,,A,"Tables 1-2 (p. 53): mean and SD of soldiers aged 25/30/33/36 and 39+ examined in the 2015 extended preventive programme (age-selected sample, not all soldiers)"
cz-2017-fajfrova-acr-metabolic-risk,reports/openaccess/cz-2017-fajfrova-acr-metabolic-risk.pdf,2,"Czech Army professional soldiers, extended preventive examination 2015, men",Czech Republic,military,Tri-service,M,2015,waist_circumference,Obvod pasu,cm,930,96,8747,,,,A,"Tables 1-2 (p. 53): mean and SD of soldiers aged 25/30/33/36 and 39+ examined in the 2015 extended preventive programme (age-selected sample, not all soldiers)"
cz-2017-fajfrova-acr-metabolic-risk,reports/openaccess/cz-2017-fajfrova-acr-metabolic-risk.pdf,2,"Czech Army professional soldiers, extended preventive examination 2015, women",Czech Republic,military,Tri-service,F,2015,age,Věk,years,41,7.1,1248,,,,A,"Tables 1-2 (p. 53): mean and SD of soldiers aged 25/30/33/36 and 39+ examined in the 2015 extended preventive programme (age-selected sample, not all soldiers)"
cz-2017-fajfrova-acr-metabolic-risk,reports/openaccess/cz-2017-fajfrova-acr-metabolic-risk.pdf,2,"Czech Army professional soldiers, extended preventive examination 2015, women",Czech Republic,military,Tri-service,F,2015,stature,Výška,cm,1674,68,1248,,,,A,"Tables 1-2 (p. 53): mean and SD of soldiers aged 25/30/33/36 and 39+ examined in the 2015 extended preventive programme (age-selected sample, not all soldiers)"
cz-2017-fajfrova-acr-metabolic-risk,reports/openaccess/cz-2017-fajfrova-acr-metabolic-risk.pdf,2,"Czech Army professional soldiers, extended preventive examination 2015, women",Czech Republic,military,Tri-service,F,2015,mass,Hmotnost,kg,69.3,12.8,1248,,,,A,"Tables 1-2 (p. 53): mean and SD of soldiers aged 25/30/33/36 and 39+ examined in the 2015 extended preventive programme (age-selected sample, not all soldiers)"
cz-2017-fajfrova-acr-metabolic-risk,reports/openaccess/cz-2017-fajfrova-acr-metabolic-risk.pdf,2,"Czech Army professional soldiers, extended preventive examination 2015, women",Czech Republic,military,Tri-service,F,2015,bmi,BMI,kg/m2,24.8,5.9,1248,,,,A,"Tables 1-2 (p. 53): mean and SD of soldiers aged 25/30/33/36 and 39+ examined in the 2015 extended preventive programme (age-selected sample, not all soldiers)"
cz-2017-fajfrova-acr-metabolic-risk,reports/openaccess/cz-2017-fajfrova-acr-metabolic-risk.pdf,2,"Czech Army professional soldiers, extended preventive examination 2015, women",Czech Republic,military,Tri-service,F,2015,waist_circumference,Obvod pasu,cm,798,116,1191,,,,A,"Tables 1-2 (p. 53): mean and SD of soldiers aged 25/30/33/36 and 39+ examined in the 2015 extended preventive programme (age-selected sample, not all soldiers)"
cz-2016-fajfrova-acr-11-years,reports/openaccess/cz-2016-fajfrova-acr-11-years.pdf,3,"Czech Army professional soldiers, extended preventive examination 1999, men",Czech Republic,military,Tri-service,M,1999,age,Age,years,40.1,8.1,6154,,,,A,Table 1 (p. 424): annual extended preventive examinations of professional soldiers aged 25/30/33/36 and 39+ (age-selected sample); n = examinations that year
cz-2016-fajfrova-acr-11-years,reports/openaccess/cz-2016-fajfrova-acr-11-years.pdf,3,"Czech Army professional soldiers, extended preventive examination 1999, men",Czech Republic,military,Tri-service,M,1999,stature,Height,cm,1781,65,6154,,,,A,Table 1 (p. 424): annual extended preventive examinations of professional soldiers aged 25/30/33/36 and 39+ (age-selected sample); n = examinations that year
cz-2016-fajfrova-acr-11-years,reports/openaccess/cz-2016-fajfrova-acr-11-years.pdf,3,"Czech Army professional soldiers, extended preventive examination 1999, men",Czech Republic,military,Tri-service,M,1999,mass,Weight,kg,84.5,11.9,6154,,,,A,Table 1 (p. 424): annual extended preventive examinations of professional soldiers aged 25/30/33/36 and 39+ (age-selected sample); n = examinations that year
cz-2016-fajfrova-acr-11-years,reports/openaccess/cz-2016-fajfrova-acr-11-years.pdf,3,"Czech Army professional soldiers, extended preventive examination 1999, men",Czech Republic,military,Tri-service,M,1999,bmi,Body mass index,kg/m2,26.6,3.3,6154,,,,A,Table 1 (p. 424): annual extended preventive examinations of professional soldiers aged 25/30/33/36 and 39+ (age-selected sample); n = examinations that year
cz-2016-fajfrova-acr-11-years,reports/openaccess/cz-2016-fajfrova-acr-11-years.pdf,3,"Czech Army professional soldiers, extended preventive examination 1999, men",Czech Republic,military,Tri-service,M,1999,waist_circumference,Waist circumference,cm,934,98,6154,,,,A,Table 1 (p. 424): annual extended preventive examinations of professional soldiers aged 25/30/33/36 and 39+ (age-selected sample); n = examinations that year
cz-2016-fajfrova-acr-11-years,reports/openaccess/cz-2016-fajfrova-acr-11-years.pdf,3,"Czech Army professional soldiers, extended preventive examination 2000, men",Czech Republic,military,Tri-service,M,2000,age,Age,years,40.7,8.1,6404,,,,A,Table 1 (p. 424): annual extended preventive examinations of professional soldiers aged 25/30/33/36 and 39+ (age-selected sample); n = examinations that year
cz-2016-fajfrova-acr-11-years,reports/openaccess/cz-2016-fajfrova-acr-11-years.pdf,3,"Czech Army professional soldiers, extended preventive examination 2000, men",Czech Republic,military,Tri-service,M,2000,stature,Height,cm,1770,63,6404,,,,A,Table 1 (p. 424): annual extended preventive examinations of professional soldiers aged 25/30/33/36 and 39+ (age-selected sample); n = examinations that year
cz-2016-fajfrova-acr-11-years,reports/openaccess/cz-2016-fajfrova-acr-11-years.pdf,3,"Czech Army professional soldiers, extended preventive examination 2000, men",Czech Republic,military,Tri-service,M,2000,mass,Weight,kg,85.2,11.9,6404,,,,A,Table 1 (p. 424): annual extended preventive examinations of professional soldiers aged 25/30/33/36 and 39+ (age-selected sample); n = examinations that year
cz-2016-fajfrova-acr-11-years,reports/openaccess/cz-2016-fajfrova-acr-11-years.pdf,3,"Czech Army professional soldiers, extended preventive examination 2000, men",Czech Republic,military,Tri-service,M,2000,bmi,Body mass index,kg/m2,26.3,3.3,6404,,,,A,Table 1 (p. 424): annual extended preventive examinations of professional soldiers aged 25/30/33/36 and 39+ (age-selected sample); n = examinations that year
cz-2016-fajfrova-acr-11-years,reports/openaccess/cz-2016-fajfrova-acr-11-years.pdf,3,"Czech Army professional soldiers, extended preventive examination 2000, men",Czech Republic,military,Tri-service,M,2000,waist_circumference,Waist circumference,cm,932,99,6404,,,,A,Table 1 (p. 424): annual extended preventive examinations of professional soldiers aged 25/30/33/36 and 39+ (age-selected sample); n = examinations that year
cz-2016-fajfrova-acr-11-years,reports/openaccess/cz-2016-fajfrova-acr-11-years.pdf,3,"Czech Army professional soldiers, extended preventive examination 2001, men",Czech Republic,military,Tri-service,M,2001,age,Age,years,39.5,8.4,6161,,,,A,Table 1 (p. 424): annual extended preventive examinations of professional soldiers aged 25/30/33/36 and 39+ (age-selected sample); n = examinations that year
cz-2016-fajfrova-acr-11-years,reports/openaccess/cz-2016-fajfrova-acr-11-years.pdf,3,"Czech Army professional soldiers, extended preventive examination 2001, men",Czech Republic,military,Tri-service,M,2001,stature,Height,cm,1780,65,6161,,,,A,Table 1 (p. 424): annual extended preventive examinations of professional soldiers aged 25/30/33/36 and 39+ (age-selected sample); n = examinations that year
cz-2016-fajfrova-acr-11-years,reports/openaccess/cz-2016-fajfrova-acr-11-years.pdf,3,"Czech Army professional soldiers, extended preventive examination 2001, men",Czech Republic,military,Tri-service,M,2001,mass,Weight,kg,85.4,12,6161,,,,A,Table 1 (p. 424): annual extended preventive examinations of professional soldiers aged 25/30/33/36 and 39+ (age-selected sample); n = examinations that year
cz-2016-fajfrova-acr-11-years,reports/openaccess/cz-2016-fajfrova-acr-11-years.pdf,3,"Czech Army professional soldiers, extended preventive examination 2001, men",Czech Republic,military,Tri-service,M,2001,bmi,Body mass index,kg/m2,26.8,3.3,6161,,,,A,Table 1 (p. 424): annual extended preventive examinations of professional soldiers aged 25/30/33/36 and 39+ (age-selected sample); n = examinations that year
cz-2016-fajfrova-acr-11-years,reports/openaccess/cz-2016-fajfrova-acr-11-years.pdf,3,"Czech Army professional soldiers, extended preventive examination 2001, men",Czech Republic,military,Tri-service,M,2001,waist_circumference,Waist circumference,cm,928,99,6161,,,,A,Table 1 (p. 424): annual extended preventive examinations of professional soldiers aged 25/30/33/36 and 39+ (age-selected sample); n = examinations that year
cz-2016-fajfrova-acr-11-years,reports/openaccess/cz-2016-fajfrova-acr-11-years.pdf,3,"Czech Army professional soldiers, extended preventive examination 2002, men",Czech Republic,military,Tri-service,M,2002,age,Age,years,38.4,8.1,4995,,,,A,Table 1 (p. 424): annual extended preventive examinations of professional soldiers aged 25/30/33/36 and 39+ (age-selected sample); n = examinations that year
cz-2016-fajfrova-acr-11-years,reports/openaccess/cz-2016-fajfrova-acr-11-years.pdf,3,"Czech Army professional soldiers, extended preventive examination 2002, men",Czech Republic,military,Tri-service,M,2002,stature,Height,cm,1786,65,4995,,,,A,Table 1 (p. 424): annual extended preventive examinations of professional soldiers aged 25/30/33/36 and 39+ (age-selected sample); n = examinations that year
cz-2016-fajfrova-acr-11-years,reports/openaccess/cz-2016-fajfrova-acr-11-years.pdf,3,"Czech Army professional soldiers, extended preventive examination 2002, men",Czech Republic,military,Tri-service,M,2002,mass,Weight,kg,85,12,4995,,,,A,Table 1 (p. 424): annual extended preventive examinations of professional soldiers aged 25/30/33/36 and 39+ (age-selected sample); n = examinations that year
cz-2016-fajfrova-acr-11-years,reports/openaccess/cz-2016-fajfrova-acr-11-years.pdf,3,"Czech Army professional soldiers, extended preventive examination 2002, men",Czech Republic,military,Tri-service,M,2002,bmi,Body mass index,kg/m2,26.6,3.3,4995,,,,A,Table 1 (p. 424): annual extended preventive examinations of professional soldiers aged 25/30/33/36 and 39+ (age-selected sample); n = examinations that year
cz-2016-fajfrova-acr-11-years,reports/openaccess/cz-2016-fajfrova-acr-11-years.pdf,3,"Czech Army professional soldiers, extended preventive examination 2002, men",Czech Republic,military,Tri-service,M,2002,waist_circumference,Waist circumference,cm,919,100,4995,,,,A,Table 1 (p. 424): annual extended preventive examinations of professional soldiers aged 25/30/33/36 and 39+ (age-selected sample); n = examinations that year
cz-2016-fajfrova-acr-11-years,reports/openaccess/cz-2016-fajfrova-acr-11-years.pdf,3,"Czech Army professional soldiers, extended preventive examination 2003, men",Czech Republic,military,Tri-service,M,2003,age,Age,years,38.8,7.9,5306,,,,A,Table 1 (p. 424): annual extended preventive examinations of professional soldiers aged 25/30/33/36 and 39+ (age-selected sample); n = examinations that year
cz-2016-fajfrova-acr-11-years,reports/openaccess/cz-2016-fajfrova-acr-11-years.pdf,3,"Czech Army professional soldiers, extended preventive examination 2003, men",Czech Republic,military,Tri-service,M,2003,stature,Height,cm,1789,64,5306,,,,A,Table 1 (p. 424): annual extended preventive examinations of professional soldiers aged 25/30/33/36 and 39+ (age-selected sample); n = examinations that year
cz-2016-fajfrova-acr-11-years,reports/openaccess/cz-2016-fajfrova-acr-11-years.pdf,3,"Czech Army professional soldiers, extended preventive examination 2003, men",Czech Republic,military,Tri-service,M,2003,mass,Weight,kg,85.6,12,5306,,,,A,Table 1 (p. 424): annual extended preventive examinations of professional soldiers aged 25/30/33/36 and 39+ (age-selected sample); n = examinations that year
cz-2016-fajfrova-acr-11-years,reports/openaccess/cz-2016-fajfrova-acr-11-years.pdf,3,"Czech Army professional soldiers, extended preventive examination 2003, men",Czech Republic,military,Tri-service,M,2003,bmi,Body mass index,kg/m2,26.7,3.3,5306,,,,A,Table 1 (p. 424): annual extended preventive examinations of professional soldiers aged 25/30/33/36 and 39+ (age-selected sample); n = examinations that year
cz-2016-fajfrova-acr-11-years,reports/openaccess/cz-2016-fajfrova-acr-11-years.pdf,3,"Czech Army professional soldiers, extended preventive examination 2003, men",Czech Republic,military,Tri-service,M,2003,waist_circumference,Waist circumference,cm,925,100,5306,,,,A,Table 1 (p. 424): annual extended preventive examinations of professional soldiers aged 25/30/33/36 and 39+ (age-selected sample); n = examinations that year
cz-2016-fajfrova-acr-11-years,reports/openaccess/cz-2016-fajfrova-acr-11-years.pdf,3,"Czech Army professional soldiers, extended preventive examination 2004, men",Czech Republic,military,Tri-service,M,2004,age,Age,years,37.4,8,4056,,,,A,Table 1 (p. 424): annual extended preventive examinations of professional soldiers aged 25/30/33/36 and 39+ (age-selected sample); n = examinations that year
cz-2016-fajfrova-acr-11-years,reports/openaccess/cz-2016-fajfrova-acr-11-years.pdf,3,"Czech Army professional soldiers, extended preventive examination 2004, men",Czech Republic,military,Tri-service,M,2004,stature,Height,cm,1791,64,4056,,,,A,Table 1 (p. 424): annual extended preventive examinations of professional soldiers aged 25/30/33/36 and 39+ (age-selected sample); n = examinations that year
cz-2016-fajfrova-acr-11-years,reports/openaccess/cz-2016-fajfrova-acr-11-years.pdf,3,"Czech Army professional soldiers, extended preventive examination 2004, men",Czech Republic,military,Tri-service,M,2004,mass,Weight,kg,85.6,11.9,4056,,,,A,Table 1 (p. 424): annual extended preventive examinations of professional soldiers aged 25/30/33/36 and 39+ (age-selected sample); n = examinations that year
cz-2016-fajfrova-acr-11-years,reports/openaccess/cz-2016-fajfrova-acr-11-years.pdf,3,"Czech Army professional soldiers, extended preventive examination 2004, men",Czech Republic,military,Tri-service,M,2004,bmi,Body mass index,kg/m2,26.7,3.3,4056,,,,A,Table 1 (p. 424): annual extended preventive examinations of professional soldiers aged 25/30/33/36 and 39+ (age-selected sample); n = examinations that year
cz-2016-fajfrova-acr-11-years,reports/openaccess/cz-2016-fajfrova-acr-11-years.pdf,3,"Czech Army professional soldiers, extended preventive examination 2004, men",Czech Republic,military,Tri-service,M,2004,waist_circumference,Waist circumference,cm,920,98,4056,,,,A,Table 1 (p. 424): annual extended preventive examinations of professional soldiers aged 25/30/33/36 and 39+ (age-selected sample); n = examinations that year
cz-2016-fajfrova-acr-11-years,reports/openaccess/cz-2016-fajfrova-acr-11-years.pdf,3,"Czech Army professional soldiers, extended preventive examination 2005, men",Czech Republic,military,Tri-service,M,2005,age,Age,years,36.6,7.6,5021,,,,A,Table 1 (p. 424): annual extended preventive examinations of professional soldiers aged 25/30/33/36 and 39+ (age-selected sample); n = examinations that year
cz-2016-fajfrova-acr-11-years,reports/openaccess/cz-2016-fajfrova-acr-11-years.pdf,3,"Czech Army professional soldiers, extended preventive examination 2005, men",Czech Republic,military,Tri-service,M,2005,stature,Height,cm,1794,66,5021,,,,A,Table 1 (p. 424): annual extended preventive examinations of professional soldiers aged 25/30/33/36 and 39+ (age-selected sample); n = examinations that year
cz-2016-fajfrova-acr-11-years,reports/openaccess/cz-2016-fajfrova-acr-11-years.pdf,3,"Czech Army professional soldiers, extended preventive examination 2005, men",Czech Republic,military,Tri-service,M,2005,mass,Weight,kg,85.7,12.1,5021,,,,A,Table 1 (p. 424): annual extended preventive examinations of professional soldiers aged 25/30/33/36 and 39+ (age-selected sample); n = examinations that year
cz-2016-fajfrova-acr-11-years,reports/openaccess/cz-2016-fajfrova-acr-11-years.pdf,3,"Czech Army professional soldiers, extended preventive examination 2005, men",Czech Republic,military,Tri-service,M,2005,bmi,Body mass index,kg/m2,26.3,3.2,5021,,,,A,Table 1 (p. 424): annual extended preventive examinations of professional soldiers aged 25/30/33/36 and 39+ (age-selected sample); n = examinations that year
cz-2016-fajfrova-acr-11-years,reports/openaccess/cz-2016-fajfrova-acr-11-years.pdf,3,"Czech Army professional soldiers, extended preventive examination 2005, men",Czech Republic,military,Tri-service,M,2005,waist_circumference,Waist circumference,cm,924,98,5021,,,,A,Table 1 (p. 424): annual extended preventive examinations of professional soldiers aged 25/30/33/36 and 39+ (age-selected sample); n = examinations that year
cz-2016-fajfrova-acr-11-years,reports/openaccess/cz-2016-fajfrova-acr-11-years.pdf,3,"Czech Army professional soldiers, extended preventive examination 2006, men",Czech Republic,military,Tri-service,M,2006,age,Age,years,36.7,7.6,5419,,,,A,Table 1 (p. 424): annual extended preventive examinations of professional soldiers aged 25/30/33/36 and 39+ (age-selected sample); n = examinations that year
cz-2016-fajfrova-acr-11-years,reports/openaccess/cz-2016-fajfrova-acr-11-years.pdf,3,"Czech Army professional soldiers, extended preventive examination 2006, men",Czech Republic,military,Tri-service,M,2006,stature,Height,cm,1795,65,5419,,,,A,Table 1 (p. 424): annual extended preventive examinations of professional soldiers aged 25/30/33/36 and 39+ (age-selected sample); n = examinations that year
cz-2016-fajfrova-acr-11-years,reports/openaccess/cz-2016-fajfrova-acr-11-years.pdf,3,"Czech Army professional soldiers, extended preventive examination 2006, men",Czech Republic,military,Tri-service,M,2006,mass,Weight,kg,85.8,12.1,5419,,,,A,Table 1 (p. 424): annual extended preventive examinations of professional soldiers aged 25/30/33/36 and 39+ (age-selected sample); n = examinations that year
cz-2016-fajfrova-acr-11-years,reports/openaccess/cz-2016-fajfrova-acr-11-years.pdf,3,"Czech Army professional soldiers, extended preventive examination 2006, men",Czech Republic,military,Tri-service,M,2006,bmi,Body mass index,kg/m2,26.6,3.3,5419,,,,A,Table 1 (p. 424): annual extended preventive examinations of professional soldiers aged 25/30/33/36 and 39+ (age-selected sample); n = examinations that year
cz-2016-fajfrova-acr-11-years,reports/openaccess/cz-2016-fajfrova-acr-11-years.pdf,3,"Czech Army professional soldiers, extended preventive examination 2006, men",Czech Republic,military,Tri-service,M,2006,waist_circumference,Waist circumference,cm,922,97,5419,,,,A,Table 1 (p. 424): annual extended preventive examinations of professional soldiers aged 25/30/33/36 and 39+ (age-selected sample); n = examinations that year
cz-2016-fajfrova-acr-11-years,reports/openaccess/cz-2016-fajfrova-acr-11-years.pdf,3,"Czech Army professional soldiers, extended preventive examination 2007, men",Czech Republic,military,Tri-service,M,2007,age,Age,years,36.6,7.3,5786,,,,A,Table 1 (p. 424): annual extended preventive examinations of professional soldiers aged 25/30/33/36 and 39+ (age-selected sample); n = examinations that year
cz-2016-fajfrova-acr-11-years,reports/openaccess/cz-2016-fajfrova-acr-11-years.pdf,3,"Czech Army professional soldiers, extended preventive examination 2007, men",Czech Republic,military,Tri-service,M,2007,stature,Height,cm,1794,64,5786,,,,A,Table 1 (p. 424): annual extended preventive examinations of professional soldiers aged 25/30/33/36 and 39+ (age-selected sample); n = examinations that year
cz-2016-fajfrova-acr-11-years,reports/openaccess/cz-2016-fajfrova-acr-11-years.pdf,3,"Czech Army professional soldiers, extended preventive examination 2007, men",Czech Republic,military,Tri-service,M,2007,mass,Weight,kg,85.5,11.6,5786,,,,A,Table 1 (p. 424): annual extended preventive examinations of professional soldiers aged 25/30/33/36 and 39+ (age-selected sample); n = examinations that year
cz-2016-fajfrova-acr-11-years,reports/openaccess/cz-2016-fajfrova-acr-11-years.pdf,3,"Czech Army professional soldiers, extended preventive examination 2007, men",Czech Republic,military,Tri-service,M,2007,bmi,Body mass index,kg/m2,26.5,3.1,5786,,,,A,Table 1 (p. 424): annual extended preventive examinations of professional soldiers aged 25/30/33/36 and 39+ (age-selected sample); n = examinations that year
cz-2016-fajfrova-acr-11-years,reports/openaccess/cz-2016-fajfrova-acr-11-years.pdf,3,"Czech Army professional soldiers, extended preventive examination 2007, men",Czech Republic,military,Tri-service,M,2007,waist_circumference,Waist circumference,cm,919,92,5786,,,,A,Table 1 (p. 424): annual extended preventive examinations of professional soldiers aged 25/30/33/36 and 39+ (age-selected sample); n = examinations that year
cz-2016-fajfrova-acr-11-years,reports/openaccess/cz-2016-fajfrova-acr-11-years.pdf,3,"Czech Army professional soldiers, extended preventive examination 2008, men",Czech Republic,military,Tri-service,M,2008,age,Age,years,37.5,7.4,7057,,,,A,Table 1 (p. 424): annual extended preventive examinations of professional soldiers aged 25/30/33/36 and 39+ (age-selected sample); n = examinations that year
cz-2016-fajfrova-acr-11-years,reports/openaccess/cz-2016-fajfrova-acr-11-years.pdf,3,"Czech Army professional soldiers, extended preventive examination 2008, men",Czech Republic,military,Tri-service,M,2008,stature,Height,cm,1797,65,7057,,,,A,Table 1 (p. 424): annual extended preventive examinations of professional soldiers aged 25/30/33/36 and 39+ (age-selected sample); n = examinations that year
cz-2016-fajfrova-acr-11-years,reports/openaccess/cz-2016-fajfrova-acr-11-years.pdf,3,"Czech Army professional soldiers, extended preventive examination 2008, men",Czech Republic,military,Tri-service,M,2008,mass,Weight,kg,86.1,11.8,7057,,,,A,Table 1 (p. 424): annual extended preventive examinations of professional soldiers aged 25/30/33/36 and 39+ (age-selected sample); n = examinations that year
cz-2016-fajfrova-acr-11-years,reports/openaccess/cz-2016-fajfrova-acr-11-years.pdf,3,"Czech Army professional soldiers, extended preventive examination 2008, men",Czech Republic,military,Tri-service,M,2008,bmi,Body mass index,kg/m2,26.7,3.1,7057,,,,A,Table 1 (p. 424): annual extended preventive examinations of professional soldiers aged 25/30/33/36 and 39+ (age-selected sample); n = examinations that year
cz-2016-fajfrova-acr-11-years,reports/openaccess/cz-2016-fajfrova-acr-11-years.pdf,3,"Czech Army professional soldiers, extended preventive examination 2008, men",Czech Republic,military,Tri-service,M,2008,waist_circumference,Waist circumference,cm,924,94,7057,,,,A,Table 1 (p. 424): annual extended preventive examinations of professional soldiers aged 25/30/33/36 and 39+ (age-selected sample); n = examinations that year
cz-2016-fajfrova-acr-11-years,reports/openaccess/cz-2016-fajfrova-acr-11-years.pdf,3,"Czech Army professional soldiers, extended preventive examination 2009, men",Czech Republic,military,Tri-service,M,2009,age,Age,years,38.1,7.2,7496,,,,A,Table 1 (p. 424): annual extended preventive examinations of professional soldiers aged 25/30/33/36 and 39+ (age-selected sample); n = examinations that year
cz-2016-fajfrova-acr-11-years,reports/openaccess/cz-2016-fajfrova-acr-11-years.pdf,3,"Czech Army professional soldiers, extended preventive examination 2009, men",Czech Republic,military,Tri-service,M,2009,stature,Height,cm,1798,65,7496,,,,A,Table 1 (p. 424): annual extended preventive examinations of professional soldiers aged 25/30/33/36 and 39+ (age-selected sample); n = examinations that year
cz-2016-fajfrova-acr-11-years,reports/openaccess/cz-2016-fajfrova-acr-11-years.pdf,3,"Czech Army professional soldiers, extended preventive examination 2009, men",Czech Republic,military,Tri-service,M,2009,mass,Weight,kg,86.9,11.8,7496,,,,A,Table 1 (p. 424): annual extended preventive examinations of professional soldiers aged 25/30/33/36 and 39+ (age-selected sample); n = examinations that year
cz-2016-fajfrova-acr-11-years,reports/openaccess/cz-2016-fajfrova-acr-11-years.pdf,3,"Czech Army professional soldiers, extended preventive examination 2009, men",Czech Republic,military,Tri-service,M,2009,bmi,Body mass index,kg/m2,26.9,3.2,7496,,,,A,Table 1 (p. 424): annual extended preventive examinations of professional soldiers aged 25/30/33/36 and 39+ (age-selected sample); n = examinations that year
cz-2016-fajfrova-acr-11-years,reports/openaccess/cz-2016-fajfrova-acr-11-years.pdf,3,"Czech Army professional soldiers, extended preventive examination 2009, men",Czech Republic,military,Tri-service,M,2009,waist_circumference,Waist circumference,cm,927,95,7496,,,,A,Table 1 (p. 424): annual extended preventive examinations of professional soldiers aged 25/30/33/36 and 39+ (age-selected sample); n = examinations that year
cz-2016-fajfrova-acr-11-years,reports/openaccess/cz-2016-fajfrova-acr-11-years.pdf,3,"Czech Army professional soldiers, extended preventive examination 1999, women",Czech Republic,military,Tri-service,F,1999,age,Age,years,36.2,7.2,330,,,,A,Table 2 (p. 424): annual extended preventive examinations of professional soldiers aged 25/30/33/36 and 39+ (age-selected sample); n = examinations that year
cz-2016-fajfrova-acr-11-years,reports/openaccess/cz-2016-fajfrova-acr-11-years.pdf,3,"Czech Army professional soldiers, extended preventive examination 1999, women",Czech Republic,military,Tri-service,F,1999,stature,Height,cm,1659,62,330,,,,A,Table 2 (p. 424): annual extended preventive examinations of professional soldiers aged 25/30/33/36 and 39+ (age-selected sample); n = examinations that year
cz-2016-fajfrova-acr-11-years,reports/openaccess/cz-2016-fajfrova-acr-11-years.pdf,3,"Czech Army professional soldiers, extended preventive examination 1999, women",Czech Republic,military,Tri-service,F,1999,mass,Weight,kg,66.2,12.2,330,,,,A,Table 2 (p. 424): annual extended preventive examinations of professional soldiers aged 25/30/33/36 and 39+ (age-selected sample); n = examinations that year
cz-2016-fajfrova-acr-11-years,reports/openaccess/cz-2016-fajfrova-acr-11-years.pdf,3,"Czech Army professional soldiers, extended preventive examination 1999, women",Czech Republic,military,Tri-service,F,1999,bmi,Body mass index,kg/m2,24,4.2,330,,,,A,Table 2 (p. 424): annual extended preventive examinations of professional soldiers aged 25/30/33/36 and 39+ (age-selected sample); n = examinations that year
cz-2016-fajfrova-acr-11-years,reports/openaccess/cz-2016-fajfrova-acr-11-years.pdf,3,"Czech Army professional soldiers, extended preventive examination 1999, women",Czech Republic,military,Tri-service,F,1999,waist_circumference,Waist circumference,cm,774,109,330,,,,A,Table 2 (p. 424): annual extended preventive examinations of professional soldiers aged 25/30/33/36 and 39+ (age-selected sample); n = examinations that year
cz-2016-fajfrova-acr-11-years,reports/openaccess/cz-2016-fajfrova-acr-11-years.pdf,3,"Czech Army professional soldiers, extended preventive examination 2000, women",Czech Republic,military,Tri-service,F,2000,age,Age,years,36.7,7.5,371,,,,A,Table 2 (p. 424): annual extended preventive examinations of professional soldiers aged 25/30/33/36 and 39+ (age-selected sample); n = examinations that year
cz-2016-fajfrova-acr-11-years,reports/openaccess/cz-2016-fajfrova-acr-11-years.pdf,3,"Czech Army professional soldiers, extended preventive examination 2000, women",Czech Republic,military,Tri-service,F,2000,stature,Height,cm,1660,61,371,,,,A,Table 2 (p. 424): annual extended preventive examinations of professional soldiers aged 25/30/33/36 and 39+ (age-selected sample); n = examinations that year
cz-2016-fajfrova-acr-11-years,reports/openaccess/cz-2016-fajfrova-acr-11-years.pdf,3,"Czech Army professional soldiers, extended preventive examination 2000, women",Czech Republic,military,Tri-service,F,2000,mass,Weight,kg,67.9,12.6,371,,,,A,Table 2 (p. 424): annual extended preventive examinations of professional soldiers aged 25/30/33/36 and 39+ (age-selected sample); n = examinations that year
cz-2016-fajfrova-acr-11-years,reports/openaccess/cz-2016-fajfrova-acr-11-years.pdf,3,"Czech Army professional soldiers, extended preventive examination 2000, women",Czech Republic,military,Tri-service,F,2000,bmi,Body mass index,kg/m2,24.7,4.5,371,,,,A,Table 2 (p. 424): annual extended preventive examinations of professional soldiers aged 25/30/33/36 and 39+ (age-selected sample); n = examinations that year
cz-2016-fajfrova-acr-11-years,reports/openaccess/cz-2016-fajfrova-acr-11-years.pdf,3,"Czech Army professional soldiers, extended preventive examination 2000, women",Czech Republic,military,Tri-service,F,2000,waist_circumference,Waist circumference,cm,785,118,371,,,,A,Table 2 (p. 424): annual extended preventive examinations of professional soldiers aged 25/30/33/36 and 39+ (age-selected sample); n = examinations that year
cz-2016-fajfrova-acr-11-years,reports/openaccess/cz-2016-fajfrova-acr-11-years.pdf,3,"Czech Army professional soldiers, extended preventive examination 2001, women",Czech Republic,military,Tri-service,F,2001,age,Age,years,35.8,7,431,,,,A,Table 2 (p. 424): annual extended preventive examinations of professional soldiers aged 25/30/33/36 and 39+ (age-selected sample); n = examinations that year
cz-2016-fajfrova-acr-11-years,reports/openaccess/cz-2016-fajfrova-acr-11-years.pdf,3,"Czech Army professional soldiers, extended preventive examination 2001, women",Czech Republic,military,Tri-service,F,2001,stature,Height,cm,1666,63,431,,,,A,Table 2 (p. 424): annual extended preventive examinations of professional soldiers aged 25/30/33/36 and 39+ (age-selected sample); n = examinations that year
cz-2016-fajfrova-acr-11-years,reports/openaccess/cz-2016-fajfrova-acr-11-years.pdf,3,"Czech Army professional soldiers, extended preventive examination 2001, women",Czech Republic,military,Tri-service,F,2001,mass,Weight,kg,66.7,11.4,431,,,,A,Table 2 (p. 424): annual extended preventive examinations of professional soldiers aged 25/30/33/36 and 39+ (age-selected sample); n = examinations that year
cz-2016-fajfrova-acr-11-years,reports/openaccess/cz-2016-fajfrova-acr-11-years.pdf,3,"Czech Army professional soldiers, extended preventive examination 2001, women",Czech Republic,military,Tri-service,F,2001,bmi,Body mass index,kg/m2,24,3.9,431,,,,A,Table 2 (p. 424): annual extended preventive examinations of professional soldiers aged 25/30/33/36 and 39+ (age-selected sample); n = examinations that year
cz-2016-fajfrova-acr-11-years,reports/openaccess/cz-2016-fajfrova-acr-11-years.pdf,3,"Czech Army professional soldiers, extended preventive examination 2001, women",Czech Republic,military,Tri-service,F,2001,waist_circumference,Waist circumference,cm,766,107,431,,,,A,Table 2 (p. 424): annual extended preventive examinations of professional soldiers aged 25/30/33/36 and 39+ (age-selected sample); n = examinations that year
cz-2016-fajfrova-acr-11-years,reports/openaccess/cz-2016-fajfrova-acr-11-years.pdf,3,"Czech Army professional soldiers, extended preventive examination 2002, women",Czech Republic,military,Tri-service,F,2002,age,Age,years,35.1,6.9,359,,,,A,Table 2 (p. 424): annual extended preventive examinations of professional soldiers aged 25/30/33/36 and 39+ (age-selected sample); n = examinations that year
cz-2016-fajfrova-acr-11-years,reports/openaccess/cz-2016-fajfrova-acr-11-years.pdf,3,"Czech Army professional soldiers, extended preventive examination 2002, women",Czech Republic,military,Tri-service,F,2002,stature,Height,cm,1670,62,359,,,,A,Table 2 (p. 424): annual extended preventive examinations of professional soldiers aged 25/30/33/36 and 39+ (age-selected sample); n = examinations that year
cz-2016-fajfrova-acr-11-years,reports/openaccess/cz-2016-fajfrova-acr-11-years.pdf,3,"Czech Army professional soldiers, extended preventive examination 2002, women",Czech Republic,military,Tri-service,F,2002,mass,Weight,kg,65.7,10.9,359,,,,A,Table 2 (p. 424): annual extended preventive examinations of professional soldiers aged 25/30/33/36 and 39+ (age-selected sample); n = examinations that year
cz-2016-fajfrova-acr-11-years,reports/openaccess/cz-2016-fajfrova-acr-11-years.pdf,3,"Czech Army professional soldiers, extended preventive examination 2002, women",Czech Republic,military,Tri-service,F,2002,bmi,Body mass index,kg/m2,23.5,3.6,359,,,,A,Table 2 (p. 424): annual extended preventive examinations of professional soldiers aged 25/30/33/36 and 39+ (age-selected sample); n = examinations that year
cz-2016-fajfrova-acr-11-years,reports/openaccess/cz-2016-fajfrova-acr-11-years.pdf,3,"Czech Army professional soldiers, extended preventive examination 2002, women",Czech Republic,military,Tri-service,F,2002,waist_circumference,Waist circumference,cm,754,101,359,,,,A,Table 2 (p. 424): annual extended preventive examinations of professional soldiers aged 25/30/33/36 and 39+ (age-selected sample); n = examinations that year
cz-2016-fajfrova-acr-11-years,reports/openaccess/cz-2016-fajfrova-acr-11-years.pdf,3,"Czech Army professional soldiers, extended preventive examination 2003, women",Czech Republic,military,Tri-service,F,2003,age,Age,years,35.9,7.1,524,,,,A,Table 2 (p. 424): annual extended preventive examinations of professional soldiers aged 25/30/33/36 and 39+ (age-selected sample); n = examinations that year
cz-2016-fajfrova-acr-11-years,reports/openaccess/cz-2016-fajfrova-acr-11-years.pdf,3,"Czech Army professional soldiers, extended preventive examination 2003, women",Czech Republic,military,Tri-service,F,2003,stature,Height,cm,1670,64,524,,,,A,Table 2 (p. 424): annual extended preventive examinations of professional soldiers aged 25/30/33/36 and 39+ (age-selected sample); n = examinations that year
cz-2016-fajfrova-acr-11-years,reports/openaccess/cz-2016-fajfrova-acr-11-years.pdf,3,"Czech Army professional soldiers, extended preventive examination 2003, women",Czech Republic,military,Tri-service,F,2003,mass,Weight,kg,67.3,12.1,524,,,,A,Table 2 (p. 424): annual extended preventive examinations of professional soldiers aged 25/30/33/36 and 39+ (age-selected sample); n = examinations that year
cz-2016-fajfrova-acr-11-years,reports/openaccess/cz-2016-fajfrova-acr-11-years.pdf,3,"Czech Army professional soldiers, extended preventive examination 2003, women",Czech Republic,military,Tri-service,F,2003,bmi,Body mass index,kg/m2,24.1,4.1,524,,,,A,Table 2 (p. 424): annual extended preventive examinations of professional soldiers aged 25/30/33/36 and 39+ (age-selected sample); n = examinations that year
cz-2016-fajfrova-acr-11-years,reports/openaccess/cz-2016-fajfrova-acr-11-years.pdf,3,"Czech Army professional soldiers, extended preventive examination 2003, women",Czech Republic,military,Tri-service,F,2003,waist_circumference,Waist circumference,cm,774,111,524,,,,A,Table 2 (p. 424): annual extended preventive examinations of professional soldiers aged 25/30/33/36 and 39+ (age-selected sample); n = examinations that year
cz-2016-fajfrova-acr-11-years,reports/openaccess/cz-2016-fajfrova-acr-11-years.pdf,3,"Czech Army professional soldiers, extended preventive examination 2004, women",Czech Republic,military,Tri-service,F,2004,age,Age,years,34.8,6.9,443,,,,A,Table 2 (p. 424): annual extended preventive examinations of professional soldiers aged 25/30/33/36 and 39+ (age-selected sample); n = examinations that year
cz-2016-fajfrova-acr-11-years,reports/openaccess/cz-2016-fajfrova-acr-11-years.pdf,3,"Czech Army professional soldiers, extended preventive examination 2004, women",Czech Republic,military,Tri-service,F,2004,stature,Height,cm,1674,65,443,,,,A,Table 2 (p. 424): annual extended preventive examinations of professional soldiers aged 25/30/33/36 and 39+ (age-selected sample); n = examinations that year
cz-2016-fajfrova-acr-11-years,reports/openaccess/cz-2016-fajfrova-acr-11-years.pdf,3,"Czech Army professional soldiers, extended preventive examination 2004, women",Czech Republic,military,Tri-service,F,2004,mass,Weight,kg,66.5,11.7,443,,,,A,Table 2 (p. 424): annual extended preventive examinations of professional soldiers aged 25/30/33/36 and 39+ (age-selected sample); n = examinations that year
cz-2016-fajfrova-acr-11-years,reports/openaccess/cz-2016-fajfrova-acr-11-years.pdf,3,"Czech Army professional soldiers, extended preventive examination 2004, women",Czech Republic,military,Tri-service,F,2004,bmi,Body mass index,kg/m2,23.7,3.9,443,,,,A,Table 2 (p. 424): annual extended preventive examinations of professional soldiers aged 25/30/33/36 and 39+ (age-selected sample); n = examinations that year
cz-2016-fajfrova-acr-11-years,reports/openaccess/cz-2016-fajfrova-acr-11-years.pdf,3,"Czech Army professional soldiers, extended preventive examination 2004, women",Czech Republic,military,Tri-service,F,2004,waist_circumference,Waist circumference,cm,762,105,443,,,,A,Table 2 (p. 424): annual extended preventive examinations of professional soldiers aged 25/30/33/36 and 39+ (age-selected sample); n = examinations that year
cz-2016-fajfrova-acr-11-years,reports/openaccess/cz-2016-fajfrova-acr-11-years.pdf,3,"Czech Army professional soldiers, extended preventive examination 2005, women",Czech Republic,military,Tri-service,F,2005,age,Age,years,35.9,7,540,,,,A,Table 2 (p. 424): annual extended preventive examinations of professional soldiers aged 25/30/33/36 and 39+ (age-selected sample); n = examinations that year
cz-2016-fajfrova-acr-11-years,reports/openaccess/cz-2016-fajfrova-acr-11-years.pdf,3,"Czech Army professional soldiers, extended preventive examination 2005, women",Czech Republic,military,Tri-service,F,2005,stature,Height,cm,1670,61,540,,,,A,Table 2 (p. 424): annual extended preventive examinations of professional soldiers aged 25/30/33/36 and 39+ (age-selected sample); n = examinations that year
cz-2016-fajfrova-acr-11-years,reports/openaccess/cz-2016-fajfrova-acr-11-years.pdf,3,"Czech Army professional soldiers, extended preventive examination 2005, women",Czech Republic,military,Tri-service,F,2005,mass,Weight,kg,65.7,11,540,,,,A,Table 2 (p. 424): annual extended preventive examinations of professional soldiers aged 25/30/33/36 and 39+ (age-selected sample); n = examinations that year
cz-2016-fajfrova-acr-11-years,reports/openaccess/cz-2016-fajfrova-acr-11-years.pdf,3,"Czech Army professional soldiers, extended preventive examination 2005, women",Czech Republic,military,Tri-service,F,2005,bmi,Body mass index,kg/m2,23.6,3.8,540,,,,A,Table 2 (p. 424): annual extended preventive examinations of professional soldiers aged 25/30/33/36 and 39+ (age-selected sample); n = examinations that year
cz-2016-fajfrova-acr-11-years,reports/openaccess/cz-2016-fajfrova-acr-11-years.pdf,3,"Czech Army professional soldiers, extended preventive examination 2005, women",Czech Republic,military,Tri-service,F,2005,waist_circumference,Waist circumference,cm,767,98,540,,,,A,Table 2 (p. 424): annual extended preventive examinations of professional soldiers aged 25/30/33/36 and 39+ (age-selected sample); n = examinations that year
cz-2016-fajfrova-acr-11-years,reports/openaccess/cz-2016-fajfrova-acr-11-years.pdf,3,"Czech Army professional soldiers, extended preventive examination 2006, women",Czech Republic,military,Tri-service,F,2006,age,Age,years,35.9,7.1,606,,,,A,Table 2 (p. 424): annual extended preventive examinations of professional soldiers aged 25/30/33/36 and 39+ (age-selected sample); n = examinations that year
cz-2016-fajfrova-acr-11-years,reports/openaccess/cz-2016-fajfrova-acr-11-years.pdf,3,"Czech Army professional soldiers, extended preventive examination 2006, women",Czech Republic,military,Tri-service,F,2006,stature,Height,cm,1670,62,606,,,,A,Table 2 (p. 424): annual extended preventive examinations of professional soldiers aged 25/30/33/36 and 39+ (age-selected sample); n = examinations that year
cz-2016-fajfrova-acr-11-years,reports/openaccess/cz-2016-fajfrova-acr-11-years.pdf,3,"Czech Army professional soldiers, extended preventive examination 2006, women",Czech Republic,military,Tri-service,F,2006,mass,Weight,kg,66.6,11.6,606,,,,A,Table 2 (p. 424): annual extended preventive examinations of professional soldiers aged 25/30/33/36 and 39+ (age-selected sample); n = examinations that year
cz-2016-fajfrova-acr-11-years,reports/openaccess/cz-2016-fajfrova-acr-11-years.pdf,3,"Czech Army professional soldiers, extended preventive examination 2006, women",Czech Republic,military,Tri-service,F,2006,bmi,Body mass index,kg/m2,23.9,3.9,606,,,,A,Table 2 (p. 424): annual extended preventive examinations of professional soldiers aged 25/30/33/36 and 39+ (age-selected sample); n = examinations that year
cz-2016-fajfrova-acr-11-years,reports/openaccess/cz-2016-fajfrova-acr-11-years.pdf,3,"Czech Army professional soldiers, extended preventive examination 2006, women",Czech Republic,military,Tri-service,F,2006,waist_circumference,Waist circumference,cm,776,102,606,,,,A,Table 2 (p. 424): annual extended preventive examinations of professional soldiers aged 25/30/33/36 and 39+ (age-selected sample); n = examinations that year
cz-2016-fajfrova-acr-11-years,reports/openaccess/cz-2016-fajfrova-acr-11-years.pdf,3,"Czech Army professional soldiers, extended preventive examination 2007, women",Czech Republic,military,Tri-service,F,2007,age,Age,years,35.9,7.1,671,,,,A,Table 2 (p. 424): annual extended preventive examinations of professional soldiers aged 25/30/33/36 and 39+ (age-selected sample); n = examinations that year
cz-2016-fajfrova-acr-11-years,reports/openaccess/cz-2016-fajfrova-acr-11-years.pdf,3,"Czech Army professional soldiers, extended preventive examination 2007, women",Czech Republic,military,Tri-service,F,2007,stature,Height,cm,1672,64,671,,,,A,Table 2 (p. 424): annual extended preventive examinations of professional soldiers aged 25/30/33/36 and 39+ (age-selected sample); n = examinations that year
cz-2016-fajfrova-acr-11-years,reports/openaccess/cz-2016-fajfrova-acr-11-years.pdf,3,"Czech Army professional soldiers, extended preventive examination 2007, women",Czech Republic,military,Tri-service,F,2007,mass,Weight,kg,66.1,10.8,671,,,,A,Table 2 (p. 424): annual extended preventive examinations of professional soldiers aged 25/30/33/36 and 39+ (age-selected sample); n = examinations that year
cz-2016-fajfrova-acr-11-years,reports/openaccess/cz-2016-fajfrova-acr-11-years.pdf,3,"Czech Army professional soldiers, extended preventive examination 2007, women",Czech Republic,military,Tri-service,F,2007,bmi,Body mass index,kg/m2,23.6,3.6,671,,,,A,Table 2 (p. 424): annual extended preventive examinations of professional soldiers aged 25/30/33/36 and 39+ (age-selected sample); n = examinations that year
cz-2016-fajfrova-acr-11-years,reports/openaccess/cz-2016-fajfrova-acr-11-years.pdf,3,"Czech Army professional soldiers, extended preventive examination 2007, women",Czech Republic,military,Tri-service,F,2007,waist_circumference,Waist circumference,cm,771,99,671,,,,A,Table 2 (p. 424): annual extended preventive examinations of professional soldiers aged 25/30/33/36 and 39+ (age-selected sample); n = examinations that year
cz-2016-fajfrova-acr-11-years,reports/openaccess/cz-2016-fajfrova-acr-11-years.pdf,3,"Czech Army professional soldiers, extended preventive examination 2008, women",Czech Republic,military,Tri-service,F,2008,age,Age,years,37.5,7.1,857,,,,A,Table 2 (p. 424): annual extended preventive examinations of professional soldiers aged 25/30/33/36 and 39+ (age-selected sample); n = examinations that year
cz-2016-fajfrova-acr-11-years,reports/openaccess/cz-2016-fajfrova-acr-11-years.pdf,3,"Czech Army professional soldiers, extended preventive examination 2008, women",Czech Republic,military,Tri-service,F,2008,stature,Height,cm,1674,63,857,,,,A,Table 2 (p. 424): annual extended preventive examinations of professional soldiers aged 25/30/33/36 and 39+ (age-selected sample); n = examinations that year
cz-2016-fajfrova-acr-11-years,reports/openaccess/cz-2016-fajfrova-acr-11-years.pdf,3,"Czech Army professional soldiers, extended preventive examination 2008, women",Czech Republic,military,Tri-service,F,2008,mass,Weight,kg,67.2,11.2,857,,,,A,Table 2 (p. 424): annual extended preventive examinations of professional soldiers aged 25/30/33/36 and 39+ (age-selected sample); n = examinations that year
cz-2016-fajfrova-acr-11-years,reports/openaccess/cz-2016-fajfrova-acr-11-years.pdf,3,"Czech Army professional soldiers, extended preventive examination 2008, women",Czech Republic,military,Tri-service,F,2008,bmi,Body mass index,kg/m2,24,3.7,857,,,,A,Table 2 (p. 424): annual extended preventive examinations of professional soldiers aged 25/30/33/36 and 39+ (age-selected sample); n = examinations that year
cz-2016-fajfrova-acr-11-years,reports/openaccess/cz-2016-fajfrova-acr-11-years.pdf,3,"Czech Army professional soldiers, extended preventive examination 2008, women",Czech Republic,military,Tri-service,F,2008,waist_circumference,Waist circumference,cm,775,99,857,,,,A,Table 2 (p. 424): annual extended preventive examinations of professional soldiers aged 25/30/33/36 and 39+ (age-selected sample); n = examinations that year
cz-2016-fajfrova-acr-11-years,reports/openaccess/cz-2016-fajfrova-acr-11-years.pdf,3,"Czech Army professional soldiers, extended preventive examination 2009, women",Czech Republic,military,Tri-service,F,2009,age,Age,years,38.5,6.8,975,,,,A,Table 2 (p. 424): annual extended preventive examinations of professional soldiers aged 25/30/33/36 and 39+ (age-selected sample); n = examinations that year
cz-2016-fajfrova-acr-11-years,reports/openaccess/cz-2016-fajfrova-acr-11-years.pdf,3,"Czech Army professional soldiers, extended preventive examination 2009, women",Czech Republic,military,Tri-service,F,2009,stature,Height,cm,1671,62,975,,,,A,Table 2 (p. 424): annual extended preventive examinations of professional soldiers aged 25/30/33/36 and 39+ (age-selected sample); n = examinations that year
cz-2016-fajfrova-acr-11-years,reports/openaccess/cz-2016-fajfrova-acr-11-years.pdf,3,"Czech Army professional soldiers, extended preventive examination 2009, women",Czech Republic,military,Tri-service,F,2009,mass,Weight,kg,67.7,11.8,975,,,,A,Table 2 (p. 424): annual extended preventive examinations of professional soldiers aged 25/30/33/36 and 39+ (age-selected sample); n = examinations that year
cz-2016-fajfrova-acr-11-years,reports/openaccess/cz-2016-fajfrova-acr-11-years.pdf,3,"Czech Army professional soldiers, extended preventive examination 2009, women",Czech Republic,military,Tri-service,F,2009,bmi,Body mass index,kg/m2,24.2,3.9,975,,,,A,Table 2 (p. 424): annual extended preventive examinations of professional soldiers aged 25/30/33/36 and 39+ (age-selected sample); n = examinations that year
cz-2016-fajfrova-acr-11-years,reports/openaccess/cz-2016-fajfrova-acr-11-years.pdf,3,"Czech Army professional soldiers, extended preventive examination 2009, women",Czech Republic,military,Tri-service,F,2009,waist_circumference,Waist circumference,cm,782,101,975,,,,A,Table 2 (p. 424): annual extended preventive examinations of professional soldiers aged 25/30/33/36 and 39+ (age-selected sample); n = examinations that year
cz-2010-soumar-casri-monitoring,reports/openaccess/cz-2010-soumar-casri-monitoring.pdf,181,"Czech Army combat units (mechanised battalions), men",Czech Republic,military,Army,M,,age,věk,years,28.1,,303,,,,A,"Tab. 2 (p. 181): means only, no SD printed; CASRI long-term monitoring, measurement years not stated; %fat and WHR left in original units; biceps circumference: side/flexion not stated"
cz-2010-soumar-casri-monitoring,reports/openaccess/cz-2010-soumar-casri-monitoring.pdf,181,"Czech Army non-combat units (basic training, Honour Guard, logistics etc.), men",Czech Republic,military,Army,M,,age,věk,years,25.8,,5964,,,,A,"Tab. 2 (p. 181): means only, no SD printed; CASRI long-term monitoring, measurement years not stated; %fat and WHR left in original units; biceps circumference: side/flexion not stated"
cz-2010-soumar-casri-monitoring,reports/openaccess/cz-2010-soumar-casri-monitoring.pdf,181,"Czech Army combat units (mechanised battalions), men",Czech Republic,military,Army,M,,mass,hmotnost,kg,83,,303,,,,A,"Tab. 2 (p. 181): means only, no SD printed; CASRI long-term monitoring, measurement years not stated; %fat and WHR left in original units; biceps circumference: side/flexion not stated"
cz-2010-soumar-casri-monitoring,reports/openaccess/cz-2010-soumar-casri-monitoring.pdf,181,"Czech Army non-combat units (basic training, Honour Guard, logistics etc.), men",Czech Republic,military,Army,M,,mass,hmotnost,kg,80.1,,5964,,,,A,"Tab. 2 (p. 181): means only, no SD printed; CASRI long-term monitoring, measurement years not stated; %fat and WHR left in original units; biceps circumference: side/flexion not stated"
cz-2010-soumar-casri-monitoring,reports/openaccess/cz-2010-soumar-casri-monitoring.pdf,181,"Czech Army combat units (mechanised battalions), men",Czech Republic,military,Army,M,,thigh_circumference,obvod stehna,cm,547,,303,,,,A,"Tab. 2 (p. 181): means only, no SD printed; CASRI long-term monitoring, measurement years not stated; %fat and WHR left in original units; biceps circumference: side/flexion not stated"
cz-2010-soumar-casri-monitoring,reports/openaccess/cz-2010-soumar-casri-monitoring.pdf,181,"Czech Army non-combat units (basic training, Honour Guard, logistics etc.), men",Czech Republic,military,Army,M,,thigh_circumference,obvod stehna,cm,536,,5964,,,,A,"Tab. 2 (p. 181): means only, no SD printed; CASRI long-term monitoring, measurement years not stated; %fat and WHR left in original units; biceps circumference: side/flexion not stated"
cz-2010-soumar-casri-monitoring,reports/openaccess/cz-2010-soumar-casri-monitoring.pdf,181,"Czech Army combat units (mechanised battalions), men",Czech Republic,military,Army,M,,bmi,BMI,kg/m2,26,,303,,,,A,"Tab. 2 (p. 181): means only, no SD printed; CASRI long-term monitoring, measurement years not stated; %fat and WHR left in original units; biceps circumference: side/flexion not stated"
cz-2010-soumar-casri-monitoring,reports/openaccess/cz-2010-soumar-casri-monitoring.pdf,181,"Czech Army non-combat units (basic training, Honour Guard, logistics etc.), men",Czech Republic,military,Army,M,,bmi,BMI,kg/m2,24.9,,5964,,,,A,"Tab. 2 (p. 181): means only, no SD printed; CASRI long-term monitoring, measurement years not stated; %fat and WHR left in original units; biceps circumference: side/flexion not stated"
cz-2010-soumar-casri-monitoring,reports/openaccess/cz-2010-soumar-casri-monitoring.pdf,181,"Czech Army combat units (mechanised battalions), men",Czech Republic,military,Army,M,,other:body_fat_percent,tuk %,%,14.5,,303,,,,A,"Tab. 2 (p. 181): means only, no SD printed; CASRI long-term monitoring, measurement years not stated; %fat and WHR left in original units; biceps circumference: side/flexion not stated"
cz-2010-soumar-casri-monitoring,reports/openaccess/cz-2010-soumar-casri-monitoring.pdf,181,"Czech Army non-combat units (basic training, Honour Guard, logistics etc.), men",Czech Republic,military,Army,M,,other:body_fat_percent,tuk %,%,13.5,,5964,,,,A,"Tab. 2 (p. 181): means only, no SD printed; CASRI long-term monitoring, measurement years not stated; %fat and WHR left in original units; biceps circumference: side/flexion not stated"
cz-2010-soumar-casri-monitoring,reports/openaccess/cz-2010-soumar-casri-monitoring.pdf,181,"Czech Army combat units (mechanised battalions), men",Czech Republic,military,Army,M,,other:skinfold_abdomen,kožní řasa břicho,mm,15.6,,303,,,,A,"Tab. 2 (p. 181): means only, no SD printed; CASRI long-term monitoring, measurement years not stated; %fat and WHR left in original units; biceps circumference: side/flexion not stated"
cz-2010-soumar-casri-monitoring,reports/openaccess/cz-2010-soumar-casri-monitoring.pdf,181,"Czech Army non-combat units (basic training, Honour Guard, logistics etc.), men",Czech Republic,military,Army,M,,other:skinfold_abdomen,kožní řasa břicho,mm,13.8,,5964,,,,A,"Tab. 2 (p. 181): means only, no SD printed; CASRI long-term monitoring, measurement years not stated; %fat and WHR left in original units; biceps circumference: side/flexion not stated"
cz-2010-soumar-casri-monitoring,reports/openaccess/cz-2010-soumar-casri-monitoring.pdf,181,"Czech Army combat units (mechanised battalions), men",Czech Republic,military,Army,M,,biceps_circumference_flexed,obvod bicepsu,cm,339,,303,,,,A,"Tab. 2 (p. 181): means only, no SD printed; CASRI long-term monitoring, measurement years not stated; %fat and WHR left in original units; biceps circumference: side/flexion not stated"
cz-2010-soumar-casri-monitoring,reports/openaccess/cz-2010-soumar-casri-monitoring.pdf,181,"Czech Army non-combat units (basic training, Honour Guard, logistics etc.), men",Czech Republic,military,Army,M,,biceps_circumference_flexed,obvod bicepsu,cm,329,,5964,,,,A,"Tab. 2 (p. 181): means only, no SD printed; CASRI long-term monitoring, measurement years not stated; %fat and WHR left in original units; biceps circumference: side/flexion not stated"
cz-2010-soumar-casri-monitoring,reports/openaccess/cz-2010-soumar-casri-monitoring.pdf,181,"Czech Army combat units (mechanised battalions), men",Czech Republic,military,Army,M,,waist_circumference,obvod pasu,cm,876,,303,,,,A,"Tab. 2 (p. 181): means only, no SD printed; CASRI long-term monitoring, measurement years not stated; %fat and WHR left in original units; biceps circumference: side/flexion not stated"
cz-2010-soumar-casri-monitoring,reports/openaccess/cz-2010-soumar-casri-monitoring.pdf,181,"Czech Army non-combat units (basic training, Honour Guard, logistics etc.), men",Czech Republic,military,Army,M,,waist_circumference,obvod pasu,cm,851,,5964,,,,A,"Tab. 2 (p. 181): means only, no SD printed; CASRI long-term monitoring, measurement years not stated; %fat and WHR left in original units; biceps circumference: side/flexion not stated"
cz-2010-soumar-casri-monitoring,reports/openaccess/cz-2010-soumar-casri-monitoring.pdf,181,"Czech Army combat units (mechanised battalions), men",Czech Republic,military,Army,M,,other:waist_hip_ratio,WHR,ratio,0.88,,303,,,,A,"Tab. 2 (p. 181): means only, no SD printed; CASRI long-term monitoring, measurement years not stated; %fat and WHR left in original units; biceps circumference: side/flexion not stated"
cz-2010-soumar-casri-monitoring,reports/openaccess/cz-2010-soumar-casri-monitoring.pdf,181,"Czech Army non-combat units (basic training, Honour Guard, logistics etc.), men",Czech Republic,military,Army,M,,other:waist_hip_ratio,WHR,ratio,0.87,,5964,,,,A,"Tab. 2 (p. 181): means only, no SD printed; CASRI long-term monitoring, measurement years not stated; %fat and WHR left in original units; biceps circumference: side/flexion not stated"
cz-2010-soumar-casri-monitoring,reports/openaccess/cz-2010-soumar-casri-monitoring.pdf,182,"Czech Army combat units excluding elite reconnaissance squads, men",Czech Republic,military,Army,M,,age,věk,years,28,,268,,,,A,"Tab. 4 (p. 182): means only, no SD printed; measurement years not stated"
cz-2010-soumar-casri-monitoring,reports/openaccess/cz-2010-soumar-casri-monitoring.pdf,182,"Czech Army elite reconnaissance squads (foreign missions), men",Czech Republic,military,Army,M,,age,věk,years,28.9,,35,,,,A,"Tab. 4 (p. 182): means only, no SD printed; measurement years not stated"
cz-2010-soumar-casri-monitoring,reports/openaccess/cz-2010-soumar-casri-monitoring.pdf,182,"Czech Army combat units excluding elite reconnaissance squads, men",Czech Republic,military,Army,M,,mass,hmotnost,kg,83.1,,268,,,,A,"Tab. 4 (p. 182): means only, no SD printed; measurement years not stated"
cz-2010-soumar-casri-monitoring,reports/openaccess/cz-2010-soumar-casri-monitoring.pdf,182,"Czech Army elite reconnaissance squads (foreign missions), men",Czech Republic,military,Army,M,,mass,hmotnost,kg,81.7,,35,,,,A,"Tab. 4 (p. 182): means only, no SD printed; measurement years not stated"
cz-2010-soumar-casri-monitoring,reports/openaccess/cz-2010-soumar-casri-monitoring.pdf,182,"Czech Army combat units excluding elite reconnaissance squads, men",Czech Republic,military,Army,M,,thigh_circumference,obvod stehna,cm,550,,268,,,,A,"Tab. 4 (p. 182): means only, no SD printed; measurement years not stated"
cz-2010-soumar-casri-monitoring,reports/openaccess/cz-2010-soumar-casri-monitoring.pdf,182,"Czech Army elite reconnaissance squads (foreign missions), men",Czech Republic,military,Army,M,,thigh_circumference,obvod stehna,cm,524,,35,,,,A,"Tab. 4 (p. 182): means only, no SD printed; measurement years not stated"
cz-2010-soumar-casri-monitoring,reports/openaccess/cz-2010-soumar-casri-monitoring.pdf,182,"Czech Army combat units excluding elite reconnaissance squads, men",Czech Republic,military,Army,M,,biceps_circumference_flexed,obvod bicepsu,cm,340,,268,,,,A,"Tab. 4 (p. 182): means only, no SD printed; measurement years not stated"
cz-2010-soumar-casri-monitoring,reports/openaccess/cz-2010-soumar-casri-monitoring.pdf,182,"Czech Army elite reconnaissance squads (foreign missions), men",Czech Republic,military,Army,M,,biceps_circumference_flexed,obvod bicepsu,cm,337,,35,,,,A,"Tab. 4 (p. 182): means only, no SD printed; measurement years not stated"
cz-2010-soumar-casri-monitoring,reports/openaccess/cz-2010-soumar-casri-monitoring.pdf,182,"Czech Army combat units excluding elite reconnaissance squads, men",Czech Republic,military,Army,M,,waist_circumference,obvod pasu,cm,879,,268,,,,A,"Tab. 4 (p. 182): means only, no SD printed; measurement years not stated"
cz-2010-soumar-casri-monitoring,reports/openaccess/cz-2010-soumar-casri-monitoring.pdf,182,"Czech Army elite reconnaissance squads (foreign missions), men",Czech Republic,military,Army,M,,waist_circumference,obvod pasu,cm,850,,35,,,,A,"Tab. 4 (p. 182): means only, no SD printed; measurement years not stated"
cz-2010-soumar-casri-monitoring,reports/openaccess/cz-2010-soumar-casri-monitoring.pdf,182,"Czech Army combat units excluding elite reconnaissance squads, men",Czech Republic,military,Army,M,,other:body_fat_percent,tuk %,%,14.4,,268,,,,A,"Tab. 4 (p. 182): means only, no SD printed; measurement years not stated"
cz-2010-soumar-casri-monitoring,reports/openaccess/cz-2010-soumar-casri-monitoring.pdf,182,"Czech Army elite reconnaissance squads (foreign missions), men",Czech Republic,military,Army,M,,other:body_fat_percent,tuk %,%,14.8,,35,,,,A,"Tab. 4 (p. 182): means only, no SD printed; measurement years not stated"
cz-2010-soumar-casri-monitoring,reports/openaccess/cz-2010-soumar-casri-monitoring.pdf,182,"Czech Army combat units excluding elite reconnaissance squads, men",Czech Republic,military,Army,M,,bmi,BMI,kg/m2,26,,268,,,,A,"Tab. 4 (p. 182): means only, no SD printed; measurement years not stated"
cz-2010-soumar-casri-monitoring,reports/openaccess/cz-2010-soumar-casri-monitoring.pdf,182,"Czech Army elite reconnaissance squads (foreign missions), men",Czech Republic,military,Army,M,,bmi,BMI,kg/m2,25.5,,35,,,,A,"Tab. 4 (p. 182): means only, no SD printed; measurement years not stated"
cz-2010-soumar-casri-monitoring,reports/openaccess/cz-2010-soumar-casri-monitoring.pdf,182,"Czech Army combat units excluding elite reconnaissance squads, men",Czech Republic,military,Army,M,,other:skinfold_abdomen,kožní řasa břicho,mm,15.6,,268,,,,A,"Tab. 4 (p. 182): means only, no SD printed; measurement years not stated"
cz-2010-soumar-casri-monitoring,reports/openaccess/cz-2010-soumar-casri-monitoring.pdf,182,"Czech Army elite reconnaissance squads (foreign missions), men",Czech Republic,military,Army,M,,other:skinfold_abdomen,kožní řasa břicho,mm,15.5,,35,,,,A,"Tab. 4 (p. 182): means only, no SD printed; measurement years not stated"
cz-2010-soumar-casri-monitoring,reports/openaccess/cz-2010-soumar-casri-monitoring.pdf,182,"Czech Army combat units excluding elite reconnaissance squads, men",Czech Republic,military,Army,M,,other:waist_hip_ratio,WHR,ratio,0.88,,268,,,,A,"Tab. 4 (p. 182): means only, no SD printed; measurement years not stated"
cz-2010-soumar-casri-monitoring,reports/openaccess/cz-2010-soumar-casri-monitoring.pdf,182,"Czech Army elite reconnaissance squads (foreign missions), men",Czech Republic,military,Army,M,,other:waist_hip_ratio,WHR,ratio,0.85,,35,,,,A,"Tab. 4 (p. 182): means only, no SD printed; measurement years not stated"
cz-2010-soumar-casri-monitoring,reports/openaccess/cz-2010-soumar-casri-monitoring.pdf,183,"Czech Army recruits at the start of 3-month basic training (2004-2009), men and women",Czech Republic,military,Recruits/trainees,both,2004,mass,těl. hmotnost,kg,77.4,11.51,,,,,A,"Tab. 6 (pp. 183-184): x and s at the start of basic training; n not printed for this table (1706 recruits tested 2004-2009: 1466 men, 240 women, only those completing both tests included); mixed sexes; skinfold sites are the CASRI 10-site set; circumference side/flexion not stated"
cz-2010-soumar-casri-monitoring,reports/openaccess/cz-2010-soumar-casri-monitoring.pdf,183,"Czech Army recruits at the end of 3-month basic training (2004-2009), men and women",Czech Republic,military,Recruits/trainees,both,2004,mass,těl. hmotnost,kg,76.8,11.1,,,,,A,Tab. 6 (pp. 183-184): x and s at the end of basic training; n not printed (see start-of-training rows); mixed sexes
cz-2010-soumar-casri-monitoring,reports/openaccess/cz-2010-soumar-casri-monitoring.pdf,183,"Czech Army recruits at the start of 3-month basic training (2004-2009), men and women",Czech Republic,military,Recruits/trainees,both,2004,stature,těl. výška,cm,1772,73.3,,,,,A,"Tab. 6 (pp. 183-184): x and s at the start of basic training; n not printed for this table (1706 recruits tested 2004-2009: 1466 men, 240 women, only those completing both tests included); mixed sexes; skinfold sites are the CASRI 10-site set; circumference side/flexion not stated"
cz-2010-soumar-casri-monitoring,reports/openaccess/cz-2010-soumar-casri-monitoring.pdf,183,"Czech Army recruits at the end of 3-month basic training (2004-2009), men and women",Czech Republic,military,Recruits/trainees,both,2004,stature,těl. výška,cm,1780,74.4,,,,,A,Tab. 6 (pp. 183-184): x and s at the end of basic training; n not printed (see start-of-training rows); mixed sexes
cz-2010-soumar-casri-monitoring,reports/openaccess/cz-2010-soumar-casri-monitoring.pdf,183,"Czech Army recruits at the start of 3-month basic training (2004-2009), men and women",Czech Republic,military,Recruits/trainees,both,2004,other:skinfold_cheek,kožní řasa tvář,mm,5.15,1.81,,,,,A,"Tab. 6 (pp. 183-184): x and s at the start of basic training; n not printed for this table (1706 recruits tested 2004-2009: 1466 men, 240 women, only those completing both tests included); mixed sexes; skinfold sites are the CASRI 10-site set; circumference side/flexion not stated"
cz-2010-soumar-casri-monitoring,reports/openaccess/cz-2010-soumar-casri-monitoring.pdf,183,"Czech Army recruits at the start of 3-month basic training (2004-2009), men and women",Czech Republic,military,Recruits/trainees,both,2004,other:skinfold_chin,kožní řasa pod bradou,mm,5.41,2.09,,,,,A,"Tab. 6 (pp. 183-184): x and s at the start of basic training; n not printed for this table (1706 recruits tested 2004-2009: 1466 men, 240 women, only those completing both tests included); mixed sexes; skinfold sites are the CASRI 10-site set; circumference side/flexion not stated"
cz-2010-soumar-casri-monitoring,reports/openaccess/cz-2010-soumar-casri-monitoring.pdf,183,"Czech Army recruits at the start of 3-month basic training (2004-2009), men and women",Czech Republic,military,Recruits/trainees,both,2004,other:skinfold_clavicle,kožní řasa kl. kost,mm,4.01,1.15,,,,,A,"Tab. 6 (pp. 183-184): x and s at the start of basic training; n not printed for this table (1706 recruits tested 2004-2009: 1466 men, 240 women, only those completing both tests included); mixed sexes; skinfold sites are the CASRI 10-site set; circumference side/flexion not stated"
cz-2010-soumar-casri-monitoring,reports/openaccess/cz-2010-soumar-casri-monitoring.pdf,183,"Czech Army recruits at the start of 3-month basic training (2004-2009), men and women",Czech Republic,military,Recruits/trainees,both,2004,other:skinfold_chest,kožní řasa pod prsy,mm,9.01,4.49,,,,,A,"Tab. 6 (pp. 183-184): x and s at the start of basic training; n not printed for this table (1706 recruits tested 2004-2009: 1466 men, 240 women, only those completing both tests included); mixed sexes; skinfold sites are the CASRI 10-site set; circumference side/flexion not stated"
cz-2010-soumar-casri-monitoring,reports/openaccess/cz-2010-soumar-casri-monitoring.pdf,183,"Czech Army recruits at the start of 3-month basic training (2004-2009), men and women",Czech Republic,military,Recruits/trainees,both,2004,other:skinfold_triceps,kožní řasa triceps,mm,7.46,2.99,,,,,A,"Tab. 6 (pp. 183-184): x and s at the start of basic training; n not printed for this table (1706 recruits tested 2004-2009: 1466 men, 240 women, only those completing both tests included); mixed sexes; skinfold sites are the CASRI 10-site set; circumference side/flexion not stated"
cz-2010-soumar-casri-monitoring,reports/openaccess/cz-2010-soumar-casri-monitoring.pdf,183,"Czech Army recruits at the start of 3-month basic training (2004-2009), men and women",Czech Republic,military,Recruits/trainees,both,2004,other:skinfold_subscapular,kožní řasa lopatka,mm,12.12,5.29,,,,,A,"Tab. 6 (pp. 183-184): x and s at the start of basic training; n not printed for this table (1706 recruits tested 2004-2009: 1466 men, 240 women, only those completing both tests included); mixed sexes; skinfold sites are the CASRI 10-site set; circumference side/flexion not stated"
cz-2010-soumar-casri-monitoring,reports/openaccess/cz-2010-soumar-casri-monitoring.pdf,183,"Czech Army recruits at the start of 3-month basic training (2004-2009), men and women",Czech Republic,military,Recruits/trainees,both,2004,other:skinfold_suprailiac,kožní řasa spina,mm,11.68,6.13,,,,,A,"Tab. 6 (pp. 183-184): x and s at the start of basic training; n not printed for this table (1706 recruits tested 2004-2009: 1466 men, 240 women, only those completing both tests included); mixed sexes; skinfold sites are the CASRI 10-site set; circumference side/flexion not stated"
cz-2010-soumar-casri-monitoring,reports/openaccess/cz-2010-soumar-casri-monitoring.pdf,183,"Czech Army recruits at the start of 3-month basic training (2004-2009), men and women",Czech Republic,military,Recruits/trainees,both,2004,other:skinfold_abdomen,kožní řasa břicho,mm,14.87,7.48,,,,,A,"Tab. 6 (pp. 183-184): x and s at the start of basic training; n not printed for this table (1706 recruits tested 2004-2009: 1466 men, 240 women, only those completing both tests included); mixed sexes; skinfold sites are the CASRI 10-site set; circumference side/flexion not stated"
cz-2010-soumar-casri-monitoring,reports/openaccess/cz-2010-soumar-casri-monitoring.pdf,183,"Czech Army recruits at the start of 3-month basic training (2004-2009), men and women",Czech Republic,military,Recruits/trainees,both,2004,other:skinfold_upper_arm,kožní řasa nadloktí (upper arm),mm,10.19,3.23,,,,,A,"Tab. 6 (pp. 183-184): x and s at the start of basic training; n not printed for this table (1706 recruits tested 2004-2009: 1466 men, 240 women, only those completing both tests included); mixed sexes; skinfold sites are the CASRI 10-site set; circumference side/flexion not stated"
cz-2010-soumar-casri-monitoring,reports/openaccess/cz-2010-soumar-casri-monitoring.pdf,183,"Czech Army recruits at the start of 3-month basic training (2004-2009), men and women",Czech Republic,military,Recruits/trainees,both,2004,other:skinfold_calf,kožní řasa lýtko,mm,7.52,2.96,,,,,A,"Tab. 6 (pp. 183-184): x and s at the start of basic training; n not printed for this table (1706 recruits tested 2004-2009: 1466 men, 240 women, only those completing both tests included); mixed sexes; skinfold sites are the CASRI 10-site set; circumference side/flexion not stated"
cz-2010-soumar-casri-monitoring,reports/openaccess/cz-2010-soumar-casri-monitoring.pdf,183,"Czech Army recruits at the start of 3-month basic training (2004-2009), men and women",Czech Republic,military,Recruits/trainees,both,2004,other:skinfold_forearm,kožní řasa předloktí,mm,5.38,1.9,,,,,A,"Tab. 6 (pp. 183-184): x and s at the start of basic training; n not printed for this table (1706 recruits tested 2004-2009: 1466 men, 240 women, only those completing both tests included); mixed sexes; skinfold sites are the CASRI 10-site set; circumference side/flexion not stated"
cz-2010-soumar-casri-monitoring,reports/openaccess/cz-2010-soumar-casri-monitoring.pdf,183,"Czech Army recruits at the start of 3-month basic training (2004-2009), men and women",Czech Republic,military,Recruits/trainees,both,2004,biceps_circumference_flexed,obvod biceps,cm,322,35.3,,,,,A,"Tab. 6 (pp. 183-184): x and s at the start of basic training; n not printed for this table (1706 recruits tested 2004-2009: 1466 men, 240 women, only those completing both tests included); mixed sexes; skinfold sites are the CASRI 10-site set; circumference side/flexion not stated"
cz-2010-soumar-casri-monitoring,reports/openaccess/cz-2010-soumar-casri-monitoring.pdf,183,"Czech Army recruits at the start of 3-month basic training (2004-2009), men and women",Czech Republic,military,Recruits/trainees,both,2004,calf_circumference,obvod lýtko,cm,381,29.7,,,,,A,"Tab. 6 (pp. 183-184): x and s at the start of basic training; n not printed for this table (1706 recruits tested 2004-2009: 1466 men, 240 women, only those completing both tests included); mixed sexes; skinfold sites are the CASRI 10-site set; circumference side/flexion not stated"
cz-2010-soumar-casri-monitoring,reports/openaccess/cz-2010-soumar-casri-monitoring.pdf,183,"Czech Army recruits at the start of 3-month basic training (2004-2009), men and women",Czech Republic,military,Recruits/trainees,both,2004,waist_circumference,obvod pas,cm,838,88.8,,,,,A,"Tab. 6 (pp. 183-184): x and s at the start of basic training; n not printed for this table (1706 recruits tested 2004-2009: 1466 men, 240 women, only those completing both tests included); mixed sexes; skinfold sites are the CASRI 10-site set; circumference side/flexion not stated"
cz-2010-soumar-casri-monitoring,reports/openaccess/cz-2010-soumar-casri-monitoring.pdf,183,"Czech Army recruits at the end of 3-month basic training (2004-2009), men and women",Czech Republic,military,Recruits/trainees,both,2004,waist_circumference,obvod pas,cm,821,81.5,,,,,A,Tab. 6 (pp. 183-184): x and s at the end of basic training; n not printed (see start-of-training rows); mixed sexes
cz-2010-soumar-casri-monitoring,reports/openaccess/cz-2010-soumar-casri-monitoring.pdf,183,"Czech Army recruits at the start of 3-month basic training (2004-2009), men and women",Czech Republic,military,Recruits/trainees,both,2004,chest_circumference,obvod hrudník,cm,994,83.2,,,,,A,"Tab. 6 (pp. 183-184): x and s at the start of basic training; n not printed for this table (1706 recruits tested 2004-2009: 1466 men, 240 women, only those completing both tests included); mixed sexes; skinfold sites are the CASRI 10-site set; circumference side/flexion not stated"
cz-2010-soumar-casri-monitoring,reports/openaccess/cz-2010-soumar-casri-monitoring.pdf,183,"Czech Army recruits at the end of 3-month basic training (2004-2009), men and women",Czech Republic,military,Recruits/trainees,both,2004,chest_circumference,obvod hrudník,cm,986,76.7,,,,,A,Tab. 6 (pp. 183-184): x and s at the end of basic training; n not printed (see start-of-training rows); mixed sexes
cz-2010-soumar-casri-monitoring,reports/openaccess/cz-2010-soumar-casri-monitoring.pdf,183,"Czech Army recruits at the start of 3-month basic training (2004-2009), men and women",Czech Republic,military,Recruits/trainees,both,2004,thigh_circumference,obvod stehno,cm,532,44.1,,,,,A,"Tab. 6 (pp. 183-184): x and s at the start of basic training; n not printed for this table (1706 recruits tested 2004-2009: 1466 men, 240 women, only those completing both tests included); mixed sexes; skinfold sites are the CASRI 10-site set; circumference side/flexion not stated"
cz-2010-soumar-casri-monitoring,reports/openaccess/cz-2010-soumar-casri-monitoring.pdf,183,"Czech Army recruits at the start of 3-month basic training (2004-2009), men and women",Czech Republic,military,Recruits/trainees,both,2004,buttock_circumference,obvod boky,cm,977,67.7,,,,,A,"Tab. 6 (pp. 183-184): x and s at the start of basic training; n not printed for this table (1706 recruits tested 2004-2009: 1466 men, 240 women, only those completing both tests included); mixed sexes; skinfold sites are the CASRI 10-site set; circumference side/flexion not stated"
cz-2010-soumar-casri-monitoring,reports/openaccess/cz-2010-soumar-casri-monitoring.pdf,183,"Czech Army recruits at the start of 3-month basic training (2004-2009), men and women",Czech Republic,military,Recruits/trainees,both,2004,forearm_circumference_flexed,obvod předloktí,cm,272,23.1,,,,,A,"Tab. 6 (pp. 183-184): x and s at the start of basic training; n not printed for this table (1706 recruits tested 2004-2009: 1466 men, 240 women, only those completing both tests included); mixed sexes; skinfold sites are the CASRI 10-site set; circumference side/flexion not stated"
cz-2010-soumar-casri-monitoring,reports/openaccess/cz-2010-soumar-casri-monitoring.pdf,183,"Czech Army recruits at the start of 3-month basic training (2004-2009), men and women",Czech Republic,military,Recruits/trainees,both,2004,wrist_circumference,obvod zápěstí,cm,176,45.6,,,,,A,"Tab. 6 (pp. 183-184): x and s at the start of basic training; n not printed for this table (1706 recruits tested 2004-2009: 1466 men, 240 women, only those completing both tests included); mixed sexes; skinfold sites are the CASRI 10-site set; circumference side/flexion not stated"
cz-2010-soumar-casri-monitoring,reports/openaccess/cz-2010-soumar-casri-monitoring.pdf,183,"Czech Army recruits at the start of 3-month basic training (2004-2009), men and women",Czech Republic,military,Recruits/trainees,both,2004,bmi,BMI,kg/m2,24.6,2.94,,,,,A,"Tab. 6 (pp. 183-184): x and s at the start of basic training; n not printed for this table (1706 recruits tested 2004-2009: 1466 men, 240 women, only those completing both tests included); mixed sexes; skinfold sites are the CASRI 10-site set; circumference side/flexion not stated"
cz-2010-soumar-casri-monitoring,reports/openaccess/cz-2010-soumar-casri-monitoring.pdf,183,"Czech Army recruits at the end of 3-month basic training (2004-2009), men and women",Czech Republic,military,Recruits/trainees,both,2004,bmi,BMI,kg/m2,24.3,2.75,,,,,A,Tab. 6 (pp. 183-184): x and s at the end of basic training; n not printed (see start-of-training rows); mixed sexes
cz-2010-soumar-casri-monitoring,reports/openaccess/cz-2010-soumar-casri-monitoring.pdf,183,"Czech Army recruits at the start of 3-month basic training (2004-2009), men and women",Czech Republic,military,Recruits/trainees,both,2004,other:body_fat_percent,tuk % (skinfold method),%,14.4,4.52,,,,,A,"Tab. 6 (pp. 183-184): x and s at the start of basic training; n not printed for this table (1706 recruits tested 2004-2009: 1466 men, 240 women, only those completing both tests included); mixed sexes; skinfold sites are the CASRI 10-site set; circumference side/flexion not stated"
cz-2010-soumar-casri-monitoring,reports/openaccess/cz-2010-soumar-casri-monitoring.pdf,187,Czech Army mechanised battalion A (mpr-A),Czech Republic,military,Army,both,,age,věk,years,28.7,5.16,146,,,,A,"Tab. 7 (p. 187): two combat battalions, 315 persons (299 men, 16 women); %fat here by a different (bioimpedance) method than Tab. 2; measurement year not stated"
cz-2010-soumar-casri-monitoring,reports/openaccess/cz-2010-soumar-casri-monitoring.pdf,187,Czech Army mechanised battalion B (mpr-B),Czech Republic,military,Army,both,,age,věk,years,28.8,4.95,169,,,,A,"Tab. 7 (p. 187): two combat battalions, 315 persons (299 men, 16 women); %fat here by a different (bioimpedance) method than Tab. 2; measurement year not stated"
cz-2010-soumar-casri-monitoring,reports/openaccess/cz-2010-soumar-casri-monitoring.pdf,187,Czech Army mechanised battalion A (mpr-A),Czech Republic,military,Army,both,,stature,výška,cm,1776,70.1,146,,,,A,"Tab. 7 (p. 187): two combat battalions, 315 persons (299 men, 16 women); %fat here by a different (bioimpedance) method than Tab. 2; measurement year not stated"
cz-2010-soumar-casri-monitoring,reports/openaccess/cz-2010-soumar-casri-monitoring.pdf,187,Czech Army mechanised battalion B (mpr-B),Czech Republic,military,Army,both,,stature,výška,cm,1790,62.5,169,,,,A,"Tab. 7 (p. 187): two combat battalions, 315 persons (299 men, 16 women); %fat here by a different (bioimpedance) method than Tab. 2; measurement year not stated"
cz-2010-soumar-casri-monitoring,reports/openaccess/cz-2010-soumar-casri-monitoring.pdf,187,Czech Army mechanised battalion A (mpr-A),Czech Republic,military,Army,both,,mass,hmotnost,kg,82.7,10.39,146,,,,A,"Tab. 7 (p. 187): two combat battalions, 315 persons (299 men, 16 women); %fat here by a different (bioimpedance) method than Tab. 2; measurement year not stated"
cz-2010-soumar-casri-monitoring,reports/openaccess/cz-2010-soumar-casri-monitoring.pdf,187,Czech Army mechanised battalion B (mpr-B),Czech Republic,military,Army,both,,mass,hmotnost,kg,83.5,11.64,169,,,,A,"Tab. 7 (p. 187): two combat battalions, 315 persons (299 men, 16 women); %fat here by a different (bioimpedance) method than Tab. 2; measurement year not stated"
cz-2010-soumar-casri-monitoring,reports/openaccess/cz-2010-soumar-casri-monitoring.pdf,187,Czech Army mechanised battalion A (mpr-A),Czech Republic,military,Army,both,,bmi,BMI,kg/m2,26.2,2.68,146,,,,A,"Tab. 7 (p. 187): two combat battalions, 315 persons (299 men, 16 women); %fat here by a different (bioimpedance) method than Tab. 2; measurement year not stated"
cz-2010-soumar-casri-monitoring,reports/openaccess/cz-2010-soumar-casri-monitoring.pdf,187,Czech Army mechanised battalion B (mpr-B),Czech Republic,military,Army,both,,bmi,BMI,kg/m2,26,3.05,169,,,,A,"Tab. 7 (p. 187): two combat battalions, 315 persons (299 men, 16 women); %fat here by a different (bioimpedance) method than Tab. 2; measurement year not stated"
cz-2010-soumar-casri-monitoring,reports/openaccess/cz-2010-soumar-casri-monitoring.pdf,187,Czech Army mechanised battalion A (mpr-A),Czech Republic,military,Army,both,,other:waist_hip_ratio,WHR,ratio,0.86,0.04,146,,,,A,"Tab. 7 (p. 187): two combat battalions, 315 persons (299 men, 16 women); %fat here by a different (bioimpedance) method than Tab. 2; measurement year not stated"
cz-2010-soumar-casri-monitoring,reports/openaccess/cz-2010-soumar-casri-monitoring.pdf,187,Czech Army mechanised battalion B (mpr-B),Czech Republic,military,Army,both,,other:waist_hip_ratio,WHR,ratio,0.86,0.05,169,,,,A,"Tab. 7 (p. 187): two combat battalions, 315 persons (299 men, 16 women); %fat here by a different (bioimpedance) method than Tab. 2; measurement year not stated"
cz-2010-soumar-casri-monitoring,reports/openaccess/cz-2010-soumar-casri-monitoring.pdf,187,Czech Army mechanised battalion A (mpr-A),Czech Republic,military,Army,both,,other:body_fat_percent,tuk %,%,25.2,4.39,146,,,,A,"Tab. 7 (p. 187): two combat battalions, 315 persons (299 men, 16 women); %fat here by a different (bioimpedance) method than Tab. 2; measurement year not stated"
cz-2010-soumar-casri-monitoring,reports/openaccess/cz-2010-soumar-casri-monitoring.pdf,187,Czech Army mechanised battalion B (mpr-B),Czech Republic,military,Army,both,,other:body_fat_percent,tuk %,%,24.6,4.33,169,,,,A,"Tab. 7 (p. 187): two combat battalions, 315 persons (299 men, 16 women); %fat here by a different (bioimpedance) method than Tab. 2; measurement year not stated"
cz-2015-kinkorova-military-students,reports/openaccess/cz-2015-kinkorova-military-students.pdf,4,"Students of the Military Department (Vojenský obor) of Charles University FTVS Prague, men 19-27 y",Czech Republic,military,Cadets,M,,age,Věk,years,22.9,2.6,22,,,,A,"Tab. 1 (p. 60) / Tab. 2 (p. 62): mean ± SD, n = 22 military students (future army physical-training officers); Harpenden caliper skinfolds on right side; measurement year not stated (published 2015)"
cz-2015-kinkorova-military-students,reports/openaccess/cz-2015-kinkorova-military-students.pdf,4,"Students of the Military Department (Vojenský obor) of Charles University FTVS Prague, men 19-27 y",Czech Republic,military,Cadets,M,,mass,Tělesná hmotnost,kg,76.8,7,22,,,,A,"Tab. 1 (p. 60) / Tab. 2 (p. 62): mean ± SD, n = 22 military students (future army physical-training officers); Harpenden caliper skinfolds on right side; measurement year not stated (published 2015)"
cz-2015-kinkorova-military-students,reports/openaccess/cz-2015-kinkorova-military-students.pdf,4,"Students of the Military Department (Vojenský obor) of Charles University FTVS Prague, men 19-27 y",Czech Republic,military,Cadets,M,,stature,Tělesná výška,cm,1799,60,22,,,,A,"Tab. 1 (p. 60) / Tab. 2 (p. 62): mean ± SD, n = 22 military students (future army physical-training officers); Harpenden caliper skinfolds on right side; measurement year not stated (published 2015)"
cz-2015-kinkorova-military-students,reports/openaccess/cz-2015-kinkorova-military-students.pdf,4,"Students of the Military Department (Vojenský obor) of Charles University FTVS Prague, men 19-27 y",Czech Republic,military,Cadets,M,,bmi,BMI,kg/m2,23.8,1.5,22,,,,A,"Tab. 1 (p. 60) / Tab. 2 (p. 62): mean ± SD, n = 22 military students (future army physical-training officers); Harpenden caliper skinfolds on right side; measurement year not stated (published 2015)"
cz-2015-kinkorova-military-students,reports/openaccess/cz-2015-kinkorova-military-students.pdf,4,"Students of the Military Department (Vojenský obor) of Charles University FTVS Prague, men 19-27 y",Czech Republic,military,Cadets,M,,biceps_circumference_flexed,obvod paže (v kontrakci),cm,359,17,22,,,,A,"Tab. 1 (p. 60) / Tab. 2 (p. 62): mean ± SD, n = 22 military students (future army physical-training officers); Harpenden caliper skinfolds on right side; measurement year not stated (published 2015)"
cz-2015-kinkorova-military-students,reports/openaccess/cz-2015-kinkorova-military-students.pdf,4,"Students of the Military Department (Vojenský obor) of Charles University FTVS Prague, men 19-27 y",Czech Republic,military,Cadets,M,,calf_circumference,obvod lýtka,cm,379,17,22,,,,A,"Tab. 1 (p. 60) / Tab. 2 (p. 62): mean ± SD, n = 22 military students (future army physical-training officers); Harpenden caliper skinfolds on right side; measurement year not stated (published 2015)"
cz-2015-kinkorova-military-students,reports/openaccess/cz-2015-kinkorova-military-students.pdf,4,"Students of the Military Department (Vojenský obor) of Charles University FTVS Prague, men 19-27 y",Czech Republic,military,Cadets,M,,other:humerus_biepicondylar_breadth,šířka epikondylů humeru,mm,91.1,4,22,,,,A,"Tab. 1 (p. 60) / Tab. 2 (p. 62): mean ± SD, n = 22 military students (future army physical-training officers); Harpenden caliper skinfolds on right side; measurement year not stated (published 2015)"
cz-2015-kinkorova-military-students,reports/openaccess/cz-2015-kinkorova-military-students.pdf,4,"Students of the Military Department (Vojenský obor) of Charles University FTVS Prague, men 19-27 y",Czech Republic,military,Cadets,M,,other:femur_biepicondylar_breadth,šířka epikondylů femuru,mm,102.1,4.7,22,,,,A,"Tab. 1 (p. 60) / Tab. 2 (p. 62): mean ± SD, n = 22 military students (future army physical-training officers); Harpenden caliper skinfolds on right side; measurement year not stated (published 2015)"
cz-2015-kinkorova-military-students,reports/openaccess/cz-2015-kinkorova-military-students.pdf,4,"Students of the Military Department (Vojenský obor) of Charles University FTVS Prague, men 19-27 y",Czech Republic,military,Cadets,M,,other:skinfold_triceps,kožní řasa triceps,mm,5.9,1.6,22,,,,A,"Tab. 1 (p. 60) / Tab. 2 (p. 62): mean ± SD, n = 22 military students (future army physical-training officers); Harpenden caliper skinfolds on right side; measurement year not stated (published 2015)"
cz-2015-kinkorova-military-students,reports/openaccess/cz-2015-kinkorova-military-students.pdf,4,"Students of the Military Department (Vojenský obor) of Charles University FTVS Prague, men 19-27 y",Czech Republic,military,Cadets,M,,other:skinfold_subscapular,kožní řasa scapula,mm,8.9,1,22,,,,A,"Tab. 1 (p. 60) / Tab. 2 (p. 62): mean ± SD, n = 22 military students (future army physical-training officers); Harpenden caliper skinfolds on right side; measurement year not stated (published 2015)"
cz-2015-kinkorova-military-students,reports/openaccess/cz-2015-kinkorova-military-students.pdf,4,"Students of the Military Department (Vojenský obor) of Charles University FTVS Prague, men 19-27 y",Czech Republic,military,Cadets,M,,other:skinfold_supraspinale,kožní řasa spina,mm,4.5,0.9,22,,,,A,"Tab. 1 (p. 60) / Tab. 2 (p. 62): mean ± SD, n = 22 military students (future army physical-training officers); Harpenden caliper skinfolds on right side; measurement year not stated (published 2015)"
cz-2015-kinkorova-military-students,reports/openaccess/cz-2015-kinkorova-military-students.pdf,4,"Students of the Military Department (Vojenský obor) of Charles University FTVS Prague, men 19-27 y",Czech Republic,military,Cadets,M,,other:skinfold_calf,kožní řasa lýtko,mm,5,1.1,22,,,,A,"Tab. 1 (p. 60) / Tab. 2 (p. 62): mean ± SD, n = 22 military students (future army physical-training officers); Harpenden caliper skinfolds on right side; measurement year not stated (published 2015)"
cz-2015-kinkorova-military-students,reports/openaccess/cz-2015-kinkorova-military-students.pdf,4,"Students of the Military Department (Vojenský obor) of Charles University FTVS Prague, men 19-27 y",Czech Republic,military,Cadets,M,,other:body_fat_percent,FM (%) (BIA Tanita MC-980),%,8.3,3,22,,,,A,"Tab. 1 (p. 60) / Tab. 2 (p. 62): mean ± SD, n = 22 military students (future army physical-training officers); Harpenden caliper skinfolds on right side; measurement year not stated (published 2015)"
cz-2015-kinkorova-military-students,reports/openaccess/cz-2015-kinkorova-military-students.pdf,4,"Students of the Military Department (Vojenský obor) of Charles University FTVS Prague, men 19-27 y",Czech Republic,military,Cadets,M,,other:fat_free_mass,FFM (kg) (BIA),kg,70.5,6.1,22,,,,A,"Tab. 1 (p. 60) / Tab. 2 (p. 62): mean ± SD, n = 22 military students (future army physical-training officers); Harpenden caliper skinfolds on right side; measurement year not stated (published 2015)"
pl-2016-lenart-cadets-injuries,reports/openaccess/pl-2016-lenart-cadets-injuries.pdf,6,"Officer cadets of the Military Academy of Land Forces, Wroclaw (all)",Poland,military,Cadets,M,2011,stature,Body height,cm,1794.4,53.1,89,,,,A,"Table 1 (p. 151): mean and SD; men, mean age 22.9 y; tested 2011-2015; body composition by bioimpedance"
pl-2016-lenart-cadets-injuries,reports/openaccess/pl-2016-lenart-cadets-injuries.pdf,6,"Officer cadets of the Military Academy of Land Forces, Wroclaw (all)",Poland,military,Cadets,M,2011,mass,Body weight,kg,78.66,8.38,89,,,,A,"Table 1 (p. 151): mean and SD; men, mean age 22.9 y; tested 2011-2015; body composition by bioimpedance"
pl-2016-lenart-cadets-injuries,reports/openaccess/pl-2016-lenart-cadets-injuries.pdf,6,"Officer cadets of the Military Academy of Land Forces, Wroclaw (all)",Poland,military,Cadets,M,2011,other:fat_mass,Weight of body fat,kg,13.17,3.74,89,,,,A,"Table 1 (p. 151): mean and SD; men, mean age 22.9 y; tested 2011-2015; body composition by bioimpedance"
pl-2016-lenart-cadets-injuries,reports/openaccess/pl-2016-lenart-cadets-injuries.pdf,6,"Officer cadets of the Military Academy of Land Forces, Wroclaw (all)",Poland,military,Cadets,M,2011,other:lean_body_mass,Lean body mass,kg,65.49,5.54,89,,,,A,"Table 1 (p. 151): mean and SD; men, mean age 22.9 y; tested 2011-2015; body composition by bioimpedance"
pl-2016-lenart-cadets-injuries,reports/openaccess/pl-2016-lenart-cadets-injuries.pdf,6,"Officer cadets of the Military Academy of Land Forces, Wroclaw (all)",Poland,military,Cadets,M,2011,other:muscle_mass,Muscle mass,kg,62.23,5.29,89,,,,A,"Table 1 (p. 151): mean and SD; men, mean age 22.9 y; tested 2011-2015; body composition by bioimpedance"
pl-2016-lenart-cadets-injuries,reports/openaccess/pl-2016-lenart-cadets-injuries.pdf,6,"Officer cadets of the Military Academy of Land Forces, Wroclaw (all)",Poland,military,Cadets,M,2011,other:bone_mass,Bone mass,kg,3.25,0.25,89,,,,A,"Table 1 (p. 151): mean and SD; men, mean age 22.9 y; tested 2011-2015; body composition by bioimpedance"
pl-2016-lenart-cadets-injuries,reports/openaccess/pl-2016-lenart-cadets-injuries.pdf,6,"Officer cadets of the Military Academy of Land Forces, Wroclaw (all)",Poland,military,Cadets,M,2011,bmi,BMI,kg/m2,24.52,2.11,89,,,,A,"Table 1 (p. 151): mean and SD; men, mean age 22.9 y; tested 2011-2015; body composition by bioimpedance"
pl-2016-lenart-cadets-injuries,reports/openaccess/pl-2016-lenart-cadets-injuries.pdf,7,"Officer cadets of the Military Academy of Land Forces, Wroclaw, no musculoskeletal injury during 4-year course",Poland,military,Cadets,M,2011,stature,Body height,cm,1818.4,52.1,26,,,,A,"Table 2 (p. 152): mean and SD; men, mean age 22.9 y; tested 2011-2015; body composition by bioimpedance"
pl-2016-lenart-cadets-injuries,reports/openaccess/pl-2016-lenart-cadets-injuries.pdf,7,"Officer cadets of the Military Academy of Land Forces, Wroclaw, no musculoskeletal injury during 4-year course",Poland,military,Cadets,M,2011,mass,Body weight,kg,80.88,8.2,26,,,,A,"Table 2 (p. 152): mean and SD; men, mean age 22.9 y; tested 2011-2015; body composition by bioimpedance"
pl-2016-lenart-cadets-injuries,reports/openaccess/pl-2016-lenart-cadets-injuries.pdf,7,"Officer cadets of the Military Academy of Land Forces, Wroclaw, no musculoskeletal injury during 4-year course",Poland,military,Cadets,M,2011,other:fat_mass,Weight of body fat,kg,13.48,3.6,26,,,,A,"Table 2 (p. 152): mean and SD; men, mean age 22.9 y; tested 2011-2015; body composition by bioimpedance"
pl-2016-lenart-cadets-injuries,reports/openaccess/pl-2016-lenart-cadets-injuries.pdf,7,"Officer cadets of the Military Academy of Land Forces, Wroclaw, no musculoskeletal injury during 4-year course",Poland,military,Cadets,M,2011,other:lean_body_mass,Lean body mass,kg,67.4,5.55,26,,,,A,"Table 2 (p. 152): mean and SD; men, mean age 22.9 y; tested 2011-2015; body composition by bioimpedance"
pl-2016-lenart-cadets-injuries,reports/openaccess/pl-2016-lenart-cadets-injuries.pdf,7,"Officer cadets of the Military Academy of Land Forces, Wroclaw, no musculoskeletal injury during 4-year course",Poland,military,Cadets,M,2011,other:muscle_mass,Muscle mass,kg,64.07,5.29,26,,,,A,"Table 2 (p. 152): mean and SD; men, mean age 22.9 y; tested 2011-2015; body composition by bioimpedance"
pl-2016-lenart-cadets-injuries,reports/openaccess/pl-2016-lenart-cadets-injuries.pdf,7,"Officer cadets of the Military Academy of Land Forces, Wroclaw, no musculoskeletal injury during 4-year course",Poland,military,Cadets,M,2011,other:bone_mass,Bone mass,kg,3.33,0.26,26,,,,A,"Table 2 (p. 152): mean and SD; men, mean age 22.9 y; tested 2011-2015; body composition by bioimpedance"
pl-2016-lenart-cadets-injuries,reports/openaccess/pl-2016-lenart-cadets-injuries.pdf,7,"Officer cadets of the Military Academy of Land Forces, Wroclaw, no musculoskeletal injury during 4-year course",Poland,military,Cadets,M,2011,bmi,BMI,kg/m2,24.5,1.86,26,,,,A,"Table 2 (p. 152): mean and SD; men, mean age 22.9 y; tested 2011-2015; body composition by bioimpedance"
pl-2016-lenart-cadets-injuries,reports/openaccess/pl-2016-lenart-cadets-injuries.pdf,7,"Officer cadets of the Military Academy of Land Forces, Wroclaw, with musculoskeletal injury during 4-year course",Poland,military,Cadets,M,2011,stature,Body height,cm,1784.5,50.6,63,,,,A,"Table 2 (p. 152): mean and SD; men, mean age 22.9 y; tested 2011-2015; body composition by bioimpedance"
pl-2016-lenart-cadets-injuries,reports/openaccess/pl-2016-lenart-cadets-injuries.pdf,7,"Officer cadets of the Military Academy of Land Forces, Wroclaw, with musculoskeletal injury during 4-year course",Poland,military,Cadets,M,2011,mass,Body weight,kg,77.74,8.35,63,,,,A,"Table 2 (p. 152): mean and SD; men, mean age 22.9 y; tested 2011-2015; body composition by bioimpedance"
pl-2016-lenart-cadets-injuries,reports/openaccess/pl-2016-lenart-cadets-injuries.pdf,7,"Officer cadets of the Military Academy of Land Forces, Wroclaw, with musculoskeletal injury during 4-year course",Poland,military,Cadets,M,2011,other:fat_mass,Weight of body fat,kg,13.05,3.81,63,,,,A,"Table 2 (p. 152): mean and SD; men, mean age 22.9 y; tested 2011-2015; body composition by bioimpedance"
pl-2016-lenart-cadets-injuries,reports/openaccess/pl-2016-lenart-cadets-injuries.pdf,7,"Officer cadets of the Military Academy of Land Forces, Wroclaw, with musculoskeletal injury during 4-year course",Poland,military,Cadets,M,2011,other:lean_body_mass,Lean body mass,kg,64.7,5.38,63,,,,A,"Table 2 (p. 152): mean and SD; men, mean age 22.9 y; tested 2011-2015; body composition by bioimpedance"
pl-2016-lenart-cadets-injuries,reports/openaccess/pl-2016-lenart-cadets-injuries.pdf,7,"Officer cadets of the Military Academy of Land Forces, Wroclaw, with musculoskeletal injury during 4-year course",Poland,military,Cadets,M,2011,other:muscle_mass,Muscle mass,kg,61.48,5.15,63,,,,A,"Table 2 (p. 152): mean and SD; men, mean age 22.9 y; tested 2011-2015; body composition by bioimpedance"
pl-2016-lenart-cadets-injuries,reports/openaccess/pl-2016-lenart-cadets-injuries.pdf,7,"Officer cadets of the Military Academy of Land Forces, Wroclaw, with musculoskeletal injury during 4-year course",Poland,military,Cadets,M,2011,other:bone_mass,Bone mass,kg,3.22,0.24,63,,,,A,"Table 2 (p. 152): mean and SD; men, mean age 22.9 y; tested 2011-2015; body composition by bioimpedance"
pl-2016-lenart-cadets-injuries,reports/openaccess/pl-2016-lenart-cadets-injuries.pdf,7,"Officer cadets of the Military Academy of Land Forces, Wroclaw, with musculoskeletal injury during 4-year course",Poland,military,Cadets,M,2011,bmi,BMI,kg/m2,24.53,2.22,63,,,,A,"Table 2 (p. 152): mean and SD; men, mean age 22.9 y; tested 2011-2015; body composition by bioimpedance"
rs-2018-maric-cadets-two-classes,reports/openaccess/rs-2018-maric-cadets-two-classes.pdf,5,"Military Academy (Belgrade) cadets at entry, class of 2004/05",Serbia,military,Cadets,M,2004,stature,Телесна висина (АВИТ),mm,1789.79,65.03,120,,,,A,"Табела 1 (pp. 268-269): mean (СР.ВР.) and SD at the start of schooling, age 19/20 y ± 6 months; units not printed in the table: heights/lengths/circumferences in mm, body mass in 0.1 kg (text gives range 58-109.3 kg vs table 580-1093) and skinfolds in 0.1 mm (table range 40-400) - converted accordingly"
rs-2018-maric-cadets-two-classes,reports/openaccess/rs-2018-maric-cadets-two-classes.pdf,5,"Military Academy (Belgrade) cadets at entry, class of 2004/05",Serbia,military,Cadets,M,2004,other:arm_length,Дужина руке (АДУР),mm,794.71,38.85,120,,,,A,"Табела 1 (pp. 268-269): mean (СР.ВР.) and SD at the start of schooling, age 19/20 y ± 6 months; units not printed in the table: heights/lengths/circumferences in mm, body mass in 0.1 kg (text gives range 58-109.3 kg vs table 580-1093) and skinfolds in 0.1 mm (table range 40-400) - converted accordingly"
rs-2018-maric-cadets-two-classes,reports/openaccess/rs-2018-maric-cadets-two-classes.pdf,5,"Military Academy (Belgrade) cadets at entry, class of 2004/05",Serbia,military,Cadets,M,2004,other:leg_length,Дужина ноге (АДУН),mm,1029.88,52.54,120,,,,A,"Табела 1 (pp. 268-269): mean (СР.ВР.) and SD at the start of schooling, age 19/20 y ± 6 months; units not printed in the table: heights/lengths/circumferences in mm, body mass in 0.1 kg (text gives range 58-109.3 kg vs table 580-1093) and skinfolds in 0.1 mm (table range 40-400) - converted accordingly"
rs-2018-maric-cadets-two-classes,reports/openaccess/rs-2018-maric-cadets-two-classes.pdf,5,"Military Academy (Belgrade) cadets at entry, class of 2004/05",Serbia,military,Cadets,M,2004,mass,Телесна маса (АТЕМ),0.1 kg,72.7,10.81,120,,,,A,"Табела 1 (pp. 268-269): mean (СР.ВР.) and SD at the start of schooling, age 19/20 y ± 6 months; units not printed in the table: heights/lengths/circumferences in mm, body mass in 0.1 kg (text gives range 58-109.3 kg vs table 580-1093) and skinfolds in 0.1 mm (table range 40-400) - converted accordingly"
rs-2018-maric-cadets-two-classes,reports/openaccess/rs-2018-maric-cadets-two-classes.pdf,5,"Military Academy (Belgrade) cadets at entry, class of 2004/05",Serbia,military,Cadets,M,2004,chest_circumference,Обим груди (АОГР),mm,939.83,70.94,120,,,,A,"Табела 1 (pp. 268-269): mean (СР.ВР.) and SD at the start of schooling, age 19/20 y ± 6 months; units not printed in the table: heights/lengths/circumferences in mm, body mass in 0.1 kg (text gives range 58-109.3 kg vs table 580-1093) and skinfolds in 0.1 mm (table range 40-400) - converted accordingly"
rs-2018-maric-cadets-two-classes,reports/openaccess/rs-2018-maric-cadets-two-classes.pdf,5,"Military Academy (Belgrade) cadets at entry, class of 2004/05",Serbia,military,Cadets,M,2004,other:forearm_circumference_maximum,Максимални обим подлактице (АОМП),mm,265.6,18.49,120,,,,A,"Табела 1 (pp. 268-269): mean (СР.ВР.) and SD at the start of schooling, age 19/20 y ± 6 months; units not printed in the table: heights/lengths/circumferences in mm, body mass in 0.1 kg (text gives range 58-109.3 kg vs table 580-1093) and skinfolds in 0.1 mm (table range 40-400) - converted accordingly"
rs-2018-maric-cadets-two-classes,reports/openaccess/rs-2018-maric-cadets-two-classes.pdf,5,"Military Academy (Belgrade) cadets at entry, class of 2004/05",Serbia,military,Cadets,M,2004,other:skinfold_upper_arm,Кожни набор надлактице (АКНН),0.1 mm,9.62,3.92,120,,,,A,"Табела 1 (pp. 268-269): mean (СР.ВР.) and SD at the start of schooling, age 19/20 y ± 6 months; units not printed in the table: heights/lengths/circumferences in mm, body mass in 0.1 kg (text gives range 58-109.3 kg vs table 580-1093) and skinfolds in 0.1 mm (table range 40-400) - converted accordingly"
rs-2018-maric-cadets-two-classes,reports/openaccess/rs-2018-maric-cadets-two-classes.pdf,5,"Military Academy (Belgrade) cadets at entry, class of 2004/05",Serbia,military,Cadets,M,2004,other:skinfold_back,Кожни набор леђа (АКНЛ),0.1 mm,12.98,5.06,120,,,,A,"Табела 1 (pp. 268-269): mean (СР.ВР.) and SD at the start of schooling, age 19/20 y ± 6 months; units not printed in the table: heights/lengths/circumferences in mm, body mass in 0.1 kg (text gives range 58-109.3 kg vs table 580-1093) and skinfolds in 0.1 mm (table range 40-400) - converted accordingly"
rs-2018-maric-cadets-two-classes,reports/openaccess/rs-2018-maric-cadets-two-classes.pdf,5,"Military Academy (Belgrade) cadets at entry, class of 2004/05",Serbia,military,Cadets,M,2004,other:skinfold_abdomen,Кожни набор трбуха (АКНТ),0.1 mm,10.64,5.34,120,,,,A,"Табела 1 (pp. 268-269): mean (СР.ВР.) and SD at the start of schooling, age 19/20 y ± 6 months; units not printed in the table: heights/lengths/circumferences in mm, body mass in 0.1 kg (text gives range 58-109.3 kg vs table 580-1093) and skinfolds in 0.1 mm (table range 40-400) - converted accordingly"
rs-2018-maric-cadets-two-classes,reports/openaccess/rs-2018-maric-cadets-two-classes.pdf,5,"Military Academy (Belgrade) cadets at entry, class of 2014/15",Serbia,military,Cadets,M,2014,stature,Телесна висина (АВИТ),mm,1796.15,61.68,72,,,,A,"Табела 1 (pp. 268-269): mean (СР.ВР.) and SD at the start of schooling, age 19/20 y ± 6 months; units not printed in the table: heights/lengths/circumferences in mm, body mass in 0.1 kg (text gives range 58-109.3 kg vs table 580-1093) and skinfolds in 0.1 mm (table range 40-400) - converted accordingly"
rs-2018-maric-cadets-two-classes,reports/openaccess/rs-2018-maric-cadets-two-classes.pdf,5,"Military Academy (Belgrade) cadets at entry, class of 2014/15",Serbia,military,Cadets,M,2014,other:arm_length,Дужина руке (АДУР),mm,816,38.78,72,,,,A,"Табела 1 (pp. 268-269): mean (СР.ВР.) and SD at the start of schooling, age 19/20 y ± 6 months; units not printed in the table: heights/lengths/circumferences in mm, body mass in 0.1 kg (text gives range 58-109.3 kg vs table 580-1093) and skinfolds in 0.1 mm (table range 40-400) - converted accordingly"
rs-2018-maric-cadets-two-classes,reports/openaccess/rs-2018-maric-cadets-two-classes.pdf,5,"Military Academy (Belgrade) cadets at entry, class of 2014/15",Serbia,military,Cadets,M,2014,other:leg_length,Дужина ноге (АДУН),mm,1046.78,48.21,72,,,,A,"Табела 1 (pp. 268-269): mean (СР.ВР.) and SD at the start of schooling, age 19/20 y ± 6 months; units not printed in the table: heights/lengths/circumferences in mm, body mass in 0.1 kg (text gives range 58-109.3 kg vs table 580-1093) and skinfolds in 0.1 mm (table range 40-400) - converted accordingly"
rs-2018-maric-cadets-two-classes,reports/openaccess/rs-2018-maric-cadets-two-classes.pdf,5,"Military Academy (Belgrade) cadets at entry, class of 2014/15",Serbia,military,Cadets,M,2014,mass,Телесна маса (АТЕМ),0.1 kg,73.96,11.73,72,,,,A,"Табела 1 (pp. 268-269): mean (СР.ВР.) and SD at the start of schooling, age 19/20 y ± 6 months; units not printed in the table: heights/lengths/circumferences in mm, body mass in 0.1 kg (text gives range 58-109.3 kg vs table 580-1093) and skinfolds in 0.1 mm (table range 40-400) - converted accordingly"
rs-2018-maric-cadets-two-classes,reports/openaccess/rs-2018-maric-cadets-two-classes.pdf,5,"Military Academy (Belgrade) cadets at entry, class of 2014/15",Serbia,military,Cadets,M,2014,chest_circumference,Обим груди (АОГР),mm,983.18,55.25,72,,,,A,"Табела 1 (pp. 268-269): mean (СР.ВР.) and SD at the start of schooling, age 19/20 y ± 6 months; units not printed in the table: heights/lengths/circumferences in mm, body mass in 0.1 kg (text gives range 58-109.3 kg vs table 580-1093) and skinfolds in 0.1 mm (table range 40-400) - converted accordingly"
rs-2018-maric-cadets-two-classes,reports/openaccess/rs-2018-maric-cadets-two-classes.pdf,5,"Military Academy (Belgrade) cadets at entry, class of 2014/15",Serbia,military,Cadets,M,2014,other:forearm_circumference_maximum,Максимални обим подлактице (АОМП),mm,267.86,17.06,72,,,,A,"Табела 1 (pp. 268-269): mean (СР.ВР.) and SD at the start of schooling, age 19/20 y ± 6 months; units not printed in the table: heights/lengths/circumferences in mm, body mass in 0.1 kg (text gives range 58-109.3 kg vs table 580-1093) and skinfolds in 0.1 mm (table range 40-400) - converted accordingly"
rs-2018-maric-cadets-two-classes,reports/openaccess/rs-2018-maric-cadets-two-classes.pdf,5,"Military Academy (Belgrade) cadets at entry, class of 2014/15",Serbia,military,Cadets,M,2014,other:skinfold_upper_arm,Кожни набор надлактице (АКНН),0.1 mm,10.07,4.04,72,,,,A,"Табела 1 (pp. 268-269): mean (СР.ВР.) and SD at the start of schooling, age 19/20 y ± 6 months; units not printed in the table: heights/lengths/circumferences in mm, body mass in 0.1 kg (text gives range 58-109.3 kg vs table 580-1093) and skinfolds in 0.1 mm (table range 40-400) - converted accordingly"
rs-2018-maric-cadets-two-classes,reports/openaccess/rs-2018-maric-cadets-two-classes.pdf,5,"Military Academy (Belgrade) cadets at entry, class of 2014/15",Serbia,military,Cadets,M,2014,other:skinfold_back,Кожни набор леђа (АКНЛ),0.1 mm,12.32,4.43,72,,,,A,"Табела 1 (pp. 268-269): mean (СР.ВР.) and SD at the start of schooling, age 19/20 y ± 6 months; units not printed in the table: heights/lengths/circumferences in mm, body mass in 0.1 kg (text gives range 58-109.3 kg vs table 580-1093) and skinfolds in 0.1 mm (table range 40-400) - converted accordingly"
rs-2018-maric-cadets-two-classes,reports/openaccess/rs-2018-maric-cadets-two-classes.pdf,5,"Military Academy (Belgrade) cadets at entry, class of 2014/15",Serbia,military,Cadets,M,2014,other:skinfold_abdomen,Кожни набор трбуха (АКНТ),0.1 mm,12.24,6.12,72,,,,A,"Табела 1 (pp. 268-269): mean (СР.ВР.) and SD at the start of schooling, age 19/20 y ± 6 months; units not printed in the table: heights/lengths/circumferences in mm, body mass in 0.1 kg (text gives range 58-109.3 kg vs table 580-1093) and skinfolds in 0.1 mm (table range 40-400) - converted accordingly"
rs-2019-vajic-cadets-end-schooling,reports/openaccess/rs-2019-vajic-cadets-end-schooling.pdf,5,"Military Academy (Belgrade) cadets at end of 4-year schooling, class measured 2007/08",Serbia,military,Cadets,M,2008,stature,Телесна висина (АВИТ),mm,1807.79,68.15,120,,,,A,"Табела 3 (p. 210): mean and SD at the end of schooling, age 22/23 y ± 6 months; same cohorts as Marić et al. 2018 (entry) and Marić et al. 2013 VSP; units not printed in the table: heights/lengths/circumferences in mm, body mass in 0.1 kg (text gives range 58-109.3 kg vs table 580-1093) and skinfolds in 0.1 mm (table range 40-400) - converted accordingly"
rs-2019-vajic-cadets-end-schooling,reports/openaccess/rs-2019-vajic-cadets-end-schooling.pdf,5,"Military Academy (Belgrade) cadets at end of 4-year schooling, class measured 2007/08",Serbia,military,Cadets,M,2008,other:arm_length,Дужина руке (АДУР),mm,813.17,36.65,120,,,,A,"Табела 3 (p. 210): mean and SD at the end of schooling, age 22/23 y ± 6 months; same cohorts as Marić et al. 2018 (entry) and Marić et al. 2013 VSP; units not printed in the table: heights/lengths/circumferences in mm, body mass in 0.1 kg (text gives range 58-109.3 kg vs table 580-1093) and skinfolds in 0.1 mm (table range 40-400) - converted accordingly"
rs-2019-vajic-cadets-end-schooling,reports/openaccess/rs-2019-vajic-cadets-end-schooling.pdf,5,"Military Academy (Belgrade) cadets at end of 4-year schooling, class measured 2007/08",Serbia,military,Cadets,M,2008,other:leg_length,Дужина ноге (АДУН),mm,1055.79,54.23,120,,,,A,"Табела 3 (p. 210): mean and SD at the end of schooling, age 22/23 y ± 6 months; same cohorts as Marić et al. 2018 (entry) and Marić et al. 2013 VSP; units not printed in the table: heights/lengths/circumferences in mm, body mass in 0.1 kg (text gives range 58-109.3 kg vs table 580-1093) and skinfolds in 0.1 mm (table range 40-400) - converted accordingly"
rs-2019-vajic-cadets-end-schooling,reports/openaccess/rs-2019-vajic-cadets-end-schooling.pdf,5,"Military Academy (Belgrade) cadets at end of 4-year schooling, class measured 2007/08",Serbia,military,Cadets,M,2008,mass,Телесна маса (АТЕМ),0.1 kg,80.02,9.87,120,,,,A,"Табела 3 (p. 210): mean and SD at the end of schooling, age 22/23 y ± 6 months; same cohorts as Marić et al. 2018 (entry) and Marić et al. 2013 VSP; units not printed in the table: heights/lengths/circumferences in mm, body mass in 0.1 kg (text gives range 58-109.3 kg vs table 580-1093) and skinfolds in 0.1 mm (table range 40-400) - converted accordingly"
rs-2019-vajic-cadets-end-schooling,reports/openaccess/rs-2019-vajic-cadets-end-schooling.pdf,5,"Military Academy (Belgrade) cadets at end of 4-year schooling, class measured 2007/08",Serbia,military,Cadets,M,2008,chest_circumference,Обим груди (АОГР),mm,1006.76,68.83,120,,,,A,"Табела 3 (p. 210): mean and SD at the end of schooling, age 22/23 y ± 6 months; same cohorts as Marić et al. 2018 (entry) and Marić et al. 2013 VSP; units not printed in the table: heights/lengths/circumferences in mm, body mass in 0.1 kg (text gives range 58-109.3 kg vs table 580-1093) and skinfolds in 0.1 mm (table range 40-400) - converted accordingly"
rs-2019-vajic-cadets-end-schooling,reports/openaccess/rs-2019-vajic-cadets-end-schooling.pdf,5,"Military Academy (Belgrade) cadets at end of 4-year schooling, class measured 2007/08",Serbia,military,Cadets,M,2008,other:forearm_circumference_maximum,Максимални обим подлактице (АОМП),mm,274.79,18.49,120,,,,A,"Табела 3 (p. 210): mean and SD at the end of schooling, age 22/23 y ± 6 months; same cohorts as Marić et al. 2018 (entry) and Marić et al. 2013 VSP; units not printed in the table: heights/lengths/circumferences in mm, body mass in 0.1 kg (text gives range 58-109.3 kg vs table 580-1093) and skinfolds in 0.1 mm (table range 40-400) - converted accordingly"
rs-2019-vajic-cadets-end-schooling,reports/openaccess/rs-2019-vajic-cadets-end-schooling.pdf,5,"Military Academy (Belgrade) cadets at end of 4-year schooling, class measured 2007/08",Serbia,military,Cadets,M,2008,other:skinfold_upper_arm,Кожни набор надлактице (АКНН),0.1 mm,11.43,5.04,120,,,,A,"Табела 3 (p. 210): mean and SD at the end of schooling, age 22/23 y ± 6 months; same cohorts as Marić et al. 2018 (entry) and Marić et al. 2013 VSP; units not printed in the table: heights/lengths/circumferences in mm, body mass in 0.1 kg (text gives range 58-109.3 kg vs table 580-1093) and skinfolds in 0.1 mm (table range 40-400) - converted accordingly"
rs-2019-vajic-cadets-end-schooling,reports/openaccess/rs-2019-vajic-cadets-end-schooling.pdf,5,"Military Academy (Belgrade) cadets at end of 4-year schooling, class measured 2007/08",Serbia,military,Cadets,M,2008,other:skinfold_back,Кожни набор леђа (АКНЛ),0.1 mm,15,5.57,120,,,,A,"Табела 3 (p. 210): mean and SD at the end of schooling, age 22/23 y ± 6 months; same cohorts as Marić et al. 2018 (entry) and Marić et al. 2013 VSP; units not printed in the table: heights/lengths/circumferences in mm, body mass in 0.1 kg (text gives range 58-109.3 kg vs table 580-1093) and skinfolds in 0.1 mm (table range 40-400) - converted accordingly"
rs-2019-vajic-cadets-end-schooling,reports/openaccess/rs-2019-vajic-cadets-end-schooling.pdf,5,"Military Academy (Belgrade) cadets at end of 4-year schooling, class measured 2007/08",Serbia,military,Cadets,M,2008,other:skinfold_abdomen,Кожни набор трбуха (АКНТ),0.1 mm,12.36,6.12,120,,,,A,"Табела 3 (p. 210): mean and SD at the end of schooling, age 22/23 y ± 6 months; same cohorts as Marić et al. 2018 (entry) and Marić et al. 2013 VSP; units not printed in the table: heights/lengths/circumferences in mm, body mass in 0.1 kg (text gives range 58-109.3 kg vs table 580-1093) and skinfolds in 0.1 mm (table range 40-400) - converted accordingly"
rs-2019-vajic-cadets-end-schooling,reports/openaccess/rs-2019-vajic-cadets-end-schooling.pdf,5,"Military Academy (Belgrade) cadets at end of 4-year schooling, class measured 2017/18",Serbia,military,Cadets,M,2018,stature,Телесна висина (АВИТ),mm,1808.75,61.64,72,,,,A,"Табела 3 (p. 210): mean and SD at the end of schooling, age 22/23 y ± 6 months; same cohorts as Marić et al. 2018 (entry) and Marić et al. 2013 VSP; units not printed in the table: heights/lengths/circumferences in mm, body mass in 0.1 kg (text gives range 58-109.3 kg vs table 580-1093) and skinfolds in 0.1 mm (table range 40-400) - converted accordingly"
rs-2019-vajic-cadets-end-schooling,reports/openaccess/rs-2019-vajic-cadets-end-schooling.pdf,5,"Military Academy (Belgrade) cadets at end of 4-year schooling, class measured 2017/18",Serbia,military,Cadets,M,2018,other:arm_length,Дужина руке (АДУР),mm,822.23,40.49,72,,,,A,"Табела 3 (p. 210): mean and SD at the end of schooling, age 22/23 y ± 6 months; same cohorts as Marić et al. 2018 (entry) and Marić et al. 2013 VSP; units not printed in the table: heights/lengths/circumferences in mm, body mass in 0.1 kg (text gives range 58-109.3 kg vs table 580-1093) and skinfolds in 0.1 mm (table range 40-400) - converted accordingly"
rs-2019-vajic-cadets-end-schooling,reports/openaccess/rs-2019-vajic-cadets-end-schooling.pdf,5,"Military Academy (Belgrade) cadets at end of 4-year schooling, class measured 2017/18",Serbia,military,Cadets,M,2018,other:leg_length,Дужина ноге (АДУН),mm,1061.78,48.45,72,,,,A,"Табела 3 (p. 210): mean and SD at the end of schooling, age 22/23 y ± 6 months; same cohorts as Marić et al. 2018 (entry) and Marić et al. 2013 VSP; units not printed in the table: heights/lengths/circumferences in mm, body mass in 0.1 kg (text gives range 58-109.3 kg vs table 580-1093) and skinfolds in 0.1 mm (table range 40-400) - converted accordingly"
rs-2019-vajic-cadets-end-schooling,reports/openaccess/rs-2019-vajic-cadets-end-schooling.pdf,5,"Military Academy (Belgrade) cadets at end of 4-year schooling, class measured 2017/18",Serbia,military,Cadets,M,2018,mass,Телесна маса (АТЕМ),0.1 kg,78.89,9.33,72,,,,A,"Табела 3 (p. 210): mean and SD at the end of schooling, age 22/23 y ± 6 months; same cohorts as Marić et al. 2018 (entry) and Marić et al. 2013 VSP; units not printed in the table: heights/lengths/circumferences in mm, body mass in 0.1 kg (text gives range 58-109.3 kg vs table 580-1093) and skinfolds in 0.1 mm (table range 40-400) - converted accordingly"
rs-2019-vajic-cadets-end-schooling,reports/openaccess/rs-2019-vajic-cadets-end-schooling.pdf,5,"Military Academy (Belgrade) cadets at end of 4-year schooling, class measured 2017/18",Serbia,military,Cadets,M,2018,chest_circumference,Обим груди (АОГР),mm,1025.21,58.18,72,,,,A,"Табела 3 (p. 210): mean and SD at the end of schooling, age 22/23 y ± 6 months; same cohorts as Marić et al. 2018 (entry) and Marić et al. 2013 VSP; units not printed in the table: heights/lengths/circumferences in mm, body mass in 0.1 kg (text gives range 58-109.3 kg vs table 580-1093) and skinfolds in 0.1 mm (table range 40-400) - converted accordingly"
rs-2019-vajic-cadets-end-schooling,reports/openaccess/rs-2019-vajic-cadets-end-schooling.pdf,5,"Military Academy (Belgrade) cadets at end of 4-year schooling, class measured 2017/18",Serbia,military,Cadets,M,2018,other:forearm_circumference_maximum,Максимални обим подлактице (АОМП),mm,274.59,17.44,72,,,,A,"Табела 3 (p. 210): mean and SD at the end of schooling, age 22/23 y ± 6 months; same cohorts as Marić et al. 2018 (entry) and Marić et al. 2013 VSP; units not printed in the table: heights/lengths/circumferences in mm, body mass in 0.1 kg (text gives range 58-109.3 kg vs table 580-1093) and skinfolds in 0.1 mm (table range 40-400) - converted accordingly"
rs-2019-vajic-cadets-end-schooling,reports/openaccess/rs-2019-vajic-cadets-end-schooling.pdf,5,"Military Academy (Belgrade) cadets at end of 4-year schooling, class measured 2017/18",Serbia,military,Cadets,M,2018,other:skinfold_upper_arm,Кожни набор надлактице (АКНН),0.1 mm,10.55,5.05,72,,,,A,"Табела 3 (p. 210): mean and SD at the end of schooling, age 22/23 y ± 6 months; same cohorts as Marić et al. 2018 (entry) and Marić et al. 2013 VSP; units not printed in the table: heights/lengths/circumferences in mm, body mass in 0.1 kg (text gives range 58-109.3 kg vs table 580-1093) and skinfolds in 0.1 mm (table range 40-400) - converted accordingly"
rs-2019-vajic-cadets-end-schooling,reports/openaccess/rs-2019-vajic-cadets-end-schooling.pdf,5,"Military Academy (Belgrade) cadets at end of 4-year schooling, class measured 2017/18",Serbia,military,Cadets,M,2018,other:skinfold_back,Кожни набор леђа (АКНЛ),0.1 mm,13.12,4.81,72,,,,A,"Табела 3 (p. 210): mean and SD at the end of schooling, age 22/23 y ± 6 months; same cohorts as Marić et al. 2018 (entry) and Marić et al. 2013 VSP; units not printed in the table: heights/lengths/circumferences in mm, body mass in 0.1 kg (text gives range 58-109.3 kg vs table 580-1093) and skinfolds in 0.1 mm (table range 40-400) - converted accordingly"
rs-2019-vajic-cadets-end-schooling,reports/openaccess/rs-2019-vajic-cadets-end-schooling.pdf,5,"Military Academy (Belgrade) cadets at end of 4-year schooling, class measured 2017/18",Serbia,military,Cadets,M,2018,other:skinfold_abdomen,Кожни набор трбуха (АКНТ),0.1 mm,14.77,8.04,72,,,,A,"Табела 3 (p. 210): mean and SD at the end of schooling, age 22/23 y ± 6 months; same cohorts as Marić et al. 2018 (entry) and Marić et al. 2013 VSP; units not printed in the table: heights/lengths/circumferences in mm, body mass in 0.1 kg (text gives range 58-109.3 kg vs table 580-1093) and skinfolds in 0.1 mm (table range 40-400) - converted accordingly"
rs-2015-glavac-military-high-school,reports/openaccess/rs-2015-glavac-military-high-school.pdf,3,"Military High School (Vojna gimnazija) Belgrade students, grade I in 2012, measured 2012",Serbia,military,Cadets,M,2012,stature,BH (body height),cm,1769.1,64.8,68,,,,B,Table 1 (p. 679) is an image: OCR checked against the printed mean differences (Δ 2013-2012) for every cell used; male students aged 15-18 y; grade II body mass 2013 omitted (OCR/Δ mismatch); AC measured with tape at navel level
rs-2015-glavac-military-high-school,reports/openaccess/rs-2015-glavac-military-high-school.pdf,3,"Military High School (Vojna gimnazija) Belgrade students, grade I in 2012, measured 2012",Serbia,military,Cadets,M,2012,mass,BM (body mass),kg,65.24,8.79,68,,,,B,Table 1 (p. 679) is an image: OCR checked against the printed mean differences (Δ 2013-2012) for every cell used; male students aged 15-18 y; grade II body mass 2013 omitted (OCR/Δ mismatch); AC measured with tape at navel level; BIA InBody 720 mass
rs-2015-glavac-military-high-school,reports/openaccess/rs-2015-glavac-military-high-school.pdf,3,"Military High School (Vojna gimnazija) Belgrade students, grade I in 2012, measured 2012",Serbia,military,Cadets,M,2012,bmi,BMI,kg/m2,20.83,2.53,68,,,,B,Table 1 (p. 679) is an image: OCR checked against the printed mean differences (Δ 2013-2012) for every cell used; male students aged 15-18 y; grade II body mass 2013 omitted (OCR/Δ mismatch); AC measured with tape at navel level
rs-2015-glavac-military-high-school,reports/openaccess/rs-2015-glavac-military-high-school.pdf,3,"Military High School (Vojna gimnazija) Belgrade students, grade I in 2012, measured 2012",Serbia,military,Cadets,M,2012,waist_circumference,AC (abdomen circumference at navel),cm,766.6,61.7,68,,,,B,Table 1 (p. 679) is an image: OCR checked against the printed mean differences (Δ 2013-2012) for every cell used; male students aged 15-18 y; grade II body mass 2013 omitted (OCR/Δ mismatch); AC measured with tape at navel level
rs-2015-glavac-military-high-school,reports/openaccess/rs-2015-glavac-military-high-school.pdf,3,"Military High School (Vojna gimnazija) Belgrade students, grade I in 2012, measured 2013",Serbia,military,Cadets,M,2013,stature,BH (body height),cm,1791,64.8,68,,,,B,Table 1 (p. 679) is an image: OCR checked against the printed mean differences (Δ 2013-2012) for every cell used; male students aged 15-18 y; grade II body mass 2013 omitted (OCR/Δ mismatch); AC measured with tape at navel level
rs-2015-glavac-military-high-school,reports/openaccess/rs-2015-glavac-military-high-school.pdf,3,"Military High School (Vojna gimnazija) Belgrade students, grade I in 2012, measured 2013",Serbia,military,Cadets,M,2013,mass,BM (body mass),kg,69.64,9.07,68,,,,B,Table 1 (p. 679) is an image: OCR checked against the printed mean differences (Δ 2013-2012) for every cell used; male students aged 15-18 y; grade II body mass 2013 omitted (OCR/Δ mismatch); AC measured with tape at navel level; BIA InBody 720 mass
rs-2015-glavac-military-high-school,reports/openaccess/rs-2015-glavac-military-high-school.pdf,3,"Military High School (Vojna gimnazija) Belgrade students, grade I in 2012, measured 2013",Serbia,military,Cadets,M,2013,bmi,BMI,kg/m2,21.69,2.4,68,,,,B,Table 1 (p. 679) is an image: OCR checked against the printed mean differences (Δ 2013-2012) for every cell used; male students aged 15-18 y; grade II body mass 2013 omitted (OCR/Δ mismatch); AC measured with tape at navel level
rs-2015-glavac-military-high-school,reports/openaccess/rs-2015-glavac-military-high-school.pdf,3,"Military High School (Vojna gimnazija) Belgrade students, grade I in 2012, measured 2013",Serbia,military,Cadets,M,2013,waist_circumference,AC (abdomen circumference at navel),cm,814.6,71.2,68,,,,B,Table 1 (p. 679) is an image: OCR checked against the printed mean differences (Δ 2013-2012) for every cell used; male students aged 15-18 y; grade II body mass 2013 omitted (OCR/Δ mismatch); AC measured with tape at navel level
rs-2015-glavac-military-high-school,reports/openaccess/rs-2015-glavac-military-high-school.pdf,3,"Military High School (Vojna gimnazija) Belgrade students, grade II in 2012, measured 2012",Serbia,military,Cadets,M,2012,stature,BH (body height),cm,1781.4,60.9,58,,,,B,Table 1 (p. 679) is an image: OCR checked against the printed mean differences (Δ 2013-2012) for every cell used; male students aged 15-18 y; grade II body mass 2013 omitted (OCR/Δ mismatch); AC measured with tape at navel level
rs-2015-glavac-military-high-school,reports/openaccess/rs-2015-glavac-military-high-school.pdf,3,"Military High School (Vojna gimnazija) Belgrade students, grade II in 2012, measured 2012",Serbia,military,Cadets,M,2012,mass,BM (body mass),kg,68.47,9.1,58,,,,B,Table 1 (p. 679) is an image: OCR checked against the printed mean differences (Δ 2013-2012) for every cell used; male students aged 15-18 y; grade II body mass 2013 omitted (OCR/Δ mismatch); AC measured with tape at navel level; BIA InBody 720 mass
rs-2015-glavac-military-high-school,reports/openaccess/rs-2015-glavac-military-high-school.pdf,3,"Military High School (Vojna gimnazija) Belgrade students, grade II in 2012, measured 2012",Serbia,military,Cadets,M,2012,bmi,BMI,kg/m2,21.57,2.57,58,,,,B,Table 1 (p. 679) is an image: OCR checked against the printed mean differences (Δ 2013-2012) for every cell used; male students aged 15-18 y; grade II body mass 2013 omitted (OCR/Δ mismatch); AC measured with tape at navel level
rs-2015-glavac-military-high-school,reports/openaccess/rs-2015-glavac-military-high-school.pdf,3,"Military High School (Vojna gimnazija) Belgrade students, grade II in 2012, measured 2012",Serbia,military,Cadets,M,2012,waist_circumference,AC (abdomen circumference at navel),cm,792.3,64.9,58,,,,B,Table 1 (p. 679) is an image: OCR checked against the printed mean differences (Δ 2013-2012) for every cell used; male students aged 15-18 y; grade II body mass 2013 omitted (OCR/Δ mismatch); AC measured with tape at navel level
rs-2015-glavac-military-high-school,reports/openaccess/rs-2015-glavac-military-high-school.pdf,3,"Military High School (Vojna gimnazija) Belgrade students, grade II in 2012, measured 2013",Serbia,military,Cadets,M,2013,stature,BH (body height),cm,1792.5,63.4,58,,,,B,Table 1 (p. 679) is an image: OCR checked against the printed mean differences (Δ 2013-2012) for every cell used; male students aged 15-18 y; grade II body mass 2013 omitted (OCR/Δ mismatch); AC measured with tape at navel level
rs-2015-glavac-military-high-school,reports/openaccess/rs-2015-glavac-military-high-school.pdf,3,"Military High School (Vojna gimnazija) Belgrade students, grade II in 2012, measured 2013",Serbia,military,Cadets,M,2013,bmi,BMI,kg/m2,22.08,2.38,58,,,,B,Table 1 (p. 679) is an image: OCR checked against the printed mean differences (Δ 2013-2012) for every cell used; male students aged 15-18 y; grade II body mass 2013 omitted (OCR/Δ mismatch); AC measured with tape at navel level
rs-2015-glavac-military-high-school,reports/openaccess/rs-2015-glavac-military-high-school.pdf,3,"Military High School (Vojna gimnazija) Belgrade students, grade II in 2012, measured 2013",Serbia,military,Cadets,M,2013,waist_circumference,AC (abdomen circumference at navel),cm,827.1,65.6,58,,,,B,Table 1 (p. 679) is an image: OCR checked against the printed mean differences (Δ 2013-2012) for every cell used; male students aged 15-18 y; grade II body mass 2013 omitted (OCR/Δ mismatch); AC measured with tape at navel level
rs-2015-glavac-military-high-school,reports/openaccess/rs-2015-glavac-military-high-school.pdf,3,"Military High School (Vojna gimnazija) Belgrade students, grade III in 2012, measured 2012",Serbia,military,Cadets,M,2012,stature,BH (body height),cm,1794.7,63.6,54,,,,B,Table 1 (p. 679) is an image: OCR checked against the printed mean differences (Δ 2013-2012) for every cell used; male students aged 15-18 y; grade II body mass 2013 omitted (OCR/Δ mismatch); AC measured with tape at navel level
rs-2015-glavac-military-high-school,reports/openaccess/rs-2015-glavac-military-high-school.pdf,3,"Military High School (Vojna gimnazija) Belgrade students, grade III in 2012, measured 2012",Serbia,military,Cadets,M,2012,mass,BM (body mass),kg,71.53,8.7,54,,,,B,Table 1 (p. 679) is an image: OCR checked against the printed mean differences (Δ 2013-2012) for every cell used; male students aged 15-18 y; grade II body mass 2013 omitted (OCR/Δ mismatch); AC measured with tape at navel level; BIA InBody 720 mass
rs-2015-glavac-military-high-school,reports/openaccess/rs-2015-glavac-military-high-school.pdf,3,"Military High School (Vojna gimnazija) Belgrade students, grade III in 2012, measured 2012",Serbia,military,Cadets,M,2012,bmi,BMI,kg/m2,22.21,2.46,54,,,,B,Table 1 (p. 679) is an image: OCR checked against the printed mean differences (Δ 2013-2012) for every cell used; male students aged 15-18 y; grade II body mass 2013 omitted (OCR/Δ mismatch); AC measured with tape at navel level
rs-2015-glavac-military-high-school,reports/openaccess/rs-2015-glavac-military-high-school.pdf,3,"Military High School (Vojna gimnazija) Belgrade students, grade III in 2012, measured 2012",Serbia,military,Cadets,M,2012,waist_circumference,AC (abdomen circumference at navel),cm,799.4,53.9,54,,,,B,Table 1 (p. 679) is an image: OCR checked against the printed mean differences (Δ 2013-2012) for every cell used; male students aged 15-18 y; grade II body mass 2013 omitted (OCR/Δ mismatch); AC measured with tape at navel level
rs-2015-glavac-military-high-school,reports/openaccess/rs-2015-glavac-military-high-school.pdf,3,"Military High School (Vojna gimnazija) Belgrade students, grade III in 2012, measured 2013",Serbia,military,Cadets,M,2013,stature,BH (body height),cm,1800.7,63.4,54,,,,B,Table 1 (p. 679) is an image: OCR checked against the printed mean differences (Δ 2013-2012) for every cell used; male students aged 15-18 y; grade II body mass 2013 omitted (OCR/Δ mismatch); AC measured with tape at navel level
rs-2015-glavac-military-high-school,reports/openaccess/rs-2015-glavac-military-high-school.pdf,3,"Military High School (Vojna gimnazija) Belgrade students, grade III in 2012, measured 2013",Serbia,military,Cadets,M,2013,mass,BM (body mass),kg,74.33,9.05,54,,,,B,Table 1 (p. 679) is an image: OCR checked against the printed mean differences (Δ 2013-2012) for every cell used; male students aged 15-18 y; grade II body mass 2013 omitted (OCR/Δ mismatch); AC measured with tape at navel level; BIA InBody 720 mass
rs-2015-glavac-military-high-school,reports/openaccess/rs-2015-glavac-military-high-school.pdf,3,"Military High School (Vojna gimnazija) Belgrade students, grade III in 2012, measured 2013",Serbia,military,Cadets,M,2013,bmi,BMI,kg/m2,22.89,2.4,54,,,,B,Table 1 (p. 679) is an image: OCR checked against the printed mean differences (Δ 2013-2012) for every cell used; male students aged 15-18 y; grade II body mass 2013 omitted (OCR/Δ mismatch); AC measured with tape at navel level
rs-2015-glavac-military-high-school,reports/openaccess/rs-2015-glavac-military-high-school.pdf,3,"Military High School (Vojna gimnazija) Belgrade students, grade III in 2012, measured 2013",Serbia,military,Cadets,M,2013,waist_circumference,AC (abdomen circumference at navel),cm,835.3,60.8,54,,,,B,Table 1 (p. 679) is an image: OCR checked against the printed mean differences (Δ 2013-2012) for every cell used; male students aged 15-18 y; grade II body mass 2013 omitted (OCR/Δ mismatch); AC measured with tape at navel level
rs-2015-glavac-military-high-school,reports/openaccess/rs-2015-glavac-military-high-school.pdf,3,"Military High School (Vojna gimnazija) Belgrade students, grade IV in 2012, measured 2012",Serbia,military,Cadets,M,2012,stature,BH (body height),cm,1793.1,64.5,37,,,,B,Table 1 (p. 679) is an image: OCR checked against the printed mean differences (Δ 2013-2012) for every cell used; male students aged 15-18 y; grade II body mass 2013 omitted (OCR/Δ mismatch); AC measured with tape at navel level
rs-2015-glavac-military-high-school,reports/openaccess/rs-2015-glavac-military-high-school.pdf,3,"Military High School (Vojna gimnazija) Belgrade students, grade IV in 2012, measured 2012",Serbia,military,Cadets,M,2012,mass,BM (body mass),kg,74.04,9.94,37,,,,B,Table 1 (p. 679) is an image: OCR checked against the printed mean differences (Δ 2013-2012) for every cell used; male students aged 15-18 y; grade II body mass 2013 omitted (OCR/Δ mismatch); AC measured with tape at navel level; BIA InBody 720 mass
rs-2015-glavac-military-high-school,reports/openaccess/rs-2015-glavac-military-high-school.pdf,3,"Military High School (Vojna gimnazija) Belgrade students, grade IV in 2012, measured 2012",Serbia,military,Cadets,M,2012,bmi,BMI,kg/m2,23.01,2.68,37,,,,B,Table 1 (p. 679) is an image: OCR checked against the printed mean differences (Δ 2013-2012) for every cell used; male students aged 15-18 y; grade II body mass 2013 omitted (OCR/Δ mismatch); AC measured with tape at navel level
rs-2015-glavac-military-high-school,reports/openaccess/rs-2015-glavac-military-high-school.pdf,3,"Military High School (Vojna gimnazija) Belgrade students, grade IV in 2012, measured 2012",Serbia,military,Cadets,M,2012,waist_circumference,AC (abdomen circumference at navel),cm,818,57.1,37,,,,B,Table 1 (p. 679) is an image: OCR checked against the printed mean differences (Δ 2013-2012) for every cell used; male students aged 15-18 y; grade II body mass 2013 omitted (OCR/Δ mismatch); AC measured with tape at navel level
rs-2015-glavac-military-high-school,reports/openaccess/rs-2015-glavac-military-high-school.pdf,3,"Military High School (Vojna gimnazija) Belgrade students, grade IV in 2012, measured 2013",Serbia,military,Cadets,M,2013,stature,BH (body height),cm,1800.3,64.9,37,,,,B,Table 1 (p. 679) is an image: OCR checked against the printed mean differences (Δ 2013-2012) for every cell used; male students aged 15-18 y; grade II body mass 2013 omitted (OCR/Δ mismatch); AC measured with tape at navel level
rs-2015-glavac-military-high-school,reports/openaccess/rs-2015-glavac-military-high-school.pdf,3,"Military High School (Vojna gimnazija) Belgrade students, grade IV in 2012, measured 2013",Serbia,military,Cadets,M,2013,mass,BM (body mass),kg,74.15,9.12,37,,,,B,Table 1 (p. 679) is an image: OCR checked against the printed mean differences (Δ 2013-2012) for every cell used; male students aged 15-18 y; grade II body mass 2013 omitted (OCR/Δ mismatch); AC measured with tape at navel level; BIA InBody 720 mass
rs-2015-glavac-military-high-school,reports/openaccess/rs-2015-glavac-military-high-school.pdf,3,"Military High School (Vojna gimnazija) Belgrade students, grade IV in 2012, measured 2013",Serbia,military,Cadets,M,2013,bmi,BMI,kg/m2,22.86,2.37,37,,,,B,Table 1 (p. 679) is an image: OCR checked against the printed mean differences (Δ 2013-2012) for every cell used; male students aged 15-18 y; grade II body mass 2013 omitted (OCR/Δ mismatch); AC measured with tape at navel level
rs-2015-glavac-military-high-school,reports/openaccess/rs-2015-glavac-military-high-school.pdf,3,"Military High School (Vojna gimnazija) Belgrade students, grade IV in 2012, measured 2013",Serbia,military,Cadets,M,2013,waist_circumference,AC (abdomen circumference at navel),cm,814.6,52.6,37,,,,B,Table 1 (p. 679) is an image: OCR checked against the printed mean differences (Δ 2013-2012) for every cell used; male students aged 15-18 y; grade II body mass 2013 omitted (OCR/Δ mismatch); AC measured with tape at navel level
ua-2026-fedyk-zhytomyr-cadets,reports/openaccess/ua-2026-fedyk-zhytomyr-cadets.pdf,4,"Korolyov Zhytomyr Military Institute junior cadets (17-20 y), experimental group, 1st semester",Ukraine,military,Cadets,M,2023,bmi,BMI,kg/m2,21.94,1.38,33,,,,A,Table 2 (p. 29): Mean ± m (m = standard error); sd here = m × sqrt(n); male cadets 17-20 y studied 2023-2025 under martial law; height and weight not printed separately
ua-2026-fedyk-zhytomyr-cadets,reports/openaccess/ua-2026-fedyk-zhytomyr-cadets.pdf,4,"Korolyov Zhytomyr Military Institute junior cadets (17-20 y), experimental group, 4th semester",Ukraine,military,Cadets,M,2025,bmi,BMI,kg/m2,22.85,1.03,33,,,,A,Table 2 (p. 29): Mean ± m (m = standard error); sd here = m × sqrt(n); male cadets 17-20 y studied 2023-2025 under martial law; height and weight not printed separately
ua-2026-fedyk-zhytomyr-cadets,reports/openaccess/ua-2026-fedyk-zhytomyr-cadets.pdf,4,"Korolyov Zhytomyr Military Institute junior cadets (17-20 y), control group, 1st semester",Ukraine,military,Cadets,M,2023,bmi,BMI,kg/m2,22.06,1.57,34,,,,A,Table 2 (p. 29): Mean ± m (m = standard error); sd here = m × sqrt(n); male cadets 17-20 y studied 2023-2025 under martial law; height and weight not printed separately
ua-2026-fedyk-zhytomyr-cadets,reports/openaccess/ua-2026-fedyk-zhytomyr-cadets.pdf,4,"Korolyov Zhytomyr Military Institute junior cadets (17-20 y), control group, 4th semester",Ukraine,military,Cadets,M,2025,bmi,BMI,kg/m2,23.52,1.17,34,,,,A,Table 2 (p. 29): Mean ± m (m = standard error); sd here = m × sqrt(n); male cadets 17-20 y studied 2023-2025 under martial law; height and weight not printed separately
bg-2020-nikolova-naval-cadets-varna,reports/openaccess/bg-2020-nikolova-naval-cadets-varna.pdf,3,"First-year cadets of the Nikola Vaptsarov Naval Academy, Varna, men, 17-23 y",Bulgaria,military,Cadets,M,2020,stature,Среден ръст (mean height),cm,1797,,19,,,,A,"Табл. 2 (p. 59): mean only (range 170-193 cm), no SD; measured first half of 2020"
bg-2020-nikolova-naval-cadets-varna,reports/openaccess/bg-2020-nikolova-naval-cadets-varna.pdf,3,"First-year cadets of the Nikola Vaptsarov Naval Academy, Varna, men, 17-23 y",Bulgaria,military,Cadets,M,2020,mass,Тегло (weight),kg,74.2,,19,,,,A,"Табл. 2 (p. 59): mean only (range 60-105 kg), no SD; measured first half of 2020"
bg-2020-nikolova-naval-cadets-varna,reports/openaccess/bg-2020-nikolova-naval-cadets-varna.pdf,3,"First-year cadets of the Nikola Vaptsarov Naval Academy, Varna, women, 17-23 y",Bulgaria,military,Cadets,F,2020,stature,Среден ръст (mean height),cm,1690,,6,,,,A,"Табл. 2 (p. 59): mean only (range 150-181 cm), no SD; measured first half of 2020"
bg-2020-nikolova-naval-cadets-varna,reports/openaccess/bg-2020-nikolova-naval-cadets-varna.pdf,3,"First-year cadets of the Nikola Vaptsarov Naval Academy, Varna, women, 17-23 y",Bulgaria,military,Cadets,F,2020,mass,Тегло (weight),kg,59,,6,,,,A,"Табл. 2 (p. 59): mean only (range 52-66 kg), no SD; measured first half of 2020"
