source_id,source_file,page,population,country,population_type,service_role,sex,year_start,measure_key,measure_label,unit_original,mean,sd,n,p5,p50,p95,quality,notes
ansur-ii-2012,reports/ansur-ii-2012/ADA611869.pdf,56,ANSUR II Army men 2010-2012,United States,military,Army,M,2010,abdominal_depth_sitting,"ABDOMINAL EXTENSION DEPTH, SITTING",cm,254.70,37.30,4082,200.00,251.00,320.00,A,"summary tables are for the 4082 men/1986 women in the public data file (report abstract says 7435/3922 total); verified vs raw public data (4082 subjects, mean diff -0.005 cm); percentiles on p.55"
ansur-ii-2012,reports/ansur-ii-2012/ADA611869.pdf,58,ANSUR II Army men 2010-2012,United States,military,Army,M,2010,acromion_height,ACROMIAL HEIGHT,cm,1440.70,63.30,4082,1339.00,1439.00,1546.00,A,"summary tables are for the 4082 men/1986 women in the public data file (report abstract says 7435/3922 total); verified vs raw public data (4082 subjects, mean diff +0.004 cm); percentiles on p.57"
ansur-ii-2012,reports/ansur-ii-2012/ADA611869.pdf,60,ANSUR II Army men 2010-2012,United States,military,Army,M,2010,acromion_radiale_length,ACROMION-RADIALE LENGTH,cm,335.20,17.50,4082,307.00,335.00,365.00,A,"summary tables are for the 4082 men/1986 women in the public data file (report abstract says 7435/3922 total); verified vs raw public data (4082 subjects, mean diff +0.004 cm); percentiles on p.59"
ansur-ii-2012,reports/ansur-ii-2012/ADA611869.pdf,62,ANSUR II Army men 2010-2012,United States,military,Army,M,2010,ankle_circumference,ANKLE CIRCUMFERENCE,cm,229.30,14.60,4082,206.00,228.00,254.00,A,"summary tables are for the 4082 men/1986 women in the public data file (report abstract says 7435/3922 total); verified vs raw public data (4082 subjects, mean diff +0.004 cm); percentiles on p.61"
ansur-ii-2012,reports/ansur-ii-2012/ADA611869.pdf,64,ANSUR II Army men 2010-2012,United States,military,Army,M,2010,other:axilla_height,AXILLA HEIGHT,cm,1329.10,59.50,4082,1234.00,1328.00,1427.00,A,"summary tables are for the 4082 men/1986 women in the public data file (report abstract says 7435/3922 total); verified vs raw public data (4082 subjects, mean diff -0.002 cm); percentiles on p.63"
ansur-ii-2012,reports/ansur-ii-2012/ADA611869.pdf,66,ANSUR II Army men 2010-2012,United States,military,Army,M,2010,other:ball_of_foot_circumference,BALL OF FOOT CIRCUMFERENCE,cm,252.00,12.90,4082,232.00,252.00,273.00,A,"summary tables are for the 4082 men/1986 women in the public data file (report abstract says 7435/3922 total); verified vs raw public data (4082 subjects, mean diff +0.002 cm); percentiles on p.65"
ansur-ii-2012,reports/ansur-ii-2012/ADA611869.pdf,68,ANSUR II Army men 2010-2012,United States,military,Army,M,2010,other:ball_of_foot_length,BALL OF FOOT LENGTH,cm,200.90,10.50,4082,184.00,201.00,218.00,A,"summary tables are for the 4082 men/1986 women in the public data file (report abstract says 7435/3922 total); verified vs raw public data (4082 subjects, mean diff +0.004 cm); percentiles on p.67"
ansur-ii-2012,reports/ansur-ii-2012/ADA611869.pdf,70,ANSUR II Army men 2010-2012,United States,military,Army,M,2010,biacromial_breadth,BIACROMIAL BREADTH,cm,415.70,19.20,4082,384.00,415.00,447.00,A,"summary tables are for the 4082 men/1986 women in the public data file (report abstract says 7435/3922 total); verified vs raw public data (4082 subjects, mean diff -0.002 cm); percentiles on p.69"
ansur-ii-2012,reports/ansur-ii-2012/ADA611869.pdf,72,ANSUR II Army men 2010-2012,United States,military,Army,M,2010,biceps_circumference_flexed,"BICEPS CIRCUMFERENCE, FLEXED",cm,358.10,34.60,4082,303.00,357.00,418.00,A,"summary tables are for the 4082 men/1986 women in the public data file (report abstract says 7435/3922 total); verified vs raw public data (4082 subjects, mean diff +0.004 cm); percentiles on p.71"
ansur-ii-2012,reports/ansur-ii-2012/ADA611869.pdf,74,ANSUR II Army men 2010-2012,United States,military,Army,M,2010,bicristal_breadth,BICRISTAL BREADTH,cm,275.40,17.50,4082,247.00,275.00,305.00,A,"summary tables are for the 4082 men/1986 women in the public data file (report abstract says 7435/3922 total); verified vs raw public data (4082 subjects, mean diff +0.003 cm); percentiles on p.73"
ansur-ii-2012,reports/ansur-ii-2012/ADA611869.pdf,76,ANSUR II Army men 2010-2012,United States,military,Army,M,2010,bideltoid_breadth,BIDELTOID BREADTH,cm,510.40,32.50,4082,459.00,509.00,567.00,A,"summary tables are for the 4082 men/1986 women in the public data file (report abstract says 7435/3922 total); verified vs raw public data (4082 subjects, mean diff +0.002 cm); percentiles on p.75"
ansur-ii-2012,reports/ansur-ii-2012/ADA611869.pdf,78,ANSUR II Army men 2010-2012,United States,military,Army,M,2010,other:bimalleolar_breadth,BIMALLEOLAR BREADTH,cm,74.80,4.10,4082,68.00,75.00,81.00,A,"summary tables are for the 4082 men/1986 women in the public data file (report abstract says 7435/3922 total); verified vs raw public data (4082 subjects, mean diff -0.002 cm); percentiles on p.77"
ansur-ii-2012,reports/ansur-ii-2012/ADA611869.pdf,80,ANSUR II Army men 2010-2012,United States,military,Army,M,2010,other:bitragion_chin_arc,BITRAGION CHIN ARC,cm,331.70,14.00,4082,309.00,332.00,355.00,A,"summary tables are for the 4082 men/1986 women in the public data file (report abstract says 7435/3922 total); verified vs raw public data (4082 subjects, mean diff -0.005 cm); percentiles on p.79"
ansur-ii-2012,reports/ansur-ii-2012/ADA611869.pdf,82,ANSUR II Army men 2010-2012,United States,military,Army,M,2010,other:bitragion_submandibular_arc,BITRAGION SUBMANDIBULAR ARC,cm,315.70,16.60,4082,289.00,315.00,345.00,A,"summary tables are for the 4082 men/1986 women in the public data file (report abstract says 7435/3922 total); verified vs raw public data (4082 subjects, mean diff +0.001 cm); percentiles on p.81"
ansur-ii-2012,reports/ansur-ii-2012/ADA611869.pdf,84,ANSUR II Army men 2010-2012,United States,military,Army,M,2010,bizygomatic_breadth,BIZYGOMATIC BREADTH,cm,142.60,6.20,4082,133.00,143.00,153.00,A,"summary tables are for the 4082 men/1986 women in the public data file (report abstract says 7435/3922 total); verified vs raw public data (4082 subjects, mean diff +0.002 cm); percentiles on p.83"
ansur-ii-2012,reports/ansur-ii-2012/ADA611869.pdf,86,ANSUR II Army men 2010-2012,United States,military,Army,M,2010,buttock_circumference,BUTTOCK CIRCUMFERENCE,cm,1019.50,76.70,4082,899.00,1017.00,1149.00,A,"summary tables are for the 4082 men/1986 women in the public data file (report abstract says 7435/3922 total); verified vs raw public data (4082 subjects, mean diff +0.002 cm); percentiles on p.85"
ansur-ii-2012,reports/ansur-ii-2012/ADA611869.pdf,88,ANSUR II Army men 2010-2012,United States,military,Army,M,2010,other:buttock_depth,BUTTOCK DEPTH,cm,245.80,26.50,4082,204.00,246.00,291.00,A,"summary tables are for the 4082 men/1986 women in the public data file (report abstract says 7435/3922 total); verified vs raw public data (4082 subjects, mean diff +0.005 cm); percentiles on p.87"
ansur-ii-2012,reports/ansur-ii-2012/ADA611869.pdf,90,ANSUR II Army men 2010-2012,United States,military,Army,M,2010,other:buttock_height,BUTTOCK HEIGHT,cm,887.90,49.90,4082,809.00,885.00,972.00,A,"summary tables are for the 4082 men/1986 women in the public data file (report abstract says 7435/3922 total); verified vs raw public data (4082 subjects, mean diff -0.003 cm); percentiles on p.89"
ansur-ii-2012,reports/ansur-ii-2012/ADA611869.pdf,92,ANSUR II Army men 2010-2012,United States,military,Army,M,2010,buttock_knee_length,BUTTOCK-KNEE LENGTH,cm,618.00,30.60,4082,569.00,617.00,669.00,A,"summary tables are for the 4082 men/1986 women in the public data file (report abstract says 7435/3922 total); verified vs raw public data (4082 subjects, mean diff -0.005 cm); percentiles on p.91"
ansur-ii-2012,reports/ansur-ii-2012/ADA611869.pdf,94,ANSUR II Army men 2010-2012,United States,military,Army,M,2010,buttock_popliteal_length,BUTTOCK-POPLITEAL LENGTH,cm,502.90,27.40,4082,459.00,502.00,548.00,A,"summary tables are for the 4082 men/1986 women in the public data file (report abstract says 7435/3922 total); verified vs raw public data (4082 subjects, mean diff +0.002 cm); percentiles on p.93"
ansur-ii-2012,reports/ansur-ii-2012/ADA611869.pdf,96,ANSUR II Army men 2010-2012,United States,military,Army,M,2010,calf_circumference,CALF CIRCUMFERENCE,cm,392.30,29.70,4082,346.00,392.00,443.00,A,"summary tables are for the 4082 men/1986 women in the public data file (report abstract says 7435/3922 total); verified vs raw public data (4082 subjects, mean diff -0.004 cm); percentiles on p.95"
ansur-ii-2012,reports/ansur-ii-2012/ADA611869.pdf,98,ANSUR II Army men 2010-2012,United States,military,Army,M,2010,cervicale_height,CERVICALE HEIGHT,cm,1517.30,63.30,4082,1416.00,1517.00,1623.00,A,"summary tables are for the 4082 men/1986 women in the public data file (report abstract says 7435/3922 total); asterisk in report: definition differs from ANSUR 1988; verified vs raw public data (4082 subjects, mean diff -0.000 cm); percentiles on p.97"
ansur-ii-2012,reports/ansur-ii-2012/ADA611869.pdf,100,ANSUR II Army men 2010-2012,United States,military,Army,M,2010,chest_breadth,CHEST BREADTH,cm,289.40,18.30,4082,261.00,289.00,320.00,A,"summary tables are for the 4082 men/1986 women in the public data file (report abstract says 7435/3922 total); asterisk in report: definition differs from ANSUR 1988; verified vs raw public data (4082 subjects, mean diff +0.004 cm); percentiles on p.99"
ansur-ii-2012,reports/ansur-ii-2012/ADA611869.pdf,102,ANSUR II Army men 2010-2012,United States,military,Army,M,2010,chest_circumference,CHEST CIRCUMFERENCE,cm,1058.70,87.40,4082,922.00,1056.00,1207.00,A,"summary tables are for the 4082 men/1986 women in the public data file (report abstract says 7435/3922 total); asterisk in report: definition differs from ANSUR 1988; verified vs raw public data (4082 subjects, mean diff +0.001 cm); percentiles on p.101"
ansur-ii-2012,reports/ansur-ii-2012/ADA611869.pdf,104,ANSUR II Army men 2010-2012,United States,military,Army,M,2010,chest_depth,CHEST DEPTH,cm,253.80,26.20,4082,211.00,253.00,298.00,A,"summary tables are for the 4082 men/1986 women in the public data file (report abstract says 7435/3922 total); asterisk in report: definition differs from ANSUR 1988; verified vs raw public data (4082 subjects, mean diff +0.005 cm); percentiles on p.103"
ansur-ii-2012,reports/ansur-ii-2012/ADA611869.pdf,106,ANSUR II Army men 2010-2012,United States,military,Army,M,2010,other:chest_height,CHEST HEIGHT,cm,1291.10,57.00,4082,1200.00,1289.00,1387.00,A,"summary tables are for the 4082 men/1986 women in the public data file (report abstract says 7435/3922 total); asterisk in report: definition differs from ANSUR 1988; verified vs raw public data (4082 subjects, mean diff +0.002 cm); percentiles on p.105"
ansur-ii-2012,reports/ansur-ii-2012/ADA611869.pdf,108,ANSUR II Army men 2010-2012,United States,military,Army,M,2010,crotch_height,CROTCH HEIGHT,cm,845.90,46.50,4082,771.00,845.00,925.00,A,"summary tables are for the 4082 men/1986 women in the public data file (report abstract says 7435/3922 total); verified vs raw public data (4082 subjects, mean diff +0.003 cm); percentiles on p.107"
ansur-ii-2012,reports/ansur-ii-2012/ADA611869.pdf,110,ANSUR II Army men 2010-2012,United States,military,Army,M,2010,other:crotch_length_omphalion,CROTCH LENGTH (OMPHALION),cm,622.30,46.70,4082,549.00,620.00,701.00,A,"summary tables are for the 4082 men/1986 women in the public data file (report abstract says 7435/3922 total); verified vs raw public data (4082 subjects, mean diff +0.004 cm); percentiles on p.109"
ansur-ii-2012,reports/ansur-ii-2012/ADA611869.pdf,112,ANSUR II Army men 2010-2012,United States,military,Army,M,2010,other:crotch_length_posterior_omphalion,"CROTCH LENGTH, POSTERIOR (OMPHALION)",cm,355.90,29.50,4082,309.00,355.00,406.00,A,"summary tables are for the 4082 men/1986 women in the public data file (report abstract says 7435/3922 total); verified vs raw public data (4082 subjects, mean diff +0.002 cm); percentiles on p.111"
ansur-ii-2012,reports/ansur-ii-2012/ADA611869.pdf,114,ANSUR II Army men 2010-2012,United States,military,Army,M,2010,other:ear_breadth,EAR BREADTH,cm,36.10,3.00,4082,31.00,36.00,41.00,A,"summary tables are for the 4082 men/1986 women in the public data file (report abstract says 7435/3922 total); verified vs raw public data (4082 subjects, mean diff -0.004 cm); percentiles on p.113"
ansur-ii-2012,reports/ansur-ii-2012/ADA611869.pdf,116,ANSUR II Army men 2010-2012,United States,military,Army,M,2010,ear_length,EAR LENGTH,cm,64.20,4.50,4082,57.00,64.00,72.00,A,"summary tables are for the 4082 men/1986 women in the public data file (report abstract says 7435/3922 total); verified vs raw public data (4082 subjects, mean diff +0.001 cm); percentiles on p.115"
ansur-ii-2012,reports/ansur-ii-2012/ADA611869.pdf,118,ANSUR II Army men 2010-2012,United States,military,Army,M,2010,other:ear_protrusion,EAR PROTRUSION,cm,23.20,3.00,4082,19.00,23.00,28.00,A,"summary tables are for the 4082 men/1986 women in the public data file (report abstract says 7435/3922 total); verified vs raw public data (4082 subjects, mean diff -0.003 cm); percentiles on p.117"
ansur-ii-2012,reports/ansur-ii-2012/ADA611869.pdf,120,ANSUR II Army men 2010-2012,United States,military,Army,M,2010,elbow_rest_height,ELBOW REST HEIGHT,cm,245.00,28.70,4082,197.00,246.00,291.00,A,"summary tables are for the 4082 men/1986 women in the public data file (report abstract says 7435/3922 total); verified vs raw public data (4082 subjects, mean diff +0.004 cm); percentiles on p.119"
ansur-ii-2012,reports/ansur-ii-2012/ADA611869.pdf,122,ANSUR II Army men 2010-2012,United States,military,Army,M,2010,eye_height_sitting,"EYE HEIGHT, SITTING",cm,804.50,33.20,4082,750.00,804.00,860.00,A,"summary tables are for the 4082 men/1986 women in the public data file (report abstract says 7435/3922 total); verified vs raw public data (4082 subjects, mean diff +0.001 cm); percentiles on p.121"
ansur-ii-2012,reports/ansur-ii-2012/ADA611869.pdf,124,ANSUR II Army men 2010-2012,United States,military,Army,M,2010,foot_breadth,"FOOT BREADTH, HORIZONTAL",cm,101.90,5.20,4082,94.00,102.00,111.00,A,"summary tables are for the 4082 men/1986 women in the public data file (report abstract says 7435/3922 total); verified vs raw public data (4082 subjects, mean diff -0.004 cm); percentiles on p.123"
ansur-ii-2012,reports/ansur-ii-2012/ADA611869.pdf,126,ANSUR II Army men 2010-2012,United States,military,Army,M,2010,foot_length,FOOT LENGTH,cm,271.20,13.10,4082,250.00,271.00,293.00,A,"summary tables are for the 4082 men/1986 women in the public data file (report abstract says 7435/3922 total); verified vs raw public data (4082 subjects, mean diff -0.002 cm); percentiles on p.125"
ansur-ii-2012,reports/ansur-ii-2012/ADA611869.pdf,128,ANSUR II Army men 2010-2012,United States,military,Army,M,2010,other:forearm_center_of_grip_length,FOREARM-CENTER OF GRIP LENGTH,cm,349.00,18.00,4082,320.00,348.00,379.00,A,"summary tables are for the 4082 men/1986 women in the public data file (report abstract says 7435/3922 total); verified vs raw public data (4082 subjects, mean diff +0.001 cm); percentiles on p.127"
ansur-ii-2012,reports/ansur-ii-2012/ADA611869.pdf,130,ANSUR II Army men 2010-2012,United States,military,Army,M,2010,forearm_circumference_flexed,"FOREARM CIRCUMFERENCE, FLEXED",cm,310.10,22.00,4082,275.00,310.00,348.00,A,"summary tables are for the 4082 men/1986 women in the public data file (report abstract says 7435/3922 total); verified vs raw public data (4082 subjects, mean diff -0.004 cm); percentiles on p.129"
ansur-ii-2012,reports/ansur-ii-2012/ADA611869.pdf,132,ANSUR II Army men 2010-2012,United States,military,Army,M,2010,forearm_forearm_breadth,FOREARM-FOREARM BREADTH,cm,579.90,50.90,4082,497.00,579.00,667.00,A,"summary tables are for the 4082 men/1986 women in the public data file (report abstract says 7435/3922 total); verified vs raw public data (4082 subjects, mean diff +0.003 cm); percentiles on p.131"
ansur-ii-2012,reports/ansur-ii-2012/ADA611869.pdf,134,ANSUR II Army men 2010-2012,United States,military,Army,M,2010,other:forearm_hand_length,FOREARM-HAND LENGTH,cm,480.20,23.30,4082,444.00,480.00,520.00,A,"summary tables are for the 4082 men/1986 women in the public data file (report abstract says 7435/3922 total); verified vs raw public data (4082 subjects, mean diff +0.001 cm); percentiles on p.133"
ansur-ii-2012,reports/ansur-ii-2012/ADA611869.pdf,136,ANSUR II Army men 2010-2012,United States,military,Army,M,2010,other:functional_leg_length,FUNCTIONAL LEG LENGTH,cm,1130.20,56.10,4082,1041.00,1131.00,1224.00,A,"summary tables are for the 4082 men/1986 women in the public data file (report abstract says 7435/3922 total); verified vs raw public data (4082 subjects, mean diff -0.005 cm); percentiles on p.135"
ansur-ii-2012,reports/ansur-ii-2012/ADA611869.pdf,138,ANSUR II Army men 2010-2012,United States,military,Army,M,2010,hand_breadth,HAND BREADTH,cm,88.30,4.40,4082,81.00,88.00,96.00,A,"summary tables are for the 4082 men/1986 women in the public data file (report abstract says 7435/3922 total); verified vs raw public data (4082 subjects, mean diff -0.004 cm); percentiles on p.137"
ansur-ii-2012,reports/ansur-ii-2012/ADA611869.pdf,140,ANSUR II Army men 2010-2012,United States,military,Army,M,2010,hand_circumference,HAND CIRCUMFERENCE,cm,212.30,10.20,4082,195.00,212.00,230.00,A,"summary tables are for the 4082 men/1986 women in the public data file (report abstract says 7435/3922 total); verified vs raw public data (4082 subjects, mean diff -0.002 cm); percentiles on p.139"
ansur-ii-2012,reports/ansur-ii-2012/ADA611869.pdf,142,ANSUR II Army men 2010-2012,United States,military,Army,M,2010,hand_length,HAND LENGTH,cm,193.30,9.90,4082,177.00,193.00,210.00,A,"summary tables are for the 4082 men/1986 women in the public data file (report abstract says 7435/3922 total); verified vs raw public data (4082 subjects, mean diff -0.002 cm); percentiles on p.141"
ansur-ii-2012,reports/ansur-ii-2012/ADA611869.pdf,144,ANSUR II Army men 2010-2012,United States,military,Army,M,2010,head_breadth,HEAD BREADTH,cm,154.30,5.50,4082,,,,A,"summary tables are for the 4082 men/1986 women in the public data file (report abstract says 7435/3922 total); asterisk in report: definition differs from ANSUR 1988; verified vs raw public data (4082 subjects, mean diff +0.003 cm); percentiles on p.143"
ansur-ii-2012,reports/ansur-ii-2012/ADA611869.pdf,146,ANSUR II Army men 2010-2012,United States,military,Army,M,2010,head_circumference,HEAD CIRCUMFERENCE,cm,574.40,16.00,4082,,,,A,"summary tables are for the 4082 men/1986 women in the public data file (report abstract says 7435/3922 total); asterisk in report: definition differs from ANSUR 1988; verified vs raw public data (4082 subjects, mean diff -0.003 cm); percentiles on p.145"
ansur-ii-2012,reports/ansur-ii-2012/ADA611869.pdf,148,ANSUR II Army men 2010-2012,United States,military,Army,M,2010,head_length,HEAD LENGTH,cm,199.50,7.00,4082,,,,A,"summary tables are for the 4082 men/1986 women in the public data file (report abstract says 7435/3922 total); asterisk in report: definition differs from ANSUR 1988; verified vs raw public data (4082 subjects, mean diff +0.000 cm); percentiles on p.147"
ansur-ii-2012,reports/ansur-ii-2012/ADA611869.pdf,150,ANSUR II Army men 2010-2012,United States,military,Army,M,2010,other:heel_ankle_circumference,HEEL-ANKLE CIRCUMFERENCE,cm,343.50,16.60,4082,317.00,343.00,372.00,A,"summary tables are for the 4082 men/1986 women in the public data file (report abstract says 7435/3922 total); verified vs raw public data (4082 subjects, mean diff -0.003 cm); percentiles on p.149"
ansur-ii-2012,reports/ansur-ii-2012/ADA611869.pdf,152,ANSUR II Army men 2010-2012,United States,military,Army,M,2010,other:heel_breadth,HEEL BREADTH,cm,72.50,5.50,4082,64.00,72.00,82.00,A,"summary tables are for the 4082 men/1986 women in the public data file (report abstract says 7435/3922 total); verified vs raw public data (4082 subjects, mean diff +0.001 cm); percentiles on p.151"
ansur-ii-2012,reports/ansur-ii-2012/ADA611869.pdf,154,ANSUR II Army men 2010-2012,United States,military,Army,M,2010,other:hip_breadth,HIP BREADTH,cm,345.70,24.20,4082,308.00,344.00,387.00,A,"summary tables are for the 4082 men/1986 women in the public data file (report abstract says 7435/3922 total); verified vs raw public data (4082 subjects, mean diff +0.003 cm); percentiles on p.153"
ansur-ii-2012,reports/ansur-ii-2012/ADA611869.pdf,156,ANSUR II Army men 2010-2012,United States,military,Army,M,2010,hip_breadth_sitting,"HIP BREADTH, SITTING",cm,379.30,30.20,4082,333.00,378.00,431.00,A,"summary tables are for the 4082 men/1986 women in the public data file (report abstract says 7435/3922 total); verified vs raw public data (4082 subjects, mean diff -0.000 cm); percentiles on p.155"
ansur-ii-2012,reports/ansur-ii-2012/ADA611869.pdf,158,ANSUR II Army men 2010-2012,United States,military,Army,M,2010,iliocristale_height,ILIOCRISTALE HEIGHT,cm,1061.60,52.00,4082,977.00,1061.00,1148.00,A,"summary tables are for the 4082 men/1986 women in the public data file (report abstract says 7435/3922 total); verified vs raw public data (4082 subjects, mean diff +0.003 cm); percentiles on p.157"
ansur-ii-2012,reports/ansur-ii-2012/ADA611869.pdf,160,ANSUR II Army men 2010-2012,United States,military,Army,M,2010,interpupillary_breadth,INTERPUPILLARY BREADTH,cm,64.00,3.40,4082,58.50,64.00,70.00,A,"summary tables are for the 4082 men/1986 women in the public data file (report abstract says 7435/3922 total); verified vs raw public data (4082 subjects, mean diff +0.002 cm); percentiles on p.159"
ansur-ii-2012,reports/ansur-ii-2012/ADA611869.pdf,162,ANSUR II Army men 2010-2012,United States,military,Army,M,2010,other:interscye_i,INTERSCYE I,cm,430.90,35.20,4082,374.00,430.00,491.00,A,"summary tables are for the 4082 men/1986 women in the public data file (report abstract says 7435/3922 total); verified vs raw public data (4082 subjects, mean diff -0.005 cm); percentiles on p.161"
ansur-ii-2012,reports/ansur-ii-2012/ADA611869.pdf,164,ANSUR II Army men 2010-2012,United States,military,Army,M,2010,other:interscye_ii,INTERSCYE II,cm,450.20,30.50,4082,400.00,450.00,501.00,A,"summary tables are for the 4082 men/1986 women in the public data file (report abstract says 7435/3922 total); verified vs raw public data (4082 subjects, mean diff -0.004 cm); percentiles on p.163"
ansur-ii-2012,reports/ansur-ii-2012/ADA611869.pdf,166,ANSUR II Army men 2010-2012,United States,military,Army,M,2010,other:knee_height_midpatella,"KNEE HEIGHT, MIDPATELLA",cm,488.40,28.10,4082,443.00,487.00,536.00,A,"summary tables are for the 4082 men/1986 women in the public data file (report abstract says 7435/3922 total); verified vs raw public data (4082 subjects, mean diff -0.001 cm); percentiles on p.165"
ansur-ii-2012,reports/ansur-ii-2012/ADA611869.pdf,168,ANSUR II Army men 2010-2012,United States,military,Army,M,2010,knee_height_sitting,"KNEE HEIGHT, SITTING",cm,554.20,27.90,4082,509.00,553.00,602.00,A,"summary tables are for the 4082 men/1986 women in the public data file (report abstract says 7435/3922 total); verified vs raw public data (4082 subjects, mean diff -0.004 cm); percentiles on p.167"
ansur-ii-2012,reports/ansur-ii-2012/ADA611869.pdf,170,ANSUR II Army men 2010-2012,United States,military,Army,M,2010,other:lateral_femoral_epicondyle_height,LATERAL FEMORAL EPICONDYLE HEIGHT,cm,491.70,26.60,4082,449.00,491.00,537.00,A,"summary tables are for the 4082 men/1986 women in the public data file (report abstract says 7435/3922 total); verified vs raw public data (4082 subjects, mean diff -0.004 cm); percentiles on p.169"
ansur-ii-2012,reports/ansur-ii-2012/ADA611869.pdf,172,ANSUR II Army men 2010-2012,United States,military,Army,M,2010,other:lateral_malleolus_height,LATERAL MALLEOLUS HEIGHT,cm,72.90,5.70,4082,64.00,73.00,83.00,A,"summary tables are for the 4082 men/1986 women in the public data file (report abstract says 7435/3922 total); verified vs raw public data (4082 subjects, mean diff +0.000 cm); percentiles on p.171"
ansur-ii-2012,reports/ansur-ii-2012/ADA611869.pdf,174,ANSUR II Army men 2010-2012,United States,military,Army,M,2010,other:lower_thigh_circumference,LOWER THIGH CIRCUMFERENCE,cm,409.30,31.90,4082,359.00,408.00,463.00,A,"summary tables are for the 4082 men/1986 women in the public data file (report abstract says 7435/3922 total); verified vs raw public data (4082 subjects, mean diff -0.001 cm); percentiles on p.173"
ansur-ii-2012,reports/ansur-ii-2012/ADA611869.pdf,176,ANSUR II Army men 2010-2012,United States,military,Army,M,2010,menton_sellion_length,MENTON-SELLION LENGTH,cm,122.60,6.70,4082,112.00,123.00,134.00,A,"summary tables are for the 4082 men/1986 women in the public data file (report abstract says 7435/3922 total); verified vs raw public data (4082 subjects, mean diff +0.004 cm); percentiles on p.175"
ansur-ii-2012,reports/ansur-ii-2012/ADA611869.pdf,178,ANSUR II Army men 2010-2012,United States,military,Army,M,2010,neck_circumference,NECK CIRCUMFERENCE,cm,397.60,25.80,4082,360.00,395.00,443.00,A,"summary tables are for the 4082 men/1986 women in the public data file (report abstract says 7435/3922 total); verified vs raw public data (4082 subjects, mean diff +0.005 cm); percentiles on p.177"
ansur-ii-2012,reports/ansur-ii-2012/ADA611869.pdf,180,ANSUR II Army men 2010-2012,United States,military,Army,M,2010,neck_circumference_base,"NECK CIRCUMFERENCE, BASE",cm,434.60,25.70,4082,395.00,433.00,479.00,A,"summary tables are for the 4082 men/1986 women in the public data file (report abstract says 7435/3922 total); verified vs raw public data (4082 subjects, mean diff -0.000 cm); percentiles on p.179"
ansur-ii-2012,reports/ansur-ii-2012/ADA611869.pdf,182,ANSUR II Army men 2010-2012,United States,military,Army,M,2010,other:overhead_fingertip_reach_sitting,"OVERHEAD FINGERTIP REACH, SITTING",cm,1426.70,67.70,4082,1316.00,1426.00,1540.00,A,"summary tables are for the 4082 men/1986 women in the public data file (report abstract says 7435/3922 total); verified vs raw public data (4082 subjects, mean diff -0.002 cm); percentiles on p.181"
ansur-ii-2012,reports/ansur-ii-2012/ADA611869.pdf,184,ANSUR II Army men 2010-2012,United States,military,Army,M,2010,other:palm_length,PALM LENGTH,cm,116.50,6.20,4082,107.00,116.00,127.00,A,"summary tables are for the 4082 men/1986 women in the public data file (report abstract says 7435/3922 total); verified vs raw public data (4082 subjects, mean diff -0.004 cm); percentiles on p.183"
ansur-ii-2012,reports/ansur-ii-2012/ADA611869.pdf,186,ANSUR II Army men 2010-2012,United States,military,Army,M,2010,popliteal_height,POPLITEAL HEIGHT,cm,429.80,24.80,4082,390.00,430.00,471.00,A,"summary tables are for the 4082 men/1986 women in the public data file (report abstract says 7435/3922 total); verified vs raw public data (4082 subjects, mean diff +0.000 cm); percentiles on p.185"
ansur-ii-2012,reports/ansur-ii-2012/ADA611869.pdf,188,ANSUR II Army men 2010-2012,United States,military,Army,M,2010,radiale_stylion_length,RADIALE-STYLION LENGTH,cm,267.90,15.40,4082,244.00,267.00,295.00,A,"summary tables are for the 4082 men/1986 women in the public data file (report abstract says 7435/3922 total); verified vs raw public data (4082 subjects, mean diff -0.002 cm); percentiles on p.187"
ansur-ii-2012,reports/ansur-ii-2012/ADA611869.pdf,190,ANSUR II Army men 2010-2012,United States,military,Army,M,2010,shoulder_circumference,SHOULDER CIRCUMFERENCE,cm,1178.60,63.60,4082,1080.00,1176.00,1288.00,A,"summary tables are for the 4082 men/1986 women in the public data file (report abstract says 7435/3922 total); asterisk in report: definition differs from ANSUR 1988; verified vs raw public data (4082 subjects, mean diff -0.001 cm); percentiles on p.189"
ansur-ii-2012,reports/ansur-ii-2012/ADA611869.pdf,192,ANSUR II Army men 2010-2012,United States,military,Army,M,2010,shoulder_elbow_length,SHOULDER-ELBOW LENGTH,cm,363.70,18.20,4082,334.00,363.00,394.00,A,"summary tables are for the 4082 men/1986 women in the public data file (report abstract says 7435/3922 total); verified vs raw public data (4082 subjects, mean diff +0.001 cm); percentiles on p.191"
ansur-ii-2012,reports/ansur-ii-2012/ADA611869.pdf,194,ANSUR II Army men 2010-2012,United States,military,Army,M,2010,shoulder_length,SHOULDER LENGTH,cm,149.80,10.50,4082,133.00,150.00,167.00,A,"summary tables are for the 4082 men/1986 women in the public data file (report abstract says 7435/3922 total); verified vs raw public data (4082 subjects, mean diff -0.002 cm); percentiles on p.193"
ansur-ii-2012,reports/ansur-ii-2012/ADA611869.pdf,196,ANSUR II Army men 2010-2012,United States,military,Army,M,2010,sitting_height,SITTING HEIGHT,cm,918.30,35.70,4082,860.00,918.00,977.00,A,"summary tables are for the 4082 men/1986 women in the public data file (report abstract says 7435/3922 total); verified vs raw public data (4082 subjects, mean diff -0.001 cm); percentiles on p.195"
ansur-ii-2012,reports/ansur-ii-2012/ADA611869.pdf,198,ANSUR II Army men 2010-2012,United States,military,Army,M,2010,other:sleeve_length_spine_wrist,SLEEVE LENGTH: SPINE-WRIST,cm,895.80,40.20,4082,831.00,895.00,963.00,A,"summary tables are for the 4082 men/1986 women in the public data file (report abstract says 7435/3922 total); verified vs raw public data (4082 subjects, mean diff +0.005 cm); percentiles on p.197"
ansur-ii-2012,reports/ansur-ii-2012/ADA611869.pdf,200,ANSUR II Army men 2010-2012,United States,military,Army,M,2010,sleeve_outseam,SLEEVE OUTSEAM,cm,593.10,30.80,4082,545.00,592.00,645.00,A,"summary tables are for the 4082 men/1986 women in the public data file (report abstract says 7435/3922 total); verified vs raw public data (4082 subjects, mean diff +0.002 cm); percentiles on p.199"
ansur-ii-2012,reports/ansur-ii-2012/ADA611869.pdf,202,ANSUR II Army men 2010-2012,United States,military,Army,M,2010,span,SPAN,cm,1814.20,84.60,4082,1680.00,1812.00,1957.00,A,"summary tables are for the 4082 men/1986 women in the public data file (report abstract says 7435/3922 total); verified vs raw public data (4082 subjects, mean diff -0.005 cm); percentiles on p.201"
ansur-ii-2012,reports/ansur-ii-2012/ADA611869.pdf,204,ANSUR II Army men 2010-2012,United States,military,Army,M,2010,stature,STATURE,cm,1756.20,68.60,4082,1648.00,1755.00,1870.00,A,"summary tables are for the 4082 men/1986 women in the public data file (report abstract says 7435/3922 total); verified vs raw public data (4082 subjects, mean diff +0.001 cm); percentiles on p.203"
ansur-ii-2012,reports/ansur-ii-2012/ADA611869.pdf,206,ANSUR II Army men 2010-2012,United States,military,Army,M,2010,suprasternale_height,SUPRASTERNALE HEIGHT,cm,1438.60,61.20,4082,1341.00,1437.00,1540.00,A,"summary tables are for the 4082 men/1986 women in the public data file (report abstract says 7435/3922 total); verified vs raw public data (4082 subjects, mean diff -0.001 cm); percentiles on p.205"
ansur-ii-2012,reports/ansur-ii-2012/ADA611869.pdf,208,ANSUR II Army men 2010-2012,United States,military,Army,M,2010,other:tenth_rib_height,TENTH RIB HEIGHT,cm,1120.70,53.60,4082,1034.00,1119.00,1211.00,A,"summary tables are for the 4082 men/1986 women in the public data file (report abstract says 7435/3922 total); verified vs raw public data (4082 subjects, mean diff -0.003 cm); percentiles on p.207"
ansur-ii-2012,reports/ansur-ii-2012/ADA611869.pdf,210,ANSUR II Army men 2010-2012,United States,military,Army,M,2010,thigh_circumference,THIGH CIRCUMFERENCE,cm,625.10,58.50,4082,532.00,624.00,723.00,A,"summary tables are for the 4082 men/1986 women in the public data file (report abstract says 7435/3922 total); verified vs raw public data (4082 subjects, mean diff +0.004 cm); percentiles on p.209"
ansur-ii-2012,reports/ansur-ii-2012/ADA611869.pdf,212,ANSUR II Army men 2010-2012,United States,military,Army,M,2010,thigh_clearance,THIGH CLEARANCE,cm,180.50,15.60,4082,157.00,180.00,207.00,A,"summary tables are for the 4082 men/1986 women in the public data file (report abstract says 7435/3922 total); verified vs raw public data (4082 subjects, mean diff -0.004 cm); percentiles on p.211"
ansur-ii-2012,reports/ansur-ii-2012/ADA611869.pdf,214,ANSUR II Army men 2010-2012,United States,military,Army,M,2010,thumbtip_reach,THUMBTIP REACH,cm,811.90,43.70,4082,742.00,811.00,886.00,A,"summary tables are for the 4082 men/1986 women in the public data file (report abstract says 7435/3922 total); verified vs raw public data (4082 subjects, mean diff +0.003 cm); percentiles on p.213"
ansur-ii-2012,reports/ansur-ii-2012/ADA611869.pdf,216,ANSUR II Army men 2010-2012,United States,military,Army,M,2010,other:tibial_height,TIBIAL HEIGHT,cm,468.20,26.60,4082,426.00,467.00,513.00,A,"summary tables are for the 4082 men/1986 women in the public data file (report abstract says 7435/3922 total); verified vs raw public data (4082 subjects, mean diff +0.001 cm); percentiles on p.215"
ansur-ii-2012,reports/ansur-ii-2012/ADA611869.pdf,218,ANSUR II Army men 2010-2012,United States,military,Army,M,2010,other:tragion_top_of_head,TRAGION - TOP OF HEAD,cm,131.10,6.20,4082,,,,A,"summary tables are for the 4082 men/1986 women in the public data file (report abstract says 7435/3922 total); asterisk in report: definition differs from ANSUR 1988; verified vs raw public data (4082 subjects, mean diff +0.005 cm); percentiles on p.217"
ansur-ii-2012,reports/ansur-ii-2012/ADA611869.pdf,220,ANSUR II Army men 2010-2012,United States,military,Army,M,2010,trochanterion_height,TROCHANTERION HEIGHT,cm,900.90,49.20,4082,824.00,899.00,985.00,A,"summary tables are for the 4082 men/1986 women in the public data file (report abstract says 7435/3922 total); verified vs raw public data (4082 subjects, mean diff +0.003 cm); percentiles on p.219"
ansur-ii-2012,reports/ansur-ii-2012/ADA611869.pdf,222,ANSUR II Army men 2010-2012,United States,military,Army,M,2010,vertical_trunk_circumference,VERTICAL TRUNK CIRCUMFERENCE (USA),cm,1664.80,89.50,4082,1519.00,1664.00,1814.00,A,"summary tables are for the 4082 men/1986 women in the public data file (report abstract says 7435/3922 total); verified vs raw public data (4082 subjects, mean diff +0.000 cm); percentiles on p.221"
ansur-ii-2012,reports/ansur-ii-2012/ADA611869.pdf,224,ANSUR II Army men 2010-2012,United States,military,Army,M,2010,other:waist_back_length_omphalion,WAIST BACK LENGTH (OMPHALION),cm,477.60,27.70,4082,433.00,477.00,524.00,A,"summary tables are for the 4082 men/1986 women in the public data file (report abstract says 7435/3922 total); asterisk in report: definition differs from ANSUR 1988; verified vs raw public data (4082 subjects, mean diff +0.001 cm); percentiles on p.223"
ansur-ii-2012,reports/ansur-ii-2012/ADA611869.pdf,226,ANSUR II Army men 2010-2012,United States,military,Army,M,2010,other:waist_breadth,WAIST BREADTH,cm,326.40,34.70,4082,272.00,325.00,385.00,A,"summary tables are for the 4082 men/1986 women in the public data file (report abstract says 7435/3922 total); verified vs raw public data (4082 subjects, mean diff +0.004 cm); percentiles on p.225"
ansur-ii-2012,reports/ansur-ii-2012/ADA611869.pdf,228,ANSUR II Army men 2010-2012,United States,military,Army,M,2010,waist_circumference,WAIST CIRCUMFERENCE (OMPHALION),cm,940.60,111.70,4082,768.00,937.00,1131.00,A,"summary tables are for the 4082 men/1986 women in the public data file (report abstract says 7435/3922 total); verified vs raw public data (4082 subjects, mean diff -0.002 cm); percentiles on p.227"
ansur-ii-2012,reports/ansur-ii-2012/ADA611869.pdf,230,ANSUR II Army men 2010-2012,United States,military,Army,M,2010,other:waist_depth,WAIST DEPTH,cm,237.80,34.70,4082,188.00,234.00,300.00,A,"summary tables are for the 4082 men/1986 women in the public data file (report abstract says 7435/3922 total); verified vs raw public data (4082 subjects, mean diff -0.003 cm); percentiles on p.229"
ansur-ii-2012,reports/ansur-ii-2012/ADA611869.pdf,232,ANSUR II Army men 2010-2012,United States,military,Army,M,2010,other:waist_front_length_sitting,"WAIST FRONT LENGTH, SITTING",cm,387.60,29.30,4082,342.00,386.00,438.00,A,"summary tables are for the 4082 men/1986 women in the public data file (report abstract says 7435/3922 total); verified vs raw public data (4082 subjects, mean diff +0.004 cm); percentiles on p.231"
ansur-ii-2012,reports/ansur-ii-2012/ADA611869.pdf,234,ANSUR II Army men 2010-2012,United States,military,Army,M,2010,other:waist_height_omphalion,WAIST HEIGHT (OMPHALION),cm,1056.50,52.20,4082,972.00,1055.00,1145.00,A,"summary tables are for the 4082 men/1986 women in the public data file (report abstract says 7435/3922 total); verified vs raw public data (4082 subjects, mean diff -0.001 cm); percentiles on p.233"
ansur-ii-2012,reports/ansur-ii-2012/ADA611869.pdf,236,ANSUR II Army men 2010-2012,United States,military,Army,M,2010,mass,WEIGHT,kg,85.52,14.22,4082,64.40,84.60,110.70,A,"summary tables are for the 4082 men/1986 women in the public data file (report abstract says 7435/3922 total); verified vs raw public data (4082 subjects, mean diff +0.004 kg); percentiles on p.235"
ansur-ii-2012,reports/ansur-ii-2012/ADA611869.pdf,238,ANSUR II Army men 2010-2012,United States,military,Army,M,2010,wrist_circumference,WRIST CIRCUMFERENCE,cm,175.90,9.00,4082,162.00,176.00,191.00,A,"summary tables are for the 4082 men/1986 women in the public data file (report abstract says 7435/3922 total); verified vs raw public data (4082 subjects, mean diff +0.002 cm); percentiles on p.237"
ansur-ii-2012,reports/ansur-ii-2012/ADA611869.pdf,240,ANSUR II Army men 2010-2012,United States,military,Army,M,2010,other:wrist_height,WRIST HEIGHT,cm,847.50,41.70,4082,780.00,847.00,917.00,A,"summary tables are for the 4082 men/1986 women in the public data file (report abstract says 7435/3922 total); verified vs raw public data (4082 subjects, mean diff +0.001 cm); percentiles on p.239"
ansur-ii-2012,reports/ansur-ii-2012/ADA611869.pdf,56,ANSUR II Army women 2010-2012,United States,military,Army,F,2010,abdominal_depth_sitting,"ABDOMINAL EXTENSION DEPTH, SITTING",cm,229.70,31.50,1986,184.00,227.00,285.00,A,"summary tables are for the 4082 men/1986 women in the public data file (report abstract says 7435/3922 total); verified vs raw public data (1986 subjects, mean diff -0.005 cm); percentiles on p.55"
ansur-ii-2012,reports/ansur-ii-2012/ADA611869.pdf,58,ANSUR II Army women 2010-2012,United States,military,Army,F,2010,acromion_height,ACROMIAL HEIGHT,cm,1335.10,58.10,1986,1242.00,1332.00,1434.00,A,"summary tables are for the 4082 men/1986 women in the public data file (report abstract says 7435/3922 total); verified vs raw public data (1986 subjects, mean diff -0.000 cm); percentiles on p.57"
ansur-ii-2012,reports/ansur-ii-2012/ADA611869.pdf,60,ANSUR II Army women 2010-2012,United States,military,Army,F,2010,acromion_radiale_length,ACROMION-RADIALE LENGTH,cm,311.20,17.20,1986,283.00,311.00,340.00,A,"summary tables are for the 4082 men/1986 women in the public data file (report abstract says 7435/3922 total); verified vs raw public data (1986 subjects, mean diff -0.000 cm); percentiles on p.59"
ansur-ii-2012,reports/ansur-ii-2012/ADA611869.pdf,62,ANSUR II Army women 2010-2012,United States,military,Army,F,2010,ankle_circumference,ANKLE CIRCUMFERENCE,cm,215.70,14.90,1986,193.00,215.00,242.00,A,"summary tables are for the 4082 men/1986 women in the public data file (report abstract says 7435/3922 total); verified vs raw public data (1986 subjects, mean diff +0.004 cm); percentiles on p.61"
ansur-ii-2012,reports/ansur-ii-2012/ADA611869.pdf,64,ANSUR II Army women 2010-2012,United States,military,Army,F,2010,other:axilla_height,AXILLA HEIGHT,cm,1239.00,55.80,1986,1149.00,1236.00,1333.00,A,"summary tables are for the 4082 men/1986 women in the public data file (report abstract says 7435/3922 total); verified vs raw public data (1986 subjects, mean diff +0.003 cm); percentiles on p.63"
ansur-ii-2012,reports/ansur-ii-2012/ADA611869.pdf,66,ANSUR II Army women 2010-2012,United States,military,Army,F,2010,other:ball_of_foot_circumference,BALL OF FOOT CIRCUMFERENCE,cm,228.10,11.80,1986,209.00,227.00,248.00,A,"summary tables are for the 4082 men/1986 women in the public data file (report abstract says 7435/3922 total); verified vs raw public data (1986 subjects, mean diff +0.001 cm); percentiles on p.65"
ansur-ii-2012,reports/ansur-ii-2012/ADA611869.pdf,68,ANSUR II Army women 2010-2012,United States,military,Army,F,2010,other:ball_of_foot_length,BALL OF FOOT LENGTH,cm,182.10,9.60,1986,167.00,182.00,198.00,A,"summary tables are for the 4082 men/1986 women in the public data file (report abstract says 7435/3922 total); verified vs raw public data (1986 subjects, mean diff -0.005 cm); percentiles on p.67"
ansur-ii-2012,reports/ansur-ii-2012/ADA611869.pdf,70,ANSUR II Army women 2010-2012,United States,military,Army,F,2010,biacromial_breadth,BIACROMIAL BREADTH,cm,365.30,18.30,1986,335.00,365.00,396.00,A,"summary tables are for the 4082 men/1986 women in the public data file (report abstract says 7435/3922 total); verified vs raw public data (1986 subjects, mean diff +0.005 cm); percentiles on p.69"
ansur-ii-2012,reports/ansur-ii-2012/ADA611869.pdf,72,ANSUR II Army women 2010-2012,United States,military,Army,F,2010,biceps_circumference_flexed,"BICEPS CIRCUMFERENCE, FLEXED",cm,305.60,30.80,1986,259.00,304.00,360.00,A,"summary tables are for the 4082 men/1986 women in the public data file (report abstract says 7435/3922 total); verified vs raw public data (1986 subjects, mean diff -0.002 cm); percentiles on p.71"
ansur-ii-2012,reports/ansur-ii-2012/ADA611869.pdf,74,ANSUR II Army women 2010-2012,United States,military,Army,F,2010,bicristal_breadth,BICRISTAL BREADTH,cm,273.30,22.30,1986,237.00,273.00,310.00,A,"summary tables are for the 4082 men/1986 women in the public data file (report abstract says 7435/3922 total); verified vs raw public data (1986 subjects, mean diff -0.000 cm); percentiles on p.73"
ansur-ii-2012,reports/ansur-ii-2012/ADA611869.pdf,76,ANSUR II Army women 2010-2012,United States,military,Army,F,2010,bideltoid_breadth,BIDELTOID BREADTH,cm,450.30,28.70,1986,406.00,450.00,499.00,A,"summary tables are for the 4082 men/1986 women in the public data file (report abstract says 7435/3922 total); verified vs raw public data (1986 subjects, mean diff +0.002 cm); percentiles on p.75"
ansur-ii-2012,reports/ansur-ii-2012/ADA611869.pdf,78,ANSUR II Army women 2010-2012,United States,military,Army,F,2010,other:bimalleolar_breadth,BIMALLEOLAR BREADTH,cm,67.00,3.50,1986,61.00,67.00,73.00,A,"summary tables are for the 4082 men/1986 women in the public data file (report abstract says 7435/3922 total); verified vs raw public data (1986 subjects, mean diff +0.005 cm); percentiles on p.77"
ansur-ii-2012,reports/ansur-ii-2012/ADA611869.pdf,80,ANSUR II Army women 2010-2012,United States,military,Army,F,2010,other:bitragion_chin_arc,BITRAGION CHIN ARC,cm,311.00,14.20,1986,288.00,311.00,335.00,A,"summary tables are for the 4082 men/1986 women in the public data file (report abstract says 7435/3922 total); verified vs raw public data (1986 subjects, mean diff +0.001 cm); percentiles on p.79"
ansur-ii-2012,reports/ansur-ii-2012/ADA611869.pdf,82,ANSUR II Army women 2010-2012,United States,military,Army,F,2010,other:bitragion_submandibular_arc,BITRAGION SUBMANDIBULAR ARC,cm,288.00,15.30,1986,264.00,287.00,313.00,A,"summary tables are for the 4082 men/1986 women in the public data file (report abstract says 7435/3922 total); verified vs raw public data (1986 subjects, mean diff -0.002 cm); percentiles on p.81"
ansur-ii-2012,reports/ansur-ii-2012/ADA611869.pdf,84,ANSUR II Army women 2010-2012,United States,military,Army,F,2010,bizygomatic_breadth,BIZYGOMATIC BREADTH,cm,133.80,5.60,1986,125.00,134.00,143.00,A,"summary tables are for the 4082 men/1986 women in the public data file (report abstract says 7435/3922 total); verified vs raw public data (1986 subjects, mean diff -0.003 cm); percentiles on p.83"
ansur-ii-2012,reports/ansur-ii-2012/ADA611869.pdf,86,ANSUR II Army women 2010-2012,United States,military,Army,F,2010,buttock_circumference,BUTTOCK CIRCUMFERENCE,cm,1021.20,75.90,1986,901.00,1018.00,1156.00,A,"summary tables are for the 4082 men/1986 women in the public data file (report abstract says 7435/3922 total); verified vs raw public data (1986 subjects, mean diff +0.005 cm); percentiles on p.85"
ansur-ii-2012,reports/ansur-ii-2012/ADA611869.pdf,88,ANSUR II Army women 2010-2012,United States,military,Army,F,2010,other:buttock_depth,BUTTOCK DEPTH,cm,232.90,24.30,1986,196.00,231.00,277.00,A,"summary tables are for the 4082 men/1986 women in the public data file (report abstract says 7435/3922 total); verified vs raw public data (1986 subjects, mean diff +0.003 cm); percentiles on p.87"
ansur-ii-2012,reports/ansur-ii-2012/ADA611869.pdf,90,ANSUR II Army women 2010-2012,United States,military,Army,F,2010,other:buttock_height,BUTTOCK HEIGHT,cm,833.70,45.70,1986,761.00,831.00,911.00,A,"summary tables are for the 4082 men/1986 women in the public data file (report abstract says 7435/3922 total); verified vs raw public data (1986 subjects, mean diff +0.004 cm); percentiles on p.89"
ansur-ii-2012,reports/ansur-ii-2012/ADA611869.pdf,92,ANSUR II Army women 2010-2012,United States,military,Army,F,2010,buttock_knee_length,BUTTOCK-KNEE LENGTH,cm,590.60,32.60,1986,541.00,589.00,646.00,A,"summary tables are for the 4082 men/1986 women in the public data file (report abstract says 7435/3922 total); verified vs raw public data (1986 subjects, mean diff -0.001 cm); percentiles on p.91"
ansur-ii-2012,reports/ansur-ii-2012/ADA611869.pdf,94,ANSUR II Army women 2010-2012,United States,military,Army,F,2010,buttock_popliteal_length,BUTTOCK-POPLITEAL LENGTH,cm,485.10,28.70,1986,441.00,483.00,535.00,A,"summary tables are for the 4082 men/1986 women in the public data file (report abstract says 7435/3922 total); verified vs raw public data (1986 subjects, mean diff +0.002 cm); percentiles on p.93"
ansur-ii-2012,reports/ansur-ii-2012/ADA611869.pdf,96,ANSUR II Army women 2010-2012,United States,military,Army,F,2010,calf_circumference,CALF CIRCUMFERENCE,cm,373.30,28.50,1986,328.00,372.00,423.00,A,"summary tables are for the 4082 men/1986 women in the public data file (report abstract says 7435/3922 total); verified vs raw public data (1986 subjects, mean diff -0.004 cm); percentiles on p.95"
ansur-ii-2012,reports/ansur-ii-2012/ADA611869.pdf,98,ANSUR II Army women 2010-2012,United States,military,Army,F,2010,cervicale_height,CERVICALE HEIGHT,cm,1395.70,59.50,1986,1300.00,1393.00,1498.00,A,"summary tables are for the 4082 men/1986 women in the public data file (report abstract says 7435/3922 total); asterisk in report: definition differs from ANSUR 1988; verified vs raw public data (1986 subjects, mean diff -0.003 cm); percentiles on p.97"
ansur-ii-2012,reports/ansur-ii-2012/ADA611869.pdf,100,ANSUR II Army women 2010-2012,United States,military,Army,F,2010,chest_breadth,CHEST BREADTH,cm,269.30,18.60,1986,241.00,268.00,302.00,A,"summary tables are for the 4082 men/1986 women in the public data file (report abstract says 7435/3922 total); asterisk in report: definition differs from ANSUR 1988; verified vs raw public data (1986 subjects, mean diff +0.003 cm); percentiles on p.99"
ansur-ii-2012,reports/ansur-ii-2012/ADA611869.pdf,102,ANSUR II Army women 2010-2012,United States,military,Army,F,2010,chest_circumference,CHEST CIRCUMFERENCE,cm,946.90,82.70,1986,824.00,940.00,1094.00,A,"summary tables are for the 4082 men/1986 women in the public data file (report abstract says 7435/3922 total); asterisk in report: definition differs from ANSUR 1988; verified vs raw public data (1986 subjects, mean diff -0.004 cm); percentiles on p.101"
ansur-ii-2012,reports/ansur-ii-2012/ADA611869.pdf,104,ANSUR II Army women 2010-2012,United States,military,Army,F,2010,chest_depth,CHEST DEPTH,cm,247.40,27.30,1986,205.00,245.00,296.00,A,"summary tables are for the 4082 men/1986 women in the public data file (report abstract says 7435/3922 total); asterisk in report: definition differs from ANSUR 1988; verified vs raw public data (1986 subjects, mean diff +0.000 cm); percentiles on p.103"
ansur-ii-2012,reports/ansur-ii-2012/ADA611869.pdf,106,ANSUR II Army women 2010-2012,United States,military,Army,F,2010,other:chest_height,CHEST HEIGHT,cm,1171.60,55.50,1986,1080.00,1169.00,1266.00,A,"summary tables are for the 4082 men/1986 women in the public data file (report abstract says 7435/3922 total); asterisk in report: definition differs from ANSUR 1988; verified vs raw public data (1986 subjects, mean diff +0.004 cm); percentiles on p.105"
ansur-ii-2012,reports/ansur-ii-2012/ADA611869.pdf,108,ANSUR II Army women 2010-2012,United States,military,Army,F,2010,crotch_height,CROTCH HEIGHT,cm,782.30,44.60,1986,712.00,780.00,857.00,A,"summary tables are for the 4082 men/1986 women in the public data file (report abstract says 7435/3922 total); verified vs raw public data (1986 subjects, mean diff +0.002 cm); percentiles on p.107"
ansur-ii-2012,reports/ansur-ii-2012/ADA611869.pdf,110,ANSUR II Army women 2010-2012,United States,military,Army,F,2010,other:crotch_length_omphalion,CROTCH LENGTH (OMPHALION),cm,620.80,42.40,1986,553.00,619.00,692.00,A,"summary tables are for the 4082 men/1986 women in the public data file (report abstract says 7435/3922 total); verified vs raw public data (1986 subjects, mean diff +0.004 cm); percentiles on p.109"
ansur-ii-2012,reports/ansur-ii-2012/ADA611869.pdf,112,ANSUR II Army women 2010-2012,United States,military,Army,F,2010,other:crotch_length_posterior_omphalion,"CROTCH LENGTH, POSTERIOR (OMPHALION)",cm,341.90,28.60,1986,297.00,341.00,390.00,A,"summary tables are for the 4082 men/1986 women in the public data file (report abstract says 7435/3922 total); verified vs raw public data (1986 subjects, mean diff -0.004 cm); percentiles on p.111"
ansur-ii-2012,reports/ansur-ii-2012/ADA611869.pdf,114,ANSUR II Army women 2010-2012,United States,military,Army,F,2010,other:ear_breadth,EAR BREADTH,cm,33.20,2.80,1986,29.00,33.00,38.00,A,"summary tables are for the 4082 men/1986 women in the public data file (report abstract says 7435/3922 total); verified vs raw public data (1986 subjects, mean diff +0.002 cm); percentiles on p.113"
ansur-ii-2012,reports/ansur-ii-2012/ADA611869.pdf,116,ANSUR II Army women 2010-2012,United States,military,Army,F,2010,ear_length,EAR LENGTH,cm,59.40,3.90,1986,53.00,60.00,66.00,A,"summary tables are for the 4082 men/1986 women in the public data file (report abstract says 7435/3922 total); verified vs raw public data (1986 subjects, mean diff -0.004 cm); percentiles on p.115"
ansur-ii-2012,reports/ansur-ii-2012/ADA611869.pdf,118,ANSUR II Army women 2010-2012,United States,military,Army,F,2010,other:ear_protrusion,EAR PROTRUSION,cm,20.40,2.70,1986,16.00,20.00,25.00,A,"summary tables are for the 4082 men/1986 women in the public data file (report abstract says 7435/3922 total); verified vs raw public data (1986 subjects, mean diff -0.001 cm); percentiles on p.117"
ansur-ii-2012,reports/ansur-ii-2012/ADA611869.pdf,120,ANSUR II Army women 2010-2012,United States,military,Army,F,2010,elbow_rest_height,ELBOW REST HEIGHT,cm,232.40,26.30,1986,189.00,233.00,276.00,A,"summary tables are for the 4082 men/1986 women in the public data file (report abstract says 7435/3922 total); verified vs raw public data (1986 subjects, mean diff +0.002 cm); percentiles on p.119"
ansur-ii-2012,reports/ansur-ii-2012/ADA611869.pdf,122,ANSUR II Army women 2010-2012,United States,military,Army,F,2010,eye_height_sitting,"EYE HEIGHT, SITTING",cm,747.70,30.40,1986,698.00,748.00,799.00,A,"summary tables are for the 4082 men/1986 women in the public data file (report abstract says 7435/3922 total); verified vs raw public data (1986 subjects, mean diff -0.001 cm); percentiles on p.121"
ansur-ii-2012,reports/ansur-ii-2012/ADA611869.pdf,124,ANSUR II Army women 2010-2012,United States,military,Army,F,2010,foot_breadth,"FOOT BREADTH, HORIZONTAL",cm,92.70,4.80,1986,85.00,93.00,101.00,A,"summary tables are for the 4082 men/1986 women in the public data file (report abstract says 7435/3922 total); verified vs raw public data (1986 subjects, mean diff +0.001 cm); percentiles on p.123"
ansur-ii-2012,reports/ansur-ii-2012/ADA611869.pdf,126,ANSUR II Army women 2010-2012,United States,military,Army,F,2010,foot_length,FOOT LENGTH,cm,246.30,12.40,1986,226.00,246.00,268.00,A,"summary tables are for the 4082 men/1986 women in the public data file (report abstract says 7435/3922 total); verified vs raw public data (1986 subjects, mean diff -0.001 cm); percentiles on p.125"
ansur-ii-2012,reports/ansur-ii-2012/ADA611869.pdf,128,ANSUR II Army women 2010-2012,United States,military,Army,F,2010,other:forearm_center_of_grip_length,FOREARM-CENTER OF GRIP LENGTH,cm,317.70,18.00,1986,290.00,316.00,350.00,A,"summary tables are for the 4082 men/1986 women in the public data file (report abstract says 7435/3922 total); verified vs raw public data (1986 subjects, mean diff +0.001 cm); percentiles on p.127"
ansur-ii-2012,reports/ansur-ii-2012/ADA611869.pdf,130,ANSUR II Army women 2010-2012,United States,military,Army,F,2010,forearm_circumference_flexed,"FOREARM CIRCUMFERENCE, FLEXED",cm,264.10,18.50,1986,235.00,263.00,296.00,A,"summary tables are for the 4082 men/1986 women in the public data file (report abstract says 7435/3922 total); verified vs raw public data (1986 subjects, mean diff -0.002 cm); percentiles on p.129"
ansur-ii-2012,reports/ansur-ii-2012/ADA611869.pdf,132,ANSUR II Army women 2010-2012,United States,military,Army,F,2010,forearm_forearm_breadth,FOREARM-FOREARM BREADTH,cm,494.80,41.00,1986,432.00,492.00,564.00,A,"summary tables are for the 4082 men/1986 women in the public data file (report abstract says 7435/3922 total); verified vs raw public data (1986 subjects, mean diff +0.003 cm); percentiles on p.131"
ansur-ii-2012,reports/ansur-ii-2012/ADA611869.pdf,134,ANSUR II Army women 2010-2012,United States,military,Army,F,2010,other:forearm_hand_length,FOREARM-HAND LENGTH,cm,439.90,23.40,1986,404.00,438.00,480.00,A,"summary tables are for the 4082 men/1986 women in the public data file (report abstract says 7435/3922 total); verified vs raw public data (1986 subjects, mean diff -0.004 cm); percentiles on p.133"
ansur-ii-2012,reports/ansur-ii-2012/ADA611869.pdf,136,ANSUR II Army women 2010-2012,United States,military,Army,F,2010,other:functional_leg_length,FUNCTIONAL LEG LENGTH,cm,1044.30,54.00,1986,960.00,1042.00,1136.00,A,"summary tables are for the 4082 men/1986 women in the public data file (report abstract says 7435/3922 total); verified vs raw public data (1986 subjects, mean diff -0.002 cm); percentiles on p.135"
ansur-ii-2012,reports/ansur-ii-2012/ADA611869.pdf,138,ANSUR II Army women 2010-2012,United States,military,Army,F,2010,hand_breadth,HAND BREADTH,cm,78.20,3.80,1986,72.00,78.00,85.00,A,"summary tables are for the 4082 men/1986 women in the public data file (report abstract says 7435/3922 total); verified vs raw public data (1986 subjects, mean diff -0.005 cm); percentiles on p.137"
ansur-ii-2012,reports/ansur-ii-2012/ADA611869.pdf,140,ANSUR II Army women 2010-2012,United States,military,Army,F,2010,hand_circumference,HAND CIRCUMFERENCE,cm,186.60,8.80,1986,173.00,187.00,202.00,A,"summary tables are for the 4082 men/1986 women in the public data file (report abstract says 7435/3922 total); verified vs raw public data (1986 subjects, mean diff -0.005 cm); percentiles on p.139"
ansur-ii-2012,reports/ansur-ii-2012/ADA611869.pdf,142,ANSUR II Army women 2010-2012,United States,military,Army,F,2010,hand_length,HAND LENGTH,cm,181.10,10.10,1986,165.00,180.00,199.00,A,"summary tables are for the 4082 men/1986 women in the public data file (report abstract says 7435/3922 total); verified vs raw public data (1986 subjects, mean diff -0.002 cm); percentiles on p.141"
ansur-ii-2012,reports/ansur-ii-2012/ADA611869.pdf,144,ANSUR II Army women 2010-2012,United States,military,Army,F,2010,head_breadth,HEAD BREADTH,cm,147.80,5.20,1986,,,,A,"summary tables are for the 4082 men/1986 women in the public data file (report abstract says 7435/3922 total); asterisk in report: definition differs from ANSUR 1988; verified vs raw public data (1986 subjects, mean diff -0.003 cm); percentiles on p.143"
ansur-ii-2012,reports/ansur-ii-2012/ADA611869.pdf,146,ANSUR II Army women 2010-2012,United States,military,Army,F,2010,head_circumference,HEAD CIRCUMFERENCE,cm,561.10,19.40,1986,,,,A,"summary tables are for the 4082 men/1986 women in the public data file (report abstract says 7435/3922 total); asterisk in report: definition differs from ANSUR 1988; verified vs raw public data (1986 subjects, mean diff +0.002 cm); percentiles on p.145"
ansur-ii-2012,reports/ansur-ii-2012/ADA611869.pdf,148,ANSUR II Army women 2010-2012,United States,military,Army,F,2010,head_length,HEAD LENGTH,cm,189.80,7.40,1986,,,,A,"summary tables are for the 4082 men/1986 women in the public data file (report abstract says 7435/3922 total); asterisk in report: definition differs from ANSUR 1988; verified vs raw public data (1986 subjects, mean diff +0.002 cm); percentiles on p.147"
ansur-ii-2012,reports/ansur-ii-2012/ADA611869.pdf,150,ANSUR II Army women 2010-2012,United States,military,Army,F,2010,other:heel_ankle_circumference,HEEL-ANKLE CIRCUMFERENCE,cm,310.30,15.30,1986,287.00,310.00,337.00,A,"summary tables are for the 4082 men/1986 women in the public data file (report abstract says 7435/3922 total); verified vs raw public data (1986 subjects, mean diff +0.002 cm); percentiles on p.149"
ansur-ii-2012,reports/ansur-ii-2012/ADA611869.pdf,152,ANSUR II Army women 2010-2012,United States,military,Army,F,2010,other:heel_breadth,HEEL BREADTH,cm,67.20,5.20,1986,60.00,67.00,76.00,A,"summary tables are for the 4082 men/1986 women in the public data file (report abstract says 7435/3922 total); verified vs raw public data (1986 subjects, mean diff -0.004 cm); percentiles on p.151"
ansur-ii-2012,reports/ansur-ii-2012/ADA611869.pdf,154,ANSUR II Army women 2010-2012,United States,military,Army,F,2010,other:hip_breadth,HIP BREADTH,cm,353.80,26.70,1986,311.00,353.00,400.00,A,"summary tables are for the 4082 men/1986 women in the public data file (report abstract says 7435/3922 total); verified vs raw public data (1986 subjects, mean diff +0.004 cm); percentiles on p.153"
ansur-ii-2012,reports/ansur-ii-2012/ADA611869.pdf,156,ANSUR II Army women 2010-2012,United States,military,Army,F,2010,hip_breadth_sitting,"HIP BREADTH, SITTING",cm,399.00,32.70,1986,348.00,397.00,456.00,A,"summary tables are for the 4082 men/1986 women in the public data file (report abstract says 7435/3922 total); verified vs raw public data (1986 subjects, mean diff -0.004 cm); percentiles on p.155"
ansur-ii-2012,reports/ansur-ii-2012/ADA611869.pdf,158,ANSUR II Army women 2010-2012,United States,military,Army,F,2010,iliocristale_height,ILIOCRISTALE HEIGHT,cm,995.70,49.70,1986,918.00,993.00,1080.00,A,"summary tables are for the 4082 men/1986 women in the public data file (report abstract says 7435/3922 total); verified vs raw public data (1986 subjects, mean diff +0.003 cm); percentiles on p.157"
ansur-ii-2012,reports/ansur-ii-2012/ADA611869.pdf,160,ANSUR II Army women 2010-2012,United States,military,Army,F,2010,interpupillary_breadth,INTERPUPILLARY BREADTH,cm,61.70,3.60,1986,55.50,62.00,67.50,A,"summary tables are for the 4082 men/1986 women in the public data file (report abstract says 7435/3922 total); verified vs raw public data (1986 subjects, mean diff +0.001 cm); percentiles on p.159"
ansur-ii-2012,reports/ansur-ii-2012/ADA611869.pdf,162,ANSUR II Army women 2010-2012,United States,military,Army,F,2010,other:interscye_i,INTERSCYE I,cm,373.40,29.80,1986,326.00,373.00,423.00,A,"summary tables are for the 4082 men/1986 women in the public data file (report abstract says 7435/3922 total); verified vs raw public data (1986 subjects, mean diff -0.004 cm); percentiles on p.161"
ansur-ii-2012,reports/ansur-ii-2012/ADA611869.pdf,164,ANSUR II Army women 2010-2012,United States,military,Army,F,2010,other:interscye_ii,INTERSCYE II,cm,395.70,25.70,1986,354.00,396.00,438.00,A,"summary tables are for the 4082 men/1986 women in the public data file (report abstract says 7435/3922 total); verified vs raw public data (1986 subjects, mean diff +0.001 cm); percentiles on p.163"
ansur-ii-2012,reports/ansur-ii-2012/ADA611869.pdf,166,ANSUR II Army women 2010-2012,United States,military,Army,F,2010,other:knee_height_midpatella,"KNEE HEIGHT, MIDPATELLA",cm,449.00,26.00,1986,408.00,448.00,493.00,A,"summary tables are for the 4082 men/1986 women in the public data file (report abstract says 7435/3922 total); verified vs raw public data (1986 subjects, mean diff +0.005 cm); percentiles on p.165"
ansur-ii-2012,reports/ansur-ii-2012/ADA611869.pdf,168,ANSUR II Army women 2010-2012,United States,military,Army,F,2010,knee_height_sitting,"KNEE HEIGHT, SITTING",cm,511.30,27.10,1986,469.00,510.00,557.00,A,"summary tables are for the 4082 men/1986 women in the public data file (report abstract says 7435/3922 total); verified vs raw public data (1986 subjects, mean diff -0.001 cm); percentiles on p.167"
ansur-ii-2012,reports/ansur-ii-2012/ADA611869.pdf,170,ANSUR II Army women 2010-2012,United States,military,Army,F,2010,other:lateral_femoral_epicondyle_height,LATERAL FEMORAL EPICONDYLE HEIGHT,cm,465.90,27.10,1986,422.00,465.00,511.00,A,"summary tables are for the 4082 men/1986 women in the public data file (report abstract says 7435/3922 total); verified vs raw public data (1986 subjects, mean diff +0.004 cm); percentiles on p.169"
ansur-ii-2012,reports/ansur-ii-2012/ADA611869.pdf,172,ANSUR II Army women 2010-2012,United States,military,Army,F,2010,other:lateral_malleolus_height,LATERAL MALLEOLUS HEIGHT,cm,62.70,5.10,1986,54.00,63.00,71.00,A,"summary tables are for the 4082 men/1986 women in the public data file (report abstract says 7435/3922 total); verified vs raw public data (1986 subjects, mean diff +0.005 cm); percentiles on p.171"
ansur-ii-2012,reports/ansur-ii-2012/ADA611869.pdf,174,ANSUR II Army women 2010-2012,United States,military,Army,F,2010,other:lower_thigh_circumference,LOWER THIGH CIRCUMFERENCE,cm,400.70,35.20,1986,347.00,398.00,465.00,A,"summary tables are for the 4082 men/1986 women in the public data file (report abstract says 7435/3922 total); verified vs raw public data (1986 subjects, mean diff +0.001 cm); percentiles on p.173"
ansur-ii-2012,reports/ansur-ii-2012/ADA611869.pdf,176,ANSUR II Army women 2010-2012,United States,military,Army,F,2010,menton_sellion_length,MENTON-SELLION LENGTH,cm,113.10,6.10,1986,104.00,113.00,123.00,A,"summary tables are for the 4082 men/1986 women in the public data file (report abstract says 7435/3922 total); verified vs raw public data (1986 subjects, mean diff -0.001 cm); percentiles on p.175"
ansur-ii-2012,reports/ansur-ii-2012/ADA611869.pdf,178,ANSUR II Army women 2010-2012,United States,military,Army,F,2010,neck_circumference,NECK CIRCUMFERENCE,cm,329.80,19.20,1986,302.00,328.00,363.00,A,"summary tables are for the 4082 men/1986 women in the public data file (report abstract says 7435/3922 total); verified vs raw public data (1986 subjects, mean diff -0.000 cm); percentiles on p.177"
ansur-ii-2012,reports/ansur-ii-2012/ADA611869.pdf,180,ANSUR II Army women 2010-2012,United States,military,Army,F,2010,neck_circumference_base,"NECK CIRCUMFERENCE, BASE",cm,371.20,19.70,1986,340.00,370.00,405.00,A,"summary tables are for the 4082 men/1986 women in the public data file (report abstract says 7435/3922 total); verified vs raw public data (1986 subjects, mean diff -0.004 cm); percentiles on p.179"
ansur-ii-2012,reports/ansur-ii-2012/ADA611869.pdf,182,ANSUR II Army women 2010-2012,United States,military,Army,F,2010,other:overhead_fingertip_reach_sitting,"OVERHEAD FINGERTIP REACH, SITTING",cm,1309.70,62.40,1986,1207.00,1309.00,1413.00,A,"summary tables are for the 4082 men/1986 women in the public data file (report abstract says 7435/3922 total); verified vs raw public data (1986 subjects, mean diff +0.004 cm); percentiles on p.181"
ansur-ii-2012,reports/ansur-ii-2012/ADA611869.pdf,184,ANSUR II Army women 2010-2012,United States,military,Army,F,2010,other:palm_length,PALM LENGTH,cm,108.70,5.90,1986,100.00,108.00,119.00,A,"summary tables are for the 4082 men/1986 women in the public data file (report abstract says 7435/3922 total); verified vs raw public data (1986 subjects, mean diff -0.000 cm); percentiles on p.183"
ansur-ii-2012,reports/ansur-ii-2012/ADA611869.pdf,186,ANSUR II Army women 2010-2012,United States,military,Army,F,2010,popliteal_height,POPLITEAL HEIGHT,cm,388.20,23.60,1986,350.00,387.00,428.00,A,"summary tables are for the 4082 men/1986 women in the public data file (report abstract says 7435/3922 total); verified vs raw public data (1986 subjects, mean diff -0.000 cm); percentiles on p.185"
ansur-ii-2012,reports/ansur-ii-2012/ADA611869.pdf,188,ANSUR II Army women 2010-2012,United States,military,Army,F,2010,radiale_stylion_length,RADIALE-STYLION LENGTH,cm,241.30,15.20,1986,218.00,240.00,268.00,A,"summary tables are for the 4082 men/1986 women in the public data file (report abstract says 7435/3922 total); verified vs raw public data (1986 subjects, mean diff +0.003 cm); percentiles on p.187"
ansur-ii-2012,reports/ansur-ii-2012/ADA611869.pdf,190,ANSUR II Army women 2010-2012,United States,military,Army,F,2010,shoulder_circumference,SHOULDER CIRCUMFERENCE,cm,1028.20,52.90,1986,944.00,1027.00,1119.00,A,"summary tables are for the 4082 men/1986 women in the public data file (report abstract says 7435/3922 total); asterisk in report: definition differs from ANSUR 1988; verified vs raw public data (1986 subjects, mean diff -0.001 cm); percentiles on p.189"
ansur-ii-2012,reports/ansur-ii-2012/ADA611869.pdf,192,ANSUR II Army women 2010-2012,United States,military,Army,F,2010,shoulder_elbow_length,SHOULDER-ELBOW LENGTH,cm,334.30,17.30,1986,307.00,334.00,363.00,A,"summary tables are for the 4082 men/1986 women in the public data file (report abstract says 7435/3922 total); verified vs raw public data (1986 subjects, mean diff -0.000 cm); percentiles on p.191"
ansur-ii-2012,reports/ansur-ii-2012/ADA611869.pdf,194,ANSUR II Army women 2010-2012,United States,military,Army,F,2010,shoulder_length,SHOULDER LENGTH,cm,135.40,10.30,1986,120.00,135.00,153.00,A,"summary tables are for the 4082 men/1986 women in the public data file (report abstract says 7435/3922 total); verified vs raw public data (1986 subjects, mean diff +0.001 cm); percentiles on p.193"
ansur-ii-2012,reports/ansur-ii-2012/ADA611869.pdf,196,ANSUR II Army women 2010-2012,United States,military,Army,F,2010,sitting_height,SITTING HEIGHT,cm,856.60,33.10,1986,803.00,857.00,912.00,A,"summary tables are for the 4082 men/1986 women in the public data file (report abstract says 7435/3922 total); verified vs raw public data (1986 subjects, mean diff +0.003 cm); percentiles on p.195"
ansur-ii-2012,reports/ansur-ii-2012/ADA611869.pdf,198,ANSUR II Army women 2010-2012,United States,military,Army,F,2010,other:sleeve_length_spine_wrist,SLEEVE LENGTH: SPINE-WRIST,cm,806.70,37.90,1986,746.00,805.00,870.00,A,"summary tables are for the 4082 men/1986 women in the public data file (report abstract says 7435/3922 total); verified vs raw public data (1986 subjects, mean diff -0.001 cm); percentiles on p.197"
ansur-ii-2012,reports/ansur-ii-2012/ADA611869.pdf,200,ANSUR II Army women 2010-2012,United States,military,Army,F,2010,sleeve_outseam,SLEEVE OUTSEAM,cm,543.60,29.40,1986,497.00,542.00,594.00,A,"summary tables are for the 4082 men/1986 women in the public data file (report abstract says 7435/3922 total); verified vs raw public data (1986 subjects, mean diff -0.005 cm); percentiles on p.199"
ansur-ii-2012,reports/ansur-ii-2012/ADA611869.pdf,202,ANSUR II Army women 2010-2012,United States,military,Army,F,2010,span,SPAN,cm,1660.30,83.00,1986,1529.00,1657.00,1803.00,A,"summary tables are for the 4082 men/1986 women in the public data file (report abstract says 7435/3922 total); verified vs raw public data (1986 subjects, mean diff -0.001 cm); percentiles on p.201"
ansur-ii-2012,reports/ansur-ii-2012/ADA611869.pdf,204,ANSUR II Army women 2010-2012,United States,military,Army,F,2010,stature,STATURE,cm,1628.50,64.20,1986,1525.00,1626.00,1740.00,A,"summary tables are for the 4082 men/1986 women in the public data file (report abstract says 7435/3922 total); verified vs raw public data (1986 subjects, mean diff -0.003 cm); percentiles on p.203"
ansur-ii-2012,reports/ansur-ii-2012/ADA611869.pdf,206,ANSUR II Army women 2010-2012,United States,military,Army,F,2010,suprasternale_height,SUPRASTERNALE HEIGHT,cm,1329.70,57.20,1986,1236.00,1326.00,1428.00,A,"summary tables are for the 4082 men/1986 women in the public data file (report abstract says 7435/3922 total); verified vs raw public data (1986 subjects, mean diff -0.001 cm); percentiles on p.205"
ansur-ii-2012,reports/ansur-ii-2012/ADA611869.pdf,208,ANSUR II Army women 2010-2012,United States,military,Army,F,2010,other:tenth_rib_height,TENTH RIB HEIGHT,cm,1056.30,50.00,1986,976.00,1054.00,1140.00,A,"summary tables are for the 4082 men/1986 women in the public data file (report abstract says 7435/3922 total); verified vs raw public data (1986 subjects, mean diff -0.004 cm); percentiles on p.207"
ansur-ii-2012,reports/ansur-ii-2012/ADA611869.pdf,210,ANSUR II Army women 2010-2012,United States,military,Army,F,2010,thigh_circumference,THIGH CIRCUMFERENCE,cm,616.10,55.80,1986,527.00,613.00,711.00,A,"summary tables are for the 4082 men/1986 women in the public data file (report abstract says 7435/3922 total); verified vs raw public data (1986 subjects, mean diff +0.005 cm); percentiles on p.209"
ansur-ii-2012,reports/ansur-ii-2012/ADA611869.pdf,212,ANSUR II Army women 2010-2012,United States,military,Army,F,2010,thigh_clearance,THIGH CLEARANCE,cm,167.90,14.10,1986,145.00,167.00,191.00,A,"summary tables are for the 4082 men/1986 women in the public data file (report abstract says 7435/3922 total); verified vs raw public data (1986 subjects, mean diff -0.004 cm); percentiles on p.211"
ansur-ii-2012,reports/ansur-ii-2012/ADA611869.pdf,214,ANSUR II Army women 2010-2012,United States,military,Army,F,2010,thumbtip_reach,THUMBTIP REACH,cm,744.00,42.80,1986,674.00,742.00,816.00,A,"summary tables are for the 4082 men/1986 women in the public data file (report abstract says 7435/3922 total); verified vs raw public data (1986 subjects, mean diff +0.001 cm); percentiles on p.213"
ansur-ii-2012,reports/ansur-ii-2012/ADA611869.pdf,216,ANSUR II Army women 2010-2012,United States,military,Army,F,2010,other:tibial_height,TIBIAL HEIGHT,cm,437.80,25.00,1986,399.00,437.00,479.00,A,"summary tables are for the 4082 men/1986 women in the public data file (report abstract says 7435/3922 total); verified vs raw public data (1986 subjects, mean diff -0.003 cm); percentiles on p.215"
ansur-ii-2012,reports/ansur-ii-2012/ADA611869.pdf,218,ANSUR II Army women 2010-2012,United States,military,Army,F,2010,other:tragion_top_of_head,TRAGION - TOP OF HEAD,cm,126.50,6.50,1986,,,,A,"summary tables are for the 4082 men/1986 women in the public data file (report abstract says 7435/3922 total); asterisk in report: definition differs from ANSUR 1988; verified vs raw public data (1986 subjects, mean diff -0.002 cm); percentiles on p.217"
ansur-ii-2012,reports/ansur-ii-2012/ADA611869.pdf,220,ANSUR II Army women 2010-2012,United States,military,Army,F,2010,trochanterion_height,TROCHANTERION HEIGHT,cm,845.40,44.70,1986,774.00,844.00,919.00,A,"summary tables are for the 4082 men/1986 women in the public data file (report abstract says 7435/3922 total); verified vs raw public data (1986 subjects, mean diff -0.005 cm); percentiles on p.219"
ansur-ii-2012,reports/ansur-ii-2012/ADA611869.pdf,222,ANSUR II Army women 2010-2012,United States,military,Army,F,2010,vertical_trunk_circumference,VERTICAL TRUNK CIRCUMFERENCE (USA),cm,1559.40,76.00,1986,1440.00,1555.00,1685.00,A,"summary tables are for the 4082 men/1986 women in the public data file (report abstract says 7435/3922 total); verified vs raw public data (1986 subjects, mean diff +0.001 cm); percentiles on p.221"
ansur-ii-2012,reports/ansur-ii-2012/ADA611869.pdf,224,ANSUR II Army women 2010-2012,United States,military,Army,F,2010,other:waist_back_length_omphalion,WAIST BACK LENGTH (OMPHALION),cm,425.40,26.40,1986,384.00,424.00,470.00,A,"summary tables are for the 4082 men/1986 women in the public data file (report abstract says 7435/3922 total); asterisk in report: definition differs from ANSUR 1988; verified vs raw public data (1986 subjects, mean diff +0.000 cm); percentiles on p.223"
ansur-ii-2012,reports/ansur-ii-2012/ADA611869.pdf,226,ANSUR II Army women 2010-2012,United States,military,Army,F,2010,other:waist_breadth,WAIST BREADTH,cm,299.90,33.00,1986,250.00,298.00,356.00,A,"summary tables are for the 4082 men/1986 women in the public data file (report abstract says 7435/3922 total); verified vs raw public data (1986 subjects, mean diff -0.001 cm); percentiles on p.225"
ansur-ii-2012,reports/ansur-ii-2012/ADA611869.pdf,228,ANSUR II Army women 2010-2012,United States,military,Army,F,2010,waist_circumference,WAIST CIRCUMFERENCE (OMPHALION),cm,860.90,99.90,1986,710.00,852.00,1040.00,A,"summary tables are for the 4082 men/1986 women in the public data file (report abstract says 7435/3922 total); verified vs raw public data (1986 subjects, mean diff +0.001 cm); percentiles on p.227"
ansur-ii-2012,reports/ansur-ii-2012/ADA611869.pdf,230,ANSUR II Army women 2010-2012,United States,military,Army,F,2010,other:waist_depth,WAIST DEPTH,cm,213.00,31.40,1986,169.00,209.00,271.00,A,"summary tables are for the 4082 men/1986 women in the public data file (report abstract says 7435/3922 total); verified vs raw public data (1986 subjects, mean diff +0.003 cm); percentiles on p.229"
ansur-ii-2012,reports/ansur-ii-2012/ADA611869.pdf,232,ANSUR II Army women 2010-2012,United States,military,Army,F,2010,other:waist_front_length_sitting,"WAIST FRONT LENGTH, SITTING",cm,355.10,23.90,1986,317.00,355.00,396.00,A,"summary tables are for the 4082 men/1986 women in the public data file (report abstract says 7435/3922 total); verified vs raw public data (1986 subjects, mean diff +0.004 cm); percentiles on p.231"
ansur-ii-2012,reports/ansur-ii-2012/ADA611869.pdf,234,ANSUR II Army women 2010-2012,United States,military,Army,F,2010,other:waist_height_omphalion,WAIST HEIGHT (OMPHALION),cm,980.10,50.00,1986,900.00,977.00,1064.00,A,"summary tables are for the 4082 men/1986 women in the public data file (report abstract says 7435/3922 total); verified vs raw public data (1986 subjects, mean diff +0.005 cm); percentiles on p.233"
ansur-ii-2012,reports/ansur-ii-2012/ADA611869.pdf,236,ANSUR II Army women 2010-2012,United States,military,Army,F,2010,mass,WEIGHT,kg,67.76,10.98,1986,51.30,66.80,87.10,A,"summary tables are for the 4082 men/1986 women in the public data file (report abstract says 7435/3922 total); verified vs raw public data (1986 subjects, mean diff -0.002 kg); percentiles on p.235"
ansur-ii-2012,reports/ansur-ii-2012/ADA611869.pdf,238,ANSUR II Army women 2010-2012,United States,military,Army,F,2010,wrist_circumference,WRIST CIRCUMFERENCE,cm,154.80,7.80,1986,142.00,154.00,168.00,A,"summary tables are for the 4082 men/1986 women in the public data file (report abstract says 7435/3922 total); verified vs raw public data (1986 subjects, mean diff -0.001 cm); percentiles on p.237"
ansur-ii-2012,reports/ansur-ii-2012/ADA611869.pdf,240,ANSUR II Army women 2010-2012,United States,military,Army,F,2010,other:wrist_height,WRIST HEIGHT,cm,794.20,38.20,1986,732.00,794.00,860.00,A,"summary tables are for the 4082 men/1986 women in the public data file (report abstract says 7435/3922 total); verified vs raw public data (1986 subjects, mean diff -0.001 cm); percentiles on p.239"
mc-ansur-2010,reports/mc-ansur-2010/ADA581918.pdf,57,MC-ANSUR Marine men 2010,United States,military,Marine Corps,M,2010,abdominal_depth_sitting,"ABDOMINAL EXTENSION DEPTH, SITTING",cm,239.90,28.00,1300,199.00,237.00,287.00,A,percentiles on p.56
mc-ansur-2010,reports/mc-ansur-2010/ADA581918.pdf,59,MC-ANSUR Marine men 2010,United States,military,Marine Corps,M,2010,acromion_height,ACROMIAL HEIGHT,cm,1433.70,63.80,1301,1331.10,1430.00,1544.00,A,percentiles on p.58
mc-ansur-2010,reports/mc-ansur-2010/ADA581918.pdf,61,MC-ANSUR Marine men 2010,United States,military,Marine Corps,M,2010,acromion_radiale_length,ACROMION-RADIALE LENGTH,cm,334.80,17.30,1301,308.00,334.00,364.00,A,percentiles on p.60
mc-ansur-2010,reports/mc-ansur-2010/ADA581918.pdf,63,MC-ANSUR Marine men 2010,United States,military,Marine Corps,M,2010,other:acromion_wall_depth,ACROMION-WALL DEPTH,cm,124.80,16.80,1301,97.10,125.00,152.00,A,percentiles on p.62
mc-ansur-2010,reports/mc-ansur-2010/ADA581918.pdf,65,MC-ANSUR Marine men 2010,United States,military,Marine Corps,M,2010,ankle_circumference,ANKLE CIRCUMFERENCE,cm,226.90,13.60,1300,205.00,227.00,250.00,A,percentiles on p.64
mc-ansur-2010,reports/mc-ansur-2010/ADA581918.pdf,67,MC-ANSUR Marine men 2010,United States,military,Marine Corps,M,2010,other:axilla_height,AXILLA HEIGHT,cm,1326.70,60.10,1301,1230.00,1324.00,1431.90,A,percentiles on p.66
mc-ansur-2010,reports/mc-ansur-2010/ADA581918.pdf,69,MC-ANSUR Marine men 2010,United States,military,Marine Corps,M,2010,other:ball_of_foot_circumference,BALL OF FOOT CIRCUMFERENCE,cm,251.90,12.90,1301,231.00,251.00,274.00,A,percentiles on p.68
mc-ansur-2010,reports/mc-ansur-2010/ADA581918.pdf,71,MC-ANSUR Marine men 2010,United States,military,Marine Corps,M,2010,other:ball_of_foot_length,BALL OF FOOT LENGTH,cm,200.30,10.10,1299,185.00,200.00,217.00,A,percentiles on p.70
mc-ansur-2010,reports/mc-ansur-2010/ADA581918.pdf,73,MC-ANSUR Marine men 2010,United States,military,Marine Corps,M,2010,biacromial_breadth,BIACROMIAL BREADTH,cm,408.80,19.70,1300,376.00,408.50,442.00,A,percentiles on p.72
mc-ansur-2010,reports/mc-ansur-2010/ADA581918.pdf,75,MC-ANSUR Marine men 2010,United States,military,Marine Corps,M,2010,biceps_circumference_flexed,"BICEPS CIRCUMFERENCE, FLEXED",cm,349.20,31.20,1301,299.10,348.00,402.00,A,percentiles on p.74
mc-ansur-2010,reports/mc-ansur-2010/ADA581918.pdf,77,MC-ANSUR Marine men 2010,United States,military,Marine Corps,M,2010,bicristal_breadth,BICRISTAL BREADTH,cm,270.50,17.60,1301,242.10,270.00,300.00,A,percentiles on p.76
mc-ansur-2010,reports/mc-ansur-2010/ADA581918.pdf,79,MC-ANSUR Marine men 2010,United States,military,Marine Corps,M,2010,bideltoid_breadth,BIDELTOID BREADTH,cm,497.90,27.70,1301,454.00,498.00,544.00,A,percentiles on p.78
mc-ansur-2010,reports/mc-ansur-2010/ADA581918.pdf,81,MC-ANSUR Marine men 2010,United States,military,Marine Corps,M,2010,other:bimalleolar_breadth,BIMALLEOLAR BREADTH,cm,73.30,3.90,1301,67.00,73.00,80.00,A,percentiles on p.80
mc-ansur-2010,reports/mc-ansur-2010/ADA581918.pdf,83,MC-ANSUR Marine men 2010,United States,military,Marine Corps,M,2010,other:bitragion_chin_arc,BITRAGION CHIN ARC,cm,329.50,13.60,1301,307.10,330.00,353.00,A,percentiles on p.82
mc-ansur-2010,reports/mc-ansur-2010/ADA581918.pdf,85,MC-ANSUR Marine men 2010,United States,military,Marine Corps,M,2010,other:bitragion_submandibular_arc,BITRAGION SUBMANDIBULAR ARC,cm,309.10,14.70,1301,285.00,308.00,334.00,A,percentiles on p.84
mc-ansur-2010,reports/mc-ansur-2010/ADA581918.pdf,87,MC-ANSUR Marine men 2010,United States,military,Marine Corps,M,2010,bizygomatic_breadth,BIZYGOMATIC BREADTH,cm,142.80,5.90,1300,133.00,143.00,153.00,A,percentiles on p.86
mc-ansur-2010,reports/mc-ansur-2010/ADA581918.pdf,89,MC-ANSUR Marine men 2010,United States,military,Marine Corps,M,2010,buttock_circumference,BUTTOCK CIRCUMFERENCE,cm,1006.00,67.70,1301,898.00,1004.00,1122.80,A,percentiles on p.88
mc-ansur-2010,reports/mc-ansur-2010/ADA581918.pdf,91,MC-ANSUR Marine men 2010,United States,military,Marine Corps,M,2010,other:buttock_depth,BUTTOCK DEPTH,cm,237.30,21.70,1301,202.00,237.00,275.00,A,percentiles on p.90
mc-ansur-2010,reports/mc-ansur-2010/ADA581918.pdf,93,MC-ANSUR Marine men 2010,United States,military,Marine Corps,M,2010,other:buttock_height,BUTTOCK HEIGHT,cm,888.10,47.10,1301,813.10,886.00,971.90,A,percentiles on p.92
mc-ansur-2010,reports/mc-ansur-2010/ADA581918.pdf,95,MC-ANSUR Marine men 2010,United States,military,Marine Corps,M,2010,buttock_knee_length,BUTTOCK-KNEE LENGTH,cm,613.20,30.70,1301,,613.00,667.90,A,percentiles on p.94; some percentiles omitted (OCR)
mc-ansur-2010,reports/mc-ansur-2010/ADA581918.pdf,97,MC-ANSUR Marine men 2010,United States,military,Marine Corps,M,2010,buttock_popliteal_length,BUTTOCK-POPLITEAL LENGTH,cm,494.50,27.00,1301,451.00,495.00,543.00,A,percentiles on p.96
mc-ansur-2010,reports/mc-ansur-2010/ADA581918.pdf,99,MC-ANSUR Marine men 2010,United States,military,Marine Corps,M,2010,calf_circumference,CALF CIRCUMFERENCE,cm,384.10,26.40,1300,342.00,384.00,429.00,A,percentiles on p.98
mc-ansur-2010,reports/mc-ansur-2010/ADA581918.pdf,101,MC-ANSUR Marine men 2010,United States,military,Marine Corps,M,2010,cervicale_height,CERVICALE HEIGHT,cm,1510.70,63.60,1301,1410.00,1509.00,1622.00,A,asterisk in report: definition differs from ANSUR 1988; percentiles on p.100
mc-ansur-2010,reports/mc-ansur-2010/ADA581918.pdf,103,MC-ANSUR Marine men 2010,United States,military,Marine Corps,M,2010,chest_breadth,CHEST BREADTH,cm,284.70,17.80,1301,256.10,284.00,315.00,A,asterisk in report: definition differs from ANSUR 1988; percentiles on p.102
mc-ansur-2010,reports/mc-ansur-2010/ADA581918.pdf,105,MC-ANSUR Marine men 2010,United States,military,Marine Corps,M,2010,chest_circumference,CHEST CIRCUMFERENCE,cm,1030.20,75.90,1301,913.00,1029.00,1159.00,A,asterisk in report: definition differs from ANSUR 1988; percentiles on p.104
mc-ansur-2010,reports/mc-ansur-2010/ADA581918.pdf,107,MC-ANSUR Marine men 2010,United States,military,Marine Corps,M,2010,chest_depth,CHEST DEPTH,cm,245.40,21.90,1301,210.00,246.00,282.00,A,asterisk in report: definition differs from ANSUR 1988; percentiles on p.106
mc-ansur-2010,reports/mc-ansur-2010/ADA581918.pdf,109,MC-ANSUR Marine men 2010,United States,military,Marine Corps,M,2010,other:chest_height,CHEST HEIGHT,cm,1291.00,58.40,1301,1201.10,1289.00,1390.90,A,asterisk in report: definition differs from ANSUR 1988; percentiles on p.108
mc-ansur-2010,reports/mc-ansur-2010/ADA581918.pdf,111,MC-ANSUR Marine men 2010,United States,military,Marine Corps,M,2010,crotch_height,CROTCH HEIGHT,cm,854.90,46.30,1301,783.00,852.00,934.00,A,percentiles on p.110
mc-ansur-2010,reports/mc-ansur-2010/ADA581918.pdf,113,MC-ANSUR Marine men 2010,United States,military,Marine Corps,M,2010,other:crotch_length_omphalion,CROTCH LENGTH (OMPHALION),cm,645.50,43.10,1301,575.00,643.00,717.00,A,percentiles on p.112
mc-ansur-2010,reports/mc-ansur-2010/ADA581918.pdf,115,MC-ANSUR Marine men 2010,United States,military,Marine Corps,M,2010,other:crotch_length_posterior_omphalion,"CROTCH LENGTH, POSTERIOR (OMPHALION)",cm,360.00,27.40,1300,318.00,359.00,405.00,A,percentiles on p.114
mc-ansur-2010,reports/mc-ansur-2010/ADA581918.pdf,117,MC-ANSUR Marine men 2010,United States,military,Marine Corps,M,2010,other:ear_breadth,EAR BREADTH,cm,36.10,2.70,1301,32.00,36.00,41.00,A,percentiles on p.116
mc-ansur-2010,reports/mc-ansur-2010/ADA581918.pdf,119,MC-ANSUR Marine men 2010,United States,military,Marine Corps,M,2010,ear_length,EAR LENGTH,cm,64.70,4.10,1301,58.00,65.00,71.00,A,percentiles on p.118
mc-ansur-2010,reports/mc-ansur-2010/ADA581918.pdf,121,MC-ANSUR Marine men 2010,United States,military,Marine Corps,M,2010,other:ear_protrusion,EAR PROTRUSION,cm,23.40,3.10,1301,19.00,23.00,29.00,A,percentiles on p.120
mc-ansur-2010,reports/mc-ansur-2010/ADA581918.pdf,123,MC-ANSUR Marine men 2010,United States,military,Marine Corps,M,2010,elbow_rest_height,ELBOW REST HEIGHT,cm,243.00,27.60,1301,198.00,243.00,289.90,A,percentiles on p.122
mc-ansur-2010,reports/mc-ansur-2010/ADA581918.pdf,125,MC-ANSUR Marine men 2010,United States,military,Marine Corps,M,2010,eye_height_sitting,"EYE HEIGHT, SITTING",cm,802.10,34.40,1300,746.10,801.50,859.00,A,percentiles on p.124
mc-ansur-2010,reports/mc-ansur-2010/ADA581918.pdf,127,MC-ANSUR Marine men 2010,United States,military,Marine Corps,M,2010,foot_breadth,"FOOT BREADTH, HORIZONTAL",cm,101.20,5.30,1300,93.00,101.00,110.00,A,percentiles on p.126
mc-ansur-2010,reports/mc-ansur-2010/ADA581918.pdf,129,MC-ANSUR Marine men 2010,United States,military,Marine Corps,M,2010,foot_length,FOOT LENGTH,cm,271.00,12.80,1300,251.00,271.00,293.00,A,percentiles on p.128
mc-ansur-2010,reports/mc-ansur-2010/ADA581918.pdf,131,MC-ANSUR Marine men 2010,United States,military,Marine Corps,M,2010,other:forearm_center_of_grip_length,FOREARM-CENTER OF GRIP LENGTH,cm,350.20,17.50,1301,323.00,350.00,381.00,A,percentiles on p.130
mc-ansur-2010,reports/mc-ansur-2010/ADA581918.pdf,133,MC-ANSUR Marine men 2010,United States,military,Marine Corps,M,2010,forearm_circumference_flexed,"FOREARM CIRCUMFERENCE, FLEXED",cm,307.30,20.40,1301,275.00,306.00,341.00,A,percentiles on p.132
mc-ansur-2010,reports/mc-ansur-2010/ADA581918.pdf,135,MC-ANSUR Marine men 2010,United States,military,Marine Corps,M,2010,forearm_forearm_breadth,FOREARM-FOREARM BREADTH,cm,556.10,46.40,1301,482.00,556.00,633.00,A,percentiles on p.134
mc-ansur-2010,reports/mc-ansur-2010/ADA581918.pdf,137,MC-ANSUR Marine men 2010,United States,military,Marine Corps,M,2010,other:forearm_hand_length,FOREARM-HAND LENGTH,cm,476.90,22.90,1301,442.00,475.00,518.00,A,percentiles on p.136
mc-ansur-2010,reports/mc-ansur-2010/ADA581918.pdf,139,MC-ANSUR Marine men 2010,United States,military,Marine Corps,M,2010,other:functional_leg_length,FUNCTIONAL LEG LENGTH,cm,1134.00,55.70,1301,1043.10,1131.00,1230.00,A,percentiles on p.138
mc-ansur-2010,reports/mc-ansur-2010/ADA581918.pdf,141,MC-ANSUR Marine men 2010,United States,military,Marine Corps,M,2010,hand_breadth,HAND BREADTH,cm,89.50,4.40,1301,83.00,89.00,97.00,A,percentiles on p.140
mc-ansur-2010,reports/mc-ansur-2010/ADA581918.pdf,143,MC-ANSUR Marine men 2010,United States,military,Marine Corps,M,2010,hand_circumference,HAND CIRCUMFERENCE,cm,211.00,9.90,1301,195.00,210.00,228.00,A,percentiles on p.142
mc-ansur-2010,reports/mc-ansur-2010/ADA581918.pdf,145,MC-ANSUR Marine men 2010,United States,military,Marine Corps,M,2010,hand_length,HAND LENGTH,cm,193.80,9.60,1301,179.00,193.00,211.00,A,percentiles on p.144
mc-ansur-2010,reports/mc-ansur-2010/ADA581918.pdf,147,MC-ANSUR Marine men 2010,United States,military,Marine Corps,M,2010,head_breadth,HEAD BREADTH,cm,154.00,5.40,1300,146.00,154.00,163.00,A,percentiles on p.146
mc-ansur-2010,reports/mc-ansur-2010/ADA581918.pdf,149,MC-ANSUR Marine men 2010,United States,military,Marine Corps,M,2010,head_circumference,HEAD CIRCUMFERENCE,cm,571.00,15.20,1301,546.00,571.00,595.00,A,percentiles on p.148
mc-ansur-2010,reports/mc-ansur-2010/ADA581918.pdf,151,MC-ANSUR Marine men 2010,United States,military,Marine Corps,M,2010,head_length,HEAD LENGTH,cm,198.90,6.80,1301,188.00,199.00,210.00,A,percentiles on p.150
mc-ansur-2010,reports/mc-ansur-2010/ADA581918.pdf,153,MC-ANSUR Marine men 2010,United States,military,Marine Corps,M,2010,other:heel_ankle_circumference,HEEL-ANKLE CIRCUMFERENCE,cm,339.90,16.00,1301,314.00,340.00,367.00,A,percentiles on p.152
mc-ansur-2010,reports/mc-ansur-2010/ADA581918.pdf,155,MC-ANSUR Marine men 2010,United States,military,Marine Corps,M,2010,other:heel_breadth,HEEL BREADTH,cm,70.50,4.80,1301,63.00,70.00,78.00,A,percentiles on p.154
mc-ansur-2010,reports/mc-ansur-2010/ADA581918.pdf,157,MC-ANSUR Marine men 2010,United States,military,Marine Corps,M,2010,other:hip_breadth,HIP BREADTH,cm,342.30,21.90,1301,308.00,341.00,381.00,A,percentiles on p.156
mc-ansur-2010,reports/mc-ansur-2010/ADA581918.pdf,159,MC-ANSUR Marine men 2010,United States,military,Marine Corps,M,2010,hip_breadth_sitting,"HIP BREADTH, SITTING",cm,373.10,26.40,1301,333.00,371.00,421.00,A,percentiles on p.158
mc-ansur-2010,reports/mc-ansur-2010/ADA581918.pdf,161,MC-ANSUR Marine men 2010,United States,military,Marine Corps,M,2010,iliocristale_height,ILIOCRISTALE HEIGHT,cm,1060.30,53.30,1300,979.10,1057.50,1151.00,A,percentiles on p.160
mc-ansur-2010,reports/mc-ansur-2010/ADA581918.pdf,163,MC-ANSUR Marine men 2010,United States,military,Marine Corps,M,2010,interpupillary_breadth,INTERPUPILLARY BREADTH,cm,63.50,3.40,1300,58.50,63.50,69.00,A,percentiles on p.162
mc-ansur-2010,reports/mc-ansur-2010/ADA581918.pdf,165,MC-ANSUR Marine men 2010,United States,military,Marine Corps,M,2010,other:interscye_i,INTERSCYE I,cm,424.00,33.30,1300,368.10,424.50,479.90,A,percentiles on p.164
mc-ansur-2010,reports/mc-ansur-2010/ADA581918.pdf,167,MC-ANSUR Marine men 2010,United States,military,Marine Corps,M,2010,other:interscye_ii,INTERSCYE II,cm,442.80,29.20,1301,392.00,445.00,490.00,A,percentiles on p.166
mc-ansur-2010,reports/mc-ansur-2010/ADA581918.pdf,169,MC-ANSUR Marine men 2010,United States,military,Marine Corps,M,2010,other:knee_height_midpatella,"KNEE HEIGHT, MIDPATELLA",cm,495.30,27.90,1301,452.00,493.00,543.00,A,percentiles on p.168
mc-ansur-2010,reports/mc-ansur-2010/ADA581918.pdf,171,MC-ANSUR Marine men 2010,United States,military,Marine Corps,M,2010,knee_height_sitting,"KNEE HEIGHT, SITTING",cm,554.00,28.10,1301,509.00,554.00,602.00,A,percentiles on p.170
mc-ansur-2010,reports/mc-ansur-2010/ADA581918.pdf,173,MC-ANSUR Marine men 2010,United States,military,Marine Corps,M,2010,other:lateral_femoral_epicondyle_height,LATERAL FEMORAL EPICONDYLE HEIGHT,cm,493.70,26.00,1301,453.00,493.00,537.90,A,percentiles on p.172
mc-ansur-2010,reports/mc-ansur-2010/ADA581918.pdf,175,MC-ANSUR Marine men 2010,United States,military,Marine Corps,M,2010,other:lateral_malleolus_height,LATERAL MALLEOLUS HEIGHT,cm,69.40,7.00,1301,57.00,70.00,80.00,A,percentiles on p.174
mc-ansur-2010,reports/mc-ansur-2010/ADA581918.pdf,177,MC-ANSUR Marine men 2010,United States,military,Marine Corps,M,2010,other:lower_thigh_circumference,LOWER THIGH CIRCUMFERENCE,cm,402.80,29.70,1301,356.10,402.00,453.00,A,percentiles on p.176
mc-ansur-2010,reports/mc-ansur-2010/ADA581918.pdf,179,MC-ANSUR Marine men 2010,United States,military,Marine Corps,M,2010,menton_sellion_length,MENTON-SELLION LENGTH,cm,124.00,6.60,1301,114.00,124.00,135.00,A,percentiles on p.178
mc-ansur-2010,reports/mc-ansur-2010/ADA581918.pdf,181,MC-ANSUR Marine men 2010,United States,military,Marine Corps,M,2010,neck_circumference,NECK CIRCUMFERENCE,cm,390.90,21.70,1301,357.00,390.00,427.00,A,percentiles on p.180
mc-ansur-2010,reports/mc-ansur-2010/ADA581918.pdf,183,MC-ANSUR Marine men 2010,United States,military,Marine Corps,M,2010,neck_circumference_base,"NECK CIRCUMFERENCE, BASE",cm,431.10,21.90,1301,397.00,430.00,468.00,A,percentiles on p.182
mc-ansur-2010,reports/mc-ansur-2010/ADA581918.pdf,185,MC-ANSUR Marine men 2010,United States,military,Marine Corps,M,2010,other:overhead_fingertip_reach_sitting,"OVERHEAD FINGERTIP REACH, SITTING",cm,1447.70,61.30,1301,1352.00,1446.00,1553.00,A,percentiles on p.184
mc-ansur-2010,reports/mc-ansur-2010/ADA581918.pdf,187,MC-ANSUR Marine men 2010,United States,military,Marine Corps,M,2010,other:palm_length,PALM LENGTH,cm,116.40,6.20,1301,107.00,116.00,127.00,A,percentiles on p.186
mc-ansur-2010,reports/mc-ansur-2010/ADA581918.pdf,189,MC-ANSUR Marine men 2010,United States,military,Marine Corps,M,2010,popliteal_height,POPLITEAL HEIGHT,cm,426.70,24.50,1301,388.00,426.00,,A,percentiles on p.188; some percentiles omitted (OCR)
mc-ansur-2010,reports/mc-ansur-2010/ADA581918.pdf,191,MC-ANSUR Marine men 2010,United States,military,Marine Corps,M,2010,radiale_stylion_length,RADIALE-STYLION LENGTH,cm,265.40,14.80,1301,242.00,264.00,291.00,A,percentiles on p.190
mc-ansur-2010,reports/mc-ansur-2010/ADA581918.pdf,193,MC-ANSUR Marine men 2010,United States,military,Marine Corps,M,2010,shoulder_circumference,SHOULDER CIRCUMFERENCE,cm,1163.20,59.00,1301,1066.00,1164.00,1266.00,A,asterisk in report: definition differs from ANSUR 1988; percentiles on p.192
mc-ansur-2010,reports/mc-ansur-2010/ADA581918.pdf,195,MC-ANSUR Marine men 2010,United States,military,Marine Corps,M,2010,shoulder_elbow_length,SHOULDER-ELBOW LENGTH,cm,363.70,17.80,1301,335.10,363.00,394.00,A,percentiles on p.194
mc-ansur-2010,reports/mc-ansur-2010/ADA581918.pdf,197,MC-ANSUR Marine men 2010,United States,military,Marine Corps,M,2010,shoulder_length,SHOULDER LENGTH,cm,148.30,10.60,1301,132.00,148.00,167.00,A,percentiles on p.196
mc-ansur-2010,reports/mc-ansur-2010/ADA581918.pdf,199,MC-ANSUR Marine men 2010,United States,military,Marine Corps,M,2010,sitting_height,SITTING HEIGHT,cm,919.10,35.60,1301,860.10,918.00,978.00,A,percentiles on p.198
mc-ansur-2010,reports/mc-ansur-2010/ADA581918.pdf,201,MC-ANSUR Marine men 2010,United States,military,Marine Corps,M,2010,other:sleeve_length_spine_wrist,SLEEVE LENGTH: SPINE-WRIST,cm,883.70,39.30,1301,821.00,883.00,950.00,A,percentiles on p.200
mc-ansur-2010,reports/mc-ansur-2010/ADA581918.pdf,203,MC-ANSUR Marine men 2010,United States,military,Marine Corps,M,2010,sleeve_outseam,SLEEVE OUTSEAM,cm,589.70,30.20,1301,542.10,589.00,642.00,A,percentiles on p.202
mc-ansur-2010,reports/mc-ansur-2010/ADA581918.pdf,205,MC-ANSUR Marine men 2010,United States,military,Marine Corps,M,2010,span,SPAN,cm,1811.90,80.60,1300,1689.10,1809.00,1952.00,A,percentiles on p.204
mc-ansur-2010,reports/mc-ansur-2010/ADA581918.pdf,207,MC-ANSUR Marine men 2010,United States,military,Marine Corps,M,2010,stature,STATURE,cm,1753.40,69.70,1301,1647.00,1750.00,1873.00,A,percentiles on p.206
mc-ansur-2010,reports/mc-ansur-2010/ADA581918.pdf,209,MC-ANSUR Marine men 2010,United States,military,Marine Corps,M,2010,suprasternale_height,SUPRASTERNALE HEIGHT,cm,1435.00,61.70,1301,1338.00,1433.00,1543.00,A,percentiles on p.208
mc-ansur-2010,reports/mc-ansur-2010/ADA581918.pdf,211,MC-ANSUR Marine men 2010,United States,military,Marine Corps,M,2010,other:tenth_rib_height,TENTH RIB HEIGHT,cm,1111.40,53.60,1301,1026.10,1110.00,1205.00,A,percentiles on p.210
mc-ansur-2010,reports/mc-ansur-2010/ADA581918.pdf,213,MC-ANSUR Marine men 2010,United States,military,Marine Corps,M,2010,thigh_circumference,THIGH CIRCUMFERENCE,cm,612.20,53.60,1301,524.00,613.00,702.00,A,percentiles on p.212
mc-ansur-2010,reports/mc-ansur-2010/ADA581918.pdf,215,MC-ANSUR Marine men 2010,United States,military,Marine Corps,M,2010,thigh_clearance,THIGH CLEARANCE,cm,179.10,13.90,1301,157.00,178.00,202.00,A,percentiles on p.214
mc-ansur-2010,reports/mc-ansur-2010/ADA581918.pdf,217,MC-ANSUR Marine men 2010,United States,military,Marine Corps,M,2010,thumbtip_reach,THUMBTIP REACH,cm,794.40,39.00,1300,731.00,790.00,864.00,A,percentiles on p.216
mc-ansur-2010,reports/mc-ansur-2010/ADA581918.pdf,219,MC-ANSUR Marine men 2010,United States,military,Marine Corps,M,2010,other:tibial_height,TIBIAL HEIGHT,cm,478.30,26.00,1301,438.00,478.00,523.90,A,percentiles on p.218
mc-ansur-2010,reports/mc-ansur-2010/ADA581918.pdf,221,MC-ANSUR Marine men 2010,United States,military,Marine Corps,M,2010,other:tragion_top_of_head,TRAGION - TOP OF HEAD,cm,131.50,6.40,1301,121.00,132.00,142.00,A,percentiles on p.220
mc-ansur-2010,reports/mc-ansur-2010/ADA581918.pdf,223,MC-ANSUR Marine men 2010,United States,military,Marine Corps,M,2010,trochanterion_height,TROCHANTERION HEIGHT,cm,914.50,48.00,1301,837.00,912.00,997.00,A,percentiles on p.222
mc-ansur-2010,reports/mc-ansur-2010/ADA581918.pdf,225,MC-ANSUR Marine men 2010,United States,military,Marine Corps,M,2010,vertical_trunk_circumference,VERTICAL TRUNK CIRCUMFERENCE (USA),cm,1657.40,79.10,1301,1526.10,1656.00,1789.90,A,percentiles on p.224
mc-ansur-2010,reports/mc-ansur-2010/ADA581918.pdf,227,MC-ANSUR Marine men 2010,United States,military,Marine Corps,M,2010,other:waist_back_length_omphalion,WAIST BACK LENGTH (OMPHALION),cm,463.50,27.10,1301,420.00,462.00,507.00,A,asterisk in report: definition differs from ANSUR 1988; percentiles on p.226
mc-ansur-2010,reports/mc-ansur-2010/ADA581918.pdf,229,MC-ANSUR Marine men 2010,United States,military,Marine Corps,M,2010,other:waist_breadth,WAIST BREADTH,cm,311.50,29.70,1301,266.00,310.00,362.00,A,percentiles on p.228
mc-ansur-2010,reports/mc-ansur-2010/ADA581918.pdf,231,MC-ANSUR Marine men 2010,United States,military,Marine Corps,M,2010,waist_circumference,WAIST CIRCUMFERENCE (OMPHALION),cm,884.00,89.00,1301,752.00,878.00,1037.00,A,percentiles on p.230
mc-ansur-2010,reports/mc-ansur-2010/ADA581918.pdf,233,MC-ANSUR Marine men 2010,United States,military,Marine Corps,M,2010,other:waist_depth,WAIST DEPTH,cm,219.40,25.60,1301,182.00,217.00,263.90,A,percentiles on p.232
mc-ansur-2010,reports/mc-ansur-2010/ADA581918.pdf,235,MC-ANSUR Marine men 2010,United States,military,Marine Corps,M,2010,other:waist_front_length_sitting,"WAIST FRONT LENGTH, SITTING",cm,386.10,25.90,1301,345.00,385.00,430.00,A,percentiles on p.234
mc-ansur-2010,reports/mc-ansur-2010/ADA581918.pdf,237,MC-ANSUR Marine men 2010,United States,military,Marine Corps,M,2010,other:waist_height_omphalion,WAIST HEIGHT (OMPHALION),cm,1059.40,51.90,1301,978.00,1057.00,1152.00,A,percentiles on p.236
mc-ansur-2010,reports/mc-ansur-2010/ADA581918.pdf,239,MC-ANSUR Marine men 2010,United States,military,Marine Corps,M,2010,mass,WEIGHT,kg,80.60,11.88,1297,62.48,79.90,101.72,A,percentiles on p.238
mc-ansur-2010,reports/mc-ansur-2010/ADA581918.pdf,241,MC-ANSUR Marine men 2010,United States,military,Marine Corps,M,2010,wrist_circumference,WRIST CIRCUMFERENCE,cm,176.90,8.30,1301,164.00,176.00,191.00,A,percentiles on p.240
mc-ansur-2010,reports/mc-ansur-2010/ADA581918.pdf,243,MC-ANSUR Marine men 2010,United States,military,Marine Corps,M,2010,other:wrist_height,WRIST HEIGHT,cm,837.50,42.10,1300,,835.00,911.00,A,percentiles on p.242; some percentiles omitted (OCR)
mc-ansur-2010,reports/mc-ansur-2010/ADA581918.pdf,57,MC-ANSUR Marine women 2010,United States,military,Marine Corps,F,2010,abdominal_depth_sitting,"ABDOMINAL EXTENSION DEPTH, SITTING",cm,222.20,25.80,620,186.00,219.00,266.00,A,percentiles on p.56
mc-ansur-2010,reports/mc-ansur-2010/ADA581918.pdf,59,MC-ANSUR Marine women 2010,United States,military,Marine Corps,F,2010,acromion_height,ACROMIAL HEIGHT,cm,1331.20,55.50,620,1242.00,1333.00,1430.00,A,percentiles on p.58
mc-ansur-2010,reports/mc-ansur-2010/ADA581918.pdf,61,MC-ANSUR Marine women 2010,United States,military,Marine Corps,F,2010,acromion_radiale_length,ACROMION-RADIALE LENGTH,cm,310.90,15.60,620,285.10,311.00,337.00,A,percentiles on p.60
mc-ansur-2010,reports/mc-ansur-2010/ADA581918.pdf,63,MC-ANSUR Marine women 2010,United States,military,Marine Corps,F,2010,other:acromion_wall_depth,ACROMION-WALL DEPTH,cm,113.30,17.00,620,85.00,114.00,141.00,A,percentiles on p.62
mc-ansur-2010,reports/mc-ansur-2010/ADA581918.pdf,65,MC-ANSUR Marine women 2010,United States,military,Marine Corps,F,2010,ankle_circumference,ANKLE CIRCUMFERENCE,cm,211.80,11.80,620,193.00,211.00,231.00,A,percentiles on p.64
mc-ansur-2010,reports/mc-ansur-2010/ADA581918.pdf,67,MC-ANSUR Marine women 2010,United States,military,Marine Corps,F,2010,other:axilla_height,AXILLA HEIGHT,cm,1235.60,53.10,620,,1238.00,,A,percentiles on p.66; some percentiles omitted (OCR)
mc-ansur-2010,reports/mc-ansur-2010/ADA581918.pdf,69,MC-ANSUR Marine women 2010,United States,military,Marine Corps,F,2010,other:ball_of_foot_circumference,BALL OF FOOT CIRCUMFERENCE,cm,226.70,10.50,620,210.00,226.00,245.00,A,percentiles on p.68
mc-ansur-2010,reports/mc-ansur-2010/ADA581918.pdf,71,MC-ANSUR Marine women 2010,United States,military,Marine Corps,F,2010,other:ball_of_foot_length,BALL OF FOOT LENGTH,cm,180.90,9.30,620,167.00,180.00,196.00,A,percentiles on p.70
mc-ansur-2010,reports/mc-ansur-2010/ADA581918.pdf,73,MC-ANSUR Marine women 2010,United States,military,Marine Corps,F,2010,biacromial_breadth,BIACROMIAL BREADTH,cm,358.50,16.30,618,330.00,359.00,386.00,A,percentiles on p.72
mc-ansur-2010,reports/mc-ansur-2010/ADA581918.pdf,75,MC-ANSUR Marine women 2010,United States,military,Marine Corps,F,2010,biceps_circumference_flexed,"BICEPS CIRCUMFERENCE, FLEXED",cm,290.70,21.90,620,256.00,289.00,327.00,A,percentiles on p.74
mc-ansur-2010,reports/mc-ansur-2010/ADA581918.pdf,77,MC-ANSUR Marine women 2010,United States,military,Marine Corps,F,2010,bicristal_breadth,BICRISTAL BREADTH,cm,263.60,19.30,620,231.00,264.00,294.00,A,percentiles on p.76
mc-ansur-2010,reports/mc-ansur-2010/ADA581918.pdf,79,MC-ANSUR Marine women 2010,United States,military,Marine Corps,F,2010,bideltoid_breadth,BIDELTOID BREADTH,cm,441.90,22.20,620,,441.00,482.00,A,percentiles on p.78; some percentiles omitted (OCR)
mc-ansur-2010,reports/mc-ansur-2010/ADA581918.pdf,81,MC-ANSUR Marine women 2010,United States,military,Marine Corps,F,2010,other:bimalleolar_breadth,BIMALLEOLAR BREADTH,cm,65.30,3.30,620,60.00,65.00,,A,percentiles on p.80; some percentiles omitted (OCR)
mc-ansur-2010,reports/mc-ansur-2010/ADA581918.pdf,83,MC-ANSUR Marine women 2010,United States,military,Marine Corps,F,2010,other:bitragion_chin_arc,BITRAGION CHIN ARC,cm,306.70,12.80,620,285.00,306.00,328.00,A,percentiles on p.82
mc-ansur-2010,reports/mc-ansur-2010/ADA581918.pdf,85,MC-ANSUR Marine women 2010,United States,military,Marine Corps,F,2010,other:bitragion_submandibular_arc,BITRAGION SUBMANDIBULAR ARC,cm,278.80,12.40,620,258.00,278.00,298.00,A,percentiles on p.84
mc-ansur-2010,reports/mc-ansur-2010/ADA581918.pdf,87,MC-ANSUR Marine women 2010,United States,military,Marine Corps,F,2010,bizygomatic_breadth,BIZYGOMATIC BREADTH,cm,133.10,5.20,620,125.00,133.00,142.00,A,percentiles on p.86
mc-ansur-2010,reports/mc-ansur-2010/ADA581918.pdf,89,MC-ANSUR Marine women 2010,United States,military,Marine Corps,F,2010,buttock_circumference,BUTTOCK CIRCUMFERENCE,cm,990.20,62.00,620,890.00,987.00,1092.00,A,percentiles on p.88
mc-ansur-2010,reports/mc-ansur-2010/ADA581918.pdf,91,MC-ANSUR Marine women 2010,United States,military,Marine Corps,F,2010,other:buttock_depth,BUTTOCK DEPTH,cm,219.80,20.20,620,188.10,218.00,254.00,A,percentiles on p.90
mc-ansur-2010,reports/mc-ansur-2010/ADA581918.pdf,93,MC-ANSUR Marine women 2010,United States,military,Marine Corps,F,2010,other:buttock_height,BUTTOCK HEIGHT,cm,838.30,42.10,620,,838.00,908.00,A,percentiles on p.92; some percentiles omitted (OCR)
mc-ansur-2010,reports/mc-ansur-2010/ADA581918.pdf,95,MC-ANSUR Marine women 2010,United States,military,Marine Corps,F,2010,buttock_knee_length,BUTTOCK-KNEE LENGTH,cm,582.50,29.60,620,538.00,580.00,632.00,A,percentiles on p.94
mc-ansur-2010,reports/mc-ansur-2010/ADA581918.pdf,97,MC-ANSUR Marine women 2010,United States,military,Marine Corps,F,2010,buttock_popliteal_length,BUTTOCK-POPLITEAL LENGTH,cm,472.40,25.50,620,432.10,471.50,516.00,A,percentiles on p.96
mc-ansur-2010,reports/mc-ansur-2010/ADA581918.pdf,99,MC-ANSUR Marine women 2010,United States,military,Marine Corps,F,2010,calf_circumference,CALF CIRCUMFERENCE,cm,363.10,24.30,620,327.00,362.00,405.00,A,percentiles on p.98
mc-ansur-2010,reports/mc-ansur-2010/ADA581918.pdf,101,MC-ANSUR Marine women 2010,United States,military,Marine Corps,F,2010,cervicale_height,CERVICALE HEIGHT,cm,1391.30,57.00,620,1300.00,1391.50,1490.00,A,asterisk in report: definition differs from ANSUR 1988; percentiles on p.100
mc-ansur-2010,reports/mc-ansur-2010/ADA581918.pdf,103,MC-ANSUR Marine women 2010,United States,military,Marine Corps,F,2010,chest_breadth,CHEST BREADTH,cm,260.00,16.50,620,235.00,259.00,288.00,A,asterisk in report: definition differs from ANSUR 1988; percentiles on p.102
mc-ansur-2010,reports/mc-ansur-2010/ADA581918.pdf,105,MC-ANSUR Marine women 2010,United States,military,Marine Corps,F,2010,chest_circumference,CHEST CIRCUMFERENCE,cm,922.00,64.00,620,821.10,920.00,1029.00,A,asterisk in report: definition differs from ANSUR 1988; percentiles on p.104
mc-ansur-2010,reports/mc-ansur-2010/ADA581918.pdf,107,MC-ANSUR Marine women 2010,United States,military,Marine Corps,F,2010,chest_depth,CHEST DEPTH,cm,238.20,21.60,619,204.00,237.00,276.00,A,asterisk in report: definition differs from ANSUR 1988; percentiles on p.106
mc-ansur-2010,reports/mc-ansur-2010/ADA581918.pdf,109,MC-ANSUR Marine women 2010,United States,military,Marine Corps,F,2010,other:chest_height,CHEST HEIGHT,cm,1172.20,51.80,620,1091.00,1172.00,1259.00,A,asterisk in report: definition differs from ANSUR 1988; percentiles on p.108
mc-ansur-2010,reports/mc-ansur-2010/ADA581918.pdf,111,MC-ANSUR Marine women 2010,United States,military,Marine Corps,F,2010,crotch_height,CROTCH HEIGHT,cm,786.90,40.50,620,722.00,787.00,852.00,A,percentiles on p.110
mc-ansur-2010,reports/mc-ansur-2010/ADA581918.pdf,113,MC-ANSUR Marine women 2010,United States,military,Marine Corps,F,2010,other:crotch_length_omphalion,CROTCH LENGTH (OMPHALION),cm,605.60,38.10,620,544.10,604.00,665.00,A,percentiles on p.112
mc-ansur-2010,reports/mc-ansur-2010/ADA581918.pdf,115,MC-ANSUR Marine women 2010,United States,military,Marine Corps,F,2010,other:crotch_length_posterior_omphalion,"CROTCH LENGTH, POSTERIOR (OMPHALION)",cm,343.80,27.50,620,297.00,344.00,387.00,A,percentiles on p.114
mc-ansur-2010,reports/mc-ansur-2010/ADA581918.pdf,117,MC-ANSUR Marine women 2010,United States,military,Marine Corps,F,2010,other:ear_breadth,EAR BREADTH,cm,33.40,2.50,620,29.00,33.00,38.00,A,percentiles on p.116
mc-ansur-2010,reports/mc-ansur-2010/ADA581918.pdf,119,MC-ANSUR Marine women 2010,United States,military,Marine Corps,F,2010,ear_length,EAR LENGTH,cm,59.80,3.80,620,54.00,60.00,67.00,A,percentiles on p.118
mc-ansur-2010,reports/mc-ansur-2010/ADA581918.pdf,121,MC-ANSUR Marine women 2010,United States,military,Marine Corps,F,2010,other:ear_protrusion,EAR PROTRUSION,cm,21.10,3.00,620,17.00,21.00,27.00,A,percentiles on p.120
mc-ansur-2010,reports/mc-ansur-2010/ADA581918.pdf,123,MC-ANSUR Marine women 2010,United States,military,Marine Corps,F,2010,elbow_rest_height,ELBOW REST HEIGHT,cm,232.20,26.10,620,188.00,232.00,272.00,A,percentiles on p.122
mc-ansur-2010,reports/mc-ansur-2010/ADA581918.pdf,125,MC-ANSUR Marine women 2010,United States,military,Marine Corps,F,2010,eye_height_sitting,"EYE HEIGHT, SITTING",cm,749.90,31.00,620,700.10,750.00,803.00,A,percentiles on p.124
mc-ansur-2010,reports/mc-ansur-2010/ADA581918.pdf,127,MC-ANSUR Marine women 2010,United States,military,Marine Corps,F,2010,foot_breadth,"FOOT BREADTH, HORIZONTAL",cm,91.10,4.50,620,84.00,91.00,99.00,A,percentiles on p.126
mc-ansur-2010,reports/mc-ansur-2010/ADA581918.pdf,129,MC-ANSUR Marine women 2010,United States,military,Marine Corps,F,2010,foot_length,FOOT LENGTH,cm,244.40,11.90,620,227.00,244.00,265.00,A,percentiles on p.128
mc-ansur-2010,reports/mc-ansur-2010/ADA581918.pdf,131,MC-ANSUR Marine women 2010,United States,military,Marine Corps,F,2010,other:forearm_center_of_grip_length,FOREARM-CENTER OF GRIP LENGTH,cm,317.90,16.30,619,292.00,317.00,345.00,A,percentiles on p.130
mc-ansur-2010,reports/mc-ansur-2010/ADA581918.pdf,133,MC-ANSUR Marine women 2010,United States,military,Marine Corps,F,2010,forearm_circumference_flexed,"FOREARM CIRCUMFERENCE, FLEXED",cm,259.90,14.50,620,237.00,260.00,283.00,A,percentiles on p.132
mc-ansur-2010,reports/mc-ansur-2010/ADA581918.pdf,135,MC-ANSUR Marine women 2010,United States,military,Marine Corps,F,2010,forearm_forearm_breadth,FOREARM-FOREARM BREADTH,cm,482.00,33.50,620,428.10,480.00,535.00,A,percentiles on p.134
mc-ansur-2010,reports/mc-ansur-2010/ADA581918.pdf,137,MC-ANSUR Marine women 2010,United States,military,Marine Corps,F,2010,other:forearm_hand_length,FOREARM-HAND LENGTH,cm,433.60,20.80,620,402.10,433.00,470.00,A,percentiles on p.136
mc-ansur-2010,reports/mc-ansur-2010/ADA581918.pdf,139,MC-ANSUR Marine women 2010,United States,military,Marine Corps,F,2010,other:functional_leg_length,FUNCTIONAL LEG LENGTH,cm,1054.70,47.80,617,980.00,1053.00,,A,percentiles on p.138; some percentiles omitted (OCR)
mc-ansur-2010,reports/mc-ansur-2010/ADA581918.pdf,141,MC-ANSUR Marine women 2010,United States,military,Marine Corps,F,2010,hand_breadth,HAND BREADTH,cm,79.10,3.70,620,73.00,79.00,85.00,A,percentiles on p.140
mc-ansur-2010,reports/mc-ansur-2010/ADA581918.pdf,143,MC-ANSUR Marine women 2010,United States,military,Marine Corps,F,2010,hand_circumference,HAND CIRCUMFERENCE,cm,185.80,7.90,620,173.00,186.00,200.00,A,percentiles on p.142
mc-ansur-2010,reports/mc-ansur-2010/ADA581918.pdf,145,MC-ANSUR Marine women 2010,United States,military,Marine Corps,F,2010,hand_length,HAND LENGTH,cm,178.10,9.00,620,164.00,177.00,194.00,A,percentiles on p.144
mc-ansur-2010,reports/mc-ansur-2010/ADA581918.pdf,147,MC-ANSUR Marine women 2010,United States,military,Marine Corps,F,2010,head_breadth,HEAD BREADTH,cm,145.70,4.60,620,139.00,146.00,153.00,A,percentiles on p.146
mc-ansur-2010,reports/mc-ansur-2010/ADA581918.pdf,149,MC-ANSUR Marine women 2010,United States,military,Marine Corps,F,2010,head_circumference,HEAD CIRCUMFERENCE,cm,555.40,17.40,620,528.10,554.00,586.00,A,percentiles on p.148
mc-ansur-2010,reports/mc-ansur-2010/ADA581918.pdf,151,MC-ANSUR Marine women 2010,United States,military,Marine Corps,F,2010,head_length,HEAD LENGTH,cm,188.70,7.00,618,177.00,189.00,200.00,A,percentiles on p.150
mc-ansur-2010,reports/mc-ansur-2010/ADA581918.pdf,153,MC-ANSUR Marine women 2010,United States,military,Marine Corps,F,2010,other:heel_ankle_circumference,HEEL-ANKLE CIRCUMFERENCE,cm,305.30,13.60,620,283.00,305.00,327.00,A,percentiles on p.152
mc-ansur-2010,reports/mc-ansur-2010/ADA581918.pdf,155,MC-ANSUR Marine women 2010,United States,military,Marine Corps,F,2010,other:heel_breadth,HEEL BREADTH,cm,64.30,4.40,620,57.00,64.00,72.00,A,percentiles on p.154
mc-ansur-2010,reports/mc-ansur-2010/ADA581918.pdf,157,MC-ANSUR Marine women 2010,United States,military,Marine Corps,F,2010,other:hip_breadth,HIP BREADTH,cm,342.40,22.70,620,306.10,343.00,381.00,A,percentiles on p.156
mc-ansur-2010,reports/mc-ansur-2010/ADA581918.pdf,159,MC-ANSUR Marine women 2010,United States,military,Marine Corps,F,2010,hip_breadth_sitting,"HIP BREADTH, SITTING",cm,394.10,27.60,620,352.00,393.00,442.00,A,percentiles on p.158
mc-ansur-2010,reports/mc-ansur-2010/ADA581918.pdf,161,MC-ANSUR Marine women 2010,United States,military,Marine Corps,F,2010,iliocristale_height,ILIOCRISTALE HEIGHT,cm,1000.60,46.20,620,924.10,1002.00,1074.00,A,percentiles on p.160
mc-ansur-2010,reports/mc-ansur-2010/ADA581918.pdf,163,MC-ANSUR Marine women 2010,United States,military,Marine Corps,F,2010,interpupillary_breadth,INTERPUPILLARY BREADTH,cm,60.50,3.20,620,55.50,60.50,66.00,A,percentiles on p.162
mc-ansur-2010,reports/mc-ansur-2010/ADA581918.pdf,165,MC-ANSUR Marine women 2010,United States,military,Marine Corps,F,2010,other:interscye_i,INTERSCYE I,cm,367.40,28.20,620,324.10,366.50,415.00,A,percentiles on p.164
mc-ansur-2010,reports/mc-ansur-2010/ADA581918.pdf,167,MC-ANSUR Marine women 2010,United States,military,Marine Corps,F,2010,other:interscye_ii,INTERSCYE II,cm,393.80,24.80,620,353.00,393.00,435.00,A,percentiles on p.166
mc-ansur-2010,reports/mc-ansur-2010/ADA581918.pdf,169,MC-ANSUR Marine women 2010,United States,military,Marine Corps,F,2010,other:knee_height_midpatella,"KNEE HEIGHT, MIDPATELLA",cm,452.30,24.00,620,412.10,453.00,492.00,A,percentiles on p.168
mc-ansur-2010,reports/mc-ansur-2010/ADA581918.pdf,171,MC-ANSUR Marine women 2010,United States,military,Marine Corps,F,2010,knee_height_sitting,"KNEE HEIGHT, SITTING",cm,507.20,24.70,619,468.00,507.00,546.00,A,percentiles on p.170
mc-ansur-2010,reports/mc-ansur-2010/ADA581918.pdf,173,MC-ANSUR Marine women 2010,United States,military,Marine Corps,F,2010,other:lateral_femoral_epicondyle_height,LATERAL FEMORAL EPICONDYLE HEIGHT,cm,454.40,24.10,620,416.00,454.00,494.00,A,percentiles on p.172
mc-ansur-2010,reports/mc-ansur-2010/ADA581918.pdf,175,MC-ANSUR Marine women 2010,United States,military,Marine Corps,F,2010,other:lateral_malleolus_height,LATERAL MALLEOLUS HEIGHT,cm,60.00,7.00,620,48.00,61.00,71.00,A,percentiles on p.174
mc-ansur-2010,reports/mc-ansur-2010/ADA581918.pdf,177,MC-ANSUR Marine women 2010,United States,military,Marine Corps,F,2010,other:lower_thigh_circumference,LOWER THIGH CIRCUMFERENCE,cm,384.50,26.40,620,346.10,383.00,428.00,A,percentiles on p.176
mc-ansur-2010,reports/mc-ansur-2010/ADA581918.pdf,179,MC-ANSUR Marine women 2010,United States,military,Marine Corps,F,2010,menton_sellion_length,MENTON-SELLION LENGTH,cm,115.30,6.40,620,105.00,115.00,127.00,A,percentiles on p.178
mc-ansur-2010,reports/mc-ansur-2010/ADA581918.pdf,181,MC-ANSUR Marine women 2010,United States,military,Marine Corps,F,2010,neck_circumference,NECK CIRCUMFERENCE,cm,327.00,15.90,620,301.10,325.00,354.00,A,percentiles on p.180
mc-ansur-2010,reports/mc-ansur-2010/ADA581918.pdf,183,MC-ANSUR Marine women 2010,United States,military,Marine Corps,F,2010,neck_circumference_base,"NECK CIRCUMFERENCE, BASE",cm,360.00,17.10,620,335.00,359.00,390.00,A,percentiles on p.182
mc-ansur-2010,reports/mc-ansur-2010/ADA581918.pdf,185,MC-ANSUR Marine women 2010,United States,military,Marine Corps,F,2010,other:overhead_fingertip_reach_sitting,"OVERHEAD FINGERTIP REACH, SITTING",cm,1331.50,59.00,618,1230.00,1332.00,1430.00,A,percentiles on p.184
mc-ansur-2010,reports/mc-ansur-2010/ADA581918.pdf,187,MC-ANSUR Marine women 2010,United States,military,Marine Corps,F,2010,other:palm_length,PALM LENGTH,cm,109.00,5.50,620,100.00,109.00,119.00,A,percentiles on p.186
mc-ansur-2010,reports/mc-ansur-2010/ADA581918.pdf,189,MC-ANSUR Marine women 2010,United States,military,Marine Corps,F,2010,popliteal_height,POPLITEAL HEIGHT,cm,382.10,21.10,620,347.00,382.00,416.00,A,percentiles on p.188
mc-ansur-2010,reports/mc-ansur-2010/ADA581918.pdf,191,MC-ANSUR Marine women 2010,United States,military,Marine Corps,F,2010,radiale_stylion_length,RADIALE-STYLION LENGTH,cm,241.80,13.50,620,221.00,241.00,265.00,A,percentiles on p.190
mc-ansur-2010,reports/mc-ansur-2010/ADA581918.pdf,193,MC-ANSUR Marine women 2010,United States,military,Marine Corps,F,2010,shoulder_circumference,SHOULDER CIRCUMFERENCE,cm,1015.20,45.70,620,939.10,1014.00,,A,asterisk in report: definition differs from ANSUR 1988; percentiles on p.192; some percentiles omitted (OCR)
mc-ansur-2010,reports/mc-ansur-2010/ADA581918.pdf,195,MC-ANSUR Marine women 2010,United States,military,Marine Corps,F,2010,shoulder_elbow_length,SHOULDER-ELBOW LENGTH,cm,335.90,16.20,620,309.10,336.00,363.00,A,percentiles on p.194
mc-ansur-2010,reports/mc-ansur-2010/ADA581918.pdf,197,MC-ANSUR Marine women 2010,United States,military,Marine Corps,F,2010,shoulder_length,SHOULDER LENGTH,cm,137.10,10.10,620,120.00,137.00,153.00,A,percentiles on p.196
mc-ansur-2010,reports/mc-ansur-2010/ADA581918.pdf,199,MC-ANSUR Marine women 2010,United States,military,Marine Corps,F,2010,sitting_height,SITTING HEIGHT,cm,859.00,32.60,620,805.00,859.00,914.00,A,percentiles on p.198
mc-ansur-2010,reports/mc-ansur-2010/ADA581918.pdf,201,MC-ANSUR Marine women 2010,United States,military,Marine Corps,F,2010,other:sleeve_length_spine_wrist,SLEEVE LENGTH: SPINE-WRIST,cm,798.90,34.40,620,745.00,799.50,858.00,A,percentiles on p.200
mc-ansur-2010,reports/mc-ansur-2010/ADA581918.pdf,203,MC-ANSUR Marine women 2010,United States,military,Marine Corps,F,2010,sleeve_outseam,SLEEVE OUTSEAM,cm,543.40,27.10,620,500.00,542.00,590.00,A,percentiles on p.202
mc-ansur-2010,reports/mc-ansur-2010/ADA581918.pdf,205,MC-ANSUR Marine women 2010,United States,military,Marine Corps,F,2010,span,SPAN,cm,1652.50,74.80,619,1537.00,1649.00,1781.00,A,percentiles on p.204
mc-ansur-2010,reports/mc-ansur-2010/ADA581918.pdf,207,MC-ANSUR Marine women 2010,United States,military,Marine Corps,F,2010,stature,STATURE,cm,1624.90,62.20,620,1523.10,1626.00,1735.00,A,percentiles on p.206
mc-ansur-2010,reports/mc-ansur-2010/ADA581918.pdf,209,MC-ANSUR Marine women 2010,United States,military,Marine Corps,F,2010,suprasternale_height,SUPRASTERNALE HEIGHT,cm,1324.70,54.30,620,1239.00,1326.00,1418.00,A,percentiles on p.208
mc-ansur-2010,reports/mc-ansur-2010/ADA581918.pdf,211,MC-ANSUR Marine women 2010,United States,military,Marine Corps,F,2010,other:tenth_rib_height,TENTH RIB HEIGHT,cm,1039.00,45.90,620,962.00,1041.00,1113.90,A,percentiles on p.210
mc-ansur-2010,reports/mc-ansur-2010/ADA581918.pdf,213,MC-ANSUR Marine women 2010,United States,military,Marine Corps,F,2010,thigh_circumference,THIGH CIRCUMFERENCE,cm,602.00,45.40,620,,600.00,677.00,A,percentiles on p.212; some percentiles omitted (OCR)
mc-ansur-2010,reports/mc-ansur-2010/ADA581918.pdf,215,MC-ANSUR Marine women 2010,United States,military,Marine Corps,F,2010,thigh_clearance,THIGH CLEARANCE,cm,167.90,12.00,620,147.10,168.00,187.00,A,percentiles on p.214
mc-ansur-2010,reports/mc-ansur-2010/ADA581918.pdf,217,MC-ANSUR Marine women 2010,United States,military,Marine Corps,F,2010,thumbtip_reach,THUMBTIP REACH,cm,733.20,33.10,619,680.00,732.00,789.00,A,percentiles on p.216
mc-ansur-2010,reports/mc-ansur-2010/ADA581918.pdf,219,MC-ANSUR Marine women 2010,United States,military,Marine Corps,F,2010,other:tibial_height,TIBIAL HEIGHT,cm,442.40,23.40,620,405.00,443.00,480.00,A,percentiles on p.218
mc-ansur-2010,reports/mc-ansur-2010/ADA581918.pdf,221,MC-ANSUR Marine women 2010,United States,military,Marine Corps,F,2010,other:tragion_top_of_head,TRAGION - TOP OF HEAD,cm,124.60,5.80,620,114.00,125.00,134.00,A,percentiles on p.220
mc-ansur-2010,reports/mc-ansur-2010/ADA581918.pdf,223,MC-ANSUR Marine women 2010,United States,military,Marine Corps,F,2010,trochanterion_height,TROCHANTERION HEIGHT,cm,850.80,41.80,620,784.00,850.00,920.00,A,percentiles on p.222
mc-ansur-2010,reports/mc-ansur-2010/ADA581918.pdf,225,MC-ANSUR Marine women 2010,United States,military,Marine Corps,F,2010,vertical_trunk_circumference,VERTICAL TRUNK CIRCUMFERENCE (USA),cm,1533.80,67.70,620,1427.10,1532.00,1652.00,A,percentiles on p.224
mc-ansur-2010,reports/mc-ansur-2010/ADA581918.pdf,227,MC-ANSUR Marine women 2010,United States,military,Marine Corps,F,2010,other:waist_back_length_omphalion,WAIST BACK LENGTH (OMPHALION),cm,423.90,25.60,620,382.00,424.00,469.00,A,asterisk in report: definition differs from ANSUR 1988; percentiles on p.226
mc-ansur-2010,reports/mc-ansur-2010/ADA581918.pdf,229,MC-ANSUR Marine women 2010,United States,military,Marine Corps,F,2010,other:waist_breadth,WAIST BREADTH,cm,289.00,27.20,619,248.00,288.00,335.00,A,percentiles on p.228
mc-ansur-2010,reports/mc-ansur-2010/ADA581918.pdf,231,MC-ANSUR Marine women 2010,United States,military,Marine Corps,F,2010,waist_circumference,WAIST CIRCUMFERENCE (OMPHALION),cm,826.40,80.50,620,711.10,820.00,968.90,A,percentiles on p.230
mc-ansur-2010,reports/mc-ansur-2010/ADA581918.pdf,233,MC-ANSUR Marine women 2010,United States,military,Marine Corps,F,2010,other:waist_depth,WAIST DEPTH,cm,198.10,24.80,620,163.10,196.00,,A,percentiles on p.232; some percentiles omitted (OCR)
mc-ansur-2010,reports/mc-ansur-2010/ADA581918.pdf,235,MC-ANSUR Marine women 2010,United States,military,Marine Corps,F,2010,other:waist_front_length_sitting,"WAIST FRONT LENGTH, SITTING",cm,357.10,22.10,620,323.00,356.00,396.00,A,percentiles on p.234
mc-ansur-2010,reports/mc-ansur-2010/ADA581918.pdf,237,MC-ANSUR Marine women 2010,United States,military,Marine Corps,F,2010,other:waist_height_omphalion,WAIST HEIGHT (OMPHALION),cm,979.30,46.50,620,902.10,978.00,1051.00,A,percentiles on p.236
mc-ansur-2010,reports/mc-ansur-2010/ADA581918.pdf,239,MC-ANSUR Marine women 2010,United States,military,Marine Corps,F,2010,mass,WEIGHT,kg,63.60,8.40,613,50.87,63.30,77.29,A,percentiles on p.238
mc-ansur-2010,reports/mc-ansur-2010/ADA581918.pdf,241,MC-ANSUR Marine women 2010,United States,military,Marine Corps,F,2010,wrist_circumference,WRIST CIRCUMFERENCE,cm,153.60,6.70,620,143.00,154.00,165.00,A,percentiles on p.240
mc-ansur-2010,reports/mc-ansur-2010/ADA581918.pdf,243,MC-ANSUR Marine women 2010,United States,military,Marine Corps,F,2010,other:wrist_height,WRIST HEIGHT,cm,788.00,37.40,620,729.00,787.00,855.00,A,percentiles on p.242
ansur-ii-pilots,reports/ansur-ii-2012/ADA634277.pdf,59,ANSUR II Army pilots men 2010-2012 (n=977),United States,military,Pilots,M,2010,abdominal_depth_sitting,"ABDOMINAL EXTENSION DEPTH, SITTING",cm,256.90,32.80,977,210.00,254.00,317.00,A,percentiles on p.58
ansur-ii-pilots,reports/ansur-ii-2012/ADA634277.pdf,61,ANSUR II Army pilots men 2010-2012 (n=977),United States,military,Pilots,M,2010,acromion_height,ACROMIAL HEIGHT,cm,1457.40,59.90,977,1356.00,1457.00,1554.00,A,percentiles on p.60
ansur-ii-pilots,reports/ansur-ii-2012/ADA634277.pdf,63,ANSUR II Army pilots men 2010-2012 (n=977),United States,military,Pilots,M,2010,acromion_radiale_length,ACROMION-RADIALE LENGTH,cm,338.90,16.30,977,312.00,338.00,367.00,A,percentiles on p.62
ansur-ii-pilots,reports/ansur-ii-2012/ADA634277.pdf,65,ANSUR II Army pilots men 2010-2012 (n=977),United States,military,Pilots,M,2010,ankle_circumference,ANKLE CIRCUMFERENCE,cm,228.80,13.50,977,208.00,228.00,253.00,A,percentiles on p.64
ansur-ii-pilots,reports/ansur-ii-2012/ADA634277.pdf,67,ANSUR II Army pilots men 2010-2012 (n=977),United States,military,Pilots,M,2010,other:axilla_height,AXILLA HEIGHT,cm,1344.50,56.30,977,1252.00,1345.00,1434.00,A,percentiles on p.66
ansur-ii-pilots,reports/ansur-ii-2012/ADA634277.pdf,69,ANSUR II Army pilots men 2010-2012 (n=977),United States,military,Pilots,M,2010,other:ball_of_foot_circumference,BALL OF FOOT CIRCUMFERENCE,cm,251.70,12.80,977,233.00,251.00,275.00,A,percentiles on p.68
ansur-ii-pilots,reports/ansur-ii-2012/ADA634277.pdf,71,ANSUR II Army pilots men 2010-2012 (n=977),United States,military,Pilots,M,2010,other:ball_of_foot_length,BALL OF FOOT LENGTH,cm,201.80,9.40,977,187.00,201.00,218.00,A,percentiles on p.70
ansur-ii-pilots,reports/ansur-ii-2012/ADA634277.pdf,73,ANSUR II Army pilots men 2010-2012 (n=977),United States,military,Pilots,M,2010,biacromial_breadth,BIACROMIAL BREADTH,cm,416.80,19.90,977,387.00,417.00,451.00,A,percentiles on p.72
ansur-ii-pilots,reports/ansur-ii-2012/ADA634277.pdf,75,ANSUR II Army pilots men 2010-2012 (n=977),United States,military,Pilots,M,2010,biceps_circumference_flexed,"BICEPS CIRCUMFERENCE, FLEXED",cm,365.70,29.80,977,322.00,363.00,420.00,A,percentiles on p.74
ansur-ii-pilots,reports/ansur-ii-2012/ADA634277.pdf,77,ANSUR II Army pilots men 2010-2012 (n=977),United States,military,Pilots,M,2010,bicristal_breadth,BICRISTAL BREADTH,cm,281.00,16.40,977,255.00,282.00,307.00,A,percentiles on p.76
ansur-ii-pilots,reports/ansur-ii-2012/ADA634277.pdf,79,ANSUR II Army pilots men 2010-2012 (n=977),United States,military,Pilots,M,2010,bideltoid_breadth,BIDELTOID BREADTH,cm,516.60,31.70,977,466.00,515.00,568.00,A,percentiles on p.78
ansur-ii-pilots,reports/ansur-ii-2012/ADA634277.pdf,81,ANSUR II Army pilots men 2010-2012 (n=977),United States,military,Pilots,M,2010,other:bimalleolar_breadth,BIMALLEOLAR BREADTH,cm,76.00,3.60,977,70.00,76.00,82.00,A,percentiles on p.80
ansur-ii-pilots,reports/ansur-ii-2012/ADA634277.pdf,83,ANSUR II Army pilots men 2010-2012 (n=977),United States,military,Pilots,M,2010,other:bitragion_chin_arc,BITRAGION CHIN ARC,cm,332.20,13.00,977,311.00,333.00,355.00,A,percentiles on p.82
ansur-ii-pilots,reports/ansur-ii-2012/ADA634277.pdf,85,ANSUR II Army pilots men 2010-2012 (n=977),United States,military,Pilots,M,2010,other:bitragion_submandibular_arc,BITRAGION SUBMANDIBULAR ARC,cm,319.50,15.10,977,295.00,320.00,347.00,A,percentiles on p.84
ansur-ii-pilots,reports/ansur-ii-2012/ADA634277.pdf,87,ANSUR II Army pilots men 2010-2012 (n=977),United States,military,Pilots,M,2010,bizygomatic_breadth,BIZYGOMATIC BREADTH,cm,142.40,5.60,977,133.00,142.00,152.00,A,percentiles on p.86
ansur-ii-pilots,reports/ansur-ii-2012/ADA634277.pdf,89,ANSUR II Army pilots men 2010-2012 (n=977),United States,military,Pilots,M,2010,buttock_circumference,BUTTOCK CIRCUMFERENCE,cm,1033.30,65.00,977,932.00,1031.00,1149.00,A,percentiles on p.88
ansur-ii-pilots,reports/ansur-ii-2012/ADA634277.pdf,91,ANSUR II Army pilots men 2010-2012 (n=977),United States,military,Pilots,M,2010,other:buttock_depth,BUTTOCK DEPTH,cm,241.90,23.50,977,207.00,241.00,284.00,A,percentiles on p.90
ansur-ii-pilots,reports/ansur-ii-2012/ADA634277.pdf,93,ANSUR II Army pilots men 2010-2012 (n=977),United States,military,Pilots,M,2010,other:buttock_height,BUTTOCK HEIGHT,cm,894.30,45.40,977,818.00,894.00,968.00,A,percentiles on p.92
ansur-ii-pilots,reports/ansur-ii-2012/ADA634277.pdf,95,ANSUR II Army pilots men 2010-2012 (n=977),United States,military,Pilots,M,2010,buttock_knee_length,BUTTOCK-KNEE LENGTH,cm,622.50,28.50,977,575.00,623.00,668.00,A,percentiles on p.94
ansur-ii-pilots,reports/ansur-ii-2012/ADA634277.pdf,97,ANSUR II Army pilots men 2010-2012 (n=977),United States,military,Pilots,M,2010,buttock_popliteal_length,BUTTOCK-POPLITEAL LENGTH,cm,513.30,25.20,977,473.00,513.00,556.00,A,percentiles on p.96
ansur-ii-pilots,reports/ansur-ii-2012/ADA634277.pdf,99,ANSUR II Army pilots men 2010-2012 (n=977),United States,military,Pilots,M,2010,calf_circumference,CALF CIRCUMFERENCE,cm,395.30,27.30,977,350.00,394.00,439.00,A,percentiles on p.98
ansur-ii-pilots,reports/ansur-ii-2012/ADA634277.pdf,101,ANSUR II Army pilots men 2010-2012 (n=977),United States,military,Pilots,M,2010,cervicale_height,CERVICALE HEIGHT,cm,1537.10,60.50,977,1435.00,1538.00,1640.00,A,asterisk in report: definition differs from ANSUR 1988; percentiles on p.100
ansur-ii-pilots,reports/ansur-ii-2012/ADA634277.pdf,103,ANSUR II Army pilots men 2010-2012 (n=977),United States,military,Pilots,M,2010,chest_breadth,CHEST BREADTH,cm,294.00,17.80,977,267.00,294.00,324.00,A,asterisk in report: definition differs from ANSUR 1988; percentiles on p.102
ansur-ii-pilots,reports/ansur-ii-2012/ADA634277.pdf,105,ANSUR II Army pilots men 2010-2012 (n=977),United States,military,Pilots,M,2010,chest_circumference,CHEST CIRCUMFERENCE,cm,1082.10,77.80,977,961.00,1081.00,1214.00,A,asterisk in report: definition differs from ANSUR 1988; percentiles on p.104
ansur-ii-pilots,reports/ansur-ii-2012/ADA634277.pdf,107,ANSUR II Army pilots men 2010-2012 (n=977),United States,military,Pilots,M,2010,chest_depth,CHEST DEPTH,cm,255.40,22.80,977,219.00,254.00,294.00,A,asterisk in report: definition differs from ANSUR 1988; percentiles on p.106
ansur-ii-pilots,reports/ansur-ii-2012/ADA634277.pdf,109,ANSUR II Army pilots men 2010-2012 (n=977),United States,military,Pilots,M,2010,other:chest_height,CHEST HEIGHT,cm,1313.40,54.40,977,1225.00,1314.00,1405.00,A,asterisk in report: definition differs from ANSUR 1988; percentiles on p.108
ansur-ii-pilots,reports/ansur-ii-2012/ADA634277.pdf,111,ANSUR II Army pilots men 2010-2012 (n=977),United States,military,Pilots,M,2010,crotch_height,CROTCH HEIGHT,cm,860.30,41.90,977,791.00,859.00,929.00,A,percentiles on p.110
ansur-ii-pilots,reports/ansur-ii-2012/ADA634277.pdf,113,ANSUR II Army pilots men 2010-2012 (n=977),United States,military,Pilots,M,2010,other:crotch_length_omphalion,CROTCH LENGTH (OMPHALION),cm,629.10,42.40,977,562.00,628.00,699.00,A,percentiles on p.112
ansur-ii-pilots,reports/ansur-ii-2012/ADA634277.pdf,115,ANSUR II Army pilots men 2010-2012 (n=977),United States,military,Pilots,M,2010,other:crotch_length_posterior_omphalion,"CROTCH LENGTH, POSTERIOR (OMPHALION)",cm,352.40,22.00,977,317.00,352.00,390.00,A,percentiles on p.114
ansur-ii-pilots,reports/ansur-ii-2012/ADA634277.pdf,117,ANSUR II Army pilots men 2010-2012 (n=977),United States,military,Pilots,M,2010,other:ear_breadth,EAR BREADTH,cm,35.30,2.70,977,31.00,35.00,40.00,A,percentiles on p.116
ansur-ii-pilots,reports/ansur-ii-2012/ADA634277.pdf,119,ANSUR II Army pilots men 2010-2012 (n=977),United States,military,Pilots,M,2010,ear_length,EAR LENGTH,cm,65.30,4.40,977,59.00,65.00,73.00,A,percentiles on p.118
ansur-ii-pilots,reports/ansur-ii-2012/ADA634277.pdf,121,ANSUR II Army pilots men 2010-2012 (n=977),United States,military,Pilots,M,2010,other:ear_protrusion,EAR PROTRUSION,cm,22.50,2.90,977,18.00,22.00,27.00,A,percentiles on p.120
ansur-ii-pilots,reports/ansur-ii-2012/ADA634277.pdf,123,ANSUR II Army pilots men 2010-2012 (n=977),United States,military,Pilots,M,2010,elbow_rest_height,ELBOW REST HEIGHT,cm,251.00,26.00,977,212.00,249.00,295.00,A,percentiles on p.122
ansur-ii-pilots,reports/ansur-ii-2012/ADA634277.pdf,125,ANSUR II Army pilots men 2010-2012 (n=977),United States,military,Pilots,M,2010,eye_height_sitting,"EYE HEIGHT, SITTING",cm,811.50,28.80,977,766.00,811.00,861.00,A,percentiles on p.124
ansur-ii-pilots,reports/ansur-ii-2012/ADA634277.pdf,127,ANSUR II Army pilots men 2010-2012 (n=977),United States,military,Pilots,M,2010,foot_breadth,"FOOT BREADTH, HORIZONTAL",cm,101.80,4.90,977,94.00,102.00,110.00,A,percentiles on p.126
ansur-ii-pilots,reports/ansur-ii-2012/ADA634277.pdf,129,ANSUR II Army pilots men 2010-2012 (n=977),United States,military,Pilots,M,2010,foot_length,FOOT LENGTH,cm,271.90,11.90,977,253.00,272.00,292.00,A,percentiles on p.128
ansur-ii-pilots,reports/ansur-ii-2012/ADA634277.pdf,131,ANSUR II Army pilots men 2010-2012 (n=977),United States,military,Pilots,M,2010,other:forearm_center_of_grip_length,FOREARM-CENTER OF GRIP LENGTH,cm,351.70,15.60,977,328.00,352.00,377.00,A,percentiles on p.130
ansur-ii-pilots,reports/ansur-ii-2012/ADA634277.pdf,133,ANSUR II Army pilots men 2010-2012 (n=977),United States,military,Pilots,M,2010,forearm_circumference_flexed,"FOREARM CIRCUMFERENCE, FLEXED",cm,315.30,19.40,977,286.00,314.00,348.00,A,percentiles on p.132
ansur-ii-pilots,reports/ansur-ii-2012/ADA634277.pdf,135,ANSUR II Army pilots men 2010-2012 (n=977),United States,military,Pilots,M,2010,forearm_forearm_breadth,FOREARM-FOREARM BREADTH,cm,590.60,45.90,977,515.00,589.00,664.00,A,percentiles on p.134
ansur-ii-pilots,reports/ansur-ii-2012/ADA634277.pdf,137,ANSUR II Army pilots men 2010-2012 (n=977),United States,military,Pilots,M,2010,other:forearm_hand_length,FOREARM-HAND LENGTH,cm,483.00,20.10,977,450.00,483.00,515.00,A,percentiles on p.136
ansur-ii-pilots,reports/ansur-ii-2012/ADA634277.pdf,139,ANSUR II Army pilots men 2010-2012 (n=977),United States,military,Pilots,M,2010,other:functional_leg_length,FUNCTIONAL LEG LENGTH,cm,1148.10,50.60,977,1067.00,1146.00,1235.00,A,percentiles on p.138
ansur-ii-pilots,reports/ansur-ii-2012/ADA634277.pdf,141,ANSUR II Army pilots men 2010-2012 (n=977),United States,military,Pilots,M,2010,hand_breadth,HAND BREADTH,cm,88.50,4.20,977,82.00,88.00,95.00,A,percentiles on p.140
ansur-ii-pilots,reports/ansur-ii-2012/ADA634277.pdf,143,ANSUR II Army pilots men 2010-2012 (n=977),United States,military,Pilots,M,2010,hand_circumference,HAND CIRCUMFERENCE,cm,213.20,9.60,977,197.00,213.00,228.00,A,percentiles on p.142
ansur-ii-pilots,reports/ansur-ii-2012/ADA634277.pdf,145,ANSUR II Army pilots men 2010-2012 (n=977),United States,military,Pilots,M,2010,hand_length,HAND LENGTH,cm,191.70,8.90,977,178.00,192.00,206.00,A,percentiles on p.144
ansur-ii-pilots,reports/ansur-ii-2012/ADA634277.pdf,147,ANSUR II Army pilots men 2010-2012 (n=977),United States,military,Pilots,M,2010,head_breadth,HEAD BREADTH,cm,153.90,5.00,977,,,,A,asterisk in report: definition differs from ANSUR 1988; percentiles on p.146
ansur-ii-pilots,reports/ansur-ii-2012/ADA634277.pdf,149,ANSUR II Army pilots men 2010-2012 (n=977),United States,military,Pilots,M,2010,head_circumference,HEAD CIRCUMFERENCE,cm,578.50,14.70,977,,,,A,asterisk in report: definition differs from ANSUR 1988; percentiles on p.148
ansur-ii-pilots,reports/ansur-ii-2012/ADA634277.pdf,151,ANSUR II Army pilots men 2010-2012 (n=977),United States,military,Pilots,M,2010,head_length,HEAD LENGTH,cm,201.50,6.40,977,,,,A,asterisk in report: definition differs from ANSUR 1988; percentiles on p.150
ansur-ii-pilots,reports/ansur-ii-2012/ADA634277.pdf,153,ANSUR II Army pilots men 2010-2012 (n=977),United States,military,Pilots,M,2010,other:heel_ankle_circumference,HEEL-ANKLE CIRCUMFERENCE,cm,342.70,15.40,977,318.00,342.00,369.00,A,percentiles on p.152
ansur-ii-pilots,reports/ansur-ii-2012/ADA634277.pdf,155,ANSUR II Army pilots men 2010-2012 (n=977),United States,military,Pilots,M,2010,other:heel_breadth,HEEL BREADTH,cm,73.40,4.80,977,66.00,73.00,81.00,A,percentiles on p.154
ansur-ii-pilots,reports/ansur-ii-2012/ADA634277.pdf,157,ANSUR II Army pilots men 2010-2012 (n=977),United States,military,Pilots,M,2010,other:hip_breadth,HIP BREADTH,cm,348.10,20.50,977,317.00,346.00,383.00,A,percentiles on p.156
ansur-ii-pilots,reports/ansur-ii-2012/ADA634277.pdf,159,ANSUR II Army pilots men 2010-2012 (n=977),United States,military,Pilots,M,2010,hip_breadth_sitting,"HIP BREADTH, SITTING",cm,382.40,24.90,977,344.00,381.00,425.00,A,percentiles on p.158
ansur-ii-pilots,reports/ansur-ii-2012/ADA634277.pdf,161,ANSUR II Army pilots men 2010-2012 (n=977),United States,military,Pilots,M,2010,iliocristale_height,ILIOCRISTALE HEIGHT,cm,1079.90,47.40,977,1006.00,1081.00,1158.00,A,percentiles on p.160
ansur-ii-pilots,reports/ansur-ii-2012/ADA634277.pdf,163,ANSUR II Army pilots men 2010-2012 (n=977),United States,military,Pilots,M,2010,interpupillary_breadth,INTERPUPILLARY BREADTH,cm,63.40,3.20,977,58.00,63.50,69.00,A,percentiles on p.162
ansur-ii-pilots,reports/ansur-ii-2012/ADA634277.pdf,165,ANSUR II Army pilots men 2010-2012 (n=977),United States,military,Pilots,M,2010,other:interscye_i,INTERSCYE I,cm,436.50,35.00,977,380.00,435.00,495.00,A,percentiles on p.164
ansur-ii-pilots,reports/ansur-ii-2012/ADA634277.pdf,167,ANSUR II Army pilots men 2010-2012 (n=977),United States,military,Pilots,M,2010,other:interscye_ii,INTERSCYE II,cm,455.50,31.80,977,402.00,455.00,510.00,A,percentiles on p.166
ansur-ii-pilots,reports/ansur-ii-2012/ADA634277.pdf,169,ANSUR II Army pilots men 2010-2012 (n=977),United States,military,Pilots,M,2010,other:knee_height_midpatella,"KNEE HEIGHT, MIDPATELLA",cm,493.90,25.80,977,452.00,492.00,536.00,A,percentiles on p.168
ansur-ii-pilots,reports/ansur-ii-2012/ADA634277.pdf,171,ANSUR II Army pilots men 2010-2012 (n=977),United States,military,Pilots,M,2010,knee_height_sitting,"KNEE HEIGHT, SITTING",cm,558.30,25.90,977,515.00,558.00,602.00,A,percentiles on p.170
ansur-ii-pilots,reports/ansur-ii-2012/ADA634277.pdf,173,ANSUR II Army pilots men 2010-2012 (n=977),United States,military,Pilots,M,2010,other:lateral_femoral_epicondyle_height,LATERAL FEMORAL EPICONDYLE HEIGHT,cm,495.50,24.30,977,456.00,495.00,535.00,A,percentiles on p.172
ansur-ii-pilots,reports/ansur-ii-2012/ADA634277.pdf,175,ANSUR II Army pilots men 2010-2012 (n=977),United States,military,Pilots,M,2010,other:lateral_malleolus_height,LATERAL MALLEOLUS HEIGHT,cm,75.40,5.40,977,67.00,75.00,85.00,A,percentiles on p.174
ansur-ii-pilots,reports/ansur-ii-2012/ADA634277.pdf,177,ANSUR II Army pilots men 2010-2012 (n=977),United States,military,Pilots,M,2010,other:lower_thigh_circumference,LOWER THIGH CIRCUMFERENCE,cm,412.90,28.40,977,366.00,412.00,460.00,A,percentiles on p.176
ansur-ii-pilots,reports/ansur-ii-2012/ADA634277.pdf,179,ANSUR II Army pilots men 2010-2012 (n=977),United States,military,Pilots,M,2010,menton_sellion_length,MENTON-SELLION LENGTH,cm,121.80,6.30,977,111.00,122.00,132.00,A,percentiles on p.178
ansur-ii-pilots,reports/ansur-ii-2012/ADA634277.pdf,181,ANSUR II Army pilots men 2010-2012 (n=977),United States,military,Pilots,M,2010,neck_circumference,NECK CIRCUMFERENCE,cm,398.40,25.70,977,361.00,395.00,446.00,A,percentiles on p.180
ansur-ii-pilots,reports/ansur-ii-2012/ADA634277.pdf,183,ANSUR II Army pilots men 2010-2012 (n=977),United States,military,Pilots,M,2010,neck_circumference_base,"NECK CIRCUMFERENCE, BASE",cm,434.90,25.70,977,397.00,432.00,479.00,A,percentiles on p.182
ansur-ii-pilots,reports/ansur-ii-2012/ADA634277.pdf,185,ANSUR II Army pilots men 2010-2012 (n=977),United States,military,Pilots,M,2010,other:overhead_fingertip_reach_sitting,"OVERHEAD FINGERTIP REACH, SITTING",cm,1419.70,59.50,977,1323.00,1419.00,1523.00,A,percentiles on p.184
ansur-ii-pilots,reports/ansur-ii-2012/ADA634277.pdf,187,ANSUR II Army pilots men 2010-2012 (n=977),United States,military,Pilots,M,2010,other:palm_length,PALM LENGTH,cm,117.80,5.60,977,109.00,118.00,127.00,A,percentiles on p.186
ansur-ii-pilots,reports/ansur-ii-2012/ADA634277.pdf,189,ANSUR II Army pilots men 2010-2012 (n=977),United States,military,Pilots,M,2010,popliteal_height,POPLITEAL HEIGHT,cm,435.00,23.40,977,397.00,435.00,474.00,A,percentiles on p.188
ansur-ii-pilots,reports/ansur-ii-2012/ADA634277.pdf,191,ANSUR II Army pilots men 2010-2012 (n=977),United States,military,Pilots,M,2010,radiale_stylion_length,RADIALE-STYLION LENGTH,cm,272.90,13.50,977,252.00,273.00,296.00,A,percentiles on p.190
ansur-ii-pilots,reports/ansur-ii-2012/ADA634277.pdf,193,ANSUR II Army pilots men 2010-2012 (n=977),United States,military,Pilots,M,2010,shoulder_circumference,SHOULDER CIRCUMFERENCE,cm,1179.80,57.70,977,1092.00,1176.00,1283.00,A,asterisk in report: definition differs from ANSUR 1988; percentiles on p.192
ansur-ii-pilots,reports/ansur-ii-2012/ADA634277.pdf,195,ANSUR II Army pilots men 2010-2012 (n=977),United States,military,Pilots,M,2010,shoulder_elbow_length,SHOULDER-ELBOW LENGTH,cm,367.00,17.00,977,339.00,367.00,394.00,A,percentiles on p.194
ansur-ii-pilots,reports/ansur-ii-2012/ADA634277.pdf,197,ANSUR II Army pilots men 2010-2012 (n=977),United States,military,Pilots,M,2010,shoulder_length,SHOULDER LENGTH,cm,150.40,10.60,977,133.00,150.00,167.00,A,percentiles on p.196
ansur-ii-pilots,reports/ansur-ii-2012/ADA634277.pdf,199,ANSUR II Army pilots men 2010-2012 (n=977),United States,military,Pilots,M,2010,sitting_height,SITTING HEIGHT,cm,928.60,33.80,977,875.00,928.00,985.00,A,percentiles on p.198
ansur-ii-pilots,reports/ansur-ii-2012/ADA634277.pdf,201,ANSUR II Army pilots men 2010-2012 (n=977),United States,military,Pilots,M,2010,other:sleeve_length_spine_wrist,SLEEVE LENGTH: SPINE-WRIST,cm,905.20,35.80,977,844.00,904.00,965.00,A,percentiles on p.200
ansur-ii-pilots,reports/ansur-ii-2012/ADA634277.pdf,203,ANSUR II Army pilots men 2010-2012 (n=977),United States,military,Pilots,M,2010,sleeve_outseam,SLEEVE OUTSEAM,cm,599.90,27.60,977,556.00,600.00,645.00,A,percentiles on p.202
ansur-ii-pilots,reports/ansur-ii-2012/ADA634277.pdf,205,ANSUR II Army pilots men 2010-2012 (n=977),United States,military,Pilots,M,2010,span,SPAN,cm,1809.70,75.50,977,1682.00,1809.00,1935.00,A,percentiles on p.204
ansur-ii-pilots,reports/ansur-ii-2012/ADA634277.pdf,207,ANSUR II Army pilots men 2010-2012 (n=977),United States,military,Pilots,M,2010,stature,STATURE,cm,1775.00,65.20,977,1665.00,1777.00,1884.00,A,percentiles on p.206
ansur-ii-pilots,reports/ansur-ii-2012/ADA634277.pdf,209,ANSUR II Army pilots men 2010-2012 (n=977),United States,military,Pilots,M,2010,suprasternale_height,SUPRASTERNALE HEIGHT,cm,1455.10,57.90,977,1358.00,1457.00,1553.00,A,percentiles on p.208
ansur-ii-pilots,reports/ansur-ii-2012/ADA634277.pdf,211,ANSUR II Army pilots men 2010-2012 (n=977),United States,military,Pilots,M,2010,other:tenth_rib_height,TENTH RIB HEIGHT,cm,1128.10,48.90,977,1046.00,1128.00,1207.00,A,percentiles on p.210
ansur-ii-pilots,reports/ansur-ii-2012/ADA634277.pdf,213,ANSUR II Army pilots men 2010-2012 (n=977),United States,military,Pilots,M,2010,thigh_circumference,THIGH CIRCUMFERENCE,cm,630.40,48.30,977,554.00,628.00,710.00,A,percentiles on p.212
ansur-ii-pilots,reports/ansur-ii-2012/ADA634277.pdf,215,ANSUR II Army pilots men 2010-2012 (n=977),United States,military,Pilots,M,2010,thigh_clearance,THIGH CLEARANCE,cm,182.40,14.70,977,160.00,181.00,206.00,A,percentiles on p.214
ansur-ii-pilots,reports/ansur-ii-2012/ADA634277.pdf,217,ANSUR II Army pilots men 2010-2012 (n=977),United States,military,Pilots,M,2010,thumbtip_reach,THUMBTIP REACH,cm,806.20,40.20,977,745.00,805.00,878.00,A,percentiles on p.216
ansur-ii-pilots,reports/ansur-ii-2012/ADA634277.pdf,219,ANSUR II Army pilots men 2010-2012 (n=977),United States,military,Pilots,M,2010,other:tibial_height,TIBIAL HEIGHT,cm,468.70,23.60,977,431.00,469.00,508.00,A,percentiles on p.218
ansur-ii-pilots,reports/ansur-ii-2012/ADA634277.pdf,221,ANSUR II Army pilots men 2010-2012 (n=977),United States,military,Pilots,M,2010,other:tragion_top_of_head,TRAGION – TOP OF HEAD,cm,132.30,5.80,977,,,,A,asterisk in report: definition differs from ANSUR 1988; percentiles on p.220
ansur-ii-pilots,reports/ansur-ii-2012/ADA634277.pdf,223,ANSUR II Army pilots men 2010-2012 (n=977),United States,military,Pilots,M,2010,trochanterion_height,TROCHANTERION HEIGHT,cm,914.10,44.90,977,838.00,914.00,987.00,A,percentiles on p.222
ansur-ii-pilots,reports/ansur-ii-2012/ADA634277.pdf,225,ANSUR II Army pilots men 2010-2012 (n=977),United States,military,Pilots,M,2010,vertical_trunk_circumference,VERTICAL TRUNK CIRCUMFERENCE (USA),cm,1676.00,79.70,977,1544.00,1672.00,1803.00,A,percentiles on p.224
ansur-ii-pilots,reports/ansur-ii-2012/ADA634277.pdf,227,ANSUR II Army pilots men 2010-2012 (n=977),United States,military,Pilots,M,2010,other:waist_back_length_omphalion,WAIST BACK LENGTH (OMPHALION),cm,486.80,25.40,977,446.00,486.00,530.00,A,asterisk in report: definition differs from ANSUR 1988; percentiles on p.226
ansur-ii-pilots,reports/ansur-ii-2012/ADA634277.pdf,229,ANSUR II Army pilots men 2010-2012 (n=977),United States,military,Pilots,M,2010,other:waist_breadth,WAIST BREADTH,cm,329.90,29.10,977,286.00,329.00,379.00,A,percentiles on p.228
ansur-ii-pilots,reports/ansur-ii-2012/ADA634277.pdf,231,ANSUR II Army pilots men 2010-2012 (n=977),United States,military,Pilots,M,2010,waist_circumference,WAIST CIRCUMFERENCE (OMPHALION),cm,964.40,95.60,977,816.00,961.00,1128.00,A,percentiles on p.230
ansur-ii-pilots,reports/ansur-ii-2012/ADA634277.pdf,233,ANSUR II Army pilots men 2010-2012 (n=977),United States,military,Pilots,M,2010,other:waist_depth,WAIST DEPTH,cm,238.50,30.20,977,194.00,236.00,290.00,A,percentiles on p.232
ansur-ii-pilots,reports/ansur-ii-2012/ADA634277.pdf,235,ANSUR II Army pilots men 2010-2012 (n=977),United States,military,Pilots,M,2010,other:waist_front_length_sitting,"WAIST FRONT LENGTH, SITTING",cm,388.50,26.30,977,347.00,388.00,434.00,A,percentiles on p.234
ansur-ii-pilots,reports/ansur-ii-2012/ADA634277.pdf,237,ANSUR II Army pilots men 2010-2012 (n=977),United States,military,Pilots,M,2010,other:waist_height_omphalion,WAIST HEIGHT (OMPHALION),cm,1069.00,48.90,977,992.00,1069.00,1151.00,A,percentiles on p.236
ansur-ii-pilots,reports/ansur-ii-2012/ADA634277.pdf,239,ANSUR II Army pilots men 2010-2012 (n=977),United States,military,Pilots,M,2010,mass,WEIGHT,kg,88.22,12.61,977,69.10,87.20,110.70,A,percentiles on p.238
ansur-ii-pilots,reports/ansur-ii-2012/ADA634277.pdf,241,ANSUR II Army pilots men 2010-2012 (n=977),United States,military,Pilots,M,2010,wrist_circumference,WRIST CIRCUMFERENCE,cm,177.40,8.60,977,164.00,177.00,193.00,A,percentiles on p.240
ansur-ii-pilots,reports/ansur-ii-2012/ADA634277.pdf,243,ANSUR II Army pilots men 2010-2012 (n=977),United States,military,Pilots,M,2010,other:wrist_height,WRIST HEIGHT,cm,859.50,39.70,977,795.00,859.00,926.00,A,percentiles on p.242
ansur-ii-pilots,reports/ansur-ii-2012/ADA634277.pdf,59,ANSUR II Army pilots women 2010-2012 (augmented database n=395),United States,military,Pilots,F,2010,abdominal_depth_sitting,"ABDOMINAL EXTENSION DEPTH, SITTING",cm,221.10,30.40,395,176.00,217.00,282.00,A,percentiles on p.58
ansur-ii-pilots,reports/ansur-ii-2012/ADA634277.pdf,61,ANSUR II Army pilots women 2010-2012 (augmented database n=395),United States,military,Pilots,F,2010,acromion_height,ACROMIAL HEIGHT,cm,1354.10,51.70,395,1276.00,1348.00,1445.00,A,percentiles on p.60
ansur-ii-pilots,reports/ansur-ii-2012/ADA634277.pdf,63,ANSUR II Army pilots women 2010-2012 (augmented database n=395),United States,military,Pilots,F,2010,acromion_radiale_length,ACROMION-RADIALE LENGTH,cm,314.90,14.30,395,294.00,313.00,342.00,A,percentiles on p.62
ansur-ii-pilots,reports/ansur-ii-2012/ADA634277.pdf,65,ANSUR II Army pilots women 2010-2012 (augmented database n=395),United States,military,Pilots,F,2010,ankle_circumference,ANKLE CIRCUMFERENCE,cm,216.60,14.60,395,194.00,215.00,244.00,A,percentiles on p.64
ansur-ii-pilots,reports/ansur-ii-2012/ADA634277.pdf,67,ANSUR II Army pilots women 2010-2012 (augmented database n=395),United States,military,Pilots,F,2010,other:axilla_height,AXILLA HEIGHT,cm,1257.00,49.90,395,1181.00,1252.00,1345.00,A,percentiles on p.66
ansur-ii-pilots,reports/ansur-ii-2012/ADA634277.pdf,69,ANSUR II Army pilots women 2010-2012 (augmented database n=395),United States,military,Pilots,F,2010,other:ball_of_foot_circumference,BALL OF FOOT CIRCUMFERENCE,cm,228.10,12.20,395,207.00,228.00,248.00,A,percentiles on p.68
ansur-ii-pilots,reports/ansur-ii-2012/ADA634277.pdf,71,ANSUR II Army pilots women 2010-2012 (augmented database n=395),United States,military,Pilots,F,2010,other:ball_of_foot_length,BALL OF FOOT LENGTH,cm,182.10,8.90,395,169.00,181.00,196.00,A,percentiles on p.70
ansur-ii-pilots,reports/ansur-ii-2012/ADA634277.pdf,73,ANSUR II Army pilots women 2010-2012 (augmented database n=395),United States,military,Pilots,F,2010,biacromial_breadth,BIACROMIAL BREADTH,cm,366.40,16.30,395,341.00,366.00,395.00,A,percentiles on p.72
ansur-ii-pilots,reports/ansur-ii-2012/ADA634277.pdf,75,ANSUR II Army pilots women 2010-2012 (augmented database n=395),United States,military,Pilots,F,2010,biceps_circumference_flexed,"BICEPS CIRCUMFERENCE, FLEXED",cm,304.70,29.40,395,261.00,304.00,360.00,A,percentiles on p.74
ansur-ii-pilots,reports/ansur-ii-2012/ADA634277.pdf,77,ANSUR II Army pilots women 2010-2012 (augmented database n=395),United States,military,Pilots,F,2010,bicristal_breadth,BICRISTAL BREADTH,cm,278.70,19.00,395,250.00,277.00,310.00,A,percentiles on p.76
ansur-ii-pilots,reports/ansur-ii-2012/ADA634277.pdf,79,ANSUR II Army pilots women 2010-2012 (augmented database n=395),United States,military,Pilots,F,2010,bideltoid_breadth,BIDELTOID BREADTH,cm,451.20,28.40,395,407.00,450.00,498.00,A,percentiles on p.78
ansur-ii-pilots,reports/ansur-ii-2012/ADA634277.pdf,81,ANSUR II Army pilots women 2010-2012 (augmented database n=395),United States,military,Pilots,F,2010,other:bimalleolar_breadth,BIMALLEOLAR BREADTH,cm,67.20,3.20,395,62.00,67.00,73.00,A,percentiles on p.80
ansur-ii-pilots,reports/ansur-ii-2012/ADA634277.pdf,83,ANSUR II Army pilots women 2010-2012 (augmented database n=395),United States,military,Pilots,F,2010,other:bitragion_chin_arc,BITRAGION CHIN ARC,cm,306.90,12.00,395,288.00,307.00,326.00,A,percentiles on p.82
ansur-ii-pilots,reports/ansur-ii-2012/ADA634277.pdf,85,ANSUR II Army pilots women 2010-2012 (augmented database n=395),United States,military,Pilots,F,2010,other:bitragion_submandibular_arc,BITRAGION SUBMANDIBULAR ARC,cm,286.20,14.10,395,264.00,286.00,310.00,A,percentiles on p.84
ansur-ii-pilots,reports/ansur-ii-2012/ADA634277.pdf,87,ANSUR II Army pilots women 2010-2012 (augmented database n=395),United States,military,Pilots,F,2010,bizygomatic_breadth,BIZYGOMATIC BREADTH,cm,132.00,5.40,395,123.00,132.00,140.00,A,percentiles on p.86
ansur-ii-pilots,reports/ansur-ii-2012/ADA634277.pdf,89,ANSUR II Army pilots women 2010-2012 (augmented database n=395),United States,military,Pilots,F,2010,buttock_circumference,BUTTOCK CIRCUMFERENCE,cm,1023.30,71.90,395,914.00,1021.00,1147.00,A,percentiles on p.88
ansur-ii-pilots,reports/ansur-ii-2012/ADA634277.pdf,91,ANSUR II Army pilots women 2010-2012 (augmented database n=395),United States,military,Pilots,F,2010,other:buttock_depth,BUTTOCK DEPTH,cm,228.50,24.70,395,193.00,225.00,275.00,A,percentiles on p.90
ansur-ii-pilots,reports/ansur-ii-2012/ADA634277.pdf,93,ANSUR II Army pilots women 2010-2012 (augmented database n=395),United States,military,Pilots,F,2010,other:buttock_height,BUTTOCK HEIGHT,cm,840.20,38.30,395,784.00,838.00,910.00,A,percentiles on p.92
ansur-ii-pilots,reports/ansur-ii-2012/ADA634277.pdf,95,ANSUR II Army pilots women 2010-2012 (augmented database n=395),United States,military,Pilots,F,2010,buttock_knee_length,BUTTOCK-KNEE LENGTH,cm,590.50,26.60,395,553.00,587.00,640.00,A,percentiles on p.94
ansur-ii-pilots,reports/ansur-ii-2012/ADA634277.pdf,97,ANSUR II Army pilots women 2010-2012 (augmented database n=395),United States,military,Pilots,F,2010,buttock_popliteal_length,BUTTOCK-POPLITEAL LENGTH,cm,486.40,22.30,395,455.00,484.00,526.00,A,percentiles on p.96
ansur-ii-pilots,reports/ansur-ii-2012/ADA634277.pdf,99,ANSUR II Army pilots women 2010-2012 (augmented database n=395),United States,military,Pilots,F,2010,calf_circumference,CALF CIRCUMFERENCE,cm,373.90,26.80,395,333.00,371.00,423.00,A,percentiles on p.98
ansur-ii-pilots,reports/ansur-ii-2012/ADA634277.pdf,101,ANSUR II Army pilots women 2010-2012 (augmented database n=395),United States,military,Pilots,F,2010,cervicale_height,CERVICALE HEIGHT,cm,1414.80,52.80,395,1338.00,1412.00,1512.00,A,asterisk in report: definition differs from ANSUR 1988; percentiles on p.100
ansur-ii-pilots,reports/ansur-ii-2012/ADA634277.pdf,103,ANSUR II Army pilots women 2010-2012 (augmented database n=395),United States,military,Pilots,F,2010,chest_breadth,CHEST BREADTH,cm,272.10,18.40,395,246.00,269.00,304.00,A,asterisk in report: definition differs from ANSUR 1988; percentiles on p.102
ansur-ii-pilots,reports/ansur-ii-2012/ADA634277.pdf,105,ANSUR II Army pilots women 2010-2012 (augmented database n=395),United States,military,Pilots,F,2010,chest_circumference,CHEST CIRCUMFERENCE,cm,953.30,79.20,395,832.00,947.00,1091.00,A,asterisk in report: definition differs from ANSUR 1988; percentiles on p.104
ansur-ii-pilots,reports/ansur-ii-2012/ADA634277.pdf,107,ANSUR II Army pilots women 2010-2012 (augmented database n=395),United States,military,Pilots,F,2010,chest_depth,CHEST DEPTH,cm,247.30,26.00,395,207.00,245.00,291.00,A,asterisk in report: definition differs from ANSUR 1988; percentiles on p.106
ansur-ii-pilots,reports/ansur-ii-2012/ADA634277.pdf,109,ANSUR II Army pilots women 2010-2012 (augmented database n=395),United States,military,Pilots,F,2010,other:chest_height,CHEST HEIGHT,cm,1185.00,49.10,395,1116.00,1178.00,1278.00,A,asterisk in report: definition differs from ANSUR 1988; percentiles on p.108
ansur-ii-pilots,reports/ansur-ii-2012/ADA634277.pdf,111,ANSUR II Army pilots women 2010-2012 (augmented database n=395),United States,military,Pilots,F,2010,crotch_height,CROTCH HEIGHT,cm,788.70,35.60,395,740.00,785.00,857.00,A,percentiles on p.110
ansur-ii-pilots,reports/ansur-ii-2012/ADA634277.pdf,113,ANSUR II Army pilots women 2010-2012 (augmented database n=395),United States,military,Pilots,F,2010,other:crotch_length_omphalion,CROTCH LENGTH (OMPHALION),cm,627.60,42.30,395,562.00,624.00,706.00,A,percentiles on p.112
ansur-ii-pilots,reports/ansur-ii-2012/ADA634277.pdf,115,ANSUR II Army pilots women 2010-2012 (augmented database n=395),United States,military,Pilots,F,2010,other:crotch_length_posterior_omphalion,"CROTCH LENGTH, POSTERIOR (OMPHALION)",cm,342.80,27.90,395,299.00,340.00,388.00,A,percentiles on p.114
ansur-ii-pilots,reports/ansur-ii-2012/ADA634277.pdf,117,ANSUR II Army pilots women 2010-2012 (augmented database n=395),United States,military,Pilots,F,2010,other:ear_breadth,EAR BREADTH,cm,33.20,2.50,395,29.00,33.00,37.00,A,percentiles on p.116
ansur-ii-pilots,reports/ansur-ii-2012/ADA634277.pdf,119,ANSUR II Army pilots women 2010-2012 (augmented database n=395),United States,military,Pilots,F,2010,ear_length,EAR LENGTH,cm,59.90,3.70,395,55.00,60.00,66.00,A,percentiles on p.118
ansur-ii-pilots,reports/ansur-ii-2012/ADA634277.pdf,121,ANSUR II Army pilots women 2010-2012 (augmented database n=395),United States,military,Pilots,F,2010,other:ear_protrusion,EAR PROTRUSION,cm,20.70,2.60,395,17.00,21.00,25.00,A,percentiles on p.120
ansur-ii-pilots,reports/ansur-ii-2012/ADA634277.pdf,123,ANSUR II Army pilots women 2010-2012 (augmented database n=395),United States,military,Pilots,F,2010,elbow_rest_height,ELBOW REST HEIGHT,cm,238.90,24.70,395,201.00,237.00,285.00,A,percentiles on p.122
ansur-ii-pilots,reports/ansur-ii-2012/ADA634277.pdf,125,ANSUR II Army pilots women 2010-2012 (augmented database n=395),United States,military,Pilots,F,2010,eye_height_sitting,"EYE HEIGHT, SITTING",cm,763.20,28.10,395,714.00,763.00,810.00,A,percentiles on p.124
ansur-ii-pilots,reports/ansur-ii-2012/ADA634277.pdf,127,ANSUR II Army pilots women 2010-2012 (augmented database n=395),United States,military,Pilots,F,2010,foot_breadth,"FOOT BREADTH, HORIZONTAL",cm,92.50,4.80,395,84.00,92.00,100.00,A,percentiles on p.126
ansur-ii-pilots,reports/ansur-ii-2012/ADA634277.pdf,129,ANSUR II Army pilots women 2010-2012 (augmented database n=395),United States,military,Pilots,F,2010,foot_length,FOOT LENGTH,cm,246.30,11.30,395,229.00,246.00,265.00,A,percentiles on p.128
ansur-ii-pilots,reports/ansur-ii-2012/ADA634277.pdf,131,ANSUR II Army pilots women 2010-2012 (augmented database n=395),United States,military,Pilots,F,2010,other:forearm_center_of_grip_length,FOREARM-CENTER OF GRIP LENGTH,cm,316.40,15.00,395,293.00,315.00,341.00,A,percentiles on p.130
ansur-ii-pilots,reports/ansur-ii-2012/ADA634277.pdf,133,ANSUR II Army pilots women 2010-2012 (augmented database n=395),United States,military,Pilots,F,2010,forearm_circumference_flexed,"FOREARM CIRCUMFERENCE, FLEXED",cm,262.20,16.60,395,237.00,261.00,289.00,A,percentiles on p.132
ansur-ii-pilots,reports/ansur-ii-2012/ADA634277.pdf,135,ANSUR II Army pilots women 2010-2012 (augmented database n=395),United States,military,Pilots,F,2010,forearm_forearm_breadth,FOREARM-FOREARM BREADTH,cm,494.80,42.00,395,435.00,492.00,563.00,A,percentiles on p.134
ansur-ii-pilots,reports/ansur-ii-2012/ADA634277.pdf,137,ANSUR II Army pilots women 2010-2012 (augmented database n=395),United States,military,Pilots,F,2010,other:forearm_hand_length,FOREARM-HAND LENGTH,cm,438.90,18.50,395,411.00,438.00,473.00,A,percentiles on p.136
ansur-ii-pilots,reports/ansur-ii-2012/ADA634277.pdf,139,ANSUR II Army pilots women 2010-2012 (augmented database n=395),United States,military,Pilots,F,2010,other:functional_leg_length,FUNCTIONAL LEG LENGTH,cm,1053.10,47.60,395,974.00,1053.00,1135.00,A,percentiles on p.138
ansur-ii-pilots,reports/ansur-ii-2012/ADA634277.pdf,141,ANSUR II Army pilots women 2010-2012 (augmented database n=395),United States,military,Pilots,F,2010,hand_breadth,HAND BREADTH,cm,78.30,3.90,395,72.00,79.00,85.00,A,percentiles on p.140
ansur-ii-pilots,reports/ansur-ii-2012/ADA634277.pdf,143,ANSUR II Army pilots women 2010-2012 (augmented database n=395),United States,military,Pilots,F,2010,hand_circumference,HAND CIRCUMFERENCE,cm,186.10,9.00,395,172.00,187.00,202.00,A,percentiles on p.142
ansur-ii-pilots,reports/ansur-ii-2012/ADA634277.pdf,145,ANSUR II Army pilots women 2010-2012 (augmented database n=395),United States,military,Pilots,F,2010,hand_length,HAND LENGTH,cm,180.60,8.80,395,166.00,181.00,196.00,A,percentiles on p.144
ansur-ii-pilots,reports/ansur-ii-2012/ADA634277.pdf,147,ANSUR II Army pilots women 2010-2012 (augmented database n=395),United States,military,Pilots,F,2010,head_breadth,HEAD BREADTH,cm,147.10,4.90,395,,,,A,asterisk in report: definition differs from ANSUR 1988; percentiles on p.146
ansur-ii-pilots,reports/ansur-ii-2012/ADA634277.pdf,149,ANSUR II Army pilots women 2010-2012 (augmented database n=395),United States,military,Pilots,F,2010,head_circumference,HEAD CIRCUMFERENCE,cm,556.90,14.90,395,,,,A,asterisk in report: definition differs from ANSUR 1988; percentiles on p.148
ansur-ii-pilots,reports/ansur-ii-2012/ADA634277.pdf,151,ANSUR II Army pilots women 2010-2012 (augmented database n=395),United States,military,Pilots,F,2010,head_length,HEAD LENGTH,cm,189.80,6.70,395,,,,A,asterisk in report: definition differs from ANSUR 1988; percentiles on p.150
ansur-ii-pilots,reports/ansur-ii-2012/ADA634277.pdf,153,ANSUR II Army pilots women 2010-2012 (augmented database n=395),United States,military,Pilots,F,2010,other:heel_ankle_circumference,HEEL-ANKLE CIRCUMFERENCE,cm,308.20,13.90,395,287.00,307.00,330.00,A,percentiles on p.152
ansur-ii-pilots,reports/ansur-ii-2012/ADA634277.pdf,155,ANSUR II Army pilots women 2010-2012 (augmented database n=395),United States,military,Pilots,F,2010,other:heel_breadth,HEEL BREADTH,cm,65.30,4.50,395,58.00,65.00,73.00,A,percentiles on p.154
ansur-ii-pilots,reports/ansur-ii-2012/ADA634277.pdf,157,ANSUR II Army pilots women 2010-2012 (augmented database n=395),United States,military,Pilots,F,2010,other:hip_breadth,HIP BREADTH,cm,358.60,24.10,395,321.00,359.00,400.00,A,percentiles on p.156
ansur-ii-pilots,reports/ansur-ii-2012/ADA634277.pdf,159,ANSUR II Army pilots women 2010-2012 (augmented database n=395),United States,military,Pilots,F,2010,hip_breadth_sitting,"HIP BREADTH, SITTING",cm,402.60,31.50,395,351.00,404.00,458.00,A,percentiles on p.158
ansur-ii-pilots,reports/ansur-ii-2012/ADA634277.pdf,161,ANSUR II Army pilots women 2010-2012 (augmented database n=395),United States,military,Pilots,F,2010,iliocristale_height,ILIOCRISTALE HEIGHT,cm,1006.70,42.80,395,943.00,1006.00,1083.00,A,percentiles on p.160
ansur-ii-pilots,reports/ansur-ii-2012/ADA634277.pdf,163,ANSUR II Army pilots women 2010-2012 (augmented database n=395),United States,military,Pilots,F,2010,interpupillary_breadth,INTERPUPILLARY BREADTH,cm,60.30,3.30,395,54.50,60.00,65.50,A,percentiles on p.162
ansur-ii-pilots,reports/ansur-ii-2012/ADA634277.pdf,165,ANSUR II Army pilots women 2010-2012 (augmented database n=395),United States,military,Pilots,F,2010,other:interscye_i,INTERSCYE I,cm,375.70,28.40,395,331.00,373.00,426.00,A,percentiles on p.164
ansur-ii-pilots,reports/ansur-ii-2012/ADA634277.pdf,167,ANSUR II Army pilots women 2010-2012 (augmented database n=395),United States,military,Pilots,F,2010,other:interscye_ii,INTERSCYE II,cm,397.50,25.00,395,361.00,396.00,440.00,A,percentiles on p.166
ansur-ii-pilots,reports/ansur-ii-2012/ADA634277.pdf,169,ANSUR II Army pilots women 2010-2012 (augmented database n=395),United States,military,Pilots,F,2010,other:knee_height_midpatella,"KNEE HEIGHT, MIDPATELLA",cm,452.50,20.80,395,419.00,451.00,492.00,A,percentiles on p.168
ansur-ii-pilots,reports/ansur-ii-2012/ADA634277.pdf,171,ANSUR II Army pilots women 2010-2012 (augmented database n=395),United States,military,Pilots,F,2010,knee_height_sitting,"KNEE HEIGHT, SITTING",cm,515.50,22.70,395,483.00,515.00,556.00,A,percentiles on p.170
ansur-ii-pilots,reports/ansur-ii-2012/ADA634277.pdf,173,ANSUR II Army pilots women 2010-2012 (augmented database n=395),United States,military,Pilots,F,2010,other:lateral_femoral_epicondyle_height,LATERAL FEMORAL EPICONDYLE HEIGHT,cm,468.70,21.60,395,438.00,465.00,508.00,A,percentiles on p.172
ansur-ii-pilots,reports/ansur-ii-2012/ADA634277.pdf,175,ANSUR II Army pilots women 2010-2012 (augmented database n=395),United States,military,Pilots,F,2010,other:lateral_malleolus_height,LATERAL MALLEOLUS HEIGHT,cm,64.20,4.80,395,57.00,64.00,72.00,A,percentiles on p.174
ansur-ii-pilots,reports/ansur-ii-2012/ADA634277.pdf,177,ANSUR II Army pilots women 2010-2012 (augmented database n=395),United States,military,Pilots,F,2010,other:lower_thigh_circumference,LOWER THIGH CIRCUMFERENCE,cm,397.80,33.20,395,350.00,395.00,458.00,A,percentiles on p.176
ansur-ii-pilots,reports/ansur-ii-2012/ADA634277.pdf,179,ANSUR II Army pilots women 2010-2012 (augmented database n=395),United States,military,Pilots,F,2010,menton_sellion_length,MENTON-SELLION LENGTH,cm,112.80,6.20,395,103.00,113.00,123.00,A,percentiles on p.178
ansur-ii-pilots,reports/ansur-ii-2012/ADA634277.pdf,181,ANSUR II Army pilots women 2010-2012 (augmented database n=395),United States,military,Pilots,F,2010,neck_circumference,NECK CIRCUMFERENCE,cm,326.80,18.60,395,301.00,323.00,362.00,A,percentiles on p.180
ansur-ii-pilots,reports/ansur-ii-2012/ADA634277.pdf,183,ANSUR II Army pilots women 2010-2012 (augmented database n=395),United States,military,Pilots,F,2010,neck_circumference_base,"NECK CIRCUMFERENCE, BASE",cm,370.50,18.30,395,344.00,368.00,403.00,A,percentiles on p.182
ansur-ii-pilots,reports/ansur-ii-2012/ADA634277.pdf,185,ANSUR II Army pilots women 2010-2012 (augmented database n=395),United States,military,Pilots,F,2010,other:overhead_fingertip_reach_sitting,"OVERHEAD FINGERTIP REACH, SITTING",cm,1324.60,59.20,395,1236.00,1319.00,1420.00,A,percentiles on p.184
ansur-ii-pilots,reports/ansur-ii-2012/ADA634277.pdf,187,ANSUR II Army pilots women 2010-2012 (augmented database n=395),United States,military,Pilots,F,2010,other:palm_length,PALM LENGTH,cm,108.40,5.10,395,100.00,108.00,117.00,A,percentiles on p.186
ansur-ii-pilots,reports/ansur-ii-2012/ADA634277.pdf,189,ANSUR II Army pilots women 2010-2012 (augmented database n=395),United States,military,Pilots,F,2010,popliteal_height,POPLITEAL HEIGHT,cm,393.10,19.60,395,363.00,392.00,430.00,A,percentiles on p.188
ansur-ii-pilots,reports/ansur-ii-2012/ADA634277.pdf,191,ANSUR II Army pilots women 2010-2012 (augmented database n=395),United States,military,Pilots,F,2010,radiale_stylion_length,RADIALE-STYLION LENGTH,cm,239.60,12.10,395,221.00,240.00,260.00,A,percentiles on p.190
ansur-ii-pilots,reports/ansur-ii-2012/ADA634277.pdf,193,ANSUR II Army pilots women 2010-2012 (augmented database n=395),United States,military,Pilots,F,2010,shoulder_circumference,SHOULDER CIRCUMFERENCE,cm,1026.60,49.30,395,951.00,1026.00,1115.00,A,asterisk in report: definition differs from ANSUR 1988; percentiles on p.192
ansur-ii-pilots,reports/ansur-ii-2012/ADA634277.pdf,195,ANSUR II Army pilots women 2010-2012 (augmented database n=395),United States,military,Pilots,F,2010,shoulder_elbow_length,SHOULDER-ELBOW LENGTH,cm,338.30,14.80,395,316.00,337.00,367.00,A,percentiles on p.194
ansur-ii-pilots,reports/ansur-ii-2012/ADA634277.pdf,197,ANSUR II Army pilots women 2010-2012 (augmented database n=395),United States,military,Pilots,F,2010,shoulder_length,SHOULDER LENGTH,cm,135.50,9.50,395,121.00,135.00,152.00,A,percentiles on p.196
ansur-ii-pilots,reports/ansur-ii-2012/ADA634277.pdf,199,ANSUR II Army pilots women 2010-2012 (augmented database n=395),United States,military,Pilots,F,2010,sitting_height,SITTING HEIGHT,cm,872.90,30.70,395,824.00,873.00,924.00,A,percentiles on p.198
ansur-ii-pilots,reports/ansur-ii-2012/ADA634277.pdf,201,ANSUR II Army pilots women 2010-2012 (augmented database n=395),United States,military,Pilots,F,2010,other:sleeve_length_spine_wrist,SLEEVE LENGTH: SPINE-WRIST,cm,812.40,31.20,395,768.00,807.00,871.00,A,percentiles on p.200
ansur-ii-pilots,reports/ansur-ii-2012/ADA634277.pdf,203,ANSUR II Army pilots women 2010-2012 (augmented database n=395),United States,military,Pilots,F,2010,sleeve_outseam,SLEEVE OUTSEAM,cm,546.70,23.90,395,512.00,542.00,592.00,A,percentiles on p.202
ansur-ii-pilots,reports/ansur-ii-2012/ADA634277.pdf,205,ANSUR II Army pilots women 2010-2012 (augmented database n=395),United States,military,Pilots,F,2010,span,SPAN,cm,1665.20,67.10,395,1574.00,1659.00,1794.00,A,percentiles on p.204
ansur-ii-pilots,reports/ansur-ii-2012/ADA634277.pdf,207,ANSUR II Army pilots women 2010-2012 (augmented database n=395),United States,military,Pilots,F,2010,stature,STATURE,cm,1651.70,57.10,395,1569.00,1646.00,1754.00,A,percentiles on p.206
ansur-ii-pilots,reports/ansur-ii-2012/ADA634277.pdf,209,ANSUR II Army pilots women 2010-2012 (augmented database n=395),United States,military,Pilots,F,2010,suprasternale_height,SUPRASTERNALE HEIGHT,cm,1347.60,50.00,395,1273.00,1343.00,1440.00,A,percentiles on p.208
ansur-ii-pilots,reports/ansur-ii-2012/ADA634277.pdf,211,ANSUR II Army pilots women 2010-2012 (augmented database n=395),United States,military,Pilots,F,2010,other:tenth_rib_height,TENTH RIB HEIGHT,cm,1066.00,44.20,395,997.00,1063.00,1150.00,A,percentiles on p.210
ansur-ii-pilots,reports/ansur-ii-2012/ADA634277.pdf,213,ANSUR II Army pilots women 2010-2012 (augmented database n=395),United States,military,Pilots,F,2010,thigh_circumference,THIGH CIRCUMFERENCE,cm,614.10,54.90,395,528.00,615.00,713.00,A,percentiles on p.212
ansur-ii-pilots,reports/ansur-ii-2012/ADA634277.pdf,215,ANSUR II Army pilots women 2010-2012 (augmented database n=395),United States,military,Pilots,F,2010,thigh_clearance,THIGH CLEARANCE,cm,166.50,13.00,395,147.00,165.00,189.00,A,percentiles on p.214
ansur-ii-pilots,reports/ansur-ii-2012/ADA634277.pdf,217,ANSUR II Army pilots women 2010-2012 (augmented database n=395),United States,military,Pilots,F,2010,thumbtip_reach,THUMBTIP REACH,cm,742.00,39.40,395,678.00,741.00,813.00,A,percentiles on p.216
ansur-ii-pilots,reports/ansur-ii-2012/ADA634277.pdf,219,ANSUR II Army pilots women 2010-2012 (augmented database n=395),United States,military,Pilots,F,2010,other:tibial_height,TIBIAL HEIGHT,cm,440.20,20.60,395,413.00,437.00,476.00,A,percentiles on p.218
ansur-ii-pilots,reports/ansur-ii-2012/ADA634277.pdf,221,ANSUR II Army pilots women 2010-2012 (augmented database n=395),United States,military,Pilots,F,2010,other:tragion_top_of_head,TRAGION – TOP OF HEAD,cm,126.40,6.10,395,,,,A,asterisk in report: definition differs from ANSUR 1988; percentiles on p.220
ansur-ii-pilots,reports/ansur-ii-2012/ADA634277.pdf,223,ANSUR II Army pilots women 2010-2012 (augmented database n=395),United States,military,Pilots,F,2010,trochanterion_height,TROCHANTERION HEIGHT,cm,852.20,37.40,395,795.00,848.00,916.00,A,percentiles on p.222
ansur-ii-pilots,reports/ansur-ii-2012/ADA634277.pdf,225,ANSUR II Army pilots women 2010-2012 (augmented database n=395),United States,military,Pilots,F,2010,vertical_trunk_circumference,VERTICAL TRUNK CIRCUMFERENCE (USA),cm,1572.90,73.30,395,1468.00,1570.00,1693.00,A,percentiles on p.224
ansur-ii-pilots,reports/ansur-ii-2012/ADA634277.pdf,227,ANSUR II Army pilots women 2010-2012 (augmented database n=395),United States,military,Pilots,F,2010,other:waist_back_length_omphalion,WAIST BACK LENGTH (OMPHALION),cm,429.40,24.60,395,391.00,429.00,470.00,A,asterisk in report: definition differs from ANSUR 1988; percentiles on p.226
ansur-ii-pilots,reports/ansur-ii-2012/ADA634277.pdf,229,ANSUR II Army pilots women 2010-2012 (augmented database n=395),United States,military,Pilots,F,2010,other:waist_breadth,WAIST BREADTH,cm,302.60,31.90,395,256.00,299.00,359.00,A,percentiles on p.228
ansur-ii-pilots,reports/ansur-ii-2012/ADA634277.pdf,231,ANSUR II Army pilots women 2010-2012 (augmented database n=395),United States,military,Pilots,F,2010,waist_circumference,WAIST CIRCUMFERENCE (OMPHALION),cm,855.00,97.80,395,705.00,841.00,1031.00,A,percentiles on p.230
ansur-ii-pilots,reports/ansur-ii-2012/ADA634277.pdf,233,ANSUR II Army pilots women 2010-2012 (augmented database n=395),United States,military,Pilots,F,2010,other:waist_depth,WAIST DEPTH,cm,204.00,29.10,395,162.00,202.00,259.00,A,percentiles on p.232
ansur-ii-pilots,reports/ansur-ii-2012/ADA634277.pdf,235,ANSUR II Army pilots women 2010-2012 (augmented database n=395),United States,military,Pilots,F,2010,other:waist_front_length_sitting,"WAIST FRONT LENGTH, SITTING",cm,357.60,23.20,395,318.00,358.00,397.00,A,percentiles on p.234
ansur-ii-pilots,reports/ansur-ii-2012/ADA634277.pdf,237,ANSUR II Army pilots women 2010-2012 (augmented database n=395),United States,military,Pilots,F,2010,other:waist_height_omphalion,WAIST HEIGHT (OMPHALION),cm,994.70,42.40,395,931.00,992.00,1072.00,A,percentiles on p.236
ansur-ii-pilots,reports/ansur-ii-2012/ADA634277.pdf,239,ANSUR II Army pilots women 2010-2012 (augmented database n=395),United States,military,Pilots,F,2010,mass,WEIGHT,kg,67.83,10.24,395,52.40,66.60,84.20,A,percentiles on p.238
ansur-ii-pilots,reports/ansur-ii-2012/ADA634277.pdf,241,ANSUR II Army pilots women 2010-2012 (augmented database n=395),United States,military,Pilots,F,2010,wrist_circumference,WRIST CIRCUMFERENCE,cm,154.60,7.50,395,142.00,154.00,167.00,A,percentiles on p.240
ansur-ii-pilots,reports/ansur-ii-2012/ADA634277.pdf,243,ANSUR II Army pilots women 2010-2012 (augmented database n=395),United States,military,Pilots,F,2010,other:wrist_height,WRIST HEIGHT,cm,810.10,35.10,395,754.00,809.00,868.00,A,percentiles on p.242
ansur-ii-pilots,reports/ansur-ii-2012/ADA634277.pdf,437,"ANSUR II Army women pilots 2010-2012 (42 measured, weighted)",United States,military,Pilots,F,2010,abdominal_depth_sitting,Abdominal extension depth sitting,mm,217.10,34.35,42,,,,A,"Appendix I Table I-1: 42 actually measured women pilots, statistics weighted to DMDC female pilot age/race frequencies (report says not for design use; use the augmented n=395 database); mean within printed min-max and within 1.5 SD of augmented-database mean"
ansur-ii-pilots,reports/ansur-ii-2012/ADA634277.pdf,437,"ANSUR II Army women pilots 2010-2012 (42 measured, weighted)",United States,military,Pilots,F,2010,acromion_height,Acromial height,mm,1346.30,55.15,42,,,,A,"Appendix I Table I-1: 42 actually measured women pilots, statistics weighted to DMDC female pilot age/race frequencies (report says not for design use; use the augmented n=395 database); mean within printed min-max and within 1.5 SD of augmented-database mean"
ansur-ii-pilots,reports/ansur-ii-2012/ADA634277.pdf,437,"ANSUR II Army women pilots 2010-2012 (42 measured, weighted)",United States,military,Pilots,F,2010,ankle_circumference,Ankle circumference,mm,214.70,13.92,42,,,,A,"Appendix I Table I-1: 42 actually measured women pilots, statistics weighted to DMDC female pilot age/race frequencies (report says not for design use; use the augmented n=395 database); mean within printed min-max and within 1.5 SD of augmented-database mean"
ansur-ii-pilots,reports/ansur-ii-2012/ADA634277.pdf,437,"ANSUR II Army women pilots 2010-2012 (42 measured, weighted)",United States,military,Pilots,F,2010,other:axilla_height,Axilla height,mm,1253.20,53.51,42,,,,A,"Appendix I Table I-1: 42 actually measured women pilots, statistics weighted to DMDC female pilot age/race frequencies (report says not for design use; use the augmented n=395 database); mean within printed min-max and within 1.5 SD of augmented-database mean"
ansur-ii-pilots,reports/ansur-ii-2012/ADA634277.pdf,437,"ANSUR II Army women pilots 2010-2012 (42 measured, weighted)",United States,military,Pilots,F,2010,other:ball_of_foot_circumference,Ball of foot circumference,mm,229.10,11.12,42,,,,A,"Appendix I Table I-1: 42 actually measured women pilots, statistics weighted to DMDC female pilot age/race frequencies (report says not for design use; use the augmented n=395 database); mean within printed min-max and within 1.5 SD of augmented-database mean"
ansur-ii-pilots,reports/ansur-ii-2012/ADA634277.pdf,437,"ANSUR II Army women pilots 2010-2012 (42 measured, weighted)",United States,military,Pilots,F,2010,other:ball_of_foot_length,Ball of foot length,mm,181.20,9.90,42,,,,A,"Appendix I Table I-1: 42 actually measured women pilots, statistics weighted to DMDC female pilot age/race frequencies (report says not for design use; use the augmented n=395 database); mean within printed min-max and within 1.5 SD of augmented-database mean"
ansur-ii-pilots,reports/ansur-ii-2012/ADA634277.pdf,437,"ANSUR II Army women pilots 2010-2012 (42 measured, weighted)",United States,military,Pilots,F,2010,biacromial_breadth,Biacromial breadth,mm,366.30,16.24,42,,,,A,"Appendix I Table I-1: 42 actually measured women pilots, statistics weighted to DMDC female pilot age/race frequencies (report says not for design use; use the augmented n=395 database); mean within printed min-max and within 1.5 SD of augmented-database mean"
ansur-ii-pilots,reports/ansur-ii-2012/ADA634277.pdf,437,"ANSUR II Army women pilots 2010-2012 (42 measured, weighted)",United States,military,Pilots,F,2010,biceps_circumference_flexed,Biceps circumference flexed,mm,307.10,35.09,42,,,,A,"Appendix I Table I-1: 42 actually measured women pilots, statistics weighted to DMDC female pilot age/race frequencies (report says not for design use; use the augmented n=395 database); mean within printed min-max and within 1.5 SD of augmented-database mean"
ansur-ii-pilots,reports/ansur-ii-2012/ADA634277.pdf,437,"ANSUR II Army women pilots 2010-2012 (42 measured, weighted)",United States,military,Pilots,F,2010,bicristal_breadth,Bicristal breadth,mm,273.20,20.35,42,,,,A,"Appendix I Table I-1: 42 actually measured women pilots, statistics weighted to DMDC female pilot age/race frequencies (report says not for design use; use the augmented n=395 database); mean within printed min-max and within 1.5 SD of augmented-database mean"
ansur-ii-pilots,reports/ansur-ii-2012/ADA634277.pdf,437,"ANSUR II Army women pilots 2010-2012 (42 measured, weighted)",United States,military,Pilots,F,2010,bideltoid_breadth,Bideltoid breadth,mm,449.20,34.58,42,,,,A,"Appendix I Table I-1: 42 actually measured women pilots, statistics weighted to DMDC female pilot age/race frequencies (report says not for design use; use the augmented n=395 database); mean within printed min-max and within 1.5 SD of augmented-database mean"
ansur-ii-pilots,reports/ansur-ii-2012/ADA634277.pdf,437,"ANSUR II Army women pilots 2010-2012 (42 measured, weighted)",United States,military,Pilots,F,2010,other:bimalleolar_breadth,Bimalleolar breadth,mm,67.40,3.08,42,,,,A,"Appendix I Table I-1: 42 actually measured women pilots, statistics weighted to DMDC female pilot age/race frequencies (report says not for design use; use the augmented n=395 database); mean within printed min-max and within 1.5 SD of augmented-database mean"
ansur-ii-pilots,reports/ansur-ii-2012/ADA634277.pdf,437,"ANSUR II Army women pilots 2010-2012 (42 measured, weighted)",United States,military,Pilots,F,2010,other:bitragion_chin_arc,Bitragion chin arc,mm,308.40,12.80,42,,,,A,"Appendix I Table I-1: 42 actually measured women pilots, statistics weighted to DMDC female pilot age/race frequencies (report says not for design use; use the augmented n=395 database); mean within printed min-max and within 1.5 SD of augmented-database mean"
ansur-ii-pilots,reports/ansur-ii-2012/ADA634277.pdf,437,"ANSUR II Army women pilots 2010-2012 (42 measured, weighted)",United States,military,Pilots,F,2010,other:bitragion_submandibular_arc,Bitragion submandibular arc,mm,288.40,13.15,42,,,,A,"Appendix I Table I-1: 42 actually measured women pilots, statistics weighted to DMDC female pilot age/race frequencies (report says not for design use; use the augmented n=395 database); mean within printed min-max and within 1.5 SD of augmented-database mean"
ansur-ii-pilots,reports/ansur-ii-2012/ADA634277.pdf,437,"ANSUR II Army women pilots 2010-2012 (42 measured, weighted)",United States,military,Pilots,F,2010,bizygomatic_breadth,Bizygomatic breadth,mm,132.20,5.79,42,,,,A,"Appendix I Table I-1: 42 actually measured women pilots, statistics weighted to DMDC female pilot age/race frequencies (report says not for design use; use the augmented n=395 database); mean within printed min-max and within 1.5 SD of augmented-database mean"
ansur-ii-pilots,reports/ansur-ii-2012/ADA634277.pdf,437,"ANSUR II Army women pilots 2010-2012 (42 measured, weighted)",United States,military,Pilots,F,2010,buttock_circumference,Buttock circumference,mm,1006.50,77.41,42,,,,A,"Appendix I Table I-1: 42 actually measured women pilots, statistics weighted to DMDC female pilot age/race frequencies (report says not for design use; use the augmented n=395 database); mean within printed min-max and within 1.5 SD of augmented-database mean"
ansur-ii-pilots,reports/ansur-ii-2012/ADA634277.pdf,437,"ANSUR II Army women pilots 2010-2012 (42 measured, weighted)",United States,military,Pilots,F,2010,other:buttock_depth,Buttock depth,mm,226.20,28.10,42,,,,A,"Appendix I Table I-1: 42 actually measured women pilots, statistics weighted to DMDC female pilot age/race frequencies (report says not for design use; use the augmented n=395 database); mean within printed min-max and within 1.5 SD of augmented-database mean"
ansur-ii-pilots,reports/ansur-ii-2012/ADA634277.pdf,438,"ANSUR II Army women pilots 2010-2012 (42 measured, weighted)",United States,military,Pilots,F,2010,other:buttock_height,Buttock height,mm,842.70,38.70,42,,,,A,"Appendix I Table I-1: 42 actually measured women pilots, statistics weighted to DMDC female pilot age/race frequencies (report says not for design use; use the augmented n=395 database); mean within printed min-max and within 1.5 SD of augmented-database mean"
ansur-ii-pilots,reports/ansur-ii-2012/ADA634277.pdf,438,"ANSUR II Army women pilots 2010-2012 (42 measured, weighted)",United States,military,Pilots,F,2010,buttock_knee_length,Buttock knee length,mm,587.20,22.80,42,,,,A,"Appendix I Table I-1: 42 actually measured women pilots, statistics weighted to DMDC female pilot age/race frequencies (report says not for design use; use the augmented n=395 database); mean within printed min-max and within 1.5 SD of augmented-database mean"
ansur-ii-pilots,reports/ansur-ii-2012/ADA634277.pdf,438,"ANSUR II Army women pilots 2010-2012 (42 measured, weighted)",United States,military,Pilots,F,2010,buttock_popliteal_length,Buttock popliteal length,mm,486.90,18.00,42,,,,A,"Appendix I Table I-1: 42 actually measured women pilots, statistics weighted to DMDC female pilot age/race frequencies (report says not for design use; use the augmented n=395 database); mean within printed min-max and within 1.5 SD of augmented-database mean"
ansur-ii-pilots,reports/ansur-ii-2012/ADA634277.pdf,438,"ANSUR II Army women pilots 2010-2012 (42 measured, weighted)",United States,military,Pilots,F,2010,calf_circumference,Calf circumference,mm,369.50,27.97,42,,,,A,"Appendix I Table I-1: 42 actually measured women pilots, statistics weighted to DMDC female pilot age/race frequencies (report says not for design use; use the augmented n=395 database); mean within printed min-max and within 1.5 SD of augmented-database mean"
ansur-ii-pilots,reports/ansur-ii-2012/ADA634277.pdf,438,"ANSUR II Army women pilots 2010-2012 (42 measured, weighted)",United States,military,Pilots,F,2010,cervicale_height,Cervicale height,mm,1412.70,55.93,42,,,,A,"Appendix I Table I-1: 42 actually measured women pilots, statistics weighted to DMDC female pilot age/race frequencies (report says not for design use; use the augmented n=395 database); mean within printed min-max and within 1.5 SD of augmented-database mean"
ansur-ii-pilots,reports/ansur-ii-2012/ADA634277.pdf,438,"ANSUR II Army women pilots 2010-2012 (42 measured, weighted)",United States,military,Pilots,F,2010,chest_breadth,Chest breadth,mm,266.50,19.36,42,,,,A,"Appendix I Table I-1: 42 actually measured women pilots, statistics weighted to DMDC female pilot age/race frequencies (report says not for design use; use the augmented n=395 database); mean within printed min-max and within 1.5 SD of augmented-database mean"
ansur-ii-pilots,reports/ansur-ii-2012/ADA634277.pdf,438,"ANSUR II Army women pilots 2010-2012 (42 measured, weighted)",United States,military,Pilots,F,2010,chest_circumference,Chest circumference,mm,939.20,93.73,42,,,,A,"Appendix I Table I-1: 42 actually measured women pilots, statistics weighted to DMDC female pilot age/race frequencies (report says not for design use; use the augmented n=395 database); mean within printed min-max and within 1.5 SD of augmented-database mean"
ansur-ii-pilots,reports/ansur-ii-2012/ADA634277.pdf,438,"ANSUR II Army women pilots 2010-2012 (42 measured, weighted)",United States,military,Pilots,F,2010,chest_depth,Chest depth,mm,240.30,29.26,42,,,,A,"Appendix I Table I-1: 42 actually measured women pilots, statistics weighted to DMDC female pilot age/race frequencies (report says not for design use; use the augmented n=395 database); mean within printed min-max and within 1.5 SD of augmented-database mean"
ansur-ii-pilots,reports/ansur-ii-2012/ADA634277.pdf,438,"ANSUR II Army women pilots 2010-2012 (42 measured, weighted)",United States,military,Pilots,F,2010,other:chest_height,Chest height,mm,1187.30,55.95,42,,,,A,"Appendix I Table I-1: 42 actually measured women pilots, statistics weighted to DMDC female pilot age/race frequencies (report says not for design use; use the augmented n=395 database); mean within printed min-max and within 1.5 SD of augmented-database mean"
ansur-ii-pilots,reports/ansur-ii-2012/ADA634277.pdf,438,"ANSUR II Army women pilots 2010-2012 (42 measured, weighted)",United States,military,Pilots,F,2010,crotch_height,Crotch height,mm,787.90,36.98,42,,,,A,"Appendix I Table I-1: 42 actually measured women pilots, statistics weighted to DMDC female pilot age/race frequencies (report says not for design use; use the augmented n=395 database); mean within printed min-max and within 1.5 SD of augmented-database mean"
ansur-ii-pilots,reports/ansur-ii-2012/ADA634277.pdf,438,"ANSUR II Army women pilots 2010-2012 (42 measured, weighted)",United States,military,Pilots,F,2010,other:crotch_length_omphalion,Crotch length omphalion,mm,627.90,42.02,42,,,,A,"Appendix I Table I-1: 42 actually measured women pilots, statistics weighted to DMDC female pilot age/race frequencies (report says not for design use; use the augmented n=395 database); mean within printed min-max and within 1.5 SD of augmented-database mean"
ansur-ii-pilots,reports/ansur-ii-2012/ADA634277.pdf,438,"ANSUR II Army women pilots 2010-2012 (42 measured, weighted)",United States,military,Pilots,F,2010,other:crotch_length_posterior_omphalion,Crotch length posterior omphalion,mm,343.30,24.02,42,,,,A,"Appendix I Table I-1: 42 actually measured women pilots, statistics weighted to DMDC female pilot age/race frequencies (report says not for design use; use the augmented n=395 database); mean within printed min-max and within 1.5 SD of augmented-database mean"
ansur-ii-pilots,reports/ansur-ii-2012/ADA634277.pdf,438,"ANSUR II Army women pilots 2010-2012 (42 measured, weighted)",United States,military,Pilots,F,2010,other:ear_breadth,Ear breadth,mm,31.70,2.55,42,,,,A,"Appendix I Table I-1: 42 actually measured women pilots, statistics weighted to DMDC female pilot age/race frequencies (report says not for design use; use the augmented n=395 database); mean within printed min-max and within 1.5 SD of augmented-database mean"
ansur-ii-pilots,reports/ansur-ii-2012/ADA634277.pdf,438,"ANSUR II Army women pilots 2010-2012 (42 measured, weighted)",United States,military,Pilots,F,2010,ear_length,Ear length,mm,61.80,3.96,42,,,,A,"Appendix I Table I-1: 42 actually measured women pilots, statistics weighted to DMDC female pilot age/race frequencies (report says not for design use; use the augmented n=395 database); mean within printed min-max and within 1.5 SD of augmented-database mean"
ansur-ii-pilots,reports/ansur-ii-2012/ADA634277.pdf,438,"ANSUR II Army women pilots 2010-2012 (42 measured, weighted)",United States,military,Pilots,F,2010,other:ear_protrusion,Ear protrusion,mm,20.40,2.29,42,,,,A,"Appendix I Table I-1: 42 actually measured women pilots, statistics weighted to DMDC female pilot age/race frequencies (report says not for design use; use the augmented n=395 database); mean within printed min-max and within 1.5 SD of augmented-database mean"
ansur-ii-pilots,reports/ansur-ii-2012/ADA634277.pdf,438,"ANSUR II Army women pilots 2010-2012 (42 measured, weighted)",United States,military,Pilots,F,2010,elbow_rest_height,Elbow rest height,mm,241.20,23.57,42,,,,A,"Appendix I Table I-1: 42 actually measured women pilots, statistics weighted to DMDC female pilot age/race frequencies (report says not for design use; use the augmented n=395 database); mean within printed min-max and within 1.5 SD of augmented-database mean"
ansur-ii-pilots,reports/ansur-ii-2012/ADA634277.pdf,438,"ANSUR II Army women pilots 2010-2012 (42 measured, weighted)",United States,military,Pilots,F,2010,eye_height_sitting,Eye height sitting,mm,766.40,23.88,42,,,,A,"Appendix I Table I-1: 42 actually measured women pilots, statistics weighted to DMDC female pilot age/race frequencies (report says not for design use; use the augmented n=395 database); mean within printed min-max and within 1.5 SD of augmented-database mean"
ansur-ii-pilots,reports/ansur-ii-2012/ADA634277.pdf,438,"ANSUR II Army women pilots 2010-2012 (42 measured, weighted)",United States,military,Pilots,F,2010,foot_breadth,Foot breadth horizontal,mm,91.90,4.45,42,,,,A,"Appendix I Table I-1: 42 actually measured women pilots, statistics weighted to DMDC female pilot age/race frequencies (report says not for design use; use the augmented n=395 database); mean within printed min-max and within 1.5 SD of augmented-database mean"
ansur-ii-pilots,reports/ansur-ii-2012/ADA634277.pdf,438,"ANSUR II Army women pilots 2010-2012 (42 measured, weighted)",United States,military,Pilots,F,2010,foot_length,Foot length,mm,245.20,13.21,42,,,,A,"Appendix I Table I-1: 42 actually measured women pilots, statistics weighted to DMDC female pilot age/race frequencies (report says not for design use; use the augmented n=395 database); mean within printed min-max and within 1.5 SD of augmented-database mean"
ansur-ii-pilots,reports/ansur-ii-2012/ADA634277.pdf,438,"ANSUR II Army women pilots 2010-2012 (42 measured, weighted)",United States,military,Pilots,F,2010,other:forearm_center_of_grip_length,Forearm center of grip length,mm,316.70,16.23,42,,,,A,"Appendix I Table I-1: 42 actually measured women pilots, statistics weighted to DMDC female pilot age/race frequencies (report says not for design use; use the augmented n=395 database); mean within printed min-max and within 1.5 SD of augmented-database mean"
ansur-ii-pilots,reports/ansur-ii-2012/ADA634277.pdf,438,"ANSUR II Army women pilots 2010-2012 (42 measured, weighted)",United States,military,Pilots,F,2010,forearm_circumference_flexed,Forearm circumference flexed,mm,266.40,20.64,42,,,,A,"Appendix I Table I-1: 42 actually measured women pilots, statistics weighted to DMDC female pilot age/race frequencies (report says not for design use; use the augmented n=395 database); mean within printed min-max and within 1.5 SD of augmented-database mean"
ansur-ii-pilots,reports/ansur-ii-2012/ADA634277.pdf,438,"ANSUR II Army women pilots 2010-2012 (42 measured, weighted)",United States,military,Pilots,F,2010,forearm_forearm_breadth,Forearm-forearm breadth,mm,496.80,53.95,42,,,,A,"Appendix I Table I-1: 42 actually measured women pilots, statistics weighted to DMDC female pilot age/race frequencies (report says not for design use; use the augmented n=395 database); mean within printed min-max and within 1.5 SD of augmented-database mean"
ansur-ii-pilots,reports/ansur-ii-2012/ADA634277.pdf,438,"ANSUR II Army women pilots 2010-2012 (42 measured, weighted)",United States,military,Pilots,F,2010,other:forearm_hand_length,Forearm hand length,mm,438.40,20.10,42,,,,A,"Appendix I Table I-1: 42 actually measured women pilots, statistics weighted to DMDC female pilot age/race frequencies (report says not for design use; use the augmented n=395 database); mean within printed min-max and within 1.5 SD of augmented-database mean"
ansur-ii-pilots,reports/ansur-ii-2012/ADA634277.pdf,438,"ANSUR II Army women pilots 2010-2012 (42 measured, weighted)",United States,military,Pilots,F,2010,other:functional_leg_length,Functional leg length,mm,1036.90,42.92,42,,,,A,"Appendix I Table I-1: 42 actually measured women pilots, statistics weighted to DMDC female pilot age/race frequencies (report says not for design use; use the augmented n=395 database); mean within printed min-max and within 1.5 SD of augmented-database mean"
ansur-ii-pilots,reports/ansur-ii-2012/ADA634277.pdf,438,"ANSUR II Army women pilots 2010-2012 (42 measured, weighted)",United States,military,Pilots,F,2010,hand_breadth,Hand breadth,mm,78.10,4.57,42,,,,A,"Appendix I Table I-1: 42 actually measured women pilots, statistics weighted to DMDC female pilot age/race frequencies (report says not for design use; use the augmented n=395 database); mean within printed min-max and within 1.5 SD of augmented-database mean"
ansur-ii-pilots,reports/ansur-ii-2012/ADA634277.pdf,438,"ANSUR II Army women pilots 2010-2012 (42 measured, weighted)",United States,military,Pilots,F,2010,hand_circumference,Hand circumference,mm,186.10,10.54,42,,,,A,"Appendix I Table I-1: 42 actually measured women pilots, statistics weighted to DMDC female pilot age/race frequencies (report says not for design use; use the augmented n=395 database); mean within printed min-max and within 1.5 SD of augmented-database mean"
ansur-ii-pilots,reports/ansur-ii-2012/ADA634277.pdf,438,"ANSUR II Army women pilots 2010-2012 (42 measured, weighted)",United States,military,Pilots,F,2010,hand_length,Hand length,mm,177.70,10.15,42,,,,A,"Appendix I Table I-1: 42 actually measured women pilots, statistics weighted to DMDC female pilot age/race frequencies (report says not for design use; use the augmented n=395 database); mean within printed min-max and within 1.5 SD of augmented-database mean"
ansur-ii-pilots,reports/ansur-ii-2012/ADA634277.pdf,438,"ANSUR II Army women pilots 2010-2012 (42 measured, weighted)",United States,military,Pilots,F,2010,head_breadth,Head breadth,mm,146.30,4.68,42,,,,A,"Appendix I Table I-1: 42 actually measured women pilots, statistics weighted to DMDC female pilot age/race frequencies (report says not for design use; use the augmented n=395 database); mean within printed min-max and within 1.5 SD of augmented-database mean"
ansur-ii-pilots,reports/ansur-ii-2012/ADA634277.pdf,438,"ANSUR II Army women pilots 2010-2012 (42 measured, weighted)",United States,military,Pilots,F,2010,head_circumference,Head circumference,mm,558.80,15.83,42,,,,A,"Appendix I Table I-1: 42 actually measured women pilots, statistics weighted to DMDC female pilot age/race frequencies (report says not for design use; use the augmented n=395 database); mean within printed min-max and within 1.5 SD of augmented-database mean"
ansur-ii-pilots,reports/ansur-ii-2012/ADA634277.pdf,438,"ANSUR II Army women pilots 2010-2012 (42 measured, weighted)",United States,military,Pilots,F,2010,head_length,Head length,mm,191.10,6.94,42,,,,A,"Appendix I Table I-1: 42 actually measured women pilots, statistics weighted to DMDC female pilot age/race frequencies (report says not for design use; use the augmented n=395 database); mean within printed min-max and within 1.5 SD of augmented-database mean"
ansur-ii-pilots,reports/ansur-ii-2012/ADA634277.pdf,438,"ANSUR II Army women pilots 2010-2012 (42 measured, weighted)",United States,military,Pilots,F,2010,other:heel_ankle_circumference,Heel ankle circumference,mm,306.70,14.44,42,,,,A,"Appendix I Table I-1: 42 actually measured women pilots, statistics weighted to DMDC female pilot age/race frequencies (report says not for design use; use the augmented n=395 database); mean within printed min-max and within 1.5 SD of augmented-database mean"
ansur-ii-pilots,reports/ansur-ii-2012/ADA634277.pdf,438,"ANSUR II Army women pilots 2010-2012 (42 measured, weighted)",United States,military,Pilots,F,2010,other:heel_breadth,Heel breadth,mm,66.20,4.74,42,,,,A,"Appendix I Table I-1: 42 actually measured women pilots, statistics weighted to DMDC female pilot age/race frequencies (report says not for design use; use the augmented n=395 database); mean within printed min-max and within 1.5 SD of augmented-database mean"
ansur-ii-pilots,reports/ansur-ii-2012/ADA634277.pdf,438,"ANSUR II Army women pilots 2010-2012 (42 measured, weighted)",United States,military,Pilots,F,2010,other:hip_breadth,Hip breadth,mm,351.30,23.58,42,,,,A,"Appendix I Table I-1: 42 actually measured women pilots, statistics weighted to DMDC female pilot age/race frequencies (report says not for design use; use the augmented n=395 database); mean within printed min-max and within 1.5 SD of augmented-database mean"
ansur-ii-pilots,reports/ansur-ii-2012/ADA634277.pdf,438,"ANSUR II Army women pilots 2010-2012 (42 measured, weighted)",United States,military,Pilots,F,2010,hip_breadth_sitting,Hip breadth sitting,mm,390.50,30.65,42,,,,A,"Appendix I Table I-1: 42 actually measured women pilots, statistics weighted to DMDC female pilot age/race frequencies (report says not for design use; use the augmented n=395 database); mean within printed min-max and within 1.5 SD of augmented-database mean"
ansur-ii-pilots,reports/ansur-ii-2012/ADA634277.pdf,438,"ANSUR II Army women pilots 2010-2012 (42 measured, weighted)",United States,military,Pilots,F,2010,iliocristale_height,Iliocristale height,mm,1001.30,45.83,42,,,,A,"Appendix I Table I-1: 42 actually measured women pilots, statistics weighted to DMDC female pilot age/race frequencies (report says not for design use; use the augmented n=395 database); mean within printed min-max and within 1.5 SD of augmented-database mean"
ansur-ii-pilots,reports/ansur-ii-2012/ADA634277.pdf,438,"ANSUR II Army women pilots 2010-2012 (42 measured, weighted)",United States,military,Pilots,F,2010,interpupillary_breadth,Interpupillary breadth,mm,60.49,3.92,42,,,,A,"Appendix I Table I-1: 42 actually measured women pilots, statistics weighted to DMDC female pilot age/race frequencies (report says not for design use; use the augmented n=395 database); printed value in tenths of mm although table header says mm; divided by 10; mean within printed min-max and within 1.5 SD of augmented-database mean"
ansur-ii-pilots,reports/ansur-ii-2012/ADA634277.pdf,438,"ANSUR II Army women pilots 2010-2012 (42 measured, weighted)",United States,military,Pilots,F,2010,other:interscye_i,Interscye I,mm,370.60,31.25,42,,,,A,"Appendix I Table I-1: 42 actually measured women pilots, statistics weighted to DMDC female pilot age/race frequencies (report says not for design use; use the augmented n=395 database); mean within printed min-max and within 1.5 SD of augmented-database mean"
ansur-ii-pilots,reports/ansur-ii-2012/ADA634277.pdf,438,"ANSUR II Army women pilots 2010-2012 (42 measured, weighted)",United States,military,Pilots,F,2010,other:interscye_ii,Interscye II,mm,396.30,26.24,42,,,,A,"Appendix I Table I-1: 42 actually measured women pilots, statistics weighted to DMDC female pilot age/race frequencies (report says not for design use; use the augmented n=395 database); mean within printed min-max and within 1.5 SD of augmented-database mean"
ansur-ii-pilots,reports/ansur-ii-2012/ADA634277.pdf,439,"ANSUR II Army women pilots 2010-2012 (42 measured, weighted)",United States,military,Pilots,F,2010,other:knee_height_midpatella,Knee height midpatella,mm,452.50,22.32,42,,,,A,"Appendix I Table I-1: 42 actually measured women pilots, statistics weighted to DMDC female pilot age/race frequencies (report says not for design use; use the augmented n=395 database); mean within printed min-max and within 1.5 SD of augmented-database mean"
ansur-ii-pilots,reports/ansur-ii-2012/ADA634277.pdf,439,"ANSUR II Army women pilots 2010-2012 (42 measured, weighted)",United States,military,Pilots,F,2010,knee_height_sitting,Knee height sitting,mm,512.70,23.22,42,,,,A,"Appendix I Table I-1: 42 actually measured women pilots, statistics weighted to DMDC female pilot age/race frequencies (report says not for design use; use the augmented n=395 database); mean within printed min-max and within 1.5 SD of augmented-database mean"
ansur-ii-pilots,reports/ansur-ii-2012/ADA634277.pdf,439,"ANSUR II Army women pilots 2010-2012 (42 measured, weighted)",United States,military,Pilots,F,2010,other:lateral_femoral_epicondyle_height,Lateral femoral epicondyle height,mm,472.30,21.82,42,,,,A,"Appendix I Table I-1: 42 actually measured women pilots, statistics weighted to DMDC female pilot age/race frequencies (report says not for design use; use the augmented n=395 database); mean within printed min-max and within 1.5 SD of augmented-database mean"
ansur-ii-pilots,reports/ansur-ii-2012/ADA634277.pdf,439,"ANSUR II Army women pilots 2010-2012 (42 measured, weighted)",United States,military,Pilots,F,2010,other:lateral_malleolus_height,Lateral malleolus height,mm,64.40,4.96,42,,,,A,"Appendix I Table I-1: 42 actually measured women pilots, statistics weighted to DMDC female pilot age/race frequencies (report says not for design use; use the augmented n=395 database); mean within printed min-max and within 1.5 SD of augmented-database mean"
ansur-ii-pilots,reports/ansur-ii-2012/ADA634277.pdf,439,"ANSUR II Army women pilots 2010-2012 (42 measured, weighted)",United States,military,Pilots,F,2010,other:lower_thigh_circumference,Lower thigh circumference,mm,397.30,33.74,42,,,,A,"Appendix I Table I-1: 42 actually measured women pilots, statistics weighted to DMDC female pilot age/race frequencies (report says not for design use; use the augmented n=395 database); mean within printed min-max and within 1.5 SD of augmented-database mean"
ansur-ii-pilots,reports/ansur-ii-2012/ADA634277.pdf,439,"ANSUR II Army women pilots 2010-2012 (42 measured, weighted)",United States,military,Pilots,F,2010,menton_sellion_length,Menton sellion length,mm,111.30,6.17,42,,,,A,"Appendix I Table I-1: 42 actually measured women pilots, statistics weighted to DMDC female pilot age/race frequencies (report says not for design use; use the augmented n=395 database); mean within printed min-max and within 1.5 SD of augmented-database mean"
ansur-ii-pilots,reports/ansur-ii-2012/ADA634277.pdf,439,"ANSUR II Army women pilots 2010-2012 (42 measured, weighted)",United States,military,Pilots,F,2010,neck_circumference,Neck circumference,mm,328.40,21.27,42,,,,A,"Appendix I Table I-1: 42 actually measured women pilots, statistics weighted to DMDC female pilot age/race frequencies (report says not for design use; use the augmented n=395 database); mean within printed min-max and within 1.5 SD of augmented-database mean"
ansur-ii-pilots,reports/ansur-ii-2012/ADA634277.pdf,439,"ANSUR II Army women pilots 2010-2012 (42 measured, weighted)",United States,military,Pilots,F,2010,neck_circumference_base,Neck circumference base,mm,374.80,22.99,42,,,,A,"Appendix I Table I-1: 42 actually measured women pilots, statistics weighted to DMDC female pilot age/race frequencies (report says not for design use; use the augmented n=395 database); mean within printed min-max and within 1.5 SD of augmented-database mean"
ansur-ii-pilots,reports/ansur-ii-2012/ADA634277.pdf,439,"ANSUR II Army women pilots 2010-2012 (42 measured, weighted)",United States,military,Pilots,F,2010,other:overhead_fingertip_reach_sitting,Overhead fingertip reach sitting,mm,1313.50,57.09,42,,,,A,"Appendix I Table I-1: 42 actually measured women pilots, statistics weighted to DMDC female pilot age/race frequencies (report says not for design use; use the augmented n=395 database); mean within printed min-max and within 1.5 SD of augmented-database mean"
ansur-ii-pilots,reports/ansur-ii-2012/ADA634277.pdf,439,"ANSUR II Army women pilots 2010-2012 (42 measured, weighted)",United States,military,Pilots,F,2010,other:palm_length,Palm length,mm,106.80,5.73,42,,,,A,"Appendix I Table I-1: 42 actually measured women pilots, statistics weighted to DMDC female pilot age/race frequencies (report says not for design use; use the augmented n=395 database); mean within printed min-max and within 1.5 SD of augmented-database mean"
ansur-ii-pilots,reports/ansur-ii-2012/ADA634277.pdf,439,"ANSUR II Army women pilots 2010-2012 (42 measured, weighted)",United States,military,Pilots,F,2010,popliteal_height,Popliteal height,mm,392.00,20.47,42,,,,A,"Appendix I Table I-1: 42 actually measured women pilots, statistics weighted to DMDC female pilot age/race frequencies (report says not for design use; use the augmented n=395 database); mean within printed min-max and within 1.5 SD of augmented-database mean"
ansur-ii-pilots,reports/ansur-ii-2012/ADA634277.pdf,439,"ANSUR II Army women pilots 2010-2012 (42 measured, weighted)",United States,military,Pilots,F,2010,radiale_stylion_length,Radiale stylion length,mm,240.50,11.32,42,,,,A,"Appendix I Table I-1: 42 actually measured women pilots, statistics weighted to DMDC female pilot age/race frequencies (report says not for design use; use the augmented n=395 database); mean within printed min-max and within 1.5 SD of augmented-database mean"
ansur-ii-pilots,reports/ansur-ii-2012/ADA634277.pdf,439,"ANSUR II Army women pilots 2010-2012 (42 measured, weighted)",United States,military,Pilots,F,2010,shoulder_circumference,Shoulder circumference,mm,1032.40,55.93,42,,,,A,"Appendix I Table I-1: 42 actually measured women pilots, statistics weighted to DMDC female pilot age/race frequencies (report says not for design use; use the augmented n=395 database); mean within printed min-max and within 1.5 SD of augmented-database mean"
ansur-ii-pilots,reports/ansur-ii-2012/ADA634277.pdf,439,"ANSUR II Army women pilots 2010-2012 (42 measured, weighted)",United States,military,Pilots,F,2010,shoulder_elbow_length,Shoulder elbow length,mm,335.00,15.49,42,,,,A,"Appendix I Table I-1: 42 actually measured women pilots, statistics weighted to DMDC female pilot age/race frequencies (report says not for design use; use the augmented n=395 database); mean within printed min-max and within 1.5 SD of augmented-database mean"
ansur-ii-pilots,reports/ansur-ii-2012/ADA634277.pdf,439,"ANSUR II Army women pilots 2010-2012 (42 measured, weighted)",United States,military,Pilots,F,2010,shoulder_length,Shoulder length,mm,135.00,8.62,42,,,,A,"Appendix I Table I-1: 42 actually measured women pilots, statistics weighted to DMDC female pilot age/race frequencies (report says not for design use; use the augmented n=395 database); mean within printed min-max and within 1.5 SD of augmented-database mean"
ansur-ii-pilots,reports/ansur-ii-2012/ADA634277.pdf,439,"ANSUR II Army women pilots 2010-2012 (42 measured, weighted)",United States,military,Pilots,F,2010,sitting_height,Sitting height,mm,873.40,29.05,42,,,,A,"Appendix I Table I-1: 42 actually measured women pilots, statistics weighted to DMDC female pilot age/race frequencies (report says not for design use; use the augmented n=395 database); mean within printed min-max and within 1.5 SD of augmented-database mean"
ansur-ii-pilots,reports/ansur-ii-2012/ADA634277.pdf,439,"ANSUR II Army women pilots 2010-2012 (42 measured, weighted)",United States,military,Pilots,F,2010,other:sleeve_length_spine_wrist,Sleeve length spine wrist,mm,810.10,30.14,42,,,,A,"Appendix I Table I-1: 42 actually measured women pilots, statistics weighted to DMDC female pilot age/race frequencies (report says not for design use; use the augmented n=395 database); mean within printed min-max and within 1.5 SD of augmented-database mean"
ansur-ii-pilots,reports/ansur-ii-2012/ADA634277.pdf,439,"ANSUR II Army women pilots 2010-2012 (42 measured, weighted)",United States,military,Pilots,F,2010,sleeve_outseam,Sleeve outseam,mm,544.40,25.60,42,,,,A,"Appendix I Table I-1: 42 actually measured women pilots, statistics weighted to DMDC female pilot age/race frequencies (report says not for design use; use the augmented n=395 database); mean within printed min-max and within 1.5 SD of augmented-database mean"
ansur-ii-pilots,reports/ansur-ii-2012/ADA634277.pdf,439,"ANSUR II Army women pilots 2010-2012 (42 measured, weighted)",United States,military,Pilots,F,2010,span,Span,mm,1657.80,76.03,42,,,,A,"Appendix I Table I-1: 42 actually measured women pilots, statistics weighted to DMDC female pilot age/race frequencies (report says not for design use; use the augmented n=395 database); mean within printed min-max and within 1.5 SD of augmented-database mean"
ansur-ii-pilots,reports/ansur-ii-2012/ADA634277.pdf,439,"ANSUR II Army women pilots 2010-2012 (42 measured, weighted)",United States,military,Pilots,F,2010,stature,Stature,mm,1647.60,61.15,42,,,,A,"Appendix I Table I-1: 42 actually measured women pilots, statistics weighted to DMDC female pilot age/race frequencies (report says not for design use; use the augmented n=395 database); mean within printed min-max and within 1.5 SD of augmented-database mean"
ansur-ii-pilots,reports/ansur-ii-2012/ADA634277.pdf,439,"ANSUR II Army women pilots 2010-2012 (42 measured, weighted)",United States,military,Pilots,F,2010,suprasternale_height,Suprasternale height,mm,1346.40,53.96,42,,,,A,"Appendix I Table I-1: 42 actually measured women pilots, statistics weighted to DMDC female pilot age/race frequencies (report says not for design use; use the augmented n=395 database); mean within printed min-max and within 1.5 SD of augmented-database mean"
ansur-ii-pilots,reports/ansur-ii-2012/ADA634277.pdf,439,"ANSUR II Army women pilots 2010-2012 (42 measured, weighted)",United States,military,Pilots,F,2010,other:tenth_rib_height,Tenth rib height,mm,1054.50,48.55,42,,,,A,"Appendix I Table I-1: 42 actually measured women pilots, statistics weighted to DMDC female pilot age/race frequencies (report says not for design use; use the augmented n=395 database); mean within printed min-max and within 1.5 SD of augmented-database mean"
ansur-ii-pilots,reports/ansur-ii-2012/ADA634277.pdf,439,"ANSUR II Army women pilots 2010-2012 (42 measured, weighted)",United States,military,Pilots,F,2010,thigh_circumference,Thigh circumference,mm,599.20,57.46,42,,,,A,"Appendix I Table I-1: 42 actually measured women pilots, statistics weighted to DMDC female pilot age/race frequencies (report says not for design use; use the augmented n=395 database); mean within printed min-max and within 1.5 SD of augmented-database mean"
ansur-ii-pilots,reports/ansur-ii-2012/ADA634277.pdf,439,"ANSUR II Army women pilots 2010-2012 (42 measured, weighted)",United States,military,Pilots,F,2010,thigh_clearance,Thigh clearance,mm,164.20,13.15,42,,,,A,"Appendix I Table I-1: 42 actually measured women pilots, statistics weighted to DMDC female pilot age/race frequencies (report says not for design use; use the augmented n=395 database); mean within printed min-max and within 1.5 SD of augmented-database mean"
ansur-ii-pilots,reports/ansur-ii-2012/ADA634277.pdf,439,"ANSUR II Army women pilots 2010-2012 (42 measured, weighted)",United States,military,Pilots,F,2010,thumbtip_reach,Thumbtip reach,mm,735.20,51.72,42,,,,A,"Appendix I Table I-1: 42 actually measured women pilots, statistics weighted to DMDC female pilot age/race frequencies (report says not for design use; use the augmented n=395 database); mean within printed min-max and within 1.5 SD of augmented-database mean"
ansur-ii-pilots,reports/ansur-ii-2012/ADA634277.pdf,439,"ANSUR II Army women pilots 2010-2012 (42 measured, weighted)",United States,military,Pilots,F,2010,other:tibial_height,Tibial height,mm,436.40,21.73,42,,,,A,"Appendix I Table I-1: 42 actually measured women pilots, statistics weighted to DMDC female pilot age/race frequencies (report says not for design use; use the augmented n=395 database); mean within printed min-max and within 1.5 SD of augmented-database mean"
ansur-ii-pilots,reports/ansur-ii-2012/ADA634277.pdf,439,"ANSUR II Army women pilots 2010-2012 (42 measured, weighted)",United States,military,Pilots,F,2010,other:tragion_top_of_head,Tragion top of head,mm,126.80,6.20,42,,,,A,"Appendix I Table I-1: 42 actually measured women pilots, statistics weighted to DMDC female pilot age/race frequencies (report says not for design use; use the augmented n=395 database); mean within printed min-max and within 1.5 SD of augmented-database mean"
ansur-ii-pilots,reports/ansur-ii-2012/ADA634277.pdf,439,"ANSUR II Army women pilots 2010-2012 (42 measured, weighted)",United States,military,Pilots,F,2010,trochanterion_height,Trochanterion height,mm,846.30,37.52,42,,,,A,"Appendix I Table I-1: 42 actually measured women pilots, statistics weighted to DMDC female pilot age/race frequencies (report says not for design use; use the augmented n=395 database); mean within printed min-max and within 1.5 SD of augmented-database mean"
ansur-ii-pilots,reports/ansur-ii-2012/ADA634277.pdf,439,"ANSUR II Army women pilots 2010-2012 (42 measured, weighted)",United States,military,Pilots,F,2010,vertical_trunk_circumference,Vertical trunk circumference USA,mm,1557.60,71.00,42,,,,A,"Appendix I Table I-1: 42 actually measured women pilots, statistics weighted to DMDC female pilot age/race frequencies (report says not for design use; use the augmented n=395 database); mean within printed min-max and within 1.5 SD of augmented-database mean"
ansur-ii-pilots,reports/ansur-ii-2012/ADA634277.pdf,439,"ANSUR II Army women pilots 2010-2012 (42 measured, weighted)",United States,military,Pilots,F,2010,other:waist_back_length_omphalion,Waist back length,mm,427.20,16.71,42,,,,A,"Appendix I Table I-1: 42 actually measured women pilots, statistics weighted to DMDC female pilot age/race frequencies (report says not for design use; use the augmented n=395 database); mean within printed min-max and within 1.5 SD of augmented-database mean"
ansur-ii-pilots,reports/ansur-ii-2012/ADA634277.pdf,439,"ANSUR II Army women pilots 2010-2012 (42 measured, weighted)",United States,military,Pilots,F,2010,other:waist_breadth,Waist breadth,mm,297.70,31.27,42,,,,A,"Appendix I Table I-1: 42 actually measured women pilots, statistics weighted to DMDC female pilot age/race frequencies (report says not for design use; use the augmented n=395 database); mean within printed min-max and within 1.5 SD of augmented-database mean"
ansur-ii-pilots,reports/ansur-ii-2012/ADA634277.pdf,439,"ANSUR II Army women pilots 2010-2012 (42 measured, weighted)",United States,military,Pilots,F,2010,waist_circumference,Waist circumference,mm,852.50,100.95,42,,,,A,"Appendix I Table I-1: 42 actually measured women pilots, statistics weighted to DMDC female pilot age/race frequencies (report says not for design use; use the augmented n=395 database); mean within printed min-max and within 1.5 SD of augmented-database mean"
ansur-ii-pilots,reports/ansur-ii-2012/ADA634277.pdf,439,"ANSUR II Army women pilots 2010-2012 (42 measured, weighted)",United States,military,Pilots,F,2010,other:waist_depth,Waist depth,mm,196.00,29.69,42,,,,A,"Appendix I Table I-1: 42 actually measured women pilots, statistics weighted to DMDC female pilot age/race frequencies (report says not for design use; use the augmented n=395 database); mean within printed min-max and within 1.5 SD of augmented-database mean"
ansur-ii-pilots,reports/ansur-ii-2012/ADA634277.pdf,439,"ANSUR II Army women pilots 2010-2012 (42 measured, weighted)",United States,military,Pilots,F,2010,other:waist_front_length_sitting,Waist front length sitting,mm,357.00,19.79,42,,,,A,"Appendix I Table I-1: 42 actually measured women pilots, statistics weighted to DMDC female pilot age/race frequencies (report says not for design use; use the augmented n=395 database); mean within printed min-max and within 1.5 SD of augmented-database mean"
ansur-ii-pilots,reports/ansur-ii-2012/ADA634277.pdf,439,"ANSUR II Army women pilots 2010-2012 (42 measured, weighted)",United States,military,Pilots,F,2010,other:waist_height_omphalion,Waist height omphalion,mm,988.30,46.14,42,,,,A,"Appendix I Table I-1: 42 actually measured women pilots, statistics weighted to DMDC female pilot age/race frequencies (report says not for design use; use the augmented n=395 database); mean within printed min-max and within 1.5 SD of augmented-database mean"
ansur-ii-pilots,reports/ansur-ii-2012/ADA634277.pdf,439,"ANSUR II Army women pilots 2010-2012 (42 measured, weighted)",United States,military,Pilots,F,2010,mass,Weight (kg),kg,67.00,11.74,42,,,,A,"Appendix I Table I-1: 42 actually measured women pilots, statistics weighted to DMDC female pilot age/race frequencies (report says not for design use; use the augmented n=395 database); mean within printed min-max and within 1.5 SD of augmented-database mean"
ansur-ii-pilots,reports/ansur-ii-2012/ADA634277.pdf,439,"ANSUR II Army women pilots 2010-2012 (42 measured, weighted)",United States,military,Pilots,F,2010,wrist_circumference,Wrist circumference,mm,156.20,8.47,42,,,,A,"Appendix I Table I-1: 42 actually measured women pilots, statistics weighted to DMDC female pilot age/race frequencies (report says not for design use; use the augmented n=395 database); mean within printed min-max and within 1.5 SD of augmented-database mean"
ansur-ii-pilots,reports/ansur-ii-2012/ADA634277.pdf,439,"ANSUR II Army women pilots 2010-2012 (42 measured, weighted)",United States,military,Pilots,F,2010,other:wrist_height,Wrist height,mm,806.30,36.79,42,,,,A,"Appendix I Table I-1: 42 actually measured women pilots, statistics weighted to DMDC female pilot age/race frequencies (report says not for design use; use the augmented n=395 database); mean within printed min-max and within 1.5 SD of augmented-database mean"
ansur-1988,reports/ansur-1988/ADA225094.pdf,88,ANSUR 1988 Army men,United States,military,Army,M,1987,abdominal_depth_sitting,"ABDOMINAL EXTENSION DEPTH, SITTING",cm,239.10,28.30,1774,,235.80,290.60,A,"OCR of scanned report; verified vs raw public data (1774 subjects, mean diff -0.002 cm); percentiles on p.87"
ansur-1988,reports/ansur-1988/ADA225094.pdf,90,ANSUR 1988 Army men,United States,military,Army,M,1987,acromion_height,ACROMIAL HEIGHT,cm,1442.50,62.00,1774,1341.60,1441.80,1545.60,A,"OCR of scanned report; verified vs raw public data (1774 subjects, mean diff +0.001 cm); percentiles on p.89"
ansur-1988,reports/ansur-1988/ADA225094.pdf,92,ANSUR 1988 Army men,United States,military,Army,M,1987,acromion_height_sitting,"ACROMIAL HEIGHT, SITTING",cm,597.80,29.60,1774,548.50,598.00,646.30,A,"OCR of scanned report; verified vs raw public data (1774 subjects, mean diff -0.004 cm); percentiles on p.91"
ansur-1988,reports/ansur-1988/ADA225094.pdf,94,ANSUR 1988 Army men,United States,military,Army,M,1987,acromion_radiale_length,ACROMION-RADIALE LENGTH,cm,340.80,17.20,1774,313.20,340.50,,A,"OCR of scanned report; verified vs raw public data (1774 subjects, mean diff +0.001 cm); percentiles on p.93"
ansur-1988,reports/ansur-1988/ADA225094.pdf,96,ANSUR 1988 Army men,United States,military,Army,M,1987,ankle_circumference,ANKLE CIRCUMFERENCE,cm,221.70,13.00,1774,200.20,221.90,242.70,A,"OCR of scanned report; verified vs raw public data (1774 subjects, mean diff -0.000 cm); percentiles on p.95"
ansur-1988,reports/ansur-1988/ADA225094.pdf,98,ANSUR 1988 Army men,United States,military,Army,M,1987,other:axilla_height,AXILLA HEIGHT,cm,1320.90,58.00,1774,1226.50,1320.00,1417.60,A,"OCR of scanned report; verified vs raw public data (1774 subjects, mean diff -0.003 cm); percentiles on p.97"
ansur-1988,reports/ansur-1988/ADA225094.pdf,100,ANSUR 1988 Army men,United States,military,Army,M,1987,other:axillary_arm_circumference,AXILLARY ARM CIRCUMFERENCE,cm,335.00,27.10,1774,291.90,334.10,380.80,A,"OCR of scanned report; verified vs raw public data (1774 subjects, mean diff -0.002 cm); percentiles on p.99"
ansur-1988,reports/ansur-1988/ADA225094.pdf,102,ANSUR 1988 Army men,United States,military,Army,M,1987,other:ball_of_foot_circumference,BALL OF FOOT CIRCUMFERENCE,cm,248.50,12.30,1774,229.00,248.20,269.20,A,"OCR of scanned report; verified vs raw public data (1774 subjects, mean diff +0.005 cm); percentiles on p.101"
ansur-1988,reports/ansur-1988/ADA225094.pdf,104,ANSUR 1988 Army men,United States,military,Army,M,1987,other:ball_of_foot_length,BALL OF FOOT LENGTH,cm,196.00,10.50,1774,179.20,195.70,213.90,A,"OCR of scanned report; verified vs raw public data (1774 subjects, mean diff -0.001 cm); percentiles on p.103"
ansur-1988,reports/ansur-1988/ADA225094.pdf,108,ANSUR 1988 Army men,United States,military,Army,M,1987,biceps_circumference_flexed,"BICEPS CIRCUMFERENCE, FLEXED",cm,337.50,27.10,1774,,,,A,"OCR of scanned report; verified vs raw public data (1774 subjects, mean diff -0.003 cm); percentiles on p.107; percentiles not readable/consistent in OCR: omitted"
ansur-1988,reports/ansur-1988/ADA225094.pdf,110,ANSUR 1988 Army men,United States,military,Army,M,1987,bideltoid_breadth,BIDELTOID BREADTH,cm,491.80,25.90,1774,,,,A,"OCR of scanned report; verified vs raw public data (1774 subjects, mean diff -0.004 cm); percentiles on p.109"
ansur-1988,reports/ansur-1988/ADA225094.pdf,112,ANSUR 1988 Army men,United States,military,Army,M,1987,other:bimalleolar_breadth,BIMALLEOLAR BREADTH,cm,72.80,3.90,1774,,,79.40,A,"OCR of scanned report; verified vs raw public data (1774 subjects, mean diff +0.002 cm); percentiles on p.111"
ansur-1988,reports/ansur-1988/ADA225094.pdf,114,ANSUR 1988 Army men,United States,military,Army,M,1987,other:bispinous_breadth,BISPINOUS BREADTH,cm,231.30,19.80,1774,200.00,230.50,265.50,A,"OCR of scanned report; verified vs raw public data (1774 subjects, mean diff -0.001 cm); percentiles on p.113"
ansur-1988,reports/ansur-1988/ADA225094.pdf,116,ANSUR 1988 Army men,United States,military,Army,M,1987,other:bitragion_chin_arc,BITRAGION CHIN ARC,cm,325.80,13.40,1774,304.20,325.70,348.30,A,"OCR of scanned report; verified vs raw public data (1774 subjects, mean diff +0.000 cm); percentiles on p.115"
ansur-1988,reports/ansur-1988/ADA225094.pdf,118,ANSUR 1988 Army men,United States,military,Army,M,1987,other:bitragion_coronal_arc,BITRAGION CORONAL ARC,cm,353.30,12.90,1774,332.00,353.30,374.70,A,"OCR of scanned report; verified vs raw public data (1774 subjects, mean diff -0.001 cm); percentiles on p.117"
ansur-1988,reports/ansur-1988/ADA225094.pdf,120,ANSUR 1988 Army men,United States,military,Army,M,1987,other:bitragion_crinion_arc,BITRAGION CRINION ARC,cm,326.40,11.60,1749,307.70,326.00,,A,"OCR of scanned report; verified vs raw public data (1749 subjects, mean diff -0.004 cm); percentiles on p.119"
ansur-1988,reports/ansur-1988/ADA225094.pdf,122,ANSUR 1988 Army men,United States,military,Army,M,1987,other:bitragion_frontal_arc,BITRAGION FRONTAL ARC,cm,304.30,10.60,1774,287.30,304.10,322.30,A,"OCR of scanned report; verified vs raw public data (1774 subjects, mean diff +0.003 cm); percentiles on p.121"
ansur-1988,reports/ansur-1988/ADA225094.pdf,124,ANSUR 1988 Army men,United States,military,Army,M,1987,other:bitragion_submandibular_arc,BITRAGION SUBMANDIBULAR ARC,cm,304.20,14.50,1774,281.10,303.80,329.00,A,"OCR of scanned report; verified vs raw public data (1774 subjects, mean diff +0.004 cm); percentiles on p.123"
ansur-1988,reports/ansur-1988/ADA225094.pdf,126,ANSUR 1988 Army men,United States,military,Army,M,1987,other:bitragion_subnasale_arc,BITRAGION SUBNASALE ARC,cm,292.00,11.10,1774,,291.90,310.60,A,"OCR of scanned report; verified vs raw public data (1774 subjects, mean diff +0.000 cm); percentiles on p.125"
ansur-1988,reports/ansur-1988/ADA225094.pdf,128,ANSUR 1988 Army men,United States,military,Army,M,1987,bizygomatic_breadth,BIZYGOMATIC BREADTH,cm,140.50,5.60,1774,,,,A,"OCR of scanned report; verified vs raw public data (1774 subjects, mean diff -0.003 cm); percentiles on p.127; percentiles not readable/consistent in OCR: omitted"
ansur-1988,reports/ansur-1988/ADA225094.pdf,130,ANSUR 1988 Army men,United States,military,Army,M,1987,other:bustpoint_thelion_bustpoint_thelion_breadth,BUSTPOINT/THELION-BUSTPOINT/THELION BREADTH,cm,215.90,18.90,1774,185.40,215.40,,B,OCR of scanned report; label reconstructed from garbled OCR; no matching raw column; internal checks only; percentiles on p.129
ansur-1988,reports/ansur-1988/ADA225094.pdf,132,ANSUR 1988 Army men,United States,military,Army,M,1987,buttock_circumference,BUTTOCK CIRCUMFERENCE,cm,983.70,62.20,1774,,,,A,"OCR of scanned report; verified vs raw public data (1774 subjects, mean diff -0.003 cm); percentiles on p.131; percentiles not readable/consistent in OCR: omitted"
ansur-1988,reports/ansur-1988/ADA225094.pdf,134,ANSUR 1988 Army men,United States,military,Army,M,1987,other:buttock_depth,BUTTOCK DEPTH,cm,248.60,20.70,1774,,,284.30,A,"OCR of scanned report; verified vs raw public data (1774 subjects, mean diff +0.003 cm); percentiles on p.133"
ansur-1988,reports/ansur-1988/ADA225094.pdf,136,ANSUR 1988 Army men,United States,military,Army,M,1987,other:buttock_height,BUTTOCK HEIGHT,cm,887.40,47.10,1774,,,,A,"OCR of scanned report; verified vs raw public data (1774 subjects, mean diff +0.004 cm); percentiles on p.135; percentiles not readable/consistent in OCR: omitted"
ansur-1988,reports/ansur-1988/ADA225094.pdf,138,ANSUR 1988 Army men,United States,military,Army,M,1987,buttock_knee_length,BUTTOCK-KNEE LENGTH,cm,616.40,29.90,1774,569.00,615.40,667.40,A,"OCR of scanned report; label reconstructed from garbled OCR; verified vs raw public data (1774 subjects, mean diff +0.001 cm); percentiles on p.137"
ansur-1988,reports/ansur-1988/ADA225094.pdf,140,ANSUR 1988 Army men,United States,military,Army,M,1987,buttock_popliteal_length,BUTTOCK-POPLITEAL LENGTH,cm,500.40,26.60,1774,,499.60,545.50,A,"OCR of scanned report; label reconstructed from garbled OCR; verified vs raw public data (1774 subjects, mean diff -0.001 cm); percentiles on p.139; some percentiles omitted (OCR)"
ansur-1988,reports/ansur-1988/ADA225094.pdf,142,ANSUR 1988 Army men,United States,military,Army,M,1987,calf_circumference,CALF CIRCUMFERENCE,cm,378.10,25.40,1774,336.40,377.80,420.70,A,"OCR of scanned report; verified vs raw public data (1774 subjects, mean diff -0.004 cm); percentiles on p.141"
ansur-1988,reports/ansur-1988/ADA225094.pdf,144,ANSUR 1988 Army men,United States,military,Army,M,1987,other:calf_height,CALF HEIGHT,cm,353.40,23.70,1774,315.70,352.70,,A,"OCR of scanned report; verified vs raw public data (1774 subjects, mean diff -0.001 cm); percentiles on p.143"
ansur-1988,reports/ansur-1988/ADA225094.pdf,146,ANSUR 1988 Army men,United States,military,Army,M,1987,cervicale_height,CERVICALE HEIGHT,cm,1519.40,62.70,1774,,1517.80,1624.30,A,"OCR of scanned report; verified vs raw public data (1774 subjects, mean diff -0.001 cm); percentiles on p.145"
ansur-1988,reports/ansur-1988/ADA225094.pdf,148,ANSUR 1988 Army men,United States,military,Army,M,1987,other:cervicale_height_sitting,"CERVICALE HEIGHT, SITTING",cm,676.30,30.50,1774,625.10,676.60,725.80,A,"OCR of scanned report; verified vs raw public data (1774 subjects, mean diff -0.004 cm); percentiles on p.147"
ansur-1988,reports/ansur-1988/ADA225094.pdf,150,ANSUR 1988 Army men,United States,military,Army,M,1987,chest_breadth,CHEST BREADTH,cm,321.50,25.50,1774,,319.40,366.70,A,"OCR of scanned report; verified vs raw public data (1774 subjects, mean diff -0.001 cm); percentiles on p.149"
ansur-1988,reports/ansur-1988/ADA225094.pdf,152,ANSUR 1988 Army men,United States,military,Army,M,1987,chest_circumference,CHEST CIRCUMFERENCE,cm,991.40,69.00,1774,,,,A,"OCR of scanned report; verified vs raw public data (1774 subjects, mean diff -0.003 cm); percentiles on p.151"
ansur-1988,reports/ansur-1988/ADA225094.pdf,154,ANSUR 1988 Army men,United States,military,Army,M,1987,other:chest_circumference_at_scye,CHEST CIRCUMFERENCE AT SCYE,cm,1023.20,65.30,1774,920.90,1020.20,1134.20,B,OCR of scanned report; no matching raw column; internal checks only; percentiles on p.153
ansur-1988,reports/ansur-1988/ADA225094.pdf,156,ANSUR 1988 Army men,United States,military,Army,M,1987,other:chest_circumference_below_breast,CHEST CIRCUMFERENCE BELOW BREAST,cm,926.10,65.40,1774,826.30,921.70,1041.00,A,"OCR of scanned report; verified vs raw public data (1774 subjects, mean diff +0.002 cm); percentiles on p.155"
ansur-1988,reports/ansur-1988/ADA225094.pdf,158,ANSUR 1988 Army men,United States,military,Army,M,1987,chest_depth,CHEST DEPTH,cm,243.20,21.50,1774,209.60,242.20,280.40,A,"OCR of scanned report; verified vs raw public data (1774 subjects, mean diff +0.002 cm); percentiles on p.157"
ansur-1988,reports/ansur-1988/ADA225094.pdf,160,ANSUR 1988 Army men,United States,military,Army,M,1987,other:chest_height,CHEST HEIGHT,cm,1275.90,56.10,1774,1186.10,1274.60,1369.80,A,"OCR of scanned report; verified vs raw public data (1774 subjects, mean diff -0.001 cm); percentiles on p.159"
ansur-1988,reports/ansur-1988/ADA225094.pdf,162,ANSUR 1988 Army men,United States,military,Army,M,1987,crotch_height,CROTCH HEIGHT,cm,837.20,46.20,1774,764.40,835.00,916.40,A,"OCR of scanned report; verified vs raw public data (1774 subjects, mean diff -0.001 cm); percentiles on p.161"
ansur-1988,reports/ansur-1988/ADA225094.pdf,164,ANSUR 1988 Army men,United States,military,Army,M,1987,other:crotch_length_natural_indentation,CROTCH LENGTH (NATURAL INDENTATION),cm,766.70,55.50,1774,681.00,763.40,862.90,A,"OCR of scanned report; verified vs raw public data (1774 subjects, mean diff -0.003 cm); percentiles on p.163"
ansur-1988,reports/ansur-1988/ADA225094.pdf,166,ANSUR 1988 Army men,United States,military,Army,M,1987,other:crotch_length_omphalion,CROTCH LENGTH (OMPHALION),cm,640.10,43.20,1774,570.60,638.90,714.00,A,"OCR of scanned report; verified vs raw public data (1774 subjects, mean diff -0.004 cm); percentiles on p.165"
ansur-1988,reports/ansur-1988/ADA225094.pdf,168,ANSUR 1988 Army men,United States,military,Army,M,1987,other:crotch_length_posterior_natural_indentation,"CROTCH LENGTH, POSTERIOR (NATURAL INDENTATION)",cm,388.00,28.50,1774,343.20,386.80,436.70,A,"OCR of scanned report; label reconstructed from garbled OCR; verified vs raw public data (1774 subjects, mean diff -0.003 cm); percentiles on p.167"
ansur-1988,reports/ansur-1988/ADA225094.pdf,170,ANSUR 1988 Army men,United States,military,Army,M,1987,other:crotch_length_posterior_omphalion,"CROTCH LENGTH, POSTERIOR (OMPHALION)",cm,316.00,24.70,1774,275.30,316.00,,A,"OCR of scanned report; verified vs raw public data (1774 subjects, mean diff -0.000 cm); percentiles on p.169"
ansur-1988,reports/ansur-1988/ADA225094.pdf,172,ANSUR 1988 Army men,United States,military,Army,M,1987,other:ear_breadth,EAR BREADTH,cm,37.70,2.70,1774,,,,A,"OCR of scanned report; verified vs raw public data (1774 subjects, mean diff -0.002 cm); percentiles on p.171"
ansur-1988,reports/ansur-1988/ADA225094.pdf,174,ANSUR 1988 Army men,United States,military,Army,M,1987,ear_length,EAR LENGTH,cm,64.70,4.30,1774,,,,A,"OCR of scanned report; verified vs raw public data (1774 subjects, mean diff -0.003 cm); percentiles on p.173"
ansur-1988,reports/ansur-1988/ADA225094.pdf,176,ANSUR 1988 Army men,United States,military,Army,M,1987,other:ear_length_above_tragion,EAR LENGTH ABOVE TRAGION,cm,31.90,2.50,1774,27.70,31.90,36.00,A,"OCR of scanned report; verified vs raw public data (1774 subjects, mean diff -0.003 cm); percentiles on p.175"
ansur-1988,reports/ansur-1988/ADA225094.pdf,178,ANSUR 1988 Army men,United States,military,Army,M,1987,other:ear_protrusion,EAR PROTRUSION,cm,24.20,3.60,1774,18.60,24.00,30.30,A,"OCR of scanned report; verified vs raw public data (1774 subjects, mean diff +0.000 cm); percentiles on p.177"
ansur-1988,reports/ansur-1988/ADA225094.pdf,180,ANSUR 1988 Army men,United States,military,Army,M,1987,other:elbow_circumference,ELBOW CIRCUMFERENCE,cm,277.10,15.30,1774,253.00,276.50,,A,"OCR of scanned report; verified vs raw public data (1774 subjects, mean diff -0.002 cm); percentiles on p.179"
ansur-1988,reports/ansur-1988/ADA225094.pdf,182,ANSUR 1988 Army men,United States,military,Army,M,1987,elbow_rest_height,ELBOW REST HEIGHT,cm,230.60,27.20,1774,184.10,231.90,273.70,A,"OCR of scanned report; verified vs raw public data (1774 subjects, mean diff -0.003 cm); percentiles on p.181"
ansur-1988,reports/ansur-1988/ADA225094.pdf,184,ANSUR 1988 Army men,United States,military,Army,M,1987,eye_height_sitting,"EYE HEIGHT, SITTING",cm,792.00,34.20,1774,,,,A,"OCR of scanned report; verified vs raw public data (1774 subjects, mean diff -0.003 cm); percentiles on p.183; percentiles not readable/consistent in OCR: omitted"
ansur-1988,reports/ansur-1988/ADA225094.pdf,186,ANSUR 1988 Army men,United States,military,Army,M,1987,foot_breadth,"FOOT BREADTH, HORIZONTAL",cm,100.60,5.30,1774,92.30,100.50,109.50,A,"OCR of scanned report; verified vs raw public data (1774 subjects, mean diff +0.002 cm); percentiles on p.185"
ansur-1988,reports/ansur-1988/ADA225094.pdf,188,ANSUR 1988 Army men,United States,military,Army,M,1987,foot_length,FOOT LENGTH,cm,269.70,13.10,1774,248.80,269.30,292.00,A,"OCR of scanned report; verified vs raw public data (1774 subjects, mean diff -0.002 cm); percentiles on p.187"
ansur-1988,reports/ansur-1988/ADA225094.pdf,190,ANSUR 1988 Army men,United States,military,Army,M,1987,forearm_circumference_flexed,"FOREARM CIRCUMFERENCE, FLEXED",cm,303.50,18.80,1774,274.70,302.40,336.10,A,"OCR of scanned report; verified vs raw public data (1774 subjects, mean diff -0.004 cm); percentiles on p.189"
ansur-1988,reports/ansur-1988/ADA225094.pdf,192,ANSUR 1988 Army men,United States,military,Army,M,1987,forearm_forearm_breadth,FOREARM-FOREARM BREADTH,cm,546.10,43.60,1774,477.40,544.50,620.60,A,"OCR of scanned report; verified vs raw public data (1774 subjects, mean diff -0.004 cm); percentiles on p.191"
ansur-1988,reports/ansur-1988/ADA225094.pdf,194,ANSUR 1988 Army men,United States,military,Army,M,1987,other:forearm_hand_length,FOREARM-HAND LENGTH,cm,484.00,23.30,1774,447.90,482.80,524.20,A,"OCR of scanned report; verified vs raw public data (1774 subjects, mean diff +0.005 cm); percentiles on p.193"
ansur-1988,reports/ansur-1988/ADA225094.pdf,196,ANSUR 1988 Army men,United States,military,Army,M,1987,other:functional_leg_length,FUNCTIONAL LEG LENGTH,cm,1082.10,51.00,1774,,,,A,"OCR of scanned report; verified vs raw public data (1774 subjects, mean diff -0.001 cm); percentiles on p.195"
ansur-1988,reports/ansur-1988/ADA225094.pdf,198,ANSUR 1988 Army men,United States,military,Army,M,1987,other:gluteal_furrow_height,GLUTEAL FURROW HEIGHT,cm,814.40,45.60,1774,742.60,812.40,892.10,A,"OCR of scanned report; verified vs raw public data (1774 subjects, mean diff +0.003 cm); percentiles on p.197"
ansur-1988,reports/ansur-1988/ADA225094.pdf,200,ANSUR 1988 Army men,United States,military,Army,M,1987,hand_breadth,HAND BREADTH,cm,90.40,4.20,1774,83.60,90.30,97.60,A,"OCR of scanned report; verified vs raw public data (1774 subjects, mean diff +0.003 cm); percentiles on p.199"
ansur-1988,reports/ansur-1988/ADA225094.pdf,202,ANSUR 1988 Army men,United States,military,Army,M,1987,hand_circumference,HAND CIRCUMFERENCE,cm,213.80,9.70,1774,198.50,213.40,230.30,A,"OCR of scanned report; verified vs raw public data (1774 subjects, mean diff -0.001 cm); percentiles on p.201"
ansur-1988,reports/ansur-1988/ADA225094.pdf,204,ANSUR 1988 Army men,United States,military,Army,M,1987,hand_length,HAND LENGTH,cm,193.80,9.80,1774,178.70,193.30,210.60,A,"OCR of scanned report; verified vs raw public data (1774 subjects, mean diff -0.002 cm); percentiles on p.203"
ansur-1988,reports/ansur-1988/ADA225094.pdf,206,ANSUR 1988 Army men,United States,military,Army,M,1987,head_breadth,HEAD BREADTH,cm,151.70,5.40,1774,,,,A,"OCR of scanned report; verified vs raw public data (1774 subjects, mean diff -0.002 cm); percentiles on p.205"
ansur-1988,reports/ansur-1988/ADA225094.pdf,210,ANSUR 1988 Army men,United States,military,Army,M,1987,head_length,HEAD LENGTH,cm,197.10,7.10,1774,185.30,197.20,208.50,A,"OCR of scanned report; verified vs raw public data (1774 subjects, mean diff +0.001 cm); percentiles on p.209"
ansur-1988,reports/ansur-1988/ADA225094.pdf,214,ANSUR 1988 Army men,United States,military,Army,M,1987,other:heel_breadth,HEEL BREADTH,cm,70.10,5.30,1774,62.30,69.70,79.50,A,"OCR of scanned report; verified vs raw public data (1774 subjects, mean diff +0.005 cm); percentiles on p.213"
ansur-1988,reports/ansur-1988/ADA225094.pdf,216,ANSUR 1988 Army men,United States,military,Army,M,1987,other:hip_breadth,HIP BREADTH,cm,341.80,20.30,1774,309.70,341.20,376.50,A,"OCR of scanned report; verified vs raw public data (1774 subjects, mean diff +0.003 cm); percentiles on p.215"
ansur-1988,reports/ansur-1988/ADA225094.pdf,218,ANSUR 1988 Army men,United States,military,Army,M,1987,hip_breadth_sitting,"HIP BREADTH, SITTING",cm,366.80,25.20,1774,328.70,364.70,,A,"OCR of scanned report; verified vs raw public data (1774 subjects, mean diff -0.004 cm); percentiles on p.217"
ansur-1988,reports/ansur-1988/ADA225094.pdf,220,ANSUR 1988 Army men,United States,military,Army,M,1987,iliocristale_height,ILIOCRISTALF HEIGHT,cm,1073.40,51.40,1774,991.00,1072.10,1158.90,A,"OCR of scanned report; verified vs raw public data (1774 subjects, mean diff -0.004 cm); percentiles on p.219"
ansur-1988,reports/ansur-1988/ADA225094.pdf,222,ANSUR 1988 Army men,United States,military,Army,M,1987,interpupillary_breadth,INTERPUPILLARY BREADTH,cm,64.70,3.70,1771,58.80,64.50,71.00,A,"OCR of scanned report; verified vs raw public data (1771 subjects, mean diff -0.003 cm); percentiles on p.221"
ansur-1988,reports/ansur-1988/ADA225094.pdf,224,ANSUR 1988 Army men,United States,military,Army,M,1987,other:interscye_i,INTERSCYE I,cm,401.50,31.40,1774,,,,A,"OCR of scanned report; verified vs raw public data (1774 subjects, mean diff +0.003 cm); percentiles on p.223"
ansur-1988,reports/ansur-1988/ADA225094.pdf,226,ANSUR 1988 Army men,United States,military,Army,M,1987,other:interscye_ii,INTERSCYE II,cm,406.80,27.40,1774,363.40,406.20,453.20,A,"OCR of scanned report; verified vs raw public data (1774 subjects, mean diff +0.004 cm); percentiles on p.225"
ansur-1988,reports/ansur-1988/ADA225094.pdf,228,ANSUR 1988 Army men,United States,military,Army,M,1987,other:knee_circumference,KNEE CIRCUMFERENCE,cm,386.40,22.10,1774,350.50,385.90,423.60,A,"OCR of scanned report; verified vs raw public data (1774 subjects, mean diff -0.004 cm); percentiles on p.227"
ansur-1988,reports/ansur-1988/ADA225094.pdf,230,ANSUR 1988 Army men,United States,military,Army,M,1987,other:knee_height_midpatella,"KNEE HEIGHT, MIDPATELLA",cm,504.80,27.60,1774,461.00,,551.60,A,"OCR of scanned report; verified vs raw public data (1774 subjects, mean diff +0.004 cm); percentiles on p.229"
ansur-1988,reports/ansur-1988/ADA225094.pdf,232,ANSUR 1988 Army men,United States,military,Army,M,1987,knee_height_sitting,"KNEE HEIGHT, SITING",cm,558.80,27.90,1774,514.40,558.00,605.70,A,"OCR of scanned report; verified vs raw public data (1774 subjects, mean diff -0.001 cm); percentiles on p.231"
ansur-1988,reports/ansur-1988/ADA225094.pdf,234,ANSUR 1988 Army men,United States,military,Army,M,1987,other:lateral_femoral_epicondyle_height,LATERAL FEMORAL EPICONDYLE HEIGHT,cm,501.50,26.30,1774,460.10,500.70,545.70,A,"OCR of scanned report; verified vs raw public data (1774 subjects, mean diff +0.004 cm); percentiles on p.233"
ansur-1988,reports/ansur-1988/ADA225094.pdf,236,ANSUR 1988 Army men,United States,military,Army,M,1987,other:lateral_malleolus_height,LATERAL MALLEOLUS HEIGHT,cm,67.10,5.50,1774,58.40,66.90,,A,"OCR of scanned report; verified vs raw public data (1774 subjects, mean diff -0.003 cm); percentiles on p.235; some percentiles omitted (OCR)"
ansur-1988,reports/ansur-1988/ADA225094.pdf,238,ANSUR 1988 Army men,United States,military,Army,M,1987,other:lower_thigh_circumference,LOWER THIGH CIRCUMFERENCE,cm,391.80,27.10,1774,347.80,391.60,436.90,A,"OCR of scanned report; verified vs raw public data (1774 subjects, mean diff +0.004 cm); percentiles on p.237"
ansur-1988,reports/ansur-1988/ADA225094.pdf,240,ANSUR 1988 Army men,United States,military,Army,M,1987,menton_sellion_length,MENTON-SELLION LENGTH,cm,121.90,6.50,1774,111.60,121.70,132.90,A,"OCR of scanned report; verified vs raw public data (1774 subjects, mean diff +0.001 cm); percentiles on p.239"
ansur-1988,reports/ansur-1988/ADA225094.pdf,242,ANSUR 1988 Army men,United States,military,Army,M,1987,other:midshoulder_height_sitting,"MIDSHOULDER HEIGHT, SITTING",cm,630.30,28.20,1774,,630.40,,A,"OCR of scanned report; verified vs raw public data (1774 subjects, mean diff -0.001 cm); percentiles on p.241"
ansur-1988,reports/ansur-1988/ADA225094.pdf,244,ANSUR 1988 Army men,United States,military,Army,M,1987,other:neck_bustpoint_thelion_length,NECK-BUSTPOINT/THELION LENGTH,cm,272.40,18.10,1774,244.00,271.40,303.80,A,"OCR of scanned report; label reconstructed from garbled OCR; verified vs raw public data (1774 subjects, mean diff +0.002 cm); percentiles on p.243"
ansur-1988,reports/ansur-1988/ADA225094.pdf,246,ANSUR 1988 Army men,United States,military,Army,M,1987,neck_circumference,NECK CIRCUMFERENCE,cm,379.60,19.70,1774,349.00,,413.40,A,"OCR of scanned report; verified vs raw public data (1774 subjects, mean diff -0.003 cm); percentiles on p.245"
ansur-1988,reports/ansur-1988/ADA225094.pdf,248,ANSUR 1988 Army men,United States,military,Army,M,1987,neck_circumference_base,"NECK CIRCUMFERENCE, BASE",cm,408.40,20.50,1774,375.90,407.70,443.30,A,"OCR of scanned report; verified vs raw public data (1774 subjects, mean diff -0.003 cm); percentiles on p.247"
ansur-1988,reports/ansur-1988/ADA225094.pdf,250,ANSUR 1988 Army men,United States,military,Army,M,1987,other:neck_height_lateral,"NECK HEIGHT, LATERAL",cm,1509.50,61.60,1774,,,1611.60,A,"OCR of scanned report; verified vs raw public data (1774 subjects, mean diff +0.002 cm); percentiles on p.249; some percentiles omitted (OCR)"
ansur-1988,reports/ansur-1988/ADA225094.pdf,252,ANSUR 1988 Army men,United States,military,Army,M,1987,other:overhead_fingertip_reach,OVERHEAD FINGERTIP REACH,cm,2231.40,97.50,1774,,2230.20,2393.20,A,"OCR of scanned report; verified vs raw public data (1774 subjects, mean diff -0.001 cm); percentiles on p.251"
ansur-1988,reports/ansur-1988/ADA225094.pdf,254,ANSUR 1988 Army men,United States,military,Army,M,1987,other:overhead_fingertip_reach_extended,"OVERHEAD FINGERTIP REACH, EXTENDED",cm,2328.00,99.90,1774,,,,A,"OCR of scanned report; verified vs raw public data (1774 subjects, mean diff +0.001 cm); percentiles on p.253"
ansur-1988,reports/ansur-1988/ADA225094.pdf,256,ANSUR 1988 Army men,United States,military,Army,M,1987,other:overhead_fingertip_reach_sitting,"OVERHEAD FINGERTIP REACH, SITTING",cm,1433.80,59.00,1774,1337.80,1433.20,1531.70,A,"OCR of scanned report; label reconstructed from garbled OCR; verified vs raw public data (1774 subjects, mean diff -0.000 cm); percentiles on p.255"
ansur-1988,reports/ansur-1988/ADA225094.pdf,258,ANSUR 1988 Army men,United States,military,Army,M,1987,popliteal_height,POPLITEAL HEIGHT,cm,434.10,24.90,1774,,433.20,476.30,A,"OCR of scanned report; verified vs raw public data (1774 subjects, mean diff -0.003 cm); percentiles on p.257"
ansur-1988,reports/ansur-1988/ADA225094.pdf,260,ANSUR 1988 Army men,United States,military,Army,M,1987,radiale_stylion_length,RADIALE-STYLION LENGTH,cm,269.90,15.70,1774,,,,A,"OCR of scanned report; verified vs raw public data (1774 subjects, mean diff -0.005 cm); percentiles on p.259"
ansur-1988,reports/ansur-1988/ADA225094.pdf,262,ANSUR 1988 Army men,United States,military,Army,M,1987,other:scye_circumference,SCYE CIRCUMFERENCE,cm,445.50,27.10,1774,402.70,444.60,,A,"OCR of scanned report; label reconstructed from garbled OCR; verified vs raw public data (1774 subjects, mean diff +0.002 cm); percentiles on p.261"
ansur-1988,reports/ansur-1988/ADA225094.pdf,264,ANSUR 1988 Army men,United States,military,Army,M,1987,other:scye_depth,SCYE DEPTh,cm,212.70,15.50,1774,187.00,212.80,237.70,A,"OCR of scanned report; verified vs raw public data (1774 subjects, mean diff +0.003 cm); percentiles on p.263"
ansur-1988,reports/ansur-1988/ADA225094.pdf,266,ANSUR 1988 Army men,United States,military,Army,M,1987,shoulder_circumference,SHOULDER CIRCUMFERENCE,cm,1175.20,60.40,1774,,,,A,"OCR of scanned report; verified vs raw public data (1774 subjects, mean diff -0.002 cm); percentiles on p.265"
ansur-1988,reports/ansur-1988/ADA225094.pdf,268,ANSUR 1988 Army men,United States,military,Army,M,1987,shoulder_elbow_length,SHOUIDER-ELBOW LENGTH,cm,369.00,17.90,1774,,,,A,"OCR of scanned report; verified vs raw public data (1774 subjects, mean diff +0.004 cm); percentiles on p.267"
ansur-1988,reports/ansur-1988/ADA225094.pdf,270,ANSUR 1988 Army men,United States,military,Army,M,1987,shoulder_length,SHOULDER LENGTH,cm,150.50,11.00,1774,,150.20,169.10,A,"OCR of scanned report; verified vs raw public data (1774 subjects, mean diff -0.001 cm); percentiles on p.269"
ansur-1988,reports/ansur-1988/ADA225094.pdf,272,ANSUR 1988 Army men,United States,military,Army,M,1987,sitting_height,SITTING HEIGHT,cm,913.90,35.60,1774,854.50,,971.90,A,"OCR of scanned report; label reconstructed from garbled OCR; verified vs raw public data (1774 subjects, mean diff +0.003 cm); percentiles on p.271"
ansur-1988,reports/ansur-1988/ADA225094.pdf,274,ANSUR 1988 Army men,United States,military,Army,M,1987,other:sleeve_length_spine_elbow,SLEEVE LENGTH: SPINE-ELBOW,cm,591.20,27.00,1774,547.40,591.00,636.30,A,"OCR of scanned report; verified vs raw public data (1774 subjects, mean diff -0.001 cm); percentiles on p.273"
ansur-1988,reports/ansur-1988/ADA225094.pdf,276,ANSUR 1988 Army men,United States,military,Army,M,1987,other:sleeve_length_spine_scye,SLEEVE LENGTH: SPINE-SCYE,cm,225.90,14.80,1774,202.30,,,A,"OCR of scanned report; verified vs raw public data (1774 subjects, mean diff -0.001 cm); percentiles on p.275; some percentiles omitted (OCR)"
ansur-1988,reports/ansur-1988/ADA225094.pdf,278,ANSUR 1988 Army men,United States,military,Army,M,1987,other:sleeve_length_spine_wrist,SLEEVE LENGTH: SPINE-WRIST,cm,886.00,37.90,1774,824.90,,949.30,A,"OCR of scanned report; verified vs raw public data (1774 subjects, mean diff -0.002 cm); percentiles on p.277"
ansur-1988,reports/ansur-1988/ADA225094.pdf,280,ANSUR 1988 Army men,United States,military,Army,M,1987,sleeve_outseam,SLEEVE OUTSEAM,cm,601.50,30.70,1774,551.90,600.70,,A,"OCR of scanned report; verified vs raw public data (1774 subjects, mean diff +0.002 cm); percentiles on p.279"
ansur-1988,reports/ansur-1988/ADA225094.pdf,282,ANSUR 1988 Army men,United States,military,Army,M,1987,span,SPAN,cm,1823.10,81.90,1774,1693.10,1820.90,1960.30,A,"OCR of scanned report; verified vs raw public data (1774 subjects, mean diff -0.004 cm); percentiles on p.281"
ansur-1988,reports/ansur-1988/ADA225094.pdf,284,ANSUR 1988 Army men,United States,military,Army,M,1987,stature,STATURE,cm,1755.80,66.80,1774,1646.90,,1866.50,A,"OCR of scanned report; verified vs raw public data (1774 subjects, mean diff +0.001 cm); percentiles on p.283"
ansur-1988,reports/ansur-1988/ADA225094.pdf,286,ANSUR 1988 Army men,United States,military,Army,M,1987,other:strap_length,STRAP LENGTH,cm,710.70,40.10,1774,647.30,709.10,779.10,A,"OCR of scanned report; verified vs raw public data (1774 subjects, mean diff -0.001 cm); percentiles on p.285"
ansur-1988,reports/ansur-1988/ADA225094.pdf,288,ANSUR 1988 Army men,United States,military,Army,M,1987,suprasternale_height,SUPRASTERNALE HEIGHT,cm,1438.40,59.30,1774,,,1536.80,A,"OCR of scanned report; verified vs raw public data (1774 subjects, mean diff -0.002 cm); percentiles on p.287"
ansur-1988,reports/ansur-1988/ADA225094.pdf,290,ANSUR 1988 Army men,United States,military,Army,M,1987,other:tenth_rib_height,TENTH RIB HEIGHT,cm,1121.20,51.30,1774,1039.00,1120.00,1206.60,A,"OCR of scanned report; verified vs raw public data (1774 subjects, mean diff -0.004 cm); percentiles on p.289"
ansur-1988,reports/ansur-1988/ADA225094.pdf,292,ANSUR 1988 Army men,United States,military,Army,M,1987,thigh_circumference,THIGH CIRCUMFERENCE,cm,596.50,49.30,1774,516.50,595.80,679.00,A,"OCR of scanned report; verified vs raw public data (1774 subjects, mean diff +0.001 cm); percentiles on p.291"
ansur-1988,reports/ansur-1988/ADA225094.pdf,294,ANSUR 1988 Army men,United States,military,Army,M,1987,thigh_clearance,THIGH CLEARANCE,cm,168.20,12.60,1774,148.60,167.60,,A,"OCR of scanned report; verified vs raw public data (1774 subjects, mean diff +0.000 cm); percentiles on p.293; some percentiles omitted (OCR)"
ansur-1988,reports/ansur-1988/ADA225094.pdf,296,ANSUR 1988 Army men,United States,military,Army,M,1987,other:thumb_breadth,THUMB BREADTH,cm,24.10,1.40,1774,21.90,24.10,26.50,A,"OCR of scanned report; verified vs raw public data (1774 subjects, mean diff +0.005 cm); percentiles on p.295"
ansur-1988,reports/ansur-1988/ADA225094.pdf,298,ANSUR 1988 Army men,United States,military,Army,M,1987,thumbtip_reach,THUMBTIP REACH,cm,800.80,39.20,1774,,,,A,"OCR of scanned report; verified vs raw public data (1774 subjects, mean diff +0.005 cm); percentiles on p.297; percentiles not readable/consistent in OCR: omitted"
ansur-1988,reports/ansur-1988/ADA225094.pdf,300,ANSUR 1988 Army men,United States,military,Army,M,1987,trochanterion_height,TROCHANTERION HEIGHT,cm,928.30,47.70,1774,852.90,926.50,1008.90,A,"OCR of scanned report; verified vs raw public data (1774 subjects, mean diff -0.003 cm); percentiles on p.299"
ansur-1988,reports/ansur-1988/ADA225094.pdf,302,ANSUR 1988 Army men,United States,military,Army,M,1987,other:vertical_trunk_circumference_ascc,VERTICAL TRUNK CIRCUMFERENCE (ASCC),cm,1589.10,77.40,1774,1465.70,1587.40,1718.50,B,OCR of scanned report; no matching raw column; internal checks only; percentiles on p.301
ansur-1988,reports/ansur-1988/ADA225094.pdf,304,ANSUR 1988 Army men,United States,military,Army,M,1987,vertical_trunk_circumference,VERTICAL TRUNK CIRCUMFERENCE (USA),cm,1631.80,78.10,1774,,,,A,"OCR of scanned report; verified vs raw public data (1774 subjects, mean diff +0.000 cm); percentiles on p.303"
ansur-1988,reports/ansur-1988/ADA225094.pdf,306,ANSUR 1988 Army men,United States,military,Army,M,1987,other:waist_back_length_natural_indentation,WAIST BACK LENGTH (NATURAL INDENTATION),cm,412.00,23.20,1774,373.50,411.90,450.60,A,"OCR of scanned report; verified vs raw public data (1774 subjects, mean diff -0.000 cm); percentiles on p.305"
ansur-1988,reports/ansur-1988/ADA225094.pdf,308,ANSUR 1988 Army men,United States,military,Army,M,1987,other:waist_back_length_omphalion,WAIST BACK LENGTH (OMPHALION),cm,478.50,26.80,1774,,,,A,"OCR of scanned report; verified vs raw public data (1774 subjects, mean diff +0.000 cm); percentiles on p.307; percentiles not readable/consistent in OCR: omitted"
ansur-1988,reports/ansur-1988/ADA225094.pdf,310,ANSUR 1988 Army men,United States,military,Army,M,1987,other:waist_breadth,WAIST BREADTH,cm,309.30,28.70,1774,265.10,307.30,359.50,A,"OCR of scanned report; verified vs raw public data (1774 subjects, mean diff -0.003 cm); percentiles on p.309"
ansur-1988,reports/ansur-1988/ADA225094.pdf,312,ANSUR 1988 Army men,United States,military,Army,M,1987,other:waist_circumference_natural_indentation,WAIST CIRCUMFERENCE (NATURAL INDENTATION),cm,839.90,74.00,1774,729.90,834.00,971.40,A,"OCR of scanned report; verified vs raw public data (1774 subjects, mean diff +0.001 cm); percentiles on p.311"
ansur-1988,reports/ansur-1988/ADA225094.pdf,314,ANSUR 1988 Army men,United States,military,Army,M,1987,waist_circumference,WAIST CIRCUMFERENCE (OMPHALION),cm,862.40,86.40,1774,,855.50,1015.90,A,"OCR of scanned report; verified vs raw public data (1774 subjects, mean diff +0.002 cm); percentiles on p.313"
ansur-1988,reports/ansur-1988/ADA225094.pdf,316,ANSUR 1988 Army men,United States,military,Army,M,1987,other:waist_depth,WAIST DEPTH,cm,226.20,25.60,1774,,,,A,"OCR of scanned report; verified vs raw public data (1774 subjects, mean diff -0.000 cm); percentiles on p.315"
ansur-1988,reports/ansur-1988/ADA225094.pdf,318,ANSUR 1988 Army men,United States,military,Army,M,1987,other:waist_front_length_natural_indentation,WAIST FRONT LENGTH (NATURAL INDENTATION),cm,345.70,21.80,1774,309.70,345.70,381.40,A,"OCR of scanned report; verified vs raw public data (1774 subjects, mean diff -0.005 cm); percentiles on p.317"
ansur-1988,reports/ansur-1988/ADA225094.pdf,320,ANSUR 1988 Army men,United States,military,Army,M,1987,other:waist_front_length_omphalion,WAIST FRONT LENGTH (OMPHALION),cm,414.50,24.50,1774,,413.30,456.90,A,"OCR of scanned report; verified vs raw public data (1774 subjects, mean diff +0.004 cm); percentiles on p.319"
ansur-1988,reports/ansur-1988/ADA225094.pdf,322,ANSUR 1988 Army men,United States,military,Army,M,1987,other:waist_height_natural_indentation,WAIST HEIGHT (NATURAL INDENTATION),cm,1127.10,52.00,1774,1043.10,1126.00,1213.40,A,"OCR of scanned report; verified vs raw public data (1774 subjects, mean diff -0.004 cm); percentiles on p.321"
ansur-1988,reports/ansur-1988/ADA225094.pdf,324,ANSUR 1988 Army men,United States,military,Army,M,1987,other:waist_height_omphalion,WAIST HEIGHT (OMPHALION),cm,1058.80,50.90,1774,976.70,1058.20,1142.60,A,"OCR of scanned report; verified vs raw public data (1774 subjects, mean diff +0.000 cm); percentiles on p.323"
ansur-1988,reports/ansur-1988/ADA225094.pdf,326,ANSUR 1988 Army men,United States,military,Army,M,1987,other:waist_height_sitting_natural_indentation,"WAIST HEIGHT, SITTING (NATURAL INDENTATION)",cm,287.30,16.60,1774,260.40,287.00,315.00,A,"OCR of scanned report; verified vs raw public data (1774 subjects, mean diff -0.000 cm); percentiles on p.325"
ansur-1988,reports/ansur-1988/ADA225094.pdf,328,ANSUR 1988 Army men,United States,military,Army,M,1987,other:waist_height_sitting_omphalion,"WAIST HEIGHT, SITTING (OMPHALION)",cm,234.60,15.20,1774,209.80,234.50,259.70,A,"OCR of scanned report; verified vs raw public data (1774 subjects, mean diff -0.004 cm); percentiles on p.327"
ansur-1988,reports/ansur-1988/ADA225094.pdf,330,ANSUR 1988 Army men,United States,military,Army,M,1987,other:waist_hip_length,WAIST-HIP LENGTH,cm,176.80,20.40,1774,142.20,177.20,209.60,A,"OCR of scanned report; verified vs raw public data (1774 subjects, mean diff -0.002 cm); percentiles on p.329"
ansur-1988,reports/ansur-1988/ADA225094.pdf,332,ANSUR 1988 Army men,United States,military,Army,M,1987,other:waist_natural_indentation_waist_omphalion_length,WAIST (NATURAL INDENTATION)-WAIST (OMPHALION) LENGTH,cm,69.80,18.40,1774,41.40,68.60,102.00,B,OCR of scanned report; label reconstructed from garbled OCR; no matching raw column; internal checks only; percentiles on p.331
ansur-1988,reports/ansur-1988/ADA225094.pdf,334,ANSUR 1988 Army men,United States,military,Army,M,1987,mass,WEIGHT,kg,78.49,11.10,1774,,,,A,"OCR of scanned report; verified vs raw public data (1774 subjects, mean diff -0.003 kg); percentiles on p.333; percentiles not readable/consistent in OCR: omitted"
ansur-1988,reports/ansur-1988/ADA225094.pdf,336,ANSUR 1988 Army men,United States,military,Army,M,1987,other:wrist_center_of_grip_length,WRIST-CENTER OF GRIP LENGTH,cm,69.70,4.90,1774,62.30,69.40,78.30,A,"OCR of scanned report; verified vs raw public data (1774 subjects, mean diff +0.005 cm); percentiles on p.335"
ansur-1988,reports/ansur-1988/ADA225094.pdf,338,ANSUR 1988 Army men,United States,military,Army,M,1987,wrist_circumference,WRIST CIRCUMFERENCE,cm,174.20,8.30,1774,,,188.40,A,"OCR of scanned report; verified vs raw public data (1774 subjects, mean diff +0.001 cm); percentiles on p.337"
ansur-1988,reports/ansur-1988/ADA225094.pdf,340,ANSUR 1988 Army men,United States,military,Army,M,1987,other:wrist_height,WRIST HEIGHT,cm,846.50,41.50,1774,777.90,846.40,915.20,A,"OCR of scanned report; verified vs raw public data (1774 subjects, mean diff +0.004 cm); percentiles on p.339"
ansur-1988,reports/ansur-1988/ADA225094.pdf,342,ANSUR 1988 Army men,United States,military,Army,M,1987,other:wrist_height_sitting,"WRIST HEIGHT, SITTING",cm,459.80,35.20,1774,398.40,461.90,515.00,A,"OCR of scanned report; verified vs raw public data (1774 subjects, mean diff -0.000 cm); percentiles on p.341"
ansur-1988,reports/ansur-1988/ADA225094.pdf,344,ANSUR 1988 Army men,United States,military,Army,M,1987,other:wrist_index_finger_length,WRIST-INDEX FINGER LENGTH,cm,180.80,9.10,1774,166.80,180.40,,A,"OCR of scanned report; verified vs raw public data (1774 subjects, mean diff +0.005 cm); percentiles on p.343"
ansur-1988,reports/ansur-1988/ADA225094.pdf,346,ANSUR 1988 Army men,United States,military,Army,M,1987,other:wrist_tiumebtip_length,WRIST-TIUMEBTIP LENGTH,cm,124.40,6.70,1774,113.80,124.20,135.90,A,"OCR of scanned report; verified vs raw public data (1774 subjects, mean diff +0.002 cm); percentiles on p.345"
ansur-1988,reports/ansur-1988/ADA225094.pdf,348,ANSUR 1988 Army men,United States,military,Army,M,1987,other:wrist_wall_length,WRIST-WALL LENGTH,cm,680.90,34.80,1774,625.10,680.50,739.60,A,"OCR of scanned report; verified vs raw public data (1774 subjects, mean diff +0.001 cm); percentiles on p.347"
ansur-1988,reports/ansur-1988/ADA225094.pdf,350,ANSUR 1988 Army men,United States,military,Army,M,1987,other:wrist_wall_length_extended,"WRIST-WALL LENGTH, EXTENDED",cm,748.40,37.30,1774,687.80,747.90,810.70,A,"OCR of scanned report; verified vs raw public data (1774 subjects, mean diff +0.003 cm); percentiles on p.349"
ansur-1988,reports/ansur-1988/ADA225094.pdf,481,ANSUR 1988 Army men,United States,military,Army,M,1987,other:headboard_alare_back_of_head,ALARE-BACK OF HEAD,cm,199.80,7.90,1774,186.50,199.90,212.50,B,"OCR of scanned report; headboard (AHD) measurement, not in public raw data so no raw check; percentiles on p.480"
ansur-1988,reports/ansur-1988/ADA225094.pdf,483,ANSUR 1988 Army men,United States,military,Army,M,1987,other:headboard_alare_top_of_head,ALARE-TOP OF HEAD,cm,155.40,7.40,1774,,,,B,"OCR of scanned report; headboard (AHD) measurement, not in public raw data so no raw check; percentiles on p.482"
ansur-1988,reports/ansur-1988/ADA225094.pdf,485,ANSUR 1988 Army men,United States,military,Army,M,1987,other:headboard_bigonial_breadth,BIGONIAL BREADTH,cm,118.90,7.90,1774,,118.60,132.20,B,"OCR of scanned report; headboard (AHD) measurement, not in public raw data so no raw check; percentiles on p.484"
ansur-1988,reports/ansur-1988/ADA225094.pdf,487,ANSUR 1988 Army men,United States,military,Army,M,1987,other:headboard_biinfraorbitale_breadth,BIINFRAORBITALE BREADTH,cm,68.50,5.10,1774,60.50,68.30,77.20,B,"OCR of scanned report; headboard (AHD) measurement, not in public raw data so no raw check; percentiles on p.486"
ansur-1988,reports/ansur-1988/ADA225094.pdf,489,ANSUR 1988 Army men,United States,military,Army,M,1987,other:headboard_biocular_breadth_maximum,"BIOCULAR BREADTH, MAXIMUM",cm,121.80,5.40,1774,113.10,121.60,130.90,B,"OCR of scanned report; headboard (AHD) measurement, not in public raw data so no raw check; percentiles on p.488"
ansur-1988,reports/ansur-1988/ADA225094.pdf,491,ANSUR 1988 Army men,United States,military,Army,M,1987,other:headboard_bitragion_breadth,BITRAGION BREADTH,cm,144.80,6.00,1774,135.00,144.90,154.50,B,"OCR of scanned report; headboard (AHD) measurement, not in public raw data so no raw check; percentiles on p.490"
ansur-1988,reports/ansur-1988/ADA225094.pdf,493,ANSUR 1988 Army men,United States,military,Army,M,1987,other:headboard_bizygomatic_breadth,BIZYGOMATIC BREADTH,cm,143.30,6.40,1774,133.10,143.20,154.00,B,"OCR of scanned report; headboard (AHD) measurement, not in public raw data so no raw check; percentiles on p.492"
ansur-1988,reports/ansur-1988/ADA225094.pdf,495,ANSUR 1988 Army men,United States,military,Army,M,1987,other:headboard_cheilion_back_of_head,CHEILION-BACK OF HEAD,cm,185.40,9.10,1774,,,,B,"OCR of scanned report; headboard (AHD) measurement, not in public raw data so no raw check; percentiles on p.494"
ansur-1988,reports/ansur-1988/ADA225094.pdf,497,ANSUR 1988 Army men,United States,military,Army,M,1987,other:headboard_cheilion_top_of_head,CHEILION-TOP OF HEAD,cm,187.90,7.50,1774,,,,B,"OCR of scanned report; headboard (AHD) measurement, not in public raw data so no raw check; percentiles on p.496"
ansur-1988,reports/ansur-1988/ADA225094.pdf,499,ANSUR 1988 Army men,United States,military,Army,M,1987,other:headboard_chin_back_of_head,CHIN-BACK OF HEAD,cm,194.20,10.30,1774,177.10,194.30,211.10,B,"OCR of scanned report; headboard (AHD) measurement, not in public raw data so no raw check; percentiles on p.498"
ansur-1988,reports/ansur-1988/ADA225094.pdf,503,ANSUR 1988 Army men,United States,military,Army,M,1987,other:headboard_crinion_back_of_head,CRINION-BACK OF HEAD,cm,183.40,10.00,1747,166.00,184.00,198.70,B,"OCR of scanned report; headboard (AHD) measurement, not in public raw data so no raw check; percentiles on p.502"
ansur-1988,reports/ansur-1988/ADA225094.pdf,505,ANSUR 1988 Army men,United States,military,Army,M,1987,other:headboard_crinion_top_of_head,CRINION-TOP OF HEAD,cm,41.70,10.40,1747,25.10,41.40,59.40,B,"OCR of scanned report; headboard (AHD) measurement, not in public raw data so no raw check; percentiles on p.504"
ansur-1988,reports/ansur-1988/ADA225094.pdf,507,ANSUR 1988 Army men,United States,military,Army,M,1987,other:headboard_ectoorbitale_back_of_head,ECTOORBITALE-BACK OF HEAD,cm,160.10,6.30,1774,149.60,160.20,170.30,B,"OCR of scanned report; headboard (AHD) measurement, not in public raw data so no raw check; percentiles on p.506"
ansur-1988,reports/ansur-1988/ADA225094.pdf,509,ANSUR 1988 Army men,United States,military,Army,M,1987,other:headboard_ectoorbitale_top_of_head,ECTOORBITALE-TOP OF HEAD,cm,118.20,5.70,1774,108.90,118.10,127.70,B,"OCR of scanned report; headboard (AHD) measurement, not in public raw data so no raw check; label reconstructed from garbled OCR; percentiles on p.508"
ansur-1988,reports/ansur-1988/ADA225094.pdf,511,ANSUR 1988 Army men,United States,military,Army,M,1987,other:headboard_frontotemporale_back_of_head,FRONTOTEMPORALE-BACK OF HEAD,cm,174.50,6.40,1774,,,,B,"OCR of scanned report; headboard (AHD) measurement, not in public raw data so no raw check; percentiles on p.510"
ansur-1988,reports/ansur-1988/ADA225094.pdf,513,ANSUR 1988 Army men,United States,military,Army,M,1987,other:headboard_frontotemporale_top_of_head,FRONTOTEMPORALE-TOP OF HEAD,cm,90.40,6.90,1774,78.90,90.40,101.80,B,"OCR of scanned report; headboard (AHD) measurement, not in public raw data so no raw check; percentiles on p.512"
ansur-1988,reports/ansur-1988/ADA225094.pdf,515,ANSUR 1988 Army men,United States,military,Army,M,1987,other:headboard_glabella_back_of_head,GLABELLA-BACK OF HEAD,cm,199.70,7.20,1774,,,,B,"OCR of scanned report; headboard (AHD) measurement, not in public raw data so no raw check; percentiles on p.514"
ansur-1988,reports/ansur-1988/ADA225094.pdf,517,ANSUR 1988 Army men,United States,military,Army,M,1987,other:headboard_glabella_top_of_head,GLABELLA-TOP OF HEAD,cm,96.20,7.30,1774,84.30,96.20,108.20,B,"OCR of scanned report; headboard (AHD) measurement, not in public raw data so no raw check; percentiles on p.516"
ansur-1988,reports/ansur-1988/ADA225094.pdf,519,ANSUR 1988 Army men,United States,military,Army,M,1987,other:headboard_gonion_back_of_head,GONION-BACK OF HEAD,cm,117.60,7.70,1774,104.70,117.70,130.10,B,"OCR of scanned report; headboard (AHD) measurement, not in public raw data so no raw check; percentiles on p.518"
ansur-1988,reports/ansur-1988/ADA225094.pdf,521,ANSUR 1988 Army men,United States,military,Army,M,1987,other:headboard_gonion_top_of_head,GONION-TOP OF HEAD,cm,197.90,7.70,1774,185.40,,210.90,B,"OCR of scanned report; headboard (AHD) measurement, not in public raw data so no raw check; percentiles on p.520; some percentiles omitted (OCR)"
ansur-1988,reports/ansur-1988/ADA225094.pdf,523,ANSUR 1988 Army men,United States,military,Army,M,1987,other:headboard_infraorbitale_back_of_head,INFRAORBITALE-BACK OF HEAD,cm,180.80,7.00,1774,169.10,181.10,192.00,B,"OCR of scanned report; headboard (AHD) measurement, not in public raw data so no raw check; percentiles on p.522"
ansur-1988,reports/ansur-1988/ADA225094.pdf,525,ANSUR 1988 Army men,United States,military,Army,M,1987,other:headboard_infraorb1tale_top_of_head,INFRAORB1TALE-TOP OF HEAD,cm,130.80,5.80,1774,,,,B,"OCR of scanned report; headboard (AHD) measurement, not in public raw data so no raw check; percentiles on p.524"
ansur-1988,reports/ansur-1988/ADA225094.pdf,527,ANSUR 1988 Army men,United States,military,Army,M,1987,other:headboard_lip_length,LIP LENGTH,cm,56.10,4.30,1774,49.20,56.00,63.30,B,"OCR of scanned report; headboard (AHD) measurement, not in public raw data so no raw check; percentiles on p.526"
ansur-1988,reports/ansur-1988/ADA225094.pdf,529,ANSUR 1988 Army men,United States,military,Army,M,1987,other:headboard_maximum_frontal_breadth,MAXIMUM FRONTAL BREADTH,cm,113.30,5.20,1774,105.20,113.00,122.20,B,"OCR of scanned report; headboard (AHD) measurement, not in public raw data so no raw check; percentiles on p.528"
ansur-1988,reports/ansur-1988/ADA225094.pdf,531,ANSUR 1988 Army men,United States,military,Army,M,1987,other:headboard_menton_back_of_head,MENTON-BACK OF HEAD,cm,182.40,10.50,1774,165.30,182.40,199.60,B,"OCR of scanned report; headboard (AHD) measurement, not in public raw data so no raw check; percentiles on p.530"
ansur-1988,reports/ansur-1988/ADA225094.pdf,533,ANSUR 1988 Army men,United States,military,Army,M,1987,other:headboard_menton_crinion_length,MENTON-CRINION LENGTH,cm,190.80,10.50,1747,174.00,190.50,208.70,B,"OCR of scanned report; headboard (AHD) measurement, not in public raw data so no raw check; percentiles on p.532"
ansur-1988,reports/ansur-1988/ADA225094.pdf,535,ANSUR 1988 Army men,United States,military,Army,M,1987,other:headboard_menton_sellion_length,MENTON-SELLION LENGTH,cm,121.10,6.40,1774,111.00,121.00,131.80,B,"OCR of scanned report; headboard (AHD) measurement, not in public raw data so no raw check; percentiles on p.534"
ansur-1988,reports/ansur-1988/ADA225094.pdf,537,ANSUR 1988 Army men,United States,military,Army,M,1987,other:headboard_menton_subnasale_length,MENTON-SUBNASALE LENGTH,cm,73.50,5.60,1774,64.70,73.30,83.10,B,"OCR of scanned report; headboard (AHD) measurement, not in public raw data so no raw check; percentiles on p.536"
ansur-1988,reports/ansur-1988/ADA225094.pdf,539,ANSUR 1988 Army men,United States,military,Army,M,1987,other:headboard_menton_top_of_head,MENTON-TOP OF HEAD,cm,232.00,8.80,1774,,,,B,"OCR of scanned report; headboard (AHD) measurement, not in public raw data so no raw check; percentiles on p.538"
ansur-1988,reports/ansur-1988/ADA225094.pdf,541,ANSUR 1988 Army men,United States,military,Army,M,1987,other:headboard_minimum_frontal_breadth,MINIMUM FRONTAL BREADTH,cm,105.10,5.20,1774,,104.90,113.80,B,"OCR of scanned report; headboard (AHD) measurement, not in public raw data so no raw check; percentiles on p.540; some percentiles omitted (OCR)"
ansur-1988,reports/ansur-1988/ADA225094.pdf,543,ANSUR 1988 Army men,United States,military,Army,M,1987,other:headboard_nose_breadth,NOSE BREADTH,cm,36.50,4.60,1774,30.50,35.70,45.40,B,"OCR of scanned report; headboard (AHD) measurement, not in public raw data so no raw check; percentiles on p.542"
ansur-1988,reports/ansur-1988/ADA225094.pdf,547,ANSUR 1988 Army men,United States,military,Army,M,1987,other:headboard_pronasale_back_of_head,PRONASALE-BACK OF HEAD,cm,219.20,8.00,1774,205.40,219.60,231.90,B,"OCR of scanned report; headboard (AHD) measurement, not in public raw data so no raw check; percentiles on p.546"
ansur-1988,reports/ansur-1988/ADA225094.pdf,549,ANSUR 1988 Army men,United States,military,Army,M,1987,other:headboard_pronasale_top_of_head,PRONASALE-TOP OF HEAD,cm,151.90,8.40,1774,,,,B,"OCR of scanned report; headboard (AHD) measurement, not in public raw data so no raw check; percentiles on p.548"
ansur-1988,reports/ansur-1988/ADA225094.pdf,551,ANSUR 1988 Army men,United States,military,Army,M,1987,other:headboard_sellion_back_of_head,SELLION-BACK OF HEAD,cm,197.00,7.10,1774,185.10,,208.50,B,"OCR of scanned report; headboard (AHD) measurement, not in public raw data so no raw check; percentiles on p.550"
ansur-1988,reports/ansur-1988/ADA225094.pdf,553,ANSUR 1988 Army men,United States,military,Army,M,1987,other:headboard_sellion_top_of_head,SELLION-TOP OF HEAD,cm,112.00,6.90,1774,101.00,111.90,123.70,B,"OCR of scanned report; headboard (AHD) measurement, not in public raw data so no raw check; percentiles on p.552"
ansur-1988,reports/ansur-1988/ADA225094.pdf,555,ANSUR 1988 Army men,United States,military,Army,M,1987,other:headboard_stomion_back_of_head,STOMION-BACK OF HEAD,cm,199.40,9.60,1774,183.90,199.30,215.50,B,"OCR of scanned report; headboard (AHD) measurement, not in public raw data so no raw check; percentiles on p.554"
ansur-1988,reports/ansur-1988/ADA225094.pdf,557,ANSUR 1988 Army men,United States,military,Army,M,1987,other:headboard_stomion_top_of_head,STOMION-TOP OF HEAD,cm,186.30,7.80,1774,173.90,186.10,199.40,B,"OCR of scanned report; headboard (AHD) measurement, not in public raw data so no raw check; percentiles on p.556"
ansur-1988,reports/ansur-1988/ADA225094.pdf,559,ANSUR 1988 Army men,United States,military,Army,M,1987,other:headboard_subnasale_back_of_head,SUBNASALE-BACK OF HEAD,cm,203.50,8.30,1774,189.50,203.80,216.60,B,"OCR of scanned report; headboard (AHD) measurement, not in public raw data so no raw check; percentiles on p.558"
ansur-1988,reports/ansur-1988/ADA225094.pdf,561,ANSUR 1988 Army men,United States,military,Army,M,1987,other:headboard_subnasale_sellion_length,SUBNASALE-SELLION LENGTH,cm,50.50,3.70,1774,44.40,50.50,56.80,B,"OCR of scanned report; headboard (AHD) measurement, not in public raw data so no raw check; percentiles on p.560"
ansur-1988,reports/ansur-1988/ADA225094.pdf,563,ANSUR 1988 Army men,United States,military,Army,M,1987,other:headboard_subnasale_top_of_head,SUBNASALE-TOP OF HEAD,cm,161.90,7.70,1774,149.40,161.80,174.70,B,"OCR of scanned report; headboard (AHD) measurement, not in public raw data so no raw check; percentiles on p.562"
ansur-1988,reports/ansur-1988/ADA225094.pdf,565,ANSUR 1988 Army men,United States,military,Army,M,1987,other:headboard_tragion_back_of_head,TRAGION-BACK OF HEAD,cm,98.90,5.80,1774,,,,B,"OCR of scanned report; headboard (AHD) measurement, not in public raw data so no raw check; percentiles on p.564"
ansur-1988,reports/ansur-1988/ADA225094.pdf,567,ANSUR 1988 Army men,United States,military,Army,M,1987,other:headboard_tragion_top_of_head,TRAGION-TOP OF HEAD,cm,131.00,5.70,,121.80,,140.40,B,"OCR of scanned report; headboard (AHD) measurement, not in public raw data so no raw check; percentiles on p.566"
ansur-1988,reports/ansur-1988/ADA225094.pdf,569,ANSUR 1988 Army men,United States,military,Army,M,1987,other:headboard_zygion_back_of_head,ZYGION-BACK OF HEAD,cm,132.60,6.30,1774,122.40,132.60,142.90,B,"OCR of scanned report; headboard (AHD) measurement, not in public raw data so no raw check; percentiles on p.568"
ansur-1988,reports/ansur-1988/ADA225094.pdf,571,ANSUR 1988 Army men,United States,military,Army,M,1987,other:headboard_zygion_top_of_head,ZYGION-TOP OF HEAD,cm,131.20,5.70,1774,122.10,131.10,140.90,B,"OCR of scanned report; headboard (AHD) measurement, not in public raw data so no raw check; percentiles on p.570"
ansur-1988,reports/ansur-1988/ADA225094.pdf,573,ANSUR 1988 Army men,United States,military,Army,M,1987,other:headboard_zygofrontale_back_of_head,ZYGOFRONTALE-BACK OF HEAD,cm,171.20,6.40,1774,160.60,171.40,181.40,B,"OCR of scanned report; headboard (AHD) measurement, not in public raw data so no raw check; percentiles on p.572"
ansur-1988,reports/ansur-1988/ADA225094.pdf,575,ANSUR 1988 Army men,United States,military,Army,M,1987,other:headboard_zygofrontale_top_of_head,ZYGOFRONTALE-TOP OF HEAD,cm,106.30,6.20,1774,96.20,106.40,116.60,B,"OCR of scanned report; headboard (AHD) measurement, not in public raw data so no raw check; percentiles on p.574"
ansur-1988,reports/ansur-1988/ADA225094.pdf,88,ANSUR 1988 Army women,United States,military,Army,F,1987,abdominal_depth_sitting,"ABDOMINAL EXTENSION DEPTH, SITTING",cm,222.30,26.30,2208,,219.20,270.70,A,"OCR of scanned report; verified vs raw public data (2208 subjects, mean diff +0.004 cm); percentiles on p.87"
ansur-1988,reports/ansur-1988/ADA225094.pdf,90,ANSUR 1988 Army women,United States,military,Army,F,1987,acromion_height,ACROMIAL HEIGHT,cm,1333.60,57.90,2208,,,,A,"OCR of scanned report; verified vs raw public data (2208 subjects, mean diff -0.004 cm); percentiles on p.89; percentiles not readable/consistent in OCR: omitted"
ansur-1988,reports/ansur-1988/ADA225094.pdf,92,ANSUR 1988 Army women,United States,military,Army,F,1987,acromion_height_sitting,"ACROMIAL HEIGHT, SITTING",cm,555.50,28.60,2208,509.10,555.10,603.60,A,"OCR of scanned report; verified vs raw public data (2208 subjects, mean diff +0.003 cm); percentiles on p.91"
ansur-1988,reports/ansur-1988/ADA225094.pdf,94,ANSUR 1988 Army women,United States,military,Army,F,1987,acromion_radiale_length,ACROMION-RADIALE LENGTH,cm,311.90,16.70,2208,284.90,311.40,,A,"OCR of scanned report; verified vs raw public data (2208 subjects, mean diff -0.002 cm); percentiles on p.93"
ansur-1988,reports/ansur-1988/ADA225094.pdf,96,ANSUR 1988 Army women,United States,military,Army,F,1987,ankle_circumference,ANKLE CIRCUMFERENCE,cm,205.30,12.10,2208,186.00,205.10,225.60,A,"OCR of scanned report; verified vs raw public data (2208 subjects, mean diff +0.003 cm); percentiles on p.95"
ansur-1988,reports/ansur-1988/ADA225094.pdf,98,ANSUR 1988 Army women,United States,military,Army,F,1987,other:axilla_height,AXILLA HEIGHT,cm,1233.60,54.30,2208,1147.50,1231.80,1326.30,A,"OCR of scanned report; verified vs raw public data (2208 subjects, mean diff +0.003 cm); percentiles on p.97"
ansur-1988,reports/ansur-1988/ADA225094.pdf,100,ANSUR 1988 Army women,United States,military,Army,F,1987,other:axillary_arm_circumference,AXILLARY ARM CIRCUMFERENCE,cm,291.60,24.40,2208,254.10,289.80,334.90,A,"OCR of scanned report; verified vs raw public data (2208 subjects, mean diff -0.003 cm); percentiles on p.99"
ansur-1988,reports/ansur-1988/ADA225094.pdf,102,ANSUR 1988 Army women,United States,military,Army,F,1987,other:ball_of_foot_circumference,BALL OF FOOT CIRCUMFERENCE,cm,223.50,11.30,2208,205.10,223.30,242.30,A,"OCR of scanned report; verified vs raw public data (2208 subjects, mean diff -0.003 cm); percentiles on p.101"
ansur-1988,reports/ansur-1988/ADA225094.pdf,104,ANSUR 1988 Army women,United States,military,Army,F,1987,other:ball_of_foot_length,BALL OF FOOT LENGTH,cm,179.40,9.60,2208,163.70,179.30,195.40,A,"OCR of scanned report; verified vs raw public data (2208 subjects, mean diff -0.002 cm); percentiles on p.103"
ansur-1988,reports/ansur-1988/ADA225094.pdf,106,ANSUR 1988 Army women,United States,military,Army,F,1987,other:biacromial_breadth,BIACROMIAL BREADTH,cm,362.60,17.40,2208,333.20,363.00,390.60,B,OCR of scanned report; no matching raw column; internal checks only; percentiles on p.105
ansur-1988,reports/ansur-1988/ADA225094.pdf,108,ANSUR 1988 Army women,United States,military,Army,F,1987,biceps_circumference_flexed,"BICEPS CIRCUMFERENCE, FLEXED",cm,281.30,22.70,2208,246.20,279.80,321.00,A,"OCR of scanned report; verified vs raw public data (2208 subjects, mean diff +0.003 cm); percentiles on p.107"
ansur-1988,reports/ansur-1988/ADA225094.pdf,110,ANSUR 1988 Army women,United States,military,Army,F,1987,bideltoid_breadth,BIDELTOID BREADTH,cm,432.60,22.60,2208,,,,A,"OCR of scanned report; verified vs raw public data (2208 subjects, mean diff -0.000 cm); percentiles on p.109"
ansur-1988,reports/ansur-1988/ADA225094.pdf,112,ANSUR 1988 Army women,United States,military,Army,F,1987,other:bimalleolar_breadth,BIMALLEOLAR BREADTH,cm,64.40,3.10,2208,,,69.70,A,"OCR of scanned report; verified vs raw public data (2208 subjects, mean diff +0.001 cm); percentiles on p.111"
ansur-1988,reports/ansur-1988/ADA225094.pdf,114,ANSUR 1988 Army women,United States,military,Army,F,1987,other:bispinous_breadth,BISPINOUS BREADTH,cm,219.90,20.50,2208,186.80,219.50,254.10,A,"OCR of scanned report; verified vs raw public data (2208 subjects, mean diff -0.001 cm); percentiles on p.113"
ansur-1988,reports/ansur-1988/ADA225094.pdf,116,ANSUR 1988 Army women,United States,military,Army,F,1987,other:bitragion_chin_arc,BITRAGION CHIN ARC,cm,302.90,13.20,2208,281.90,302.50,,A,"OCR of scanned report; verified vs raw public data (2208 subjects, mean diff +0.003 cm); percentiles on p.115; some percentiles omitted (OCR)"
ansur-1988,reports/ansur-1988/ADA225094.pdf,118,ANSUR 1988 Army women,United States,military,Army,F,1987,other:bitragion_coronal_arc,BITRAGION CORONAL ARC,cm,336.40,12.90,2208,315.60,336.10,358.10,A,"OCR of scanned report; verified vs raw public data (2208 subjects, mean diff +0.001 cm); percentiles on p.117"
ansur-1988,reports/ansur-1988/ADA225094.pdf,120,ANSUR 1988 Army women,United States,military,Army,F,1987,other:bitragion_crinion_arc,BITRAGION CRINION ARC,cm,307.50,10.70,2208,290.10,307.30,,A,"OCR of scanned report; verified vs raw public data (2208 subjects, mean diff +0.001 cm); percentiles on p.119"
ansur-1988,reports/ansur-1988/ADA225094.pdf,122,ANSUR 1988 Army women,United States,military,Army,F,1987,other:bitragion_frontal_arc,BITRAGION FRONTAL ARC,cm,287.90,9.90,2208,271.70,287.80,304.50,A,"OCR of scanned report; verified vs raw public data (2208 subjects, mean diff -0.003 cm); percentiles on p.121"
ansur-1988,reports/ansur-1988/ADA225094.pdf,124,ANSUR 1988 Army women,United States,military,Army,F,1987,other:bitragion_submandibular_arc,BITRAGION SUBMANDIBULAR ARC,cm,276.00,12.80,2208,255.50,275.70,297.40,A,"OCR of scanned report; verified vs raw public data (2208 subjects, mean diff -0.001 cm); percentiles on p.123"
ansur-1988,reports/ansur-1988/ADA225094.pdf,126,ANSUR 1988 Army women,United States,military,Army,F,1987,other:bitragion_subnasale_arc,BITRAGION SUBNASALE ARC,cm,276.20,11.70,2208,,275.70,296.40,A,"OCR of scanned report; verified vs raw public data (2208 subjects, mean diff -0.000 cm); percentiles on p.125"
ansur-1988,reports/ansur-1988/ADA225094.pdf,128,ANSUR 1988 Army women,United States,military,Army,F,1987,bizygomatic_breadth,BIZYGOMATIC BREADTH,cm,131.30,5.00,2208,123.30,131.10,,A,"OCR of scanned report; verified vs raw public data (2208 subjects, mean diff -0.000 cm); percentiles on p.127; some percentiles omitted (OCR)"
ansur-1988,reports/ansur-1988/ADA225094.pdf,132,ANSUR 1988 Army women,United States,military,Army,F,1987,buttock_circumference,BUTTOCK CIRCUMFERENCE,cm,966.90,60.20,2208,871.80,964.70,1070.00,A,"OCR of scanned report; verified vs raw public data (2208 subjects, mean diff -0.001 cm); percentiles on p.131"
ansur-1988,reports/ansur-1988/ADA225094.pdf,134,ANSUR 1988 Army women,United States,military,Army,F,1987,other:buttock_depth,BUTTOCK DEPTH,cm,227.10,21.00,2208,,,264.50,A,"OCR of scanned report; verified vs raw public data (2208 subjects, mean diff -0.001 cm); percentiles on p.133"
ansur-1988,reports/ansur-1988/ADA225094.pdf,136,ANSUR 1988 Army women,United States,military,Army,F,1987,other:buttock_height,BUTTOCK HEIGHT,cm,838.30,45.20,2208,766.90,836.60,915.00,A,"OCR of scanned report; verified vs raw public data (2208 subjects, mean diff +0.004 cm); percentiles on p.135"
ansur-1988,reports/ansur-1988/ADA225094.pdf,138,ANSUR 1988 Army women,United States,military,Army,F,1987,buttock_knee_length,BUTTOCK-KNEE LENGTH,cm,588.90,29.60,2208,542.10,587.80,639.80,A,"OCR of scanned report; label reconstructed from garbled OCR; verified vs raw public data (2208 subjects, mean diff +0.003 cm); percentiles on p.137"
ansur-1988,reports/ansur-1988/ADA225094.pdf,140,ANSUR 1988 Army women,United States,military,Army,F,1987,buttock_popliteal_length,BUTTOCK-POPLITEAL LENGTH,cm,481.70,26.60,2208,440.00,480.50,527.70,A,"OCR of scanned report; label reconstructed from garbled OCR; verified vs raw public data (2208 subjects, mean diff -0.004 cm); percentiles on p.139"
ansur-1988,reports/ansur-1988/ADA225094.pdf,142,ANSUR 1988 Army women,United States,military,Army,F,1987,calf_circumference,CALF CIRCUMFERENCE,cm,352.40,23.20,2208,314.60,352.20,390.90,A,"OCR of scanned report; verified vs raw public data (2208 subjects, mean diff -0.002 cm); percentiles on p.141"
ansur-1988,reports/ansur-1988/ADA225094.pdf,144,ANSUR 1988 Army women,United States,military,Army,F,1987,other:calf_height,CALF HEIGHT,cm,316.10,24.00,2208,278.20,315.40,,A,"OCR of scanned report; verified vs raw public data (2208 subjects, mean diff +0.003 cm); percentiles on p.143"
ansur-1988,reports/ansur-1988/ADA225094.pdf,146,ANSUR 1988 Army women,United States,military,Army,F,1987,cervicale_height,CERVICALE HEIGHT,cm,1408.00,59.20,2208,,1406.10,1508.00,A,"OCR of scanned report; verified vs raw public data (2208 subjects, mean diff -0.004 cm); percentiles on p.145"
ansur-1988,reports/ansur-1988/ADA225094.pdf,148,ANSUR 1988 Army women,United States,military,Army,F,1987,other:cervicale_height_sitting,"CERVICALE HEIGHT, SITTING",cm,629.10,29.80,2208,581.20,628.50,679.50,A,"OCR of scanned report; verified vs raw public data (2208 subjects, mean diff +0.002 cm); percentiles on p.147"
ansur-1988,reports/ansur-1988/ADA225094.pdf,150,ANSUR 1988 Army women,United States,military,Army,F,1987,chest_breadth,CHEST BREADTH,cm,279.60,19.70,2208,,277.90,315.10,A,"OCR of scanned report; verified vs raw public data (2208 subjects, mean diff +0.003 cm); percentiles on p.149"
ansur-1988,reports/ansur-1988/ADA225094.pdf,152,ANSUR 1988 Army women,United States,military,Army,F,1987,chest_circumference,CHEST CIRCUMFERENCE,cm,907.10,63.50,2208,,,,A,"OCR of scanned report; verified vs raw public data (2208 subjects, mean diff -0.002 cm); percentiles on p.151"
ansur-1988,reports/ansur-1988/ADA225094.pdf,156,ANSUR 1988 Army women,United States,military,Army,F,1987,other:chest_circumference_below_breast,CHEST CIRCUMFERENCE BELOW BREAST,cm,769.70,51.00,2208,696.00,764.30,862.70,A,"OCR of scanned report; verified vs raw public data (2208 subjects, mean diff -0.003 cm); percentiles on p.155"
ansur-1988,reports/ansur-1988/ADA225094.pdf,158,ANSUR 1988 Army women,United States,military,Army,F,1987,chest_depth,CHEST DEPTH,cm,239.40,21.10,2208,208.60,237.40,277.80,A,"OCR of scanned report; verified vs raw public data (2208 subjects, mean diff +0.002 cm); percentiles on p.157"
ansur-1988,reports/ansur-1988/ADA225094.pdf,160,ANSUR 1988 Army women,United States,military,Army,F,1987,other:chest_height,CHEST HEIGHT,cm,1174.40,55.00,2208,1088.50,1172.00,1268.90,A,"OCR of scanned report; verified vs raw public data (2208 subjects, mean diff -0.002 cm); percentiles on p.159"
ansur-1988,reports/ansur-1988/ADA225094.pdf,162,ANSUR 1988 Army women,United States,military,Army,F,1987,crotch_height,CROTCH HEIGHT,cm,771.40,44.10,2208,700.20,770.10,845.80,A,"OCR of scanned report; verified vs raw public data (2208 subjects, mean diff -0.005 cm); percentiles on p.161"
ansur-1988,reports/ansur-1988/ADA225094.pdf,164,ANSUR 1988 Army women,United States,military,Army,F,1987,other:crotch_length_natural_indentation,CROTCH LENGTH (NATURAL INDENTATION),cm,754.30,55.70,2208,667.20,751.40,851.40,A,"OCR of scanned report; verified vs raw public data (2208 subjects, mean diff +0.004 cm); percentiles on p.163"
ansur-1988,reports/ansur-1988/ADA225094.pdf,166,ANSUR 1988 Army women,United States,military,Army,F,1987,other:crotch_length_omphalion,CROTCH LENGTH (OMPHALION),cm,606.70,39.40,2208,544.10,605.40,674.60,A,"OCR of scanned report; verified vs raw public data (2208 subjects, mean diff -0.002 cm); percentiles on p.165"
ansur-1988,reports/ansur-1988/ADA225094.pdf,168,ANSUR 1988 Army women,United States,military,Army,F,1987,other:crotch_length_posterior_natural_indentation,"CROTCH LENGTH, POSTERIOR (NATURAL INDENTATION)",cm,386.40,31.00,2208,337.00,385.20,439.70,A,"OCR of scanned report; label reconstructed from garbled OCR; verified vs raw public data (2208 subjects, mean diff -0.005 cm); percentiles on p.167"
ansur-1988,reports/ansur-1988/ADA225094.pdf,170,ANSUR 1988 Army women,United States,military,Army,F,1987,other:crotch_length_posterior_omphalion,"CROTCH LENGTH, POSTERIOR (OMPHALION)",cm,306.20,25.20,2208,265.40,305.90,,A,"OCR of scanned report; verified vs raw public data (2208 subjects, mean diff -0.002 cm); percentiles on p.169"
ansur-1988,reports/ansur-1988/ADA225094.pdf,172,ANSUR 1988 Army women,United States,military,Army,F,1987,other:ear_breadth,EAR BREADTH,cm,34.80,2.50,2208,,,,A,"OCR of scanned report; verified vs raw public data (2208 subjects, mean diff -0.003 cm); percentiles on p.171"
ansur-1988,reports/ansur-1988/ADA225094.pdf,174,ANSUR 1988 Army women,United States,military,Army,F,1987,ear_length,EAR LENGTH,cm,59.80,3.80,2208,,,,A,"OCR of scanned report; verified vs raw public data (2208 subjects, mean diff -0.003 cm); percentiles on p.173"
ansur-1988,reports/ansur-1988/ADA225094.pdf,176,ANSUR 1988 Army women,United States,military,Army,F,1987,other:ear_length_above_tragion,EAR LENGTH ABOVE TRAGION,cm,28.70,2.30,2208,24.90,28.70,32.60,A,"OCR of scanned report; verified vs raw public data (2208 subjects, mean diff +0.005 cm); percentiles on p.175"
ansur-1988,reports/ansur-1988/ADA225094.pdf,178,ANSUR 1988 Army women,United States,military,Army,F,1987,other:ear_protrusion,EAR PROTRUSION,cm,21.80,3.00,2208,17.20,21.60,27.20,A,"OCR of scanned report; verified vs raw public data (2208 subjects, mean diff +0.002 cm); percentiles on p.177"
ansur-1988,reports/ansur-1988/ADA225094.pdf,180,ANSUR 1988 Army women,United States,military,Army,F,1987,other:elbow_circumference,ELBOW CIRCUMFERENCE,cm,238.30,13.40,2208,217.50,237.60,,A,"OCR of scanned report; verified vs raw public data (2208 subjects, mean diff -0.002 cm); percentiles on p.179"
ansur-1988,reports/ansur-1988/ADA225094.pdf,182,ANSUR 1988 Army women,United States,military,Army,F,1987,elbow_rest_height,ELBOW REST HEIGHT,cm,220.50,26.80,2208,175.70,220.80,264.40,A,"OCR of scanned report; verified vs raw public data (2208 subjects, mean diff +0.002 cm); percentiles on p.181"
ansur-1988,reports/ansur-1988/ADA225094.pdf,184,ANSUR 1988 Army women,United States,military,Army,F,1987,eye_height_sitting,"EYE HEIGHT, SITTING",cm,738.70,33.20,2208,684.60,738.20,794.30,A,"OCR of scanned report; verified vs raw public data (2208 subjects, mean diff +0.001 cm); percentiles on p.183"
ansur-1988,reports/ansur-1988/ADA225094.pdf,186,ANSUR 1988 Army women,United States,military,Army,F,1987,foot_breadth,"FOOT BREADTH, HORIZONTAL",cm,89.70,4.90,2208,81.60,89.60,97.80,A,"OCR of scanned report; verified vs raw public data (2208 subjects, mean diff -0.003 cm); percentiles on p.185"
ansur-1988,reports/ansur-1988/ADA225094.pdf,188,ANSUR 1988 Army women,United States,military,Army,F,1987,foot_length,FOOT LENGTH,cm,244.40,12.20,2208,224.40,244.30,264.60,A,"OCR of scanned report; verified vs raw public data (2208 subjects, mean diff -0.002 cm); percentiles on p.187"
ansur-1988,reports/ansur-1988/ADA225094.pdf,190,ANSUR 1988 Army women,United States,military,Army,F,1987,forearm_circumference_flexed,"FOREARM CIRCUMFERENCE, FLEXED",cm,253.70,15.10,2208,229.90,253.10,279.40,A,"OCR of scanned report; verified vs raw public data (2208 subjects, mean diff +0.004 cm); percentiles on p.189"
ansur-1988,reports/ansur-1988/ADA225094.pdf,192,ANSUR 1988 Army women,United States,military,Army,F,1987,forearm_forearm_breadth,FOREARM-FOREARM BREADTH,cm,468.50,34.70,2208,414.70,466.60,528.40,A,"OCR of scanned report; verified vs raw public data (2208 subjects, mean diff -0.004 cm); percentiles on p.191"
ansur-1988,reports/ansur-1988/ADA225094.pdf,194,ANSUR 1988 Army women,United States,military,Army,F,1987,other:forearm_hand_length,FOREARM-HAND LENGTH,cm,442.90,23.40,2208,406.20,442.10,482.50,A,"OCR of scanned report; verified vs raw public data (2208 subjects, mean diff +0.004 cm); percentiles on p.193"
ansur-1988,reports/ansur-1988/ADA225094.pdf,196,ANSUR 1988 Army women,United States,military,Army,F,1987,other:functional_leg_length,FUNCTIONAL LEG LENGTH,cm,1012.00,49.10,2208,,,,A,"OCR of scanned report; verified vs raw public data (2208 subjects, mean diff -0.000 cm); percentiles on p.195"
ansur-1988,reports/ansur-1988/ADA225094.pdf,198,ANSUR 1988 Army women,United States,military,Army,F,1987,other:gluteal_furrow_height,GLUTEAL FURROW HEIGHT,cm,744.30,43.00,2208,675.40,743.30,817.40,A,"OCR of scanned report; verified vs raw public data (2208 subjects, mean diff +0.003 cm); percentiles on p.197"
ansur-1988,reports/ansur-1988/ADA225094.pdf,200,ANSUR 1988 Army women,United States,military,Army,F,1987,hand_breadth,HAND BREADTH,cm,79.40,3.80,2208,73.40,79.30,85.60,A,"OCR of scanned report; verified vs raw public data (2208 subjects, mean diff +0.001 cm); percentiles on p.199"
ansur-1988,reports/ansur-1988/ADA225094.pdf,202,ANSUR 1988 Army women,United States,military,Army,F,1987,hand_circumference,HAND CIRCUMFERENCE,cm,186.20,8.50,2208,172.50,186.00,200.30,A,"OCR of scanned report; verified vs raw public data (2208 subjects, mean diff -0.005 cm); percentiles on p.201"
ansur-1988,reports/ansur-1988/ADA225094.pdf,204,ANSUR 1988 Army women,United States,military,Army,F,1987,hand_length,HAND LENGTH,cm,180.50,9.70,2208,165.00,180.20,196.90,A,"OCR of scanned report; verified vs raw public data (2208 subjects, mean diff -0.004 cm); percentiles on p.203"
ansur-1988,reports/ansur-1988/ADA225094.pdf,206,ANSUR 1988 Army women,United States,military,Army,F,1987,head_breadth,HEAD BREADTH,cm,144.40,4.90,2208,,,,A,"OCR of scanned report; verified vs raw public data (2208 subjects, mean diff +0.004 cm); percentiles on p.205"
ansur-1988,reports/ansur-1988/ADA225094.pdf,208,ANSUR 1988 Army women,United States,military,Army,F,1987,other:head_circumference,HEAD CIRCUMFERENCE,cm,546.20,14.60,2208,522.50,546.00,570.50,B,OCR of scanned report; no matching raw column; internal checks only; percentiles on p.207
ansur-1988,reports/ansur-1988/ADA225094.pdf,210,ANSUR 1988 Army women,United States,military,Army,F,1987,head_length,HEAD LENGTH,cm,187.20,6.40,2208,176.30,187.40,197.50,A,"OCR of scanned report; verified vs raw public data (2208 subjects, mean diff +0.002 cm); percentiles on p.209"
ansur-1988,reports/ansur-1988/ADA225094.pdf,212,ANSUR 1988 Army women,United States,military,Army,F,1987,other:heel_ankle_circumference,HEEL ANKLE CIRCUMFERENCE,cm,304.80,14.90,2208,,304.40,330.00,A,"OCR of scanned report; verified vs raw public data (2208 subjects, mean diff +0.002 cm); percentiles on p.211"
ansur-1988,reports/ansur-1988/ADA225094.pdf,214,ANSUR 1988 Army women,United States,military,Army,F,1987,other:heel_breadth,HEEL BREADTH,cm,63.00,4.80,2208,55.70,62.70,71.40,A,"OCR of scanned report; verified vs raw public data (2208 subjects, mean diff +0.000 cm); percentiles on p.213"
ansur-1988,reports/ansur-1988/ADA225094.pdf,216,ANSUR 1988 Army women,United States,military,Army,F,1987,other:hip_breadth,HIP BREADTH,cm,342.70,22.40,2208,307.80,341.50,381.50,A,"OCR of scanned report; verified vs raw public data (2208 subjects, mean diff +0.003 cm); percentiles on p.215"
ansur-1988,reports/ansur-1988/ADA225094.pdf,218,ANSUR 1988 Army women,United States,military,Army,F,1987,hip_breadth_sitting,"HIP BREADTH, SITTING",cm,384.50,27.20,2208,342.50,382.80,,A,"OCR of scanned report; verified vs raw public data (2208 subjects, mean diff -0.001 cm); percentiles on p.217"
ansur-1988,reports/ansur-1988/ADA225094.pdf,220,ANSUR 1988 Army women,United States,military,Army,F,1987,iliocristale_height,ILIOCRISTALF HEIGHT,cm,988.80,48.20,2208,,,,A,"OCR of scanned report; verified vs raw public data (2208 subjects, mean diff +0.002 cm); percentiles on p.219; percentiles not readable/consistent in OCR: omitted"
ansur-1988,reports/ansur-1988/ADA225094.pdf,222,ANSUR 1988 Army women,United States,military,Army,F,1987,interpupillary_breadth,INTERPUPILLARY BREADTH,cm,62.30,3.60,2205,56.60,62.20,68.50,A,"OCR of scanned report; verified vs raw public data (2205 subjects, mean diff +0.001 cm); percentiles on p.221"
ansur-1988,reports/ansur-1988/ADA225094.pdf,226,ANSUR 1988 Army women,United States,military,Army,F,1987,other:interscye_ii,INTERSCYE II,cm,376.20,24.10,2208,336.10,376.40,415.70,A,"OCR of scanned report; verified vs raw public data (2208 subjects, mean diff -0.004 cm); percentiles on p.225"
ansur-1988,reports/ansur-1988/ADA225094.pdf,228,ANSUR 1988 Army women,United States,military,Army,F,1987,other:knee_circumference,KNEE CIRCUMFERENCE,cm,365.20,23.30,2208,329.30,363.80,406.00,A,"OCR of scanned report; verified vs raw public data (2208 subjects, mean diff -0.003 cm); percentiles on p.227"
ansur-1988,reports/ansur-1988/ADA225094.pdf,230,ANSUR 1988 Army women,United States,military,Army,F,1987,other:knee_height_midpatella,"KNEE HEIGHT, MIDPATELLA",cm,458.70,26.10,2208,416.70,,502.50,A,"OCR of scanned report; verified vs raw public data (2208 subjects, mean diff -0.003 cm); percentiles on p.229"
ansur-1988,reports/ansur-1988/ADA225094.pdf,232,ANSUR 1988 Army women,United States,military,Army,F,1987,knee_height_sitting,"KNEE HEIGHT, SITING",cm,515.40,26.30,2208,474.00,514.30,560.20,A,"OCR of scanned report; verified vs raw public data (2208 subjects, mean diff +0.001 cm); percentiles on p.231"
ansur-1988,reports/ansur-1988/ADA225094.pdf,234,ANSUR 1988 Army women,United States,military,Army,F,1987,other:lateral_femoral_epicondyle_height,LATERAL FEMORAL EPICONDYLE HEIGHT,cm,461.10,24.70,2208,421.80,460.40,503.00,A,"OCR of scanned report; verified vs raw public data (2208 subjects, mean diff -0.004 cm); percentiles on p.233"
ansur-1988,reports/ansur-1988/ADA225094.pdf,236,ANSUR 1988 Army women,United States,military,Army,F,1987,other:lateral_malleolus_height,LATERAL MALLEOLUS HEIGHT,cm,60.60,5.30,2208,52.30,60.40,69.70,A,"OCR of scanned report; verified vs raw public data (2208 subjects, mean diff +0.002 cm); percentiles on p.235"
ansur-1988,reports/ansur-1988/ADA225094.pdf,238,ANSUR 1988 Army women,United States,military,Army,F,1987,other:lower_thigh_circumference,LOWER THIGH CIRCUMFERENCE,cm,377.50,27.60,2208,334.60,376.30,425.20,A,"OCR of scanned report; verified vs raw public data (2208 subjects, mean diff +0.004 cm); percentiles on p.237"
ansur-1988,reports/ansur-1988/ADA225094.pdf,240,ANSUR 1988 Army women,United States,military,Army,F,1987,menton_sellion_length,MENTON-SELLION LENGTH,cm,113.50,6.00,2208,103.90,113.30,123.60,A,"OCR of scanned report; verified vs raw public data (2208 subjects, mean diff -0.004 cm); percentiles on p.239"
ansur-1988,reports/ansur-1988/ADA225094.pdf,242,ANSUR 1988 Army women,United States,military,Army,F,1987,other:midshoulder_height_sitting,"MIDSHOULDER HEIGHT, SITTING",cm,584.00,27.70,2208,,583.60,,A,"OCR of scanned report; verified vs raw public data (2208 subjects, mean diff -0.000 cm); percentiles on p.241"
ansur-1988,reports/ansur-1988/ADA225094.pdf,244,ANSUR 1988 Army women,United States,military,Army,F,1987,other:neck_bustpoint_thelion_length,NECK-BUSTPOINT/THELION LENGTH,cm,268.00,22.30,2208,233.40,266.70,306.50,A,"OCR of scanned report; label reconstructed from garbled OCR; verified vs raw public data (2208 subjects, mean diff -0.003 cm); percentiles on p.243"
ansur-1988,reports/ansur-1988/ADA225094.pdf,246,ANSUR 1988 Army women,United States,military,Army,F,1987,neck_circumference,NECK CIRCUMFERENCE,cm,315.70,15.30,2208,292.20,,342.50,A,"OCR of scanned report; verified vs raw public data (2208 subjects, mean diff +0.000 cm); percentiles on p.245"
ansur-1988,reports/ansur-1988/ADA225094.pdf,248,ANSUR 1988 Army women,United States,military,Army,F,1987,neck_circumference_base,"NECK CIRCUMFERENCE, BASE",cm,346.20,16.30,2208,320.30,345.60,374.20,A,"OCR of scanned report; verified vs raw public data (2208 subjects, mean diff -0.003 cm); percentiles on p.247"
ansur-1988,reports/ansur-1988/ADA225094.pdf,250,ANSUR 1988 Army women,United States,military,Army,F,1987,other:neck_height_lateral,"NECK HEIGHT, LATERAL",cm,1396.50,58.40,2208,,1394.80,1495.40,A,"OCR of scanned report; verified vs raw public data (2208 subjects, mean diff -0.005 cm); percentiles on p.249"
ansur-1988,reports/ansur-1988/ADA225094.pdf,252,ANSUR 1988 Army women,United States,military,Army,F,1987,other:overhead_fingertip_reach,OVERHEAD FINGERTIP REACH,cm,2061.50,92.40,2208,,2059.40,2217.30,A,"OCR of scanned report; verified vs raw public data (2208 subjects, mean diff -0.000 cm); percentiles on p.251"
ansur-1988,reports/ansur-1988/ADA225094.pdf,254,ANSUR 1988 Army women,United States,military,Army,F,1987,other:overhead_fingertip_reach_extended,"OVERHEAD FINGERTIP REACH, EXTENDED",cm,2153.40,95.00,2208,,,,A,"OCR of scanned report; verified vs raw public data (2208 subjects, mean diff +0.001 cm); percentiles on p.253"
ansur-1988,reports/ansur-1988/ADA225094.pdf,256,ANSUR 1988 Army women,United States,military,Army,F,1987,other:overhead_fingertip_reach_sitting,"OVERHEAD FINGERTIP REACH, SITTING",cm,1326.50,55.90,2208,1233.30,1326.70,1417.70,A,"OCR of scanned report; label reconstructed from garbled OCR; verified vs raw public data (2208 subjects, mean diff +0.001 cm); percentiles on p.255"
ansur-1988,reports/ansur-1988/ADA225094.pdf,258,ANSUR 1988 Army women,United States,military,Army,F,1987,popliteal_height,POPLITEAL HEIGHT,cm,389.40,23.70,2208,,388.90,429.40,A,"OCR of scanned report; verified vs raw public data (2208 subjects, mean diff -0.000 cm); percentiles on p.257"
ansur-1988,reports/ansur-1988/ADA225094.pdf,260,ANSUR 1988 Army women,United States,military,Army,F,1987,radiale_stylion_length,RADIALE-STYLION LENGTH,cm,243.40,15.50,2208,,,,A,"OCR of scanned report; verified vs raw public data (2208 subjects, mean diff +0.004 cm); percentiles on p.259"
ansur-1988,reports/ansur-1988/ADA225094.pdf,262,ANSUR 1988 Army women,United States,military,Army,F,1987,other:scye_circumference,SCYE CIRCUMFERENCE,cm,371.30,23.00,2208,,370.00,,A,"OCR of scanned report; label reconstructed from garbled OCR; verified vs raw public data (2208 subjects, mean diff +0.001 cm); percentiles on p.261; some percentiles omitted (OCR)"
ansur-1988,reports/ansur-1988/ADA225094.pdf,264,ANSUR 1988 Army women,United States,military,Army,F,1987,other:scye_depth,SCYE DEPTh,cm,185.70,14.40,2208,162.70,185.30,210.40,A,"OCR of scanned report; verified vs raw public data (2208 subjects, mean diff +0.003 cm); percentiles on p.263"
ansur-1988,reports/ansur-1988/ADA225094.pdf,266,ANSUR 1988 Army women,United States,military,Army,F,1987,shoulder_circumference,SHOULDER CIRCUMFERENCE,cm,1026.90,52.20,2208,,,,A,"OCR of scanned report; verified vs raw public data (2208 subjects, mean diff -0.002 cm); percentiles on p.265"
ansur-1988,reports/ansur-1988/ADA225094.pdf,268,ANSUR 1988 Army women,United States,military,Army,F,1987,shoulder_elbow_length,SHOUIDER-ELBOW LENGTH,cm,335.80,17.40,2208,,,,A,"OCR of scanned report; verified vs raw public data (2208 subjects, mean diff -0.004 cm); percentiles on p.267"
ansur-1988,reports/ansur-1988/ADA225094.pdf,270,ANSUR 1988 Army women,United States,military,Army,F,1987,shoulder_length,SHOULDER LENGTH,cm,144.70,10.80,2208,,144.70,162.40,A,"OCR of scanned report; verified vs raw public data (2208 subjects, mean diff -0.005 cm); percentiles on p.269"
ansur-1988,reports/ansur-1988/ADA225094.pdf,274,ANSUR 1988 Army women,United States,military,Army,F,1987,other:sleeve_length_spine_elbow,SLEEVE LENGTH: SPINE-ELBOW,cm,537.10,24.70,2208,496.50,537.00,578.30,A,"OCR of scanned report; verified vs raw public data (2208 subjects, mean diff -0.004 cm); percentiles on p.273"
ansur-1988,reports/ansur-1988/ADA225094.pdf,276,ANSUR 1988 Army women,United States,military,Army,F,1987,other:sleeve_length_spine_scye,SLEEVE LENGTH: SPINE-SCYE,cm,208.30,12.90,2208,187.10,208.20,,A,"OCR of scanned report; verified vs raw public data (2208 subjects, mean diff -0.001 cm); percentiles on p.275"
ansur-1988,reports/ansur-1988/ADA225094.pdf,278,ANSUR 1988 Army women,United States,military,Army,F,1987,other:sleeve_length_spine_wrist,SLEEVE LENGTH: SPINE-WRIST,cm,806.70,36.30,2208,748.20,,867.10,A,"OCR of scanned report; verified vs raw public data (2208 subjects, mean diff -0.003 cm); percentiles on p.277"
ansur-1988,reports/ansur-1988/ADA225094.pdf,280,ANSUR 1988 Army women,United States,military,Army,F,1987,sleeve_outseam,SLEEVE OUTSEAM,cm,547.20,30.20,2208,,,,A,"OCR of scanned report; verified vs raw public data (2208 subjects, mean diff -0.002 cm); percentiles on p.279; percentiles not readable/consistent in OCR: omitted"
ansur-1988,reports/ansur-1988/ADA225094.pdf,282,ANSUR 1988 Army women,United States,military,Army,F,1987,span,SPAN,cm,1671.90,81.30,2208,1542.10,1670.20,1808.60,A,"OCR of scanned report; verified vs raw public data (2208 subjects, mean diff -0.000 cm); percentiles on p.281"
ansur-1988,reports/ansur-1988/ADA225094.pdf,284,ANSUR 1988 Army women,United States,military,Army,F,1987,stature,STATURE,cm,1629.40,63.60,2208,1527.80,,1737.30,A,"OCR of scanned report; verified vs raw public data (2208 subjects, mean diff -0.003 cm); percentiles on p.283"
ansur-1988,reports/ansur-1988/ADA225094.pdf,286,ANSUR 1988 Army women,United States,military,Army,F,1987,other:strap_length,STRAP LENGTH,cm,678.60,46.20,2208,,,,A,"OCR of scanned report; verified vs raw public data (2208 subjects, mean diff -0.001 cm); percentiles on p.285; percentiles not readable/consistent in OCR: omitted"
ansur-1988,reports/ansur-1988/ADA225094.pdf,288,ANSUR 1988 Army women,United States,military,Army,F,1987,suprasternale_height,SUPRASTERNALE HEIGHT,cm,1330.30,56.00,2208,,,1424.80,A,"OCR of scanned report; verified vs raw public data (2208 subjects, mean diff +0.001 cm); percentiles on p.287"
ansur-1988,reports/ansur-1988/ADA225094.pdf,290,ANSUR 1988 Army women,United States,military,Army,F,1987,other:tenth_rib_height,TENTH RIB HEIGHT,cm,1044.40,48.70,2208,967.00,1042.60,1127.70,A,"OCR of scanned report; verified vs raw public data (2208 subjects, mean diff -0.001 cm); percentiles on p.289"
ansur-1988,reports/ansur-1988/ADA225094.pdf,292,ANSUR 1988 Army women,United States,military,Army,F,1987,thigh_circumference,THIGH CIRCUMFERENCE,cm,580.30,45.00,2208,508.30,578.50,657.40,A,"OCR of scanned report; verified vs raw public data (2208 subjects, mean diff -0.003 cm); percentiles on p.291"
ansur-1988,reports/ansur-1988/ADA225094.pdf,294,ANSUR 1988 Army women,United States,military,Army,F,1987,thigh_clearance,THIGH CLEARANCE,cm,158.90,12.10,2208,140.40,158.20,,A,"OCR of scanned report; verified vs raw public data (2208 subjects, mean diff +0.004 cm); percentiles on p.293; some percentiles omitted (OCR)"
ansur-1988,reports/ansur-1988/ADA225094.pdf,296,ANSUR 1988 Army women,United States,military,Army,F,1987,other:thumb_breadth,THUMB BREADTH,cm,20.70,1.30,2208,18.60,20.60,22.90,A,"OCR of scanned report; verified vs raw public data (2208 subjects, mean diff -0.005 cm); percentiles on p.295"
ansur-1988,reports/ansur-1988/ADA225094.pdf,298,ANSUR 1988 Army women,United States,military,Army,F,1987,thumbtip_reach,THUMBTIP REACH,cm,734.60,36.40,2208,676.70,733.50,796.70,A,"OCR of scanned report; verified vs raw public data (2208 subjects, mean diff +0.001 cm); percentiles on p.297"
ansur-1988,reports/ansur-1988/ADA225094.pdf,300,ANSUR 1988 Army women,United States,military,Army,F,1987,trochanterion_height,TROCHANTERION HEIGHT,cm,861.60,45.20,2208,789.30,860.30,937.70,A,"OCR of scanned report; verified vs raw public data (2208 subjects, mean diff -0.001 cm); percentiles on p.299"
ansur-1988,reports/ansur-1988/ADA225094.pdf,302,ANSUR 1988 Army women,United States,military,Army,F,1987,other:vertical_trunk_circumference_ascc,VERTICAL TRUNK CIRCUMFERENCE (ASCC),cm,1488.90,67.50,2208,1381.00,1487.00,1603.80,B,OCR of scanned report; no matching raw column; internal checks only; percentiles on p.301
ansur-1988,reports/ansur-1988/ADA225094.pdf,304,ANSUR 1988 Army women,United States,military,Army,F,1987,vertical_trunk_circumference,VERTICAL TRUNK CIRCUMFERENCE (USA),cm,1530.20,69.20,2208,,,,A,"OCR of scanned report; verified vs raw public data (2208 subjects, mean diff -0.001 cm); percentiles on p.303"
ansur-1988,reports/ansur-1988/ADA225094.pdf,306,ANSUR 1988 Army women,United States,military,Army,F,1987,other:waist_back_length_natural_indentation,WAIST BACK LENGTH (NATURAL INDENTATION),cm,367.30,25.00,2208,327.30,366.50,409.80,A,"OCR of scanned report; verified vs raw public data (2208 subjects, mean diff +0.001 cm); percentiles on p.305"
ansur-1988,reports/ansur-1988/ADA225094.pdf,308,ANSUR 1988 Army women,United States,military,Army,F,1987,other:waist_back_length_omphalion,WAIST BACK LENGTH (OMPHALION),cm,442.50,24.60,2208,403.70,441.60,484.70,A,"OCR of scanned report; verified vs raw public data (2208 subjects, mean diff +0.002 cm); percentiles on p.307"
ansur-1988,reports/ansur-1988/ADA225094.pdf,310,ANSUR 1988 Army women,United States,military,Army,F,1987,other:waist_breadth,WAIST BREADTH,cm,289.70,28.30,2208,248.90,286.30,342.20,A,"OCR of scanned report; verified vs raw public data (2208 subjects, mean diff -0.004 cm); percentiles on p.309"
ansur-1988,reports/ansur-1988/ADA225094.pdf,312,ANSUR 1988 Army women,United States,military,Army,F,1987,other:waist_circumference_natural_indentation,WAIST CIRCUMFERENCE (NATURAL INDENTATION),cm,725.50,63.00,2208,,,,A,"OCR of scanned report; verified vs raw public data (2208 subjects, mean diff +0.002 cm); percentiles on p.311; percentiles not readable/consistent in OCR: omitted"
ansur-1988,reports/ansur-1988/ADA225094.pdf,314,ANSUR 1988 Army women,United States,military,Army,F,1987,waist_circumference,WAIST CIRCUMFERENCE (OMPHALION),cm,791.90,82.70,2208,,781.00,,A,"OCR of scanned report; verified vs raw public data (2208 subjects, mean diff -0.002 cm); percentiles on p.313; some percentiles omitted (OCR)"
ansur-1988,reports/ansur-1988/ADA225094.pdf,316,ANSUR 1988 Army women,United States,military,Army,F,1987,other:waist_depth,WAIST DEPTH,cm,203.90,24.90,2208,,,,A,"OCR of scanned report; verified vs raw public data (2208 subjects, mean diff +0.004 cm); percentiles on p.315"
ansur-1988,reports/ansur-1988/ADA225094.pdf,318,ANSUR 1988 Army women,United States,military,Army,F,1987,other:waist_front_length_natural_indentation,WAIST FRONT LENGTH (NATURAL INDENTATION),cm,311.70,23.50,2208,274.90,310.80,352.00,A,"OCR of scanned report; verified vs raw public data (2208 subjects, mean diff +0.001 cm); percentiles on p.317"
ansur-1988,reports/ansur-1988/ADA225094.pdf,320,ANSUR 1988 Army women,United States,military,Army,F,1987,other:waist_front_length_omphalion,WAIST FRONT LENGTH (OMPHALION),cm,389.80,22.30,2208,,389.00,427.90,A,"OCR of scanned report; verified vs raw public data (2208 subjects, mean diff +0.002 cm); percentiles on p.319"
ansur-1988,reports/ansur-1988/ADA225094.pdf,322,ANSUR 1988 Army women,United States,military,Army,F,1987,other:waist_height_natural_indentation,WAIST HEIGHT (NATURAL INDENTATION),cm,1056.50,51.70,2208,973.20,1055.30,1143.30,A,"OCR of scanned report; verified vs raw public data (2208 subjects, mean diff +0.002 cm); percentiles on p.321"
ansur-1988,reports/ansur-1988/ADA225094.pdf,324,ANSUR 1988 Army women,United States,military,Army,F,1987,other:waist_height_omphalion,WAIST HEIGHT (OMPHALION),cm,982.10,48.80,2208,903.00,980.90,1064.70,A,"OCR of scanned report; verified vs raw public data (2208 subjects, mean diff +0.001 cm); percentiles on p.323"
ansur-1988,reports/ansur-1988/ADA225094.pdf,326,ANSUR 1988 Army women,United States,military,Army,F,1987,other:waist_height_sitting_natural_indentation,"WAIST HEIGHT, SITTING (NATURAL INDENTATION)",cm,279.50,21.40,2208,244.20,279.70,314.60,A,"OCR of scanned report; verified vs raw public data (2208 subjects, mean diff +0.005 cm); percentiles on p.325"
ansur-1988,reports/ansur-1988/ADA225094.pdf,328,ANSUR 1988 Army women,United States,military,Army,F,1987,other:waist_height_sitting_omphalion,"WAIST HEIGHT, SITTING (OMPHALION)",cm,227.60,15.10,2208,202.50,227.60,252.40,A,"OCR of scanned report; verified vs raw public data (2208 subjects, mean diff +0.000 cm); percentiles on p.327"
ansur-1988,reports/ansur-1988/ADA225094.pdf,330,ANSUR 1988 Army women,United States,military,Army,F,1987,other:waist_hip_length,WAIST-HIP LENGTH,cm,148.40,21.30,2208,113.20,148.60,183.00,A,"OCR of scanned report; verified vs raw public data (2208 subjects, mean diff -0.001 cm); percentiles on p.329"
ansur-1988,reports/ansur-1988/ADA225094.pdf,334,ANSUR 1988 Army women,United States,military,Army,F,1987,mass,WEIGHT,kg,62.01,8.35,2208,,,,A,"OCR of scanned report; verified vs raw public data (2208 subjects, mean diff +0.005 kg); percentiles on p.333; percentiles not readable/consistent in OCR: omitted"
ansur-1988,reports/ansur-1988/ADA225094.pdf,336,ANSUR 1988 Army women,United States,military,Army,F,1987,other:wrist_center_of_grip_length,WRIST-CENTER OF GRIP LENGTH,cm,66.30,4.90,2208,58.70,66.00,74.90,A,"OCR of scanned report; verified vs raw public data (2208 subjects, mean diff -0.002 cm); percentiles on p.335"
ansur-1988,reports/ansur-1988/ADA225094.pdf,338,ANSUR 1988 Army women,United States,military,Army,F,1987,wrist_circumference,WRIST CIRCUMFERENCE,cm,151.20,6.90,2208,,,,A,"OCR of scanned report; verified vs raw public data (2208 subjects, mean diff +0.003 cm); percentiles on p.337; percentiles not readable/consistent in OCR: omitted"
ansur-1988,reports/ansur-1988/ADA225094.pdf,340,ANSUR 1988 Army women,United States,military,Army,F,1987,other:wrist_height,WRIST HEIGHT,cm,790.30,38.60,2208,727.90,789.50,855.10,A,"OCR of scanned report; verified vs raw public data (2208 subjects, mean diff +0.002 cm); percentiles on p.339"
ansur-1988,reports/ansur-1988/ADA225094.pdf,342,ANSUR 1988 Army women,United States,military,Army,F,1987,other:wrist_height_sitting,"WRIST HEIGHT, SITTING",cm,471.30,34.40,2208,412.90,472.50,526.60,A,"OCR of scanned report; verified vs raw public data (2208 subjects, mean diff -0.001 cm); percentiles on p.341"
ansur-1988,reports/ansur-1988/ADA225094.pdf,344,ANSUR 1988 Army women,United States,military,Army,F,1987,other:wrist_index_finger_length,WRIST-INDEX FINGER LENGTH,cm,169.20,8.90,2208,154.80,169.10,,A,"OCR of scanned report; verified vs raw public data (2208 subjects, mean diff +0.000 cm); percentiles on p.343"
ansur-1988,reports/ansur-1988/ADA225094.pdf,346,ANSUR 1988 Army women,United States,military,Army,F,1987,other:wrist_tiumebtip_length,WRIST-TIUMEBTIP LENGTH,cm,117.60,6.70,2208,107.00,117.50,129.00,A,"OCR of scanned report; verified vs raw public data (2208 subjects, mean diff +0.005 cm); percentiles on p.345"
ansur-1988,reports/ansur-1988/ADA225094.pdf,348,ANSUR 1988 Army women,United States,military,Army,F,1987,other:wrist_wall_length,WRIST-WALL LENGTH,cm,619.80,32.10,2208,,,,A,"OCR of scanned report; verified vs raw public data (2208 subjects, mean diff +0.003 cm); percentiles on p.347; percentiles not readable/consistent in OCR: omitted"
ansur-1988,reports/ansur-1988/ADA225094.pdf,350,ANSUR 1988 Army women,United States,military,Army,F,1987,other:wrist_wall_length_extended,"WRIST-WALL LENGTH, EXTENDED",cm,679.30,34.30,2208,624.70,678.70,737.40,A,"OCR of scanned report; verified vs raw public data (2208 subjects, mean diff -0.000 cm); percentiles on p.349"
ansur-1988,reports/ansur-1988/ADA225094.pdf,481,ANSUR 1988 Army women,United States,military,Army,F,1987,other:headboard_alare_back_of_head,ALARE-BACK OF HEAD,cm,191.30,7.70,2208,178.80,191.30,204.20,B,"OCR of scanned report; headboard (AHD) measurement, not in public raw data so no raw check; percentiles on p.480"
ansur-1988,reports/ansur-1988/ADA225094.pdf,483,ANSUR 1988 Army women,United States,military,Army,F,1987,other:headboard_alare_top_of_head,ALARE-TOP OF HEAD,cm,146.50,7.00,2208,,,,B,"OCR of scanned report; headboard (AHD) measurement, not in public raw data so no raw check; percentiles on p.482"
ansur-1988,reports/ansur-1988/ADA225094.pdf,485,ANSUR 1988 Army women,United States,military,Army,F,1987,other:headboard_bigonial_breadth,BIGONIAL BREADTH,cm,108.30,7.10,2208,,108.00,120.30,B,"OCR of scanned report; headboard (AHD) measurement, not in public raw data so no raw check; percentiles on p.484"
ansur-1988,reports/ansur-1988/ADA225094.pdf,487,ANSUR 1988 Army women,United States,military,Army,F,1987,other:headboard_biinfraorbitale_breadth,BIINFRAORBITALE BREADTH,cm,67.20,5.10,2208,59.00,67.10,75.80,B,"OCR of scanned report; headboard (AHD) measurement, not in public raw data so no raw check; percentiles on p.486"
ansur-1988,reports/ansur-1988/ADA225094.pdf,489,ANSUR 1988 Army women,United States,military,Army,F,1987,other:headboard_biocular_breadth_maximum,"BIOCULAR BREADTH, MAXIMUM",cm,119.60,5.50,2208,110.90,119.50,129.00,B,"OCR of scanned report; headboard (AHD) measurement, not in public raw data so no raw check; percentiles on p.488"
ansur-1988,reports/ansur-1988/ADA225094.pdf,491,ANSUR 1988 Army women,United States,military,Army,F,1987,other:headboard_bitragion_breadth,BITRAGION BREADTH,cm,136.40,5.20,2208,128.10,136.30,145.20,B,"OCR of scanned report; headboard (AHD) measurement, not in public raw data so no raw check; percentiles on p.490"
ansur-1988,reports/ansur-1988/ADA225094.pdf,493,ANSUR 1988 Army women,United States,military,Army,F,1987,other:headboard_bizygomatic_breadth,BIZYGOMATIC BREADTH,cm,135.70,5.60,2208,126.70,135.50,145.00,B,"OCR of scanned report; headboard (AHD) measurement, not in public raw data so no raw check; percentiles on p.492"
ansur-1988,reports/ansur-1988/ADA225094.pdf,495,ANSUR 1988 Army women,United States,military,Army,F,1987,other:headboard_cheilion_back_of_head,CHEILION-BACK OF HEAD,cm,179.70,9.30,2208,,,,B,"OCR of scanned report; headboard (AHD) measurement, not in public raw data so no raw check; percentiles on p.494"
ansur-1988,reports/ansur-1988/ADA225094.pdf,497,ANSUR 1988 Army women,United States,military,Army,F,1987,other:headboard_cheilion_top_of_head,CHEILION-TOP OF HEAD,cm,177.20,7.30,2208,,,,B,"OCR of scanned report; headboard (AHD) measurement, not in public raw data so no raw check; percentiles on p.496"
ansur-1988,reports/ansur-1988/ADA225094.pdf,499,ANSUR 1988 Army women,United States,military,Army,F,1987,other:headboard_chin_back_of_head,CHIN-BACK OF HEAD,cm,187.60,9.80,2208,171.90,187.50,204.00,B,"OCR of scanned report; headboard (AHD) measurement, not in public raw data so no raw check; percentiles on p.498"
ansur-1988,reports/ansur-1988/ADA225094.pdf,503,ANSUR 1988 Army women,United States,military,Army,F,1987,other:headboard_crinion_back_of_head,CRINION-BACK OF HEAD,cm,179.30,8.70,2206,164.70,179.50,193.40,B,"OCR of scanned report; headboard (AHD) measurement, not in public raw data so no raw check; percentiles on p.502"
ansur-1988,reports/ansur-1988/ADA225094.pdf,505,ANSUR 1988 Army women,United States,military,Army,F,1987,other:headboard_crinion_top_of_head,CRINION-TOP OF HEAD,cm,41.70,9.50,2206,26.60,41.30,57.90,B,"OCR of scanned report; headboard (AHD) measurement, not in public raw data so no raw check; percentiles on p.504"
ansur-1988,reports/ansur-1988/ADA225094.pdf,507,ANSUR 1988 Army women,United States,military,Army,F,1987,other:headboard_ectoorbitale_back_of_head,ECTOORBITALE-BACK OF HEAD,cm,153.50,6.10,2208,143.50,153.50,163.60,B,"OCR of scanned report; headboard (AHD) measurement, not in public raw data so no raw check; percentiles on p.506"
ansur-1988,reports/ansur-1988/ADA225094.pdf,509,ANSUR 1988 Army women,United States,military,Army,F,1987,other:headboard_ectoorbitale_top_of_head,ECTOORBITALE-TOP OF HEAD,cm,111.50,5.70,2208,102.10,111.50,120.90,B,"OCR of scanned report; headboard (AHD) measurement, not in public raw data so no raw check; label reconstructed from garbled OCR; percentiles on p.508"
ansur-1988,reports/ansur-1988/ADA225094.pdf,511,ANSUR 1988 Army women,United States,military,Army,F,1987,other:headboard_frontotemporale_back_of_head,FRONTOTEMPORALE-BACK OF HEAD,cm,166.10,6.20,2208,,,,B,"OCR of scanned report; headboard (AHD) measurement, not in public raw data so no raw check; percentiles on p.510"
ansur-1988,reports/ansur-1988/ADA225094.pdf,513,ANSUR 1988 Army women,United States,military,Army,F,1987,other:headboard_frontotemporale_top_of_head,FRONTOTEMPORALE-TOP OF HEAD,cm,84.00,6.40,2208,73.20,84.10,94.40,B,"OCR of scanned report; headboard (AHD) measurement, not in public raw data so no raw check; percentiles on p.512"
ansur-1988,reports/ansur-1988/ADA225094.pdf,515,ANSUR 1988 Army women,United States,military,Army,F,1987,other:headboard_glabella_back_of_head,GLABELLA-BACK OF HEAD,cm,191.00,6.60,2208,,,,B,"OCR of scanned report; headboard (AHD) measurement, not in public raw data so no raw check; percentiles on p.514"
ansur-1988,reports/ansur-1988/ADA225094.pdf,517,ANSUR 1988 Army women,United States,military,Army,F,1987,other:headboard_glabella_top_of_head,GLABELLA-TOP OF HEAD,cm,88.30,6.90,2208,77.30,88.10,100.10,B,"OCR of scanned report; headboard (AHD) measurement, not in public raw data so no raw check; percentiles on p.516"
ansur-1988,reports/ansur-1988/ADA225094.pdf,519,ANSUR 1988 Army women,United States,military,Army,F,1987,other:headboard_gonion_back_of_head,GONION-BACK OF HEAD,cm,106.40,7.00,2208,94.80,106.40,118.10,B,"OCR of scanned report; headboard (AHD) measurement, not in public raw data so no raw check; percentiles on p.518"
ansur-1988,reports/ansur-1988/ADA225094.pdf,521,ANSUR 1988 Army women,United States,military,Army,F,1987,other:headboard_gonion_top_of_head,GONION-TOP OF HEAD,cm,181.90,6.70,2208,171.20,181.80,193.10,B,"OCR of scanned report; headboard (AHD) measurement, not in public raw data so no raw check; percentiles on p.520"
ansur-1988,reports/ansur-1988/ADA225094.pdf,523,ANSUR 1988 Army women,United States,military,Army,F,1987,other:headboard_infraorbitale_back_of_head,INFRAORBITALE-BACK OF HEAD,cm,176.10,6.90,2208,165.00,176.10,187.60,B,"OCR of scanned report; headboard (AHD) measurement, not in public raw data so no raw check; percentiles on p.522"
ansur-1988,reports/ansur-1988/ADA225094.pdf,525,ANSUR 1988 Army women,United States,military,Army,F,1987,other:headboard_infraorb1tale_top_of_head,INFRAORB1TALE-TOP OF HEAD,cm,124.10,5.80,2208,,,,B,"OCR of scanned report; headboard (AHD) measurement, not in public raw data so no raw check; percentiles on p.524"
ansur-1988,reports/ansur-1988/ADA225094.pdf,527,ANSUR 1988 Army women,United States,military,Army,F,1987,other:headboard_lip_length,LIP LENGTH,cm,55.00,4.20,2208,48.20,54.90,62.10,B,"OCR of scanned report; headboard (AHD) measurement, not in public raw data so no raw check; percentiles on p.526"
ansur-1988,reports/ansur-1988/ADA225094.pdf,529,ANSUR 1988 Army women,United States,military,Army,F,1987,other:headboard_maximum_frontal_breadth,MAXIMUM FRONTAL BREADTH,cm,111.30,5.40,2208,102.60,111.20,120.40,B,"OCR of scanned report; headboard (AHD) measurement, not in public raw data so no raw check; percentiles on p.528"
ansur-1988,reports/ansur-1988/ADA225094.pdf,531,ANSUR 1988 Army women,United States,military,Army,F,1987,other:headboard_menton_back_of_head,MENTON-BACK OF HEAD,cm,173.30,9.80,2208,157.50,173.30,189.40,B,"OCR of scanned report; headboard (AHD) measurement, not in public raw data so no raw check; percentiles on p.530"
ansur-1988,reports/ansur-1988/ADA225094.pdf,533,ANSUR 1988 Army women,United States,military,Army,F,1987,other:headboard_menton_crinion_length,MENTON-CRINION LENGTH,cm,176.50,9.60,2206,160.70,176.50,192.30,B,"OCR of scanned report; headboard (AHD) measurement, not in public raw data so no raw check; percentiles on p.532"
ansur-1988,reports/ansur-1988/ADA225094.pdf,535,ANSUR 1988 Army women,United States,military,Army,F,1987,other:headboard_menton_sellion_length,MENTON-SELLION LENGTH,cm,113.70,6.00,2208,104.10,113.50,123.90,B,"OCR of scanned report; headboard (AHD) measurement, not in public raw data so no raw check; percentiles on p.534"
ansur-1988,reports/ansur-1988/ADA225094.pdf,537,ANSUR 1988 Army women,United States,military,Army,F,1987,other:headboard_menton_subnasale_length,MENTON-SUBNASALE LENGTH,cm,68.80,5.40,2208,60.30,68.70,77.90,B,"OCR of scanned report; headboard (AHD) measurement, not in public raw data so no raw check; percentiles on p.536"
ansur-1988,reports/ansur-1988/ADA225094.pdf,539,ANSUR 1988 Army women,United States,military,Army,F,1987,other:headboard_menton_top_of_head,MENTON-TOP OF HEAD,cm,217.60,8.50,2208,,,,B,"OCR of scanned report; headboard (AHD) measurement, not in public raw data so no raw check; percentiles on p.538"
ansur-1988,reports/ansur-1988/ADA225094.pdf,541,ANSUR 1988 Army women,United States,military,Army,F,1987,other:headboard_minimum_frontal_breadth,MINIMUM FRONTAL BREADTH,cm,103.30,4.80,2208,95.40,103.20,111.20,B,"OCR of scanned report; headboard (AHD) measurement, not in public raw data so no raw check; percentiles on p.540"
ansur-1988,reports/ansur-1988/ADA225094.pdf,543,ANSUR 1988 Army women,United States,military,Army,F,1987,other:headboard_nose_breadth,NOSE BREADTH,cm,34.50,4.70,2208,27.70,33.90,42.80,B,"OCR of scanned report; headboard (AHD) measurement, not in public raw data so no raw check; percentiles on p.542"
ansur-1988,reports/ansur-1988/ADA225094.pdf,545,ANSUR 1988 Army women,United States,military,Army,F,1987,other:headboard_nose_protrusion,NOSE PROTRUSION,cm,18.20,2.30,2208,14.50,,22.00,B,"OCR of scanned report; headboard (AHD) measurement, not in public raw data so no raw check; percentiles on p.544"
ansur-1988,reports/ansur-1988/ADA225094.pdf,547,ANSUR 1988 Army women,United States,military,Army,F,1987,other:headboard_pronasale_back_of_head,PRONASALE-BACK OF HEAD,cm,209.70,7.50,2208,197.40,209.80,222.00,B,"OCR of scanned report; headboard (AHD) measurement, not in public raw data so no raw check; percentiles on p.546"
ansur-1988,reports/ansur-1988/ADA225094.pdf,551,ANSUR 1988 Army women,United States,military,Army,F,1987,other:headboard_sellion_back_of_head,SELLION-BACK OF HEAD,cm,189.00,6.60,2208,178.00,,199.70,B,"OCR of scanned report; headboard (AHD) measurement, not in public raw data so no raw check; percentiles on p.550"
ansur-1988,reports/ansur-1988/ADA225094.pdf,553,ANSUR 1988 Army women,United States,military,Army,F,1987,other:headboard_sellion_top_of_head,SELLION-TOP OF HEAD,cm,105.30,6.60,2206,94.70,105.10,116.50,B,"OCR of scanned report; headboard (AHD) measurement, not in public raw data so no raw check; percentiles on p.552"
ansur-1988,reports/ansur-1988/ADA225094.pdf,555,ANSUR 1988 Army women,United States,military,Army,F,1987,other:headboard_stomion_back_of_head,STOMION-BACK OF HEAD,cm,193.10,9.90,2208,177.40,192.80,210.30,B,"OCR of scanned report; headboard (AHD) measurement, not in public raw data so no raw check; percentiles on p.554"
ansur-1988,reports/ansur-1988/ADA225094.pdf,557,ANSUR 1988 Army women,United States,military,Army,F,1987,other:headboard_stomion_top_of_head,STOMION-TOP OF HEAD,cm,175.10,7.70,2208,162.60,175.00,188.00,B,"OCR of scanned report; headboard (AHD) measurement, not in public raw data so no raw check; percentiles on p.556"
ansur-1988,reports/ansur-1988/ADA225094.pdf,559,ANSUR 1988 Army women,United States,military,Army,F,1987,other:headboard_subnasale_back_of_head,SUBNASALE-BACK OF HEAD,cm,195.70,8.00,2208,182.70,195.60,209.00,B,"OCR of scanned report; headboard (AHD) measurement, not in public raw data so no raw check; percentiles on p.558"
ansur-1988,reports/ansur-1988/ADA225094.pdf,561,ANSUR 1988 Army women,United States,military,Army,F,1987,other:headboard_subnasale_sellion_length,SUBNASALE-SELLION LENGTH,cm,48.20,3.60,2208,42.40,48.00,54.50,B,"OCR of scanned report; headboard (AHD) measurement, not in public raw data so no raw check; percentiles on p.560"
ansur-1988,reports/ansur-1988/ADA225094.pdf,563,ANSUR 1988 Army women,United States,military,Army,F,1987,other:headboard_subnasale_top_of_head,SUBNASALE-TOP OF HEAD,cm,152.80,7.40,2208,140.40,152.90,164.90,B,"OCR of scanned report; headboard (AHD) measurement, not in public raw data so no raw check; percentiles on p.562"
ansur-1988,reports/ansur-1988/ADA225094.pdf,565,ANSUR 1988 Army women,United States,military,Army,F,1987,other:headboard_tragion_back_of_head,TRAGION-BACK OF HEAD,cm,97.40,5.50,2208,,,,B,"OCR of scanned report; headboard (AHD) measurement, not in public raw data so no raw check; percentiles on p.564"
ansur-1988,reports/ansur-1988/ADA225094.pdf,567,ANSUR 1988 Army women,United States,military,Army,F,1987,other:headboard_tragion_top_of_head,TRAGION-TOP OF HEAD,cm,123.50,5.50,2208,114.20,,132.50,B,"OCR of scanned report; headboard (AHD) measurement, not in public raw data so no raw check; percentiles on p.566"
ansur-1988,reports/ansur-1988/ADA225094.pdf,569,ANSUR 1988 Army women,United States,military,Army,F,1987,other:headboard_zygion_back_of_head,ZYGION-BACK OF HEAD,cm,128.50,7.60,2208,116.20,128.30,141.10,B,"OCR of scanned report; headboard (AHD) measurement, not in public raw data so no raw check; percentiles on p.568"
ansur-1988,reports/ansur-1988/ADA225094.pdf,571,ANSUR 1988 Army women,United States,military,Army,F,1987,other:headboard_zygion_top_of_head,ZYGION-TOP OF HEAD,cm,126.30,5.30,2208,117.90,126.20,135.20,B,"OCR of scanned report; headboard (AHD) measurement, not in public raw data so no raw check; percentiles on p.570"
ansur-1988,reports/ansur-1988/ADA225094.pdf,575,ANSUR 1988 Army women,United States,military,Army,F,1987,other:headboard_zygofrontale_top_of_head,ZYGOFRONTALE-TOP OF HEAD,cm,98.30,6.10,2208,88.30,98.40,108.50,B,"OCR of scanned report; headboard (AHD) measurement, not in public raw data so no raw check; percentiles on p.574"
ansur-1988-pilots,reports/ansur-1988/ADA241952.pdf,77,ANSUR 1988 Army pilots men,United States,military,Pilots,M,1987,abdominal_depth_sitting,"ABDOMINAL EXTENSION DEPTH, SITTING",cm,243.10,25.80,487,203.10,241.70,288.00,A,"OCR of scanned report; female column is a demographically matched subset of the ANSUR female pool, not actual pilots; label taken from main report numbering"
ansur-1988-pilots,reports/ansur-1988/ADA241952.pdf,79,ANSUR 1988 Army pilots men,United States,military,Pilots,M,1987,acromion_height,ACROMIAL HEIGHT,cm,1454.60,59.00,487,1358.70,1453.70,1553.20,A,"OCR of scanned report; female column is a demographically matched subset of the ANSUR female pool, not actual pilots; label taken from main report numbering"
ansur-1988-pilots,reports/ansur-1988/ADA241952.pdf,81,ANSUR 1988 Army pilots men,United States,military,Pilots,M,1987,acromion_height_sitting,"ACROMIAL HEIGHT, SITTING",cm,612.00,28.20,487,564.00,613.10,656.50,A,"OCR of scanned report; female column is a demographically matched subset of the ANSUR female pool, not actual pilots; label taken from main report numbering"
ansur-1988-pilots,reports/ansur-1988/ADA241952.pdf,83,ANSUR 1988 Army pilots men,United States,military,Pilots,M,1987,acromion_radiale_length,ACROMION-RADIALE LENGTH,cm,343.60,16.80,487,316.60,343.20,372.20,A,"OCR of scanned report; female column is a demographically matched subset of the ANSUR female pool, not actual pilots; label taken from main report numbering"
ansur-1988-pilots,reports/ansur-1988/ADA241952.pdf,85,ANSUR 1988 Army pilots men,United States,military,Pilots,M,1987,ankle_circumference,ANKLE CIRCUMFERENCE,cm,220.90,12.20,487,,,,A,"OCR of scanned report; female column is a demographically matched subset of the ANSUR female pool, not actual pilots; label taken from main report numbering"
ansur-1988-pilots,reports/ansur-1988/ADA241952.pdf,87,ANSUR 1988 Army pilots men,United States,military,Pilots,M,1987,other:axilla_height,AXILLA HEIGHT,cm,1332.20,55.30,487,,,,A,"OCR of scanned report; female column is a demographically matched subset of the ANSUR female pool, not actual pilots; label taken from main report numbering"
ansur-1988-pilots,reports/ansur-1988/ADA241952.pdf,89,ANSUR 1988 Army pilots men,United States,military,Pilots,M,1987,other:axillary_arm_circumference,AXILLARY ARM CIRCUMFERENCE,cm,337.00,22.20,487,,,,A,"OCR of scanned report; female column is a demographically matched subset of the ANSUR female pool, not actual pilots; label taken from main report numbering"
ansur-1988-pilots,reports/ansur-1988/ADA241952.pdf,91,ANSUR 1988 Army pilots men,United States,military,Pilots,M,1987,other:ball_of_foot_circumference,BALL OF FOOT CIRCUMFERENCE,cm,248.40,11.40,487,230.90,247.60,268.90,A,"OCR of scanned report; female column is a demographically matched subset of the ANSUR female pool, not actual pilots; label taken from main report numbering"
ansur-1988-pilots,reports/ansur-1988/ADA241952.pdf,93,ANSUR 1988 Army pilots men,United States,military,Pilots,M,1987,other:ball_of_foot_length,BALL OF FOOT LENGTH,cm,197.20,9.40,487,,,,A,"OCR of scanned report; female column is a demographically matched subset of the ANSUR female pool, not actual pilots; label taken from main report numbering"
ansur-1988-pilots,reports/ansur-1988/ADA241952.pdf,95,ANSUR 1988 Army pilots men,United States,military,Pilots,M,1987,other:biacromial_breadth,BIACROMIAL BREADTH,cm,400.60,17.40,,,,,A,"OCR of scanned report; female column is a demographically matched subset of the ANSUR female pool, not actual pilots; label taken from main report numbering"
ansur-1988-pilots,reports/ansur-1988/ADA241952.pdf,97,ANSUR 1988 Army pilots men,United States,military,Pilots,M,1987,biceps_circumference_flexed,"BICEPS CIRCUMFERENCE, FLEXED",cm,334.60,23.20,,,,,A,"OCR of scanned report; female column is a demographically matched subset of the ANSUR female pool, not actual pilots; label taken from main report numbering"
ansur-1988-pilots,reports/ansur-1988/ADA241952.pdf,99,ANSUR 1988 Army pilots men,United States,military,Pilots,M,1987,bideltoid_breadth,BIDELTOID BREADTH,cm,495.70,23.10,487,,,,A,"OCR of scanned report; female column is a demographically matched subset of the ANSUR female pool, not actual pilots; label taken from main report numbering"
ansur-1988-pilots,reports/ansur-1988/ADA241952.pdf,101,ANSUR 1988 Army pilots men,United States,military,Pilots,M,1987,other:bimalleolar_breadth,BIMALLEOLAR BREADTH,cm,72.20,3.50,487,,,,A,"OCR of scanned report; female column is a demographically matched subset of the ANSUR female pool, not actual pilots; label taken from main report numbering"
ansur-1988-pilots,reports/ansur-1988/ADA241952.pdf,103,ANSUR 1988 Army pilots men,United States,military,Pilots,M,1987,other:bispinous_breadth,BISPINOUS BREADTH,cm,237.00,17.30,487,209.50,236.40,266.70,A,"OCR of scanned report; female column is a demographically matched subset of the ANSUR female pool, not actual pilots; label taken from main report numbering"
ansur-1988-pilots,reports/ansur-1988/ADA241952.pdf,105,ANSUR 1988 Army pilots men,United States,military,Pilots,M,1987,other:bitragion_chin_arc,BITRAGION CHIN ARC,cm,328.80,11.90,487,,,,A,"OCR of scanned report; female column is a demographically matched subset of the ANSUR female pool, not actual pilots; label taken from main report numbering"
ansur-1988-pilots,reports/ansur-1988/ADA241952.pdf,107,ANSUR 1988 Army pilots men,United States,military,Pilots,M,1987,other:bitragion_coronal_arc,BITRAGION CORONAL ARC,cm,353.00,12.50,,,,,A,"OCR of scanned report; female column is a demographically matched subset of the ANSUR female pool, not actual pilots; label taken from main report numbering"
ansur-1988-pilots,reports/ansur-1988/ADA241952.pdf,109,ANSUR 1988 Army pilots men,United States,military,Pilots,M,1987,other:bitragion_crinion_arc,BITRAGION CRINION ARC,cm,327.80,11.20,,,,,A,"OCR of scanned report; female column is a demographically matched subset of the ANSUR female pool, not actual pilots; label taken from main report numbering"
ansur-1988-pilots,reports/ansur-1988/ADA241952.pdf,111,ANSUR 1988 Army pilots men,United States,military,Pilots,M,1987,other:bitragion_frontal_arc,BITRAGION FRONTAL ARC,cm,306.30,10.10,,,,,A,"OCR of scanned report; female column is a demographically matched subset of the ANSUR female pool, not actual pilots; label taken from main report numbering"
ansur-1988-pilots,reports/ansur-1988/ADA241952.pdf,113,ANSUR 1988 Army pilots men,United States,military,Pilots,M,1987,other:bitragion_submandibular_arc,BITRAGION SUBMANDIBULAR ARC,cm,308.90,13.00,487,,,,A,"OCR of scanned report; female column is a demographically matched subset of the ANSUR female pool, not actual pilots; label taken from main report numbering"
ansur-1988-pilots,reports/ansur-1988/ADA241952.pdf,115,ANSUR 1988 Army pilots men,United States,military,Pilots,M,1987,other:bitragion_subnasale_arc,BITRAGION SUBNASALE ARC,cm,293.40,9.40,487,,,,A,"OCR of scanned report; female column is a demographically matched subset of the ANSUR female pool, not actual pilots; label taken from main report numbering"
ansur-1988-pilots,reports/ansur-1988/ADA241952.pdf,117,ANSUR 1988 Army pilots men,United States,military,Pilots,M,1987,other:headboard_bizygomatic_breadth,BIZYGOMATIC BREADTH,cm,141.80,5.20,487,133.50,141.60,150.80,A,"OCR of scanned report; female column is a demographically matched subset of the ANSUR female pool, not actual pilots; label taken from main report numbering"
ansur-1988-pilots,reports/ansur-1988/ADA241952.pdf,119,ANSUR 1988 Army pilots men,United States,military,Pilots,M,1987,other:bustpoint_thelion_bustpoint_thelion_breadth,BUSTPOINT/THELION-BUSTPOINT/THELION BREADTH,cm,218.70,17.20,487,,,,A,"OCR of scanned report; female column is a demographically matched subset of the ANSUR female pool, not actual pilots; label taken from main report numbering"
ansur-1988-pilots,reports/ansur-1988/ADA241952.pdf,121,ANSUR 1988 Army pilots men,United States,military,Pilots,M,1987,buttock_circumference,BUTTOCK CIRCUMFERENCE,cm,991.50,54.90,487,908.00,987.40,1087.90,A,"OCR of scanned report; female column is a demographically matched subset of the ANSUR female pool, not actual pilots; label taken from main report numbering"
ansur-1988-pilots,reports/ansur-1988/ADA241952.pdf,123,ANSUR 1988 Army pilots men,United States,military,Pilots,M,1987,other:buttock_depth,BUTTOCK DEPTH,cm,247.30,18.40,487,,,,A,"OCR of scanned report; female column is a demographically matched subset of the ANSUR female pool, not actual pilots; label taken from main report numbering"
ansur-1988-pilots,reports/ansur-1988/ADA241952.pdf,125,ANSUR 1988 Army pilots men,United States,military,Pilots,M,1987,other:buttock_height,BUTTOCK HEIGHT,cm,885.10,41.90,,,,,A,"OCR of scanned report; female column is a demographically matched subset of the ANSUR female pool, not actual pilots; label taken from main report numbering"
ansur-1988-pilots,reports/ansur-1988/ADA241952.pdf,127,ANSUR 1988 Army pilots men,United States,military,Pilots,M,1987,buttock_knee_length,BUTTOCK-KNEE LENGTH,cm,618.60,26.50,487,,,,A,"OCR of scanned report; female column is a demographically matched subset of the ANSUR female pool, not actual pilots; label taken from main report numbering"
ansur-1988-pilots,reports/ansur-1988/ADA241952.pdf,129,ANSUR 1988 Army pilots men,United States,military,Pilots,M,1987,buttock_popliteal_length,BUTTOCK-POPLITEAL LENGTH,cm,502.60,24.70,487,,,,A,"OCR of scanned report; female column is a demographically matched subset of the ANSUR female pool, not actual pilots; label taken from main report numbering"
ansur-1988-pilots,reports/ansur-1988/ADA241952.pdf,131,ANSUR 1988 Army pilots men,United States,military,Pilots,M,1987,calf_circumference,CALF CIRCUMFERENCE,cm,377.70,22.60,487,342.50,376.60,416.70,A,"OCR of scanned report; female column is a demographically matched subset of the ANSUR female pool, not actual pilots; label taken from main report numbering"
ansur-1988-pilots,reports/ansur-1988/ADA241952.pdf,133,ANSUR 1988 Army pilots men,United States,military,Pilots,M,1987,other:calf_height,CALF HEIGHT,cm,351.50,19.30,487,,,,A,"OCR of scanned report; female column is a demographically matched subset of the ANSUR female pool, not actual pilots; label taken from main report numbering"
ansur-1988-pilots,reports/ansur-1988/ADA241952.pdf,135,ANSUR 1988 Army pilots men,United States,military,Pilots,M,1987,cervicale_height,CERVICALE HEIGHT,cm,1531.80,60.00,487,,,,A,"OCR of scanned report; female column is a demographically matched subset of the ANSUR female pool, not actual pilots; label taken from main report numbering"
ansur-1988-pilots,reports/ansur-1988/ADA241952.pdf,137,ANSUR 1988 Army pilots men,United States,military,Pilots,M,1987,other:cervicale_height_sitting,"CERVICALE HEIGHT, SITTING",cm,688.90,28.00,487,,,,A,"OCR of scanned report; female column is a demographically matched subset of the ANSUR female pool, not actual pilots; label taken from main report numbering"
ansur-1988-pilots,reports/ansur-1988/ADA241952.pdf,139,ANSUR 1988 Army pilots men,United States,military,Pilots,M,1987,chest_breadth,CHEST BREADTH,cm,331.90,21.90,487,,,,A,"OCR of scanned report; female column is a demographically matched subset of the ANSUR female pool, not actual pilots; label taken from main report numbering"
ansur-1988-pilots,reports/ansur-1988/ADA241952.pdf,141,ANSUR 1988 Army pilots men,United States,military,Pilots,M,1987,chest_circumference,CHEST CIRCUMFERENCE,cm,1009.20,59.50,487,,,,A,"OCR of scanned report; female column is a demographically matched subset of the ANSUR female pool, not actual pilots; label taken from main report numbering"
ansur-1988-pilots,reports/ansur-1988/ADA241952.pdf,143,ANSUR 1988 Army pilots men,United States,military,Pilots,M,1987,other:chest_circumference_at_scye,CHEST CIRCUMFERENCE AT SCYE,cm,1035.80,55.30,487,,,,A,"OCR of scanned report; female column is a demographically matched subset of the ANSUR female pool, not actual pilots; label taken from main report numbering"
ansur-1988-pilots,reports/ansur-1988/ADA241952.pdf,145,ANSUR 1988 Army pilots men,United States,military,Pilots,M,1987,other:chest_circumference_below_breast,CHEST CIRCUMFERENCE BELOW BREAST,cm,945.00,57.60,,,,,A,"OCR of scanned report; female column is a demographically matched subset of the ANSUR female pool, not actual pilots; label taken from main report numbering"
ansur-1988-pilots,reports/ansur-1988/ADA241952.pdf,147,ANSUR 1988 Army pilots men,United States,military,Pilots,M,1987,chest_depth,CHEST DEPTH,cm,250.20,19.50,487,,250.10,282.50,A,"OCR of scanned report; female column is a demographically matched subset of the ANSUR female pool, not actual pilots; label taken from main report numbering; some percentiles omitted (OCR)"
ansur-1988-pilots,reports/ansur-1988/ADA241952.pdf,149,ANSUR 1988 Army pilots men,United States,military,Pilots,M,1987,other:chest_height,CHEST HEIGHT,cm,1282.30,52.40,487,,,,A,"OCR of scanned report; female column is a demographically matched subset of the ANSUR female pool, not actual pilots; label taken from main report numbering"
ansur-1988-pilots,reports/ansur-1988/ADA241952.pdf,151,ANSUR 1988 Army pilots men,United States,military,Pilots,M,1987,crotch_height,CROTCH HEIGHT,cm,841.80,42.30,487,,,,A,"OCR of scanned report; female column is a demographically matched subset of the ANSUR female pool, not actual pilots; label taken from main report numbering"
ansur-1988-pilots,reports/ansur-1988/ADA241952.pdf,157,ANSUR 1988 Army pilots men,United States,military,Pilots,M,1987,other:crotch_length_posterior_natural_indentation,"CROTCH LENGTH, POSTERIOR (NATURAL INDENTATION)",cm,386.10,24.50,487,,,,A,"OCR of scanned report; female column is a demographically matched subset of the ANSUR female pool, not actual pilots; label taken from main report numbering"
ansur-1988-pilots,reports/ansur-1988/ADA241952.pdf,159,ANSUR 1988 Army pilots men,United States,military,Pilots,M,1987,other:crotch_length_posterior_omphalion,"CROTCH LENGTH, POSTERIOR (OMPHALION)",cm,316.30,22.90,487,,,,A,"OCR of scanned report; female column is a demographically matched subset of the ANSUR female pool, not actual pilots; label taken from main report numbering"
ansur-1988-pilots,reports/ansur-1988/ADA241952.pdf,161,ANSUR 1988 Army pilots men,United States,military,Pilots,M,1987,other:ear_breadth,EAR BREADTH,cm,38.00,2.70,487,,,,A,"OCR of scanned report; female column is a demographically matched subset of the ANSUR female pool, not actual pilots; label taken from main report numbering"
ansur-1988-pilots,reports/ansur-1988/ADA241952.pdf,163,ANSUR 1988 Army pilots men,United States,military,Pilots,M,1987,ear_length,EAR LENGTH,cm,66.20,4.00,487,,,,A,"OCR of scanned report; female column is a demographically matched subset of the ANSUR female pool, not actual pilots; label taken from main report numbering"
ansur-1988-pilots,reports/ansur-1988/ADA241952.pdf,167,ANSUR 1988 Army pilots men,United States,military,Pilots,M,1987,other:ear_protrusion,EAR PROTRUSION,cm,24.90,3.30,487,,,,A,"OCR of scanned report; female column is a demographically matched subset of the ANSUR female pool, not actual pilots; label taken from main report numbering"
ansur-1988-pilots,reports/ansur-1988/ADA241952.pdf,169,ANSUR 1988 Army pilots men,United States,military,Pilots,M,1987,other:elbow_circumference,ELBOW CIRCUMFERENCE,cm,276.20,13.70,487,254.80,275.60,300.50,A,"OCR of scanned report; female column is a demographically matched subset of the ANSUR female pool, not actual pilots; label taken from main report numbering"
ansur-1988-pilots,reports/ansur-1988/ADA241952.pdf,171,ANSUR 1988 Army pilots men,United States,military,Pilots,M,1987,elbow_rest_height,ELBOW REST HEIGHT,cm,242.00,24.60,487,,,,A,"OCR of scanned report; female column is a demographically matched subset of the ANSUR female pool, not actual pilots; label taken from main report numbering"
ansur-1988-pilots,reports/ansur-1988/ADA241952.pdf,175,ANSUR 1988 Army pilots men,United States,military,Pilots,M,1987,foot_breadth,"FOOT BREADTH, HORIZONTAL",cm,100.10,4.80,487,92.50,100.00,108.10,A,"OCR of scanned report; female column is a demographically matched subset of the ANSUR female pool, not actual pilots; label taken from main report numbering"
ansur-1988-pilots,reports/ansur-1988/ADA241952.pdf,177,ANSUR 1988 Army pilots men,United States,military,Pilots,M,1987,foot_length,FOOT LENGTH,cm,268.50,11.80,487,,,,A,"OCR of scanned report; female column is a demographically matched subset of the ANSUR female pool, not actual pilots; label taken from main report numbering"
ansur-1988-pilots,reports/ansur-1988/ADA241952.pdf,179,ANSUR 1988 Army pilots men,United States,military,Pilots,M,1987,forearm_circumference_flexed,"FOREARM CIRCUMFERENCE, FLEXED",cm,300.00,16.70,,,,,A,"OCR of scanned report; female column is a demographically matched subset of the ANSUR female pool, not actual pilots; label taken from main report numbering"
ansur-1988-pilots,reports/ansur-1988/ADA241952.pdf,183,ANSUR 1988 Army pilots men,United States,military,Pilots,M,1987,other:forearm_hand_length,FOREARM-HAND LENGTH,cm,484.00,20.10,,,,,A,"OCR of scanned report; female column is a demographically matched subset of the ANSUR female pool, not actual pilots; label taken from main report numbering"
ansur-1988-pilots,reports/ansur-1988/ADA241952.pdf,185,ANSUR 1988 Army pilots men,United States,military,Pilots,M,1987,other:functional_leg_length,FUNCTIONAL LEG LENGTH,cm,1087.30,47.10,486,,,,A,"OCR of scanned report; female column is a demographically matched subset of the ANSUR female pool, not actual pilots; label taken from main report numbering"
ansur-1988-pilots,reports/ansur-1988/ADA241952.pdf,187,ANSUR 1988 Army pilots men,United States,military,Pilots,M,1987,other:gluteal_furrow_height,GLUTEAL FURROW HEIGHT,cm,813.70,41.20,487,748.50,811.90,884.60,A,"OCR of scanned report; female column is a demographically matched subset of the ANSUR female pool, not actual pilots; label taken from main report numbering"
ansur-1988-pilots,reports/ansur-1988/ADA241952.pdf,189,ANSUR 1988 Army pilots men,United States,military,Pilots,M,1987,hand_breadth,HAND BREADTH,cm,90.20,3.90,,,,,A,"OCR of scanned report; female column is a demographically matched subset of the ANSUR female pool, not actual pilots; label taken from main report numbering"
ansur-1988-pilots,reports/ansur-1988/ADA241952.pdf,191,ANSUR 1988 Army pilots men,United States,military,Pilots,M,1987,hand_circumference,HAND CIRCUMFERENCE,cm,214.20,8.90,,199.50,214.10,229.10,A,"OCR of scanned report; female column is a demographically matched subset of the ANSUR female pool, not actual pilots; label taken from main report numbering"
ansur-1988-pilots,reports/ansur-1988/ADA241952.pdf,193,ANSUR 1988 Army pilots men,United States,military,Pilots,M,1987,hand_length,HAND LENGTH,cm,194.50,8.50,487,,,,A,"OCR of scanned report; female column is a demographically matched subset of the ANSUR female pool, not actual pilots; label taken from main report numbering"
ansur-1988-pilots,reports/ansur-1988/ADA241952.pdf,195,ANSUR 1988 Army pilots men,United States,military,Pilots,M,1987,head_breadth,HEAD BREADTH,cm,153.30,5.30,,,,,A,"OCR of scanned report; female column is a demographically matched subset of the ANSUR female pool, not actual pilots; label taken from main report numbering"
ansur-1988-pilots,reports/ansur-1988/ADA241952.pdf,197,ANSUR 1988 Army pilots men,United States,military,Pilots,M,1987,other:head_circumference,HEAD CIRCUMFERENCE,cm,570.60,13.60,,,,,A,"OCR of scanned report; female column is a demographically matched subset of the ANSUR female pool, not actual pilots; label taken from main report numbering"
ansur-1988-pilots,reports/ansur-1988/ADA241952.pdf,199,ANSUR 1988 Army pilots men,United States,military,Pilots,M,1987,head_length,HEAD LENGTH,cm,198.90,6.40,,,,,A,"OCR of scanned report; female column is a demographically matched subset of the ANSUR female pool, not actual pilots; label taken from main report numbering"
ansur-1988-pilots,reports/ansur-1988/ADA241952.pdf,201,ANSUR 1988 Army pilots men,United States,military,Pilots,M,1987,other:heel_ankle_circumference,HEEL ANKLE CIRCUMFERENCE,cm,337.00,14.60,487,,,,A,"OCR of scanned report; female column is a demographically matched subset of the ANSUR female pool, not actual pilots; label taken from main report numbering"
ansur-1988-pilots,reports/ansur-1988/ADA241952.pdf,203,ANSUR 1988 Army pilots men,United States,military,Pilots,M,1987,other:heel_breadth,HEEL BREADTH,cm,67.80,4.10,487,,,,A,"OCR of scanned report; female column is a demographically matched subset of the ANSUR female pool, not actual pilots; label taken from main report numbering"
ansur-1988-pilots,reports/ansur-1988/ADA241952.pdf,207,ANSUR 1988 Army pilots men,United States,military,Pilots,M,1987,hip_breadth_sitting,"HIP BREADTH, SITTING",cm,371.80,21.90,487,338.30,370.60,408.90,A,"OCR of scanned report; female column is a demographically matched subset of the ANSUR female pool, not actual pilots; label taken from main report numbering"
ansur-1988-pilots,reports/ansur-1988/ADA241952.pdf,209,ANSUR 1988 Army pilots men,United States,military,Pilots,M,1987,iliocristale_height,ILIOCRISTALF HEIGHT,cm,1076.20,49.10,487,,,,A,"OCR of scanned report; female column is a demographically matched subset of the ANSUR female pool, not actual pilots; label taken from main report numbering"
ansur-1988-pilots,reports/ansur-1988/ADA241952.pdf,211,ANSUR 1988 Army pilots men,United States,military,Pilots,M,1987,interpupillary_breadth,INTERPUPILLARY BREADTH,cm,64.30,3.20,487,,,,A,"OCR of scanned report; female column is a demographically matched subset of the ANSUR female pool, not actual pilots; label taken from main report numbering"
ansur-1988-pilots,reports/ansur-1988/ADA241952.pdf,213,ANSUR 1988 Army pilots men,United States,military,Pilots,M,1987,other:interscye_i,INTERSCYE I,cm,408.70,28.20,487,,,,A,"OCR of scanned report; female column is a demographically matched subset of the ANSUR female pool, not actual pilots; label taken from main report numbering"
ansur-1988-pilots,reports/ansur-1988/ADA241952.pdf,215,ANSUR 1988 Army pilots men,United States,military,Pilots,M,1987,other:interscye_ii,INTERSCYE II,cm,416.60,26.00,487,375.90,415.50,461.60,A,"OCR of scanned report; female column is a demographically matched subset of the ANSUR female pool, not actual pilots; label taken from main report numbering"
ansur-1988-pilots,reports/ansur-1988/ADA241952.pdf,219,ANSUR 1988 Army pilots men,United States,military,Pilots,M,1987,other:knee_height_midpatella,"KNEE HEIGHT, MIDPATELLA",cm,503.70,25.20,487,,,,A,"OCR of scanned report; female column is a demographically matched subset of the ANSUR female pool, not actual pilots; label taken from main report numbering"
ansur-1988-pilots,reports/ansur-1988/ADA241952.pdf,221,ANSUR 1988 Army pilots men,United States,military,Pilots,M,1987,knee_height_sitting,"KNEE HEIGHT, SITING",cm,559.00,25.80,487,,,,A,"OCR of scanned report; female column is a demographically matched subset of the ANSUR female pool, not actual pilots; label taken from main report numbering"
ansur-1988-pilots,reports/ansur-1988/ADA241952.pdf,223,ANSUR 1988 Army pilots men,United States,military,Pilots,M,1987,other:lateral_femoral_epicondyle_height,LATERAL FEMORAL EPICONDYLE HEIGHT,cm,504.40,24.20,487,,,,A,"OCR of scanned report; female column is a demographically matched subset of the ANSUR female pool, not actual pilots; label taken from main report numbering"
ansur-1988-pilots,reports/ansur-1988/ADA241952.pdf,227,ANSUR 1988 Army pilots men,United States,military,Pilots,M,1987,other:lower_thigh_circumference,LOWER THIGH CIRCUMFERENCE,cm,390.60,23.90,487,,,,A,"OCR of scanned report; female column is a demographically matched subset of the ANSUR female pool, not actual pilots; label taken from main report numbering"
ansur-1988-pilots,reports/ansur-1988/ADA241952.pdf,229,ANSUR 1988 Army pilots men,United States,military,Pilots,M,1987,other:headboard_menton_sellion_length,MENTON-SELLION LENGTH,cm,122.40,6.20,487,,,,A,"OCR of scanned report; female column is a demographically matched subset of the ANSUR female pool, not actual pilots; label taken from main report numbering"
ansur-1988-pilots,reports/ansur-1988/ADA241952.pdf,231,ANSUR 1988 Army pilots men,United States,military,Pilots,M,1987,other:midshoulder_height_sitting,"MIDSHOULDER HEIGHT, SITTING",cm,642.40,27.40,,,,,A,"OCR of scanned report; female column is a demographically matched subset of the ANSUR female pool, not actual pilots; label taken from main report numbering"
ansur-1988-pilots,reports/ansur-1988/ADA241952.pdf,233,ANSUR 1988 Army pilots men,United States,military,Pilots,M,1987,other:neck_bustpoint_thelion_length,NECK-BUSTPOINT/THELION LENGTH,cm,280.70,17.00,487,,,,A,"OCR of scanned report; female column is a demographically matched subset of the ANSUR female pool, not actual pilots; label taken from main report numbering"
ansur-1988-pilots,reports/ansur-1988/ADA241952.pdf,235,ANSUR 1988 Army pilots men,United States,military,Pilots,M,1987,neck_circumference,NECK CIRCUMFERENCE,cm,380.10,17.80,,,,,A,"OCR of scanned report; female column is a demographically matched subset of the ANSUR female pool, not actual pilots; label taken from main report numbering"
ansur-1988-pilots,reports/ansur-1988/ADA241952.pdf,237,ANSUR 1988 Army pilots men,United States,military,Pilots,M,1987,neck_circumference_base,"NECK CIRCUMFERENCE, BASE",cm,408.30,18.40,487,,,,A,"OCR of scanned report; female column is a demographically matched subset of the ANSUR female pool, not actual pilots; label taken from main report numbering"
ansur-1988-pilots,reports/ansur-1988/ADA241952.pdf,239,ANSUR 1988 Army pilots men,United States,military,Pilots,M,1987,other:neck_height_lateral,"NECK HEIGHT, LATERAL",cm,1522.20,58.70,487,,,,A,"OCR of scanned report; female column is a demographically matched subset of the ANSUR female pool, not actual pilots; label taken from main report numbering"
ansur-1988-pilots,reports/ansur-1988/ADA241952.pdf,243,ANSUR 1988 Army pilots men,United States,military,Pilots,M,1987,other:overhead_fingertip_reach_extended,"OVERHEAD FINGERTIP REACH, EXTENDED",cm,2341.70,92.90,487,,,,A,"OCR of scanned report; female column is a demographically matched subset of the ANSUR female pool, not actual pilots; label taken from main report numbering"
ansur-1988-pilots,reports/ansur-1988/ADA241952.pdf,245,ANSUR 1988 Army pilots men,United States,military,Pilots,M,1987,other:overhead_fingertip_reach_sitting,"OVERHEAD FINGERTIP REACH, SITTING",cm,1439.90,55.80,487,,,,A,"OCR of scanned report; female column is a demographically matched subset of the ANSUR female pool, not actual pilots; label taken from main report numbering"
ansur-1988-pilots,reports/ansur-1988/ADA241952.pdf,251,ANSUR 1988 Army pilots men,United States,military,Pilots,M,1987,other:scye_circumference,SCYE CIRCUMFERENCE,cm,446.50,22.80,487,409.30,446.10,485.20,A,"OCR of scanned report; female column is a demographically matched subset of the ANSUR female pool, not actual pilots; label taken from main report numbering"
ansur-1988-pilots,reports/ansur-1988/ADA241952.pdf,253,ANSUR 1988 Army pilots men,United States,military,Pilots,M,1987,other:scye_depth,SCYE DEPTh,cm,218.10,13.70,487,,,,A,"OCR of scanned report; female column is a demographically matched subset of the ANSUR female pool, not actual pilots; label taken from main report numbering"
ansur-1988-pilots,reports/ansur-1988/ADA241952.pdf,255,ANSUR 1988 Army pilots men,United States,military,Pilots,M,1987,shoulder_circumference,SHOULDER CIRCUMFERENCE,cm,1175.00,53.40,487,1093.00,1172.40,1267.50,A,"OCR of scanned report; female column is a demographically matched subset of the ANSUR female pool, not actual pilots; label taken from main report numbering"
ansur-1988-pilots,reports/ansur-1988/ADA241952.pdf,257,ANSUR 1988 Army pilots men,United States,military,Pilots,M,1987,shoulder_elbow_length,SHOUIDER-ELBOW LENGTH,cm,371.80,17.30,487,,,,A,"OCR of scanned report; female column is a demographically matched subset of the ANSUR female pool, not actual pilots; label taken from main report numbering"
ansur-1988-pilots,reports/ansur-1988/ADA241952.pdf,259,ANSUR 1988 Army pilots men,United States,military,Pilots,M,1987,shoulder_length,SHOULDER LENGTH,cm,154.10,10.10,487,,,,A,"OCR of scanned report; female column is a demographically matched subset of the ANSUR female pool, not actual pilots; label taken from main report numbering"
ansur-1988-pilots,reports/ansur-1988/ADA241952.pdf,261,ANSUR 1988 Army pilots men,United States,military,Pilots,M,1987,sitting_height,SITTING HEIGHT,cm,929.50,33.20,,,,,A,"OCR of scanned report; female column is a demographically matched subset of the ANSUR female pool, not actual pilots; label taken from main report numbering"
ansur-1988-pilots,reports/ansur-1988/ADA241952.pdf,263,ANSUR 1988 Army pilots men,United States,military,Pilots,M,1987,other:sleeve_length_spine_elbow,SLEEVE LENGTH: SPINE-ELBOW,cm,599.60,25.20,487,,,,A,"OCR of scanned report; female column is a demographically matched subset of the ANSUR female pool, not actual pilots; label taken from main report numbering"
ansur-1988-pilots,reports/ansur-1988/ADA241952.pdf,265,ANSUR 1988 Army pilots men,United States,military,Pilots,M,1987,other:sleeve_length_spine_scye,SLEEVE LENGTH: SPINE-SCYE,cm,235.00,14.10,487,211.30,235.20,257.40,A,"OCR of scanned report; female column is a demographically matched subset of the ANSUR female pool, not actual pilots; label taken from main report numbering"
ansur-1988-pilots,reports/ansur-1988/ADA241952.pdf,267,ANSUR 1988 Army pilots men,United States,military,Pilots,M,1987,other:sleeve_length_spine_wrist,SLEEVE LENGTH: SPINE-WRIST,cm,895.00,35.30,487,,,,A,"OCR of scanned report; female column is a demographically matched subset of the ANSUR female pool, not actual pilots; label taken from main report numbering"
ansur-1988-pilots,reports/ansur-1988/ADA241952.pdf,269,ANSUR 1988 Army pilots men,United States,military,Pilots,M,1987,sleeve_outseam,SLEEVE OUTSEAM,cm,601.40,29.90,,,,,A,"OCR of scanned report; female column is a demographically matched subset of the ANSUR female pool, not actual pilots; label taken from main report numbering"
ansur-1988-pilots,reports/ansur-1988/ADA241952.pdf,271,ANSUR 1988 Army pilots men,United States,military,Pilots,M,1987,span,SPAN,cm,1827.90,77.40,487,1702.10,1827.10,1956.10,A,"OCR of scanned report; female column is a demographically matched subset of the ANSUR female pool, not actual pilots; label taken from main report numbering"
ansur-1988-pilots,reports/ansur-1988/ADA241952.pdf,273,ANSUR 1988 Army pilots men,United States,military,Pilots,M,1987,stature,STATURE,cm,1771.00,64.70,,1663.30,1771.10,1877.50,A,"OCR of scanned report; female column is a demographically matched subset of the ANSUR female pool, not actual pilots; label taken from main report numbering"
ansur-1988-pilots,reports/ansur-1988/ADA241952.pdf,275,ANSUR 1988 Army pilots men,United States,military,Pilots,M,1987,other:strap_length,STRAP LENGTH,cm,719.30,35.80,487,,,,A,"OCR of scanned report; female column is a demographically matched subset of the ANSUR female pool, not actual pilots; label taken from main report numbering"
ansur-1988-pilots,reports/ansur-1988/ADA241952.pdf,277,ANSUR 1988 Army pilots men,United States,military,Pilots,M,1987,suprasternale_height,SUPRASTERNALE HEIGHT,cm,1448.80,56.20,487,,,,A,"OCR of scanned report; female column is a demographically matched subset of the ANSUR female pool, not actual pilots; label taken from main report numbering"
ansur-1988-pilots,reports/ansur-1988/ADA241952.pdf,279,ANSUR 1988 Army pilots men,United States,military,Pilots,M,1987,other:tenth_rib_height,TENTH RIB HEIGHT,cm,1121.30,47.40,487,,,,A,"OCR of scanned report; female column is a demographically matched subset of the ANSUR female pool, not actual pilots; label taken from main report numbering"
ansur-1988-pilots,reports/ansur-1988/ADA241952.pdf,281,ANSUR 1988 Army pilots men,United States,military,Pilots,M,1987,thigh_circumference,THIGH CIRCUMFERENCE,cm,594.40,43.00,487,,,,A,"OCR of scanned report; female column is a demographically matched subset of the ANSUR female pool, not actual pilots; label taken from main report numbering"
ansur-1988-pilots,reports/ansur-1988/ADA241952.pdf,283,ANSUR 1988 Army pilots men,United States,military,Pilots,M,1987,thigh_clearance,THIGH CLEARANCE,cm,167.90,11.00,487,149.90,167.80,,A,"OCR of scanned report; female column is a demographically matched subset of the ANSUR female pool, not actual pilots; label taken from main report numbering; some percentiles omitted (OCR)"
ansur-1988-pilots,reports/ansur-1988/ADA241952.pdf,285,ANSUR 1988 Army pilots men,United States,military,Pilots,M,1987,other:thumb_breadth,THUMB BREADTH,cm,23.80,1.30,487,,,,A,"OCR of scanned report; female column is a demographically matched subset of the ANSUR female pool, not actual pilots; label taken from main report numbering"
ansur-1988-pilots,reports/ansur-1988/ADA241952.pdf,303,ANSUR 1988 Army pilots men,United States,military,Pilots,M,1987,waist_circumference,WAIST CIRCUMFERENCE (OMPHALION),cm,888.40,75.80,,,,,A,"OCR of scanned report; female column is a demographically matched subset of the ANSUR female pool, not actual pilots; label taken from main report numbering"
ansur-1988-pilots,reports/ansur-1988/ADA241952.pdf,305,ANSUR 1988 Army pilots men,United States,military,Pilots,M,1987,other:waist_depth,WAIST DEPTH,cm,231.90,23.90,,,,,A,"OCR of scanned report; female column is a demographically matched subset of the ANSUR female pool, not actual pilots; label taken from main report numbering"
ansur-1988-pilots,reports/ansur-1988/ADA241952.pdf,309,ANSUR 1988 Army pilots men,United States,military,Pilots,M,1987,other:waist_front_length_omphalion,WAIST FRONT LENGTH (OMPHALION),cm,419.80,21.50,487,,,,A,"OCR of scanned report; female column is a demographically matched subset of the ANSUR female pool, not actual pilots; label taken from main report numbering"
ansur-1988-pilots,reports/ansur-1988/ADA241952.pdf,315,ANSUR 1988 Army pilots men,United States,military,Pilots,M,1987,other:waist_height_sitting_natural_indentation,"WAIST HEIGHT, SITTING (NATURAL INDENTATION)",cm,291.00,15.60,487,,,,A,"OCR of scanned report; female column is a demographically matched subset of the ANSUR female pool, not actual pilots; label taken from main report numbering"
ansur-1988-pilots,reports/ansur-1988/ADA241952.pdf,319,ANSUR 1988 Army pilots men,United States,military,Pilots,M,1987,other:waist_hip_length,WAIST-HIP LENGTH,cm,184.00,19.60,487,,,,A,"OCR of scanned report; female column is a demographically matched subset of the ANSUR female pool, not actual pilots; label taken from main report numbering"
ansur-1988-pilots,reports/ansur-1988/ADA241952.pdf,321,ANSUR 1988 Army pilots men,United States,military,Pilots,M,1987,other:waist_natural_indentation_waist_omphalion_length,WAIST (NATURAL INDENTATION)-WAIST (OMPHALION) LENGTH,cm,69.20,17.50,,,,,A,"OCR of scanned report; female column is a demographically matched subset of the ANSUR female pool, not actual pilots; label taken from main report numbering"
ansur-1988-pilots,reports/ansur-1988/ADA241952.pdf,323,ANSUR 1988 Army pilots men,United States,military,Pilots,M,1987,mass,WEIGHT,kg,79.97,9.63,487,,,,A,"OCR of scanned report; female column is a demographically matched subset of the ANSUR female pool, not actual pilots; label taken from main report numbering"
ansur-1988-pilots,reports/ansur-1988/ADA241952.pdf,325,ANSUR 1988 Army pilots men,United States,military,Pilots,M,1987,other:wrist_center_of_grip_length,WRIST-CENTER OF GRIP LENGTH,cm,68.00,4.50,487,,,,A,"OCR of scanned report; female column is a demographically matched subset of the ANSUR female pool, not actual pilots; label taken from main report numbering"
ansur-1988-pilots,reports/ansur-1988/ADA241952.pdf,329,ANSUR 1988 Army pilots men,United States,military,Pilots,M,1987,other:wrist_height,WRIST HEIGHT,cm,857.10,38.40,487,,,,A,"OCR of scanned report; female column is a demographically matched subset of the ANSUR female pool, not actual pilots; label taken from main report numbering"
ansur-1988-pilots,reports/ansur-1988/ADA241952.pdf,331,ANSUR 1988 Army pilots men,United States,military,Pilots,M,1987,other:wrist_height_sitting,"WRIST HEIGHT, SITTING",cm,471.90,30.60,,,,,A,"OCR of scanned report; female column is a demographically matched subset of the ANSUR female pool, not actual pilots; label taken from main report numbering"
ansur-1988-pilots,reports/ansur-1988/ADA241952.pdf,333,ANSUR 1988 Army pilots men,United States,military,Pilots,M,1987,other:wrist_index_finger_length,WRIST-INDEX FINGER LENGTH,cm,181.40,8.30,487,,,,A,"OCR of scanned report; female column is a demographically matched subset of the ANSUR female pool, not actual pilots; label taken from main report numbering"
ansur-1988-pilots,reports/ansur-1988/ADA241952.pdf,335,ANSUR 1988 Army pilots men,United States,military,Pilots,M,1987,other:wrist_tiumebtip_length,WRIST-TIUMEBTIP LENGTH,cm,124.40,6.20,487,,,,A,"OCR of scanned report; female column is a demographically matched subset of the ANSUR female pool, not actual pilots; label taken from main report numbering"
ansur-1988-pilots,reports/ansur-1988/ADA241952.pdf,337,ANSUR 1988 Army pilots men,United States,military,Pilots,M,1987,other:wrist_wall_length,WRIST-WALL LENGTH,cm,683.20,33.30,487,628.00,683.90,736.70,A,"OCR of scanned report; female column is a demographically matched subset of the ANSUR female pool, not actual pilots; label taken from main report numbering"
ansur-1988-pilots,reports/ansur-1988/ADA241952.pdf,339,ANSUR 1988 Army pilots men,United States,military,Pilots,M,1987,other:wrist_wall_length_extended,"WRIST-WALL LENGTH, EXTENDED",cm,739.00,34.20,,685.20,737.80,797.20,A,"OCR of scanned report; female column is a demographically matched subset of the ANSUR female pool, not actual pilots; label taken from main report numbering"
ansur-1988-pilots,reports/ansur-1988/ADA241952.pdf,77,ANSUR 1988 Army women matched to female pilot age/race (pilot summary subset),United States,military,Pilots,F,1987,abdominal_depth_sitting,"ABDOMINAL EXTENSION DEPTH, SITTING",cm,227.90,28.60,334,185.80,225.50,279.80,A,"OCR of scanned report; female column is a demographically matched subset of the ANSUR female pool, not actual pilots; label taken from main report numbering"
ansur-1988-pilots,reports/ansur-1988/ADA241952.pdf,79,ANSUR 1988 Army women matched to female pilot age/race (pilot summary subset),United States,military,Pilots,F,1987,acromion_height,ACROMIAL HEIGHT,cm,1377.30,41.00,334,1313.80,1375.30,1446.00,A,"OCR of scanned report; female column is a demographically matched subset of the ANSUR female pool, not actual pilots; label taken from main report numbering"
ansur-1988-pilots,reports/ansur-1988/ADA241952.pdf,81,ANSUR 1988 Army women matched to female pilot age/race (pilot summary subset),United States,military,Pilots,F,1987,acromion_height_sitting,"ACROMIAL HEIGHT, SITTING",cm,578.50,23.90,334,539.70,578.10,618.20,A,"OCR of scanned report; female column is a demographically matched subset of the ANSUR female pool, not actual pilots; label taken from main report numbering"
ansur-1988-pilots,reports/ansur-1988/ADA241952.pdf,83,ANSUR 1988 Army women matched to female pilot age/race (pilot summary subset),United States,military,Pilots,F,1987,acromion_radiale_length,ACROMION-RADIALE LENGTH,cm,321.50,11.80,334,304.30,320.30,342.50,A,"OCR of scanned report; female column is a demographically matched subset of the ANSUR female pool, not actual pilots; label taken from main report numbering"
ansur-1988-pilots,reports/ansur-1988/ADA241952.pdf,85,ANSUR 1988 Army women matched to female pilot age/race (pilot summary subset),United States,military,Pilots,F,1987,ankle_circumference,ANKLE CIRCUMFERENCE,cm,209.30,11.20,334,,,,A,"OCR of scanned report; female column is a demographically matched subset of the ANSUR female pool, not actual pilots; label taken from main report numbering"
ansur-1988-pilots,reports/ansur-1988/ADA241952.pdf,87,ANSUR 1988 Army women matched to female pilot age/race (pilot summary subset),United States,military,Pilots,F,1987,other:axilla_height,AXILLA HEIGHT,cm,1273.20,38.20,334,,,,A,"OCR of scanned report; female column is a demographically matched subset of the ANSUR female pool, not actual pilots; label taken from main report numbering"
ansur-1988-pilots,reports/ansur-1988/ADA241952.pdf,89,ANSUR 1988 Army women matched to female pilot age/race (pilot summary subset),United States,military,Pilots,F,1987,other:axillary_arm_circumference,AXILLARY ARM CIRCUMFERENCE,cm,294.60,26.30,334,,,,A,"OCR of scanned report; female column is a demographically matched subset of the ANSUR female pool, not actual pilots; label taken from main report numbering"
ansur-1988-pilots,reports/ansur-1988/ADA241952.pdf,91,ANSUR 1988 Army women matched to female pilot age/race (pilot summary subset),United States,military,Pilots,F,1987,other:ball_of_foot_circumference,BALL OF FOOT CIRCUMFERENCE,cm,226.50,10.40,334,210.00,226.10,244.40,A,"OCR of scanned report; female column is a demographically matched subset of the ANSUR female pool, not actual pilots; label taken from main report numbering"
ansur-1988-pilots,reports/ansur-1988/ADA241952.pdf,93,ANSUR 1988 Army women matched to female pilot age/race (pilot summary subset),United States,military,Pilots,F,1987,other:ball_of_foot_length,BALL OF FOOT LENGTH,cm,182.00,7.70,334,,,,A,"OCR of scanned report; female column is a demographically matched subset of the ANSUR female pool, not actual pilots; label taken from main report numbering"
ansur-1988-pilots,reports/ansur-1988/ADA241952.pdf,95,ANSUR 1988 Army women matched to female pilot age/race (pilot summary subset),United States,military,Pilots,F,1987,other:biacromial_breadth,BIACROMIAL BREADTH,cm,369.30,15.00,,,,,A,"OCR of scanned report; female column is a demographically matched subset of the ANSUR female pool, not actual pilots; label taken from main report numbering"
ansur-1988-pilots,reports/ansur-1988/ADA241952.pdf,97,ANSUR 1988 Army women matched to female pilot age/race (pilot summary subset),United States,military,Pilots,F,1987,biceps_circumference_flexed,"BICEPS CIRCUMFERENCE, FLEXED",cm,283.00,23.80,334,,,,A,"OCR of scanned report; female column is a demographically matched subset of the ANSUR female pool, not actual pilots; label taken from main report numbering"
ansur-1988-pilots,reports/ansur-1988/ADA241952.pdf,99,ANSUR 1988 Army women matched to female pilot age/race (pilot summary subset),United States,military,Pilots,F,1987,bideltoid_breadth,BIDELTOID BREADTH,cm,439.20,22.20,334,,,,A,"OCR of scanned report; female column is a demographically matched subset of the ANSUR female pool, not actual pilots; label taken from main report numbering"
ansur-1988-pilots,reports/ansur-1988/ADA241952.pdf,101,ANSUR 1988 Army women matched to female pilot age/race (pilot summary subset),United States,military,Pilots,F,1987,other:bimalleolar_breadth,BIMALLEOLAR BREADTH,cm,65.60,2.90,334,,,,A,"OCR of scanned report; female column is a demographically matched subset of the ANSUR female pool, not actual pilots; label taken from main report numbering"
ansur-1988-pilots,reports/ansur-1988/ADA241952.pdf,103,ANSUR 1988 Army women matched to female pilot age/race (pilot summary subset),United States,military,Pilots,F,1987,other:bispinous_breadth,BISPINOUS BREADTH,cm,233.80,18.60,334,203.40,233.50,265.10,A,"OCR of scanned report; female column is a demographically matched subset of the ANSUR female pool, not actual pilots; label taken from main report numbering"
ansur-1988-pilots,reports/ansur-1988/ADA241952.pdf,105,ANSUR 1988 Army women matched to female pilot age/race (pilot summary subset),United States,military,Pilots,F,1987,other:bitragion_chin_arc,BITRAGION CHIN ARC,cm,300.80,11.20,334,,,,A,"OCR of scanned report; female column is a demographically matched subset of the ANSUR female pool, not actual pilots; label taken from main report numbering"
ansur-1988-pilots,reports/ansur-1988/ADA241952.pdf,107,ANSUR 1988 Army women matched to female pilot age/race (pilot summary subset),United States,military,Pilots,F,1987,other:bitragion_coronal_arc,BITRAGION CORONAL ARC,cm,337.70,12.40,334,,,,A,"OCR of scanned report; female column is a demographically matched subset of the ANSUR female pool, not actual pilots; label taken from main report numbering"
ansur-1988-pilots,reports/ansur-1988/ADA241952.pdf,109,ANSUR 1988 Army women matched to female pilot age/race (pilot summary subset),United States,military,Pilots,F,1987,other:bitragion_crinion_arc,BITRAGION CRINION ARC,cm,310.40,10.50,,,,,A,"OCR of scanned report; female column is a demographically matched subset of the ANSUR female pool, not actual pilots; label taken from main report numbering"
ansur-1988-pilots,reports/ansur-1988/ADA241952.pdf,111,ANSUR 1988 Army women matched to female pilot age/race (pilot summary subset),United States,military,Pilots,F,1987,other:bitragion_frontal_arc,BITRAGION FRONTAL ARC,cm,288.50,9.70,,,,,A,"OCR of scanned report; female column is a demographically matched subset of the ANSUR female pool, not actual pilots; label taken from main report numbering"
ansur-1988-pilots,reports/ansur-1988/ADA241952.pdf,113,ANSUR 1988 Army women matched to female pilot age/race (pilot summary subset),United States,military,Pilots,F,1987,other:bitragion_submandibular_arc,BITRAGION SUBMANDIBULAR ARC,cm,278.00,12.80,334,,,,A,"OCR of scanned report; female column is a demographically matched subset of the ANSUR female pool, not actual pilots; label taken from main report numbering"
ansur-1988-pilots,reports/ansur-1988/ADA241952.pdf,115,ANSUR 1988 Army women matched to female pilot age/race (pilot summary subset),United States,military,Pilots,F,1987,other:bitragion_subnasale_arc,BITRAGION SUBNASALE ARC,cm,273.00,9.90,334,,,,A,"OCR of scanned report; female column is a demographically matched subset of the ANSUR female pool, not actual pilots; label taken from main report numbering"
ansur-1988-pilots,reports/ansur-1988/ADA241952.pdf,117,ANSUR 1988 Army women matched to female pilot age/race (pilot summary subset),United States,military,Pilots,F,1987,other:headboard_bizygomatic_breadth,BIZYGOMATIC BREADTH,cm,131.40,5.00,334,123.60,131.20,140.10,A,"OCR of scanned report; female column is a demographically matched subset of the ANSUR female pool, not actual pilots; label taken from main report numbering"
ansur-1988-pilots,reports/ansur-1988/ADA241952.pdf,119,ANSUR 1988 Army women matched to female pilot age/race (pilot summary subset),United States,military,Pilots,F,1987,other:bustpoint_thelion_bustpoint_thelion_breadth,BUSTPOINT/THELION-BUSTPOINT/THELION BREADTH,cm,187.00,16.60,334,,,,A,"OCR of scanned report; female column is a demographically matched subset of the ANSUR female pool, not actual pilots; label taken from main report numbering"
ansur-1988-pilots,reports/ansur-1988/ADA241952.pdf,121,ANSUR 1988 Army women matched to female pilot age/race (pilot summary subset),United States,military,Pilots,F,1987,buttock_circumference,BUTTOCK CIRCUMFERENCE,cm,989.00,61.70,334,890.20,987.30,1095.60,A,"OCR of scanned report; female column is a demographically matched subset of the ANSUR female pool, not actual pilots; label taken from main report numbering"
ansur-1988-pilots,reports/ansur-1988/ADA241952.pdf,123,ANSUR 1988 Army women matched to female pilot age/race (pilot summary subset),United States,military,Pilots,F,1987,other:buttock_depth,BUTTOCK DEPTH,cm,228.30,23.20,334,,,,A,"OCR of scanned report; female column is a demographically matched subset of the ANSUR female pool, not actual pilots; label taken from main report numbering"
ansur-1988-pilots,reports/ansur-1988/ADA241952.pdf,125,ANSUR 1988 Army women matched to female pilot age/race (pilot summary subset),United States,military,Pilots,F,1987,other:buttock_height,BUTTOCK HEIGHT,cm,857.10,29.50,,,,,A,"OCR of scanned report; female column is a demographically matched subset of the ANSUR female pool, not actual pilots; label taken from main report numbering"
ansur-1988-pilots,reports/ansur-1988/ADA241952.pdf,127,ANSUR 1988 Army women matched to female pilot age/race (pilot summary subset),United States,military,Pilots,F,1987,buttock_knee_length,BUTTOCK-KNEE LENGTH,cm,600.20,20.80,334,,,,A,"OCR of scanned report; female column is a demographically matched subset of the ANSUR female pool, not actual pilots; label taken from main report numbering"
ansur-1988-pilots,reports/ansur-1988/ADA241952.pdf,131,ANSUR 1988 Army women matched to female pilot age/race (pilot summary subset),United States,military,Pilots,F,1987,calf_circumference,CALF CIRCUMFERENCE,cm,358.80,23.90,334,319.50,359.20,396.60,A,"OCR of scanned report; female column is a demographically matched subset of the ANSUR female pool, not actual pilots; label taken from main report numbering"
ansur-1988-pilots,reports/ansur-1988/ADA241952.pdf,133,ANSUR 1988 Army women matched to female pilot age/race (pilot summary subset),United States,military,Pilots,F,1987,other:calf_height,CALF HEIGHT,cm,319.90,17.80,334,,,,A,"OCR of scanned report; female column is a demographically matched subset of the ANSUR female pool, not actual pilots; label taken from main report numbering"
ansur-1988-pilots,reports/ansur-1988/ADA241952.pdf,135,ANSUR 1988 Army women matched to female pilot age/race (pilot summary subset),United States,military,Pilots,F,1987,cervicale_height,CERVICALE HEIGHT,cm,1453.30,41.90,334,,,,A,"OCR of scanned report; female column is a demographically matched subset of the ANSUR female pool, not actual pilots; label taken from main report numbering"
ansur-1988-pilots,reports/ansur-1988/ADA241952.pdf,137,ANSUR 1988 Army women matched to female pilot age/race (pilot summary subset),United States,military,Pilots,F,1987,other:cervicale_height_sitting,"CERVICALE HEIGHT, SITTING",cm,654.50,24.60,334,,,,A,"OCR of scanned report; female column is a demographically matched subset of the ANSUR female pool, not actual pilots; label taken from main report numbering"
ansur-1988-pilots,reports/ansur-1988/ADA241952.pdf,139,ANSUR 1988 Army women matched to female pilot age/race (pilot summary subset),United States,military,Pilots,F,1987,chest_breadth,CHEST BREADTH,cm,288.20,20.10,334,,,,A,"OCR of scanned report; female column is a demographically matched subset of the ANSUR female pool, not actual pilots; label taken from main report numbering"
ansur-1988-pilots,reports/ansur-1988/ADA241952.pdf,141,ANSUR 1988 Army women matched to female pilot age/race (pilot summary subset),United States,military,Pilots,F,1987,chest_circumference,CHEST CIRCUMFERENCE,cm,924.80,68.40,334,,,,A,"OCR of scanned report; female column is a demographically matched subset of the ANSUR female pool, not actual pilots; label taken from main report numbering"
ansur-1988-pilots,reports/ansur-1988/ADA241952.pdf,143,ANSUR 1988 Army women matched to female pilot age/race (pilot summary subset),United States,military,Pilots,F,1987,other:chest_circumference_at_scye,CHEST CIRCUMFERENCE AT SCYE,cm,900.70,56.60,334,,,,A,"OCR of scanned report; female column is a demographically matched subset of the ANSUR female pool, not actual pilots; label taken from main report numbering"
ansur-1988-pilots,reports/ansur-1988/ADA241952.pdf,145,ANSUR 1988 Army women matched to female pilot age/race (pilot summary subset),United States,military,Pilots,F,1987,other:chest_circumference_below_breast,CHEST CIRCUMFERENCE BELOW BREAST,cm,790.10,54.20,334,,,,A,"OCR of scanned report; female column is a demographically matched subset of the ANSUR female pool, not actual pilots; label taken from main report numbering"
ansur-1988-pilots,reports/ansur-1988/ADA241952.pdf,147,ANSUR 1988 Army women matched to female pilot age/race (pilot summary subset),United States,military,Pilots,F,1987,chest_depth,CHEST DEPTH,cm,243.00,23.50,334,206.70,241.70,283.10,A,"OCR of scanned report; female column is a demographically matched subset of the ANSUR female pool, not actual pilots; label taken from main report numbering"
ansur-1988-pilots,reports/ansur-1988/ADA241952.pdf,149,ANSUR 1988 Army women matched to female pilot age/race (pilot summary subset),United States,military,Pilots,F,1987,other:chest_height,CHEST HEIGHT,cm,1210.90,41.70,334,,,,A,"OCR of scanned report; female column is a demographically matched subset of the ANSUR female pool, not actual pilots; label taken from main report numbering"
ansur-1988-pilots,reports/ansur-1988/ADA241952.pdf,151,ANSUR 1988 Army women matched to female pilot age/race (pilot summary subset),United States,military,Pilots,F,1987,crotch_height,CROTCH HEIGHT,cm,791.70,27.10,334,,,,A,"OCR of scanned report; female column is a demographically matched subset of the ANSUR female pool, not actual pilots; label taken from main report numbering"
ansur-1988-pilots,reports/ansur-1988/ADA241952.pdf,157,ANSUR 1988 Army women matched to female pilot age/race (pilot summary subset),United States,military,Pilots,F,1987,other:crotch_length_posterior_natural_indentation,"CROTCH LENGTH, POSTERIOR (NATURAL INDENTATION)",cm,394.30,31.40,334,,,,A,"OCR of scanned report; female column is a demographically matched subset of the ANSUR female pool, not actual pilots; label taken from main report numbering"
ansur-1988-pilots,reports/ansur-1988/ADA241952.pdf,159,ANSUR 1988 Army women matched to female pilot age/race (pilot summary subset),United States,military,Pilots,F,1987,other:crotch_length_posterior_omphalion,"CROTCH LENGTH, POSTERIOR (OMPHALION)",cm,316.30,24.60,334,,,,A,"OCR of scanned report; female column is a demographically matched subset of the ANSUR female pool, not actual pilots; label taken from main report numbering"
ansur-1988-pilots,reports/ansur-1988/ADA241952.pdf,163,ANSUR 1988 Army women matched to female pilot age/race (pilot summary subset),United States,military,Pilots,F,1987,ear_length,EAR LENGTH,cm,61.40,3.60,334,,,,A,"OCR of scanned report; female column is a demographically matched subset of the ANSUR female pool, not actual pilots; label taken from main report numbering"
ansur-1988-pilots,reports/ansur-1988/ADA241952.pdf,167,ANSUR 1988 Army women matched to female pilot age/race (pilot summary subset),United States,military,Pilots,F,1987,other:ear_protrusion,EAR PROTRUSION,cm,22.20,3.20,334,,,,A,"OCR of scanned report; female column is a demographically matched subset of the ANSUR female pool, not actual pilots; label taken from main report numbering"
ansur-1988-pilots,reports/ansur-1988/ADA241952.pdf,169,ANSUR 1988 Army women matched to female pilot age/race (pilot summary subset),United States,military,Pilots,F,1987,other:elbow_circumference,ELBOW CIRCUMFERENCE,cm,242.00,13.00,334,221.80,241.10,264.80,A,"OCR of scanned report; female column is a demographically matched subset of the ANSUR female pool, not actual pilots; label taken from main report numbering"
ansur-1988-pilots,reports/ansur-1988/ADA241952.pdf,171,ANSUR 1988 Army women matched to female pilot age/race (pilot summary subset),United States,military,Pilots,F,1987,elbow_rest_height,ELBOW REST HEIGHT,cm,232.60,22.50,334,,,,A,"OCR of scanned report; female column is a demographically matched subset of the ANSUR female pool, not actual pilots; label taken from main report numbering"
ansur-1988-pilots,reports/ansur-1988/ADA241952.pdf,173,ANSUR 1988 Army women matched to female pilot age/race (pilot summary subset),United States,military,Pilots,F,1987,eye_height_sitting,"EYE HEIGHT, SITTING",cm,768.50,27.00,334,722.80,769.30,811.80,A,"OCR of scanned report; female column is a demographically matched subset of the ANSUR female pool, not actual pilots; label taken from main report numbering"
ansur-1988-pilots,reports/ansur-1988/ADA241952.pdf,179,ANSUR 1988 Army women matched to female pilot age/race (pilot summary subset),United States,military,Pilots,F,1987,forearm_circumference_flexed,"FOREARM CIRCUMFERENCE, FLEXED",cm,254.60,15.00,,,,,A,"OCR of scanned report; female column is a demographically matched subset of the ANSUR female pool, not actual pilots; label taken from main report numbering"
ansur-1988-pilots,reports/ansur-1988/ADA241952.pdf,183,ANSUR 1988 Army women matched to female pilot age/race (pilot summary subset),United States,military,Pilots,F,1987,other:forearm_hand_length,FOREARM-HAND LENGTH,cm,449.10,14.10,334,,,,A,"OCR of scanned report; female column is a demographically matched subset of the ANSUR female pool, not actual pilots; label taken from main report numbering"
ansur-1988-pilots,reports/ansur-1988/ADA241952.pdf,185,ANSUR 1988 Army women matched to female pilot age/race (pilot summary subset),United States,military,Pilots,F,1987,other:functional_leg_length,FUNCTIONAL LEG LENGTH,cm,1038.00,32.70,334,,,,A,"OCR of scanned report; female column is a demographically matched subset of the ANSUR female pool, not actual pilots; label taken from main report numbering"
ansur-1988-pilots,reports/ansur-1988/ADA241952.pdf,187,ANSUR 1988 Army women matched to female pilot age/race (pilot summary subset),United States,military,Pilots,F,1987,other:gluteal_furrow_height,GLUTEAL FURROW HEIGHT,cm,763.50,28.50,334,724.00,760.00,816.90,A,"OCR of scanned report; female column is a demographically matched subset of the ANSUR female pool, not actual pilots; label taken from main report numbering"
ansur-1988-pilots,reports/ansur-1988/ADA241952.pdf,189,ANSUR 1988 Army women matched to female pilot age/race (pilot summary subset),United States,military,Pilots,F,1987,hand_breadth,HAND BREADTH,cm,80.40,3.50,334,,,,A,"OCR of scanned report; female column is a demographically matched subset of the ANSUR female pool, not actual pilots; label taken from main report numbering"
ansur-1988-pilots,reports/ansur-1988/ADA241952.pdf,191,ANSUR 1988 Army women matched to female pilot age/race (pilot summary subset),United States,military,Pilots,F,1987,hand_circumference,HAND CIRCUMFERENCE,cm,188.20,7.80,,176.00,187.90,201.30,A,"OCR of scanned report; female column is a demographically matched subset of the ANSUR female pool, not actual pilots; label taken from main report numbering"
ansur-1988-pilots,reports/ansur-1988/ADA241952.pdf,193,ANSUR 1988 Army women matched to female pilot age/race (pilot summary subset),United States,military,Pilots,F,1987,hand_length,HAND LENGTH,cm,182.50,7.10,334,,,,A,"OCR of scanned report; female column is a demographically matched subset of the ANSUR female pool, not actual pilots; label taken from main report numbering"
ansur-1988-pilots,reports/ansur-1988/ADA241952.pdf,195,ANSUR 1988 Army women matched to female pilot age/race (pilot summary subset),United States,military,Pilots,F,1987,head_breadth,HEAD BREADTH,cm,145.10,4.80,334,,,,A,"OCR of scanned report; female column is a demographically matched subset of the ANSUR female pool, not actual pilots; label taken from main report numbering"
ansur-1988-pilots,reports/ansur-1988/ADA241952.pdf,197,ANSUR 1988 Army women matched to female pilot age/race (pilot summary subset),United States,military,Pilots,F,1987,other:head_circumference,HEAD CIRCUMFERENCE,cm,547.90,13.30,334,,,,A,"OCR of scanned report; female column is a demographically matched subset of the ANSUR female pool, not actual pilots; label taken from main report numbering"
ansur-1988-pilots,reports/ansur-1988/ADA241952.pdf,199,ANSUR 1988 Army women matched to female pilot age/race (pilot summary subset),United States,military,Pilots,F,1987,head_length,HEAD LENGTH,cm,188.20,6.40,334,,,,A,"OCR of scanned report; female column is a demographically matched subset of the ANSUR female pool, not actual pilots; label taken from main report numbering"
ansur-1988-pilots,reports/ansur-1988/ADA241952.pdf,203,ANSUR 1988 Army women matched to female pilot age/race (pilot summary subset),United States,military,Pilots,F,1987,other:heel_breadth,HEEL BREADTH,cm,62.00,3.70,334,,,,A,"OCR of scanned report; female column is a demographically matched subset of the ANSUR female pool, not actual pilots; label taken from main report numbering"
ansur-1988-pilots,reports/ansur-1988/ADA241952.pdf,207,ANSUR 1988 Army women matched to female pilot age/race (pilot summary subset),United States,military,Pilots,F,1987,hip_breadth_sitting,"HIP BREADTH, SITTING",cm,397.80,27.50,334,354.80,396.50,445.90,A,"OCR of scanned report; female column is a demographically matched subset of the ANSUR female pool, not actual pilots; label taken from main report numbering"
ansur-1988-pilots,reports/ansur-1988/ADA241952.pdf,209,ANSUR 1988 Army women matched to female pilot age/race (pilot summary subset),United States,military,Pilots,F,1987,iliocristale_height,ILIOCRISTALF HEIGHT,cm,1020.40,31.90,334,,,,A,"OCR of scanned report; female column is a demographically matched subset of the ANSUR female pool, not actual pilots; label taken from main report numbering"
ansur-1988-pilots,reports/ansur-1988/ADA241952.pdf,211,ANSUR 1988 Army women matched to female pilot age/race (pilot summary subset),United States,military,Pilots,F,1987,interpupillary_breadth,INTERPUPILLARY BREADTH,cm,61.20,3.00,334,,,,A,"OCR of scanned report; female column is a demographically matched subset of the ANSUR female pool, not actual pilots; label taken from main report numbering"
ansur-1988-pilots,reports/ansur-1988/ADA241952.pdf,213,ANSUR 1988 Army women matched to female pilot age/race (pilot summary subset),United States,military,Pilots,F,1987,other:interscye_i,INTERSCYE I,cm,357.80,27.10,334,,,,A,"OCR of scanned report; female column is a demographically matched subset of the ANSUR female pool, not actual pilots; label taken from main report numbering"
ansur-1988-pilots,reports/ansur-1988/ADA241952.pdf,215,ANSUR 1988 Army women matched to female pilot age/race (pilot summary subset),United States,military,Pilots,F,1987,other:interscye_ii,INTERSCYE II,cm,382.90,24.00,,345.30,382.10,423.30,A,"OCR of scanned report; female column is a demographically matched subset of the ANSUR female pool, not actual pilots; label taken from main report numbering"
ansur-1988-pilots,reports/ansur-1988/ADA241952.pdf,219,ANSUR 1988 Army women matched to female pilot age/race (pilot summary subset),United States,military,Pilots,F,1987,other:knee_height_midpatella,"KNEE HEIGHT, MIDPATELLA",cm,471.60,16.80,334,,,,A,"OCR of scanned report; female column is a demographically matched subset of the ANSUR female pool, not actual pilots; label taken from main report numbering"
ansur-1988-pilots,reports/ansur-1988/ADA241952.pdf,221,ANSUR 1988 Army women matched to female pilot age/race (pilot summary subset),United States,military,Pilots,F,1987,knee_height_sitting,"KNEE HEIGHT, SITING",cm,528.30,17.30,334,,,,A,"OCR of scanned report; female column is a demographically matched subset of the ANSUR female pool, not actual pilots; label taken from main report numbering"
ansur-1988-pilots,reports/ansur-1988/ADA241952.pdf,223,ANSUR 1988 Army women matched to female pilot age/race (pilot summary subset),United States,military,Pilots,F,1987,other:lateral_femoral_epicondyle_height,LATERAL FEMORAL EPICONDYLE HEIGHT,cm,473.00,16.20,334,,,,A,"OCR of scanned report; female column is a demographically matched subset of the ANSUR female pool, not actual pilots; label taken from main report numbering"
ansur-1988-pilots,reports/ansur-1988/ADA241952.pdf,227,ANSUR 1988 Army women matched to female pilot age/race (pilot summary subset),United States,military,Pilots,F,1987,other:lower_thigh_circumference,LOWER THIGH CIRCUMFERENCE,cm,382.10,27.80,334,,,,A,"OCR of scanned report; female column is a demographically matched subset of the ANSUR female pool, not actual pilots; label taken from main report numbering"
ansur-1988-pilots,reports/ansur-1988/ADA241952.pdf,229,ANSUR 1988 Army women matched to female pilot age/race (pilot summary subset),United States,military,Pilots,F,1987,other:headboard_menton_sellion_length,MENTON-SELLION LENGTH,cm,114.60,6.10,334,,,,A,"OCR of scanned report; female column is a demographically matched subset of the ANSUR female pool, not actual pilots; label taken from main report numbering"
ansur-1988-pilots,reports/ansur-1988/ADA241952.pdf,231,ANSUR 1988 Army women matched to female pilot age/race (pilot summary subset),United States,military,Pilots,F,1987,other:midshoulder_height_sitting,"MIDSHOULDER HEIGHT, SITTING",cm,606.50,22.80,334,,,,A,"OCR of scanned report; female column is a demographically matched subset of the ANSUR female pool, not actual pilots; label taken from main report numbering"
ansur-1988-pilots,reports/ansur-1988/ADA241952.pdf,233,ANSUR 1988 Army women matched to female pilot age/race (pilot summary subset),United States,military,Pilots,F,1987,other:neck_bustpoint_thelion_length,NECK-BUSTPOINT/THELION LENGTH,cm,273.80,22.80,334,,,,A,"OCR of scanned report; female column is a demographically matched subset of the ANSUR female pool, not actual pilots; label taken from main report numbering"
ansur-1988-pilots,reports/ansur-1988/ADA241952.pdf,235,ANSUR 1988 Army women matched to female pilot age/race (pilot summary subset),United States,military,Pilots,F,1987,neck_circumference,NECK CIRCUMFERENCE,cm,317.40,16.00,334,,,,A,"OCR of scanned report; female column is a demographically matched subset of the ANSUR female pool, not actual pilots; label taken from main report numbering"
ansur-1988-pilots,reports/ansur-1988/ADA241952.pdf,237,ANSUR 1988 Army women matched to female pilot age/race (pilot summary subset),United States,military,Pilots,F,1987,neck_circumference_base,"NECK CIRCUMFERENCE, BASE",cm,349.60,15.80,334,,,,A,"OCR of scanned report; female column is a demographically matched subset of the ANSUR female pool, not actual pilots; label taken from main report numbering"
ansur-1988-pilots,reports/ansur-1988/ADA241952.pdf,239,ANSUR 1988 Army women matched to female pilot age/race (pilot summary subset),United States,military,Pilots,F,1987,other:neck_height_lateral,"NECK HEIGHT, LATERAL",cm,1440.70,40.50,334,,,,A,"OCR of scanned report; female column is a demographically matched subset of the ANSUR female pool, not actual pilots; label taken from main report numbering"
ansur-1988-pilots,reports/ansur-1988/ADA241952.pdf,243,ANSUR 1988 Army women matched to female pilot age/race (pilot summary subset),United States,military,Pilots,F,1987,other:overhead_fingertip_reach_extended,"OVERHEAD FINGERTIP REACH, EXTENDED",cm,2216.40,62.20,334,,,,A,"OCR of scanned report; female column is a demographically matched subset of the ANSUR female pool, not actual pilots; label taken from main report numbering"
ansur-1988-pilots,reports/ansur-1988/ADA241952.pdf,245,ANSUR 1988 Army women matched to female pilot age/race (pilot summary subset),United States,military,Pilots,F,1987,other:overhead_fingertip_reach_sitting,"OVERHEAD FINGERTIP REACH, SITTING",cm,1362.60,41.00,334,,,,A,"OCR of scanned report; female column is a demographically matched subset of the ANSUR female pool, not actual pilots; label taken from main report numbering"
ansur-1988-pilots,reports/ansur-1988/ADA241952.pdf,247,ANSUR 1988 Army women matched to female pilot age/race (pilot summary subset),United States,military,Pilots,F,1987,popliteal_height,POPLITEAL HEIGHT,cm,400.60,16.20,334,,,,A,"OCR of scanned report; female column is a demographically matched subset of the ANSUR female pool, not actual pilots; label taken from main report numbering"
ansur-1988-pilots,reports/ansur-1988/ADA241952.pdf,251,ANSUR 1988 Army women matched to female pilot age/race (pilot summary subset),United States,military,Pilots,F,1987,other:scye_circumference,SCYE CIRCUMFERENCE,cm,380.20,23.00,334,344.60,378.30,421.80,A,"OCR of scanned report; female column is a demographically matched subset of the ANSUR female pool, not actual pilots; label taken from main report numbering"
ansur-1988-pilots,reports/ansur-1988/ADA241952.pdf,253,ANSUR 1988 Army women matched to female pilot age/race (pilot summary subset),United States,military,Pilots,F,1987,other:scye_depth,SCYE DEPTh,cm,192.30,14.60,334,,,,A,"OCR of scanned report; female column is a demographically matched subset of the ANSUR female pool, not actual pilots; label taken from main report numbering"
ansur-1988-pilots,reports/ansur-1988/ADA241952.pdf,255,ANSUR 1988 Army women matched to female pilot age/race (pilot summary subset),United States,military,Pilots,F,1987,shoulder_circumference,SHOULDER CIRCUMFERENCE,cm,1041.20,52.20,334,961.30,1038.00,1131.50,A,"OCR of scanned report; female column is a demographically matched subset of the ANSUR female pool, not actual pilots; label taken from main report numbering"
ansur-1988-pilots,reports/ansur-1988/ADA241952.pdf,257,ANSUR 1988 Army women matched to female pilot age/race (pilot summary subset),United States,military,Pilots,F,1987,shoulder_elbow_length,SHOUIDER-ELBOW LENGTH,cm,346.20,11.90,334,,,,A,"OCR of scanned report; female column is a demographically matched subset of the ANSUR female pool, not actual pilots; label taken from main report numbering"
ansur-1988-pilots,reports/ansur-1988/ADA241952.pdf,259,ANSUR 1988 Army women matched to female pilot age/race (pilot summary subset),United States,military,Pilots,F,1987,shoulder_length,SHOULDER LENGTH,cm,146.90,10.90,334,,,,A,"OCR of scanned report; female column is a demographically matched subset of the ANSUR female pool, not actual pilots; label taken from main report numbering"
ansur-1988-pilots,reports/ansur-1988/ADA241952.pdf,261,ANSUR 1988 Army women matched to female pilot age/race (pilot summary subset),United States,military,Pilots,F,1987,sitting_height,SITTING HEIGHT,cm,882.80,28.00,,,,,A,"OCR of scanned report; female column is a demographically matched subset of the ANSUR female pool, not actual pilots; label taken from main report numbering"
ansur-1988-pilots,reports/ansur-1988/ADA241952.pdf,263,ANSUR 1988 Army women matched to female pilot age/race (pilot summary subset),United States,military,Pilots,F,1987,other:sleeve_length_spine_elbow,SLEEVE LENGTH: SPINE-ELBOW,cm,553.10,19.20,334,,,,A,"OCR of scanned report; female column is a demographically matched subset of the ANSUR female pool, not actual pilots; label taken from main report numbering"
ansur-1988-pilots,reports/ansur-1988/ADA241952.pdf,265,ANSUR 1988 Army women matched to female pilot age/race (pilot summary subset),United States,military,Pilots,F,1987,other:sleeve_length_spine_scye,SLEEVE LENGTH: SPINE-SCYE,cm,213.10,12.90,334,191.80,213.60,234.00,A,"OCR of scanned report; female column is a demographically matched subset of the ANSUR female pool, not actual pilots; label taken from main report numbering"
ansur-1988-pilots,reports/ansur-1988/ADA241952.pdf,267,ANSUR 1988 Army women matched to female pilot age/race (pilot summary subset),United States,military,Pilots,F,1987,other:sleeve_length_spine_wrist,SLEEVE LENGTH: SPINE-WRIST,cm,825.70,24.50,334,,,,A,"OCR of scanned report; female column is a demographically matched subset of the ANSUR female pool, not actual pilots; label taken from main report numbering"
ansur-1988-pilots,reports/ansur-1988/ADA241952.pdf,269,ANSUR 1988 Army women matched to female pilot age/race (pilot summary subset),United States,military,Pilots,F,1987,sleeve_outseam,SLEEVE OUTSEAM,cm,560.90,19.40,,,,,A,"OCR of scanned report; female column is a demographically matched subset of the ANSUR female pool, not actual pilots; label taken from main report numbering"
ansur-1988-pilots,reports/ansur-1988/ADA241952.pdf,271,ANSUR 1988 Army women matched to female pilot age/race (pilot summary subset),United States,military,Pilots,F,1987,span,SPAN,cm,1707.60,48.30,334,1645.50,1698.00,1800.80,A,"OCR of scanned report; female column is a demographically matched subset of the ANSUR female pool, not actual pilots; label taken from main report numbering"
ansur-1988-pilots,reports/ansur-1988/ADA241952.pdf,273,ANSUR 1988 Army women matched to female pilot age/race (pilot summary subset),United States,military,Pilots,F,1987,stature,STATURE,cm,1680.20,45.20,334,1611.70,1676.40,1759.50,A,"OCR of scanned report; female column is a demographically matched subset of the ANSUR female pool, not actual pilots; label taken from main report numbering"
ansur-1988-pilots,reports/ansur-1988/ADA241952.pdf,275,ANSUR 1988 Army women matched to female pilot age/race (pilot summary subset),United States,military,Pilots,F,1987,other:strap_length,STRAP LENGTH,cm,692.80,46.80,334,,,,A,"OCR of scanned report; female column is a demographically matched subset of the ANSUR female pool, not actual pilots; label taken from main report numbering"
ansur-1988-pilots,reports/ansur-1988/ADA241952.pdf,277,ANSUR 1988 Army women matched to female pilot age/race (pilot summary subset),United States,military,Pilots,F,1987,suprasternale_height,SUPRASTERNALE HEIGHT,cm,1370.30,39.30,334,,,,A,"OCR of scanned report; female column is a demographically matched subset of the ANSUR female pool, not actual pilots; label taken from main report numbering"
ansur-1988-pilots,reports/ansur-1988/ADA241952.pdf,279,ANSUR 1988 Army women matched to female pilot age/race (pilot summary subset),United States,military,Pilots,F,1987,other:tenth_rib_height,TENTH RIB HEIGHT,cm,1073.10,34.50,334,,,,A,"OCR of scanned report; female column is a demographically matched subset of the ANSUR female pool, not actual pilots; label taken from main report numbering"
ansur-1988-pilots,reports/ansur-1988/ADA241952.pdf,281,ANSUR 1988 Army women matched to female pilot age/race (pilot summary subset),United States,military,Pilots,F,1987,thigh_circumference,THIGH CIRCUMFERENCE,cm,587.50,45.70,334,,,,A,"OCR of scanned report; female column is a demographically matched subset of the ANSUR female pool, not actual pilots; label taken from main report numbering"
ansur-1988-pilots,reports/ansur-1988/ADA241952.pdf,283,ANSUR 1988 Army women matched to female pilot age/race (pilot summary subset),United States,military,Pilots,F,1987,thigh_clearance,THIGH CLEARANCE,cm,159.50,12.60,334,140.50,158.60,181.60,A,"OCR of scanned report; female column is a demographically matched subset of the ANSUR female pool, not actual pilots; label taken from main report numbering"
ansur-1988-pilots,reports/ansur-1988/ADA241952.pdf,285,ANSUR 1988 Army women matched to female pilot age/race (pilot summary subset),United States,military,Pilots,F,1987,other:thumb_breadth,THUMB BREADTH,cm,20.80,1.10,334,,,,A,"OCR of scanned report; female column is a demographically matched subset of the ANSUR female pool, not actual pilots; label taken from main report numbering"
ansur-1988-pilots,reports/ansur-1988/ADA241952.pdf,303,ANSUR 1988 Army women matched to female pilot age/race (pilot summary subset),United States,military,Pilots,F,1987,waist_circumference,WAIST CIRCUMFERENCE (OMPHALION),cm,816.50,89.70,,,,,A,"OCR of scanned report; female column is a demographically matched subset of the ANSUR female pool, not actual pilots; label taken from main report numbering"
ansur-1988-pilots,reports/ansur-1988/ADA241952.pdf,305,ANSUR 1988 Army women matched to female pilot age/race (pilot summary subset),United States,military,Pilots,F,1987,other:waist_depth,WAIST DEPTH,cm,206.90,27.00,334,,,,A,"OCR of scanned report; female column is a demographically matched subset of the ANSUR female pool, not actual pilots; label taken from main report numbering"
ansur-1988-pilots,reports/ansur-1988/ADA241952.pdf,307,ANSUR 1988 Army women matched to female pilot age/race (pilot summary subset),United States,military,Pilots,F,1987,other:waist_front_length_natural_indentation,WAIST FRONT LENGTH (NATURAL INDENTATION),cm,324.00,22.20,334,,,,A,"OCR of scanned report; female column is a demographically matched subset of the ANSUR female pool, not actual pilots; label taken from main report numbering"
ansur-1988-pilots,reports/ansur-1988/ADA241952.pdf,309,ANSUR 1988 Army women matched to female pilot age/race (pilot summary subset),United States,military,Pilots,F,1987,other:waist_front_length_omphalion,WAIST FRONT LENGTH (OMPHALION),cm,402.80,22.40,334,,,,A,"OCR of scanned report; female column is a demographically matched subset of the ANSUR female pool, not actual pilots; label taken from main report numbering"
ansur-1988-pilots,reports/ansur-1988/ADA241952.pdf,315,ANSUR 1988 Army women matched to female pilot age/race (pilot summary subset),United States,military,Pilots,F,1987,other:waist_height_sitting_natural_indentation,"WAIST HEIGHT, SITTING (NATURAL INDENTATION)",cm,289.70,20.70,334,,,,A,"OCR of scanned report; female column is a demographically matched subset of the ANSUR female pool, not actual pilots; label taken from main report numbering"
ansur-1988-pilots,reports/ansur-1988/ADA241952.pdf,319,ANSUR 1988 Army women matched to female pilot age/race (pilot summary subset),United States,military,Pilots,F,1987,other:waist_hip_length,WAIST-HIP LENGTH,cm,160.50,20.10,334,,,,A,"OCR of scanned report; female column is a demographically matched subset of the ANSUR female pool, not actual pilots; label taken from main report numbering"
ansur-1988-pilots,reports/ansur-1988/ADA241952.pdf,321,ANSUR 1988 Army women matched to female pilot age/race (pilot summary subset),United States,military,Pilots,F,1987,other:waist_natural_indentation_waist_omphalion_length,WAIST (NATURAL INDENTATION)-WAIST (OMPHALION) LENGTH,cm,76.00,21.50,,,,,A,"OCR of scanned report; female column is a demographically matched subset of the ANSUR female pool, not actual pilots; label taken from main report numbering"
ansur-1988-pilots,reports/ansur-1988/ADA241952.pdf,323,ANSUR 1988 Army women matched to female pilot age/race (pilot summary subset),United States,military,Pilots,F,1987,mass,WEIGHT,kg,65.51,8.54,334,,,,A,"OCR of scanned report; female column is a demographically matched subset of the ANSUR female pool, not actual pilots; label taken from main report numbering"
ansur-1988-pilots,reports/ansur-1988/ADA241952.pdf,325,ANSUR 1988 Army women matched to female pilot age/race (pilot summary subset),United States,military,Pilots,F,1987,other:wrist_center_of_grip_length,WRIST-CENTER OF GRIP LENGTH,cm,67.00,5.00,334,,,,A,"OCR of scanned report; female column is a demographically matched subset of the ANSUR female pool, not actual pilots; label taken from main report numbering"
ansur-1988-pilots,reports/ansur-1988/ADA241952.pdf,329,ANSUR 1988 Army women matched to female pilot age/race (pilot summary subset),United States,military,Pilots,F,1987,other:wrist_height,WRIST HEIGHT,cm,820.00,32.60,334,,,,A,"OCR of scanned report; female column is a demographically matched subset of the ANSUR female pool, not actual pilots; label taken from main report numbering"
ansur-1988-pilots,reports/ansur-1988/ADA241952.pdf,331,ANSUR 1988 Army women matched to female pilot age/race (pilot summary subset),United States,military,Pilots,F,1987,other:wrist_height_sitting,"WRIST HEIGHT, SITTING",cm,481.30,25.80,,,,,A,"OCR of scanned report; female column is a demographically matched subset of the ANSUR female pool, not actual pilots; label taken from main report numbering"
ansur-1988-pilots,reports/ansur-1988/ADA241952.pdf,333,ANSUR 1988 Army women matched to female pilot age/race (pilot summary subset),United States,military,Pilots,F,1987,other:wrist_index_finger_length,WRIST-INDEX FINGER LENGTH,cm,171.90,6.60,334,,,,A,"OCR of scanned report; female column is a demographically matched subset of the ANSUR female pool, not actual pilots; label taken from main report numbering"
ansur-1988-pilots,reports/ansur-1988/ADA241952.pdf,335,ANSUR 1988 Army women matched to female pilot age/race (pilot summary subset),United States,military,Pilots,F,1987,other:wrist_tiumebtip_length,WRIST-TIUMEBTIP LENGTH,cm,119.10,5.20,334,,,,A,"OCR of scanned report; female column is a demographically matched subset of the ANSUR female pool, not actual pilots; label taken from main report numbering"
ansur-1988-pilots,reports/ansur-1988/ADA241952.pdf,337,ANSUR 1988 Army women matched to female pilot age/race (pilot summary subset),United States,military,Pilots,F,1987,other:wrist_wall_length,WRIST-WALL LENGTH,cm,633.90,23.20,334,597.70,632.70,673.90,A,"OCR of scanned report; female column is a demographically matched subset of the ANSUR female pool, not actual pilots; label taken from main report numbering"
ansur-1988-pilots,reports/ansur-1988/ADA241952.pdf,339,ANSUR 1988 Army women matched to female pilot age/race (pilot summary subset),United States,military,Pilots,F,1987,other:wrist_wall_length_extended,"WRIST-WALL LENGTH, EXTENDED",cm,695.10,24.30,,656.90,694.50,735.30,A,"OCR of scanned report; female column is a demographically matched subset of the ANSUR female pool, not actual pilots; label taken from main report numbering"
