source_id,source_file,page,population,country,population_type,service_role,sex,year_start,measure_key,measure_label,unit_original,mean,sd,n,p5,p50,p95,quality,notes,origin,survey_group,is_primary
ansur-1988,data/ansur-1988/,,ANSUR 1988,United States,military,Army,M,1987,stature,Stature,mm,1755.81,66.81,1774,1649.0,1755.5,1868.0,A,computed from the individual-level data in this repository,computed,ansur-1988,1
ansur-1988,data/ansur-1988/,,ANSUR 1988,United States,military,Army,M,1987,mass,Body mass,kg,78.49,11.11,1774,61.87,77.7,98.73,A,computed from the individual-level data in this repository,computed,ansur-1988,1
ansur-1988,data/ansur-1988/,,ANSUR 1988,United States,military,Army,M,1987,bmi,Body mass index,kg/m²,25.42,3.0,1774,20.8,25.3,30.48,A,computed from the individual-level data in this repository,computed,ansur-1988,1
ansur-1988,data/ansur-1988/,,ANSUR 1988,United States,military,Army,M,1987,cervicale_height,Cervicale height,mm,1519.39,62.76,1774,1420.0,1518.0,1622.0,A,computed from the individual-level data in this repository,computed,ansur-1988,1
ansur-1988,data/ansur-1988/,,ANSUR 1988,United States,military,Army,M,1987,acromion_height,Acromion height,mm,1442.51,62.02,1774,1342.0,1442.0,1545.35,A,computed from the individual-level data in this repository,computed,ansur-1988,1
ansur-1988,data/ansur-1988/,,ANSUR 1988,United States,military,Army,M,1987,suprasternale_height,Suprasternale height,mm,1438.38,59.29,1774,1344.0,1436.0,1535.35,A,computed from the individual-level data in this repository,computed,ansur-1988,1
ansur-1988,data/ansur-1988/,,ANSUR 1988,United States,military,Army,M,1987,iliocristale_height,Iliocristale height,mm,1073.36,51.37,1774,992.65,1072.0,1158.0,A,computed from the individual-level data in this repository,computed,ansur-1988,1
ansur-1988,data/ansur-1988/,,ANSUR 1988,United States,military,Army,M,1987,trochanterion_height,Trochanterion height,mm,928.27,47.72,1774,854.0,926.0,1008.35,A,computed from the individual-level data in this repository,computed,ansur-1988,1
ansur-1988,data/ansur-1988/,,ANSUR 1988,United States,military,Army,M,1987,crotch_height,Crotch height,mm,837.19,46.25,1774,766.0,835.0,916.0,A,computed from the individual-level data in this repository,computed,ansur-1988,1
ansur-1988,data/ansur-1988/,,ANSUR 1988,United States,military,Army,M,1987,sitting_height,Sitting height,mm,913.93,35.58,1774,855.0,914.0,972.0,A,computed from the individual-level data in this repository,computed,ansur-1988,1
ansur-1988,data/ansur-1988/,,ANSUR 1988,United States,military,Army,M,1987,eye_height_sitting,Eye height (sitting),mm,791.97,34.21,1774,737.0,792.0,848.0,A,computed from the individual-level data in this repository,computed,ansur-1988,1
ansur-1988,data/ansur-1988/,,ANSUR 1988,United States,military,Army,M,1987,acromion_height_sitting,Acromion height (sitting),mm,597.76,29.59,1774,549.0,598.0,646.0,A,computed from the individual-level data in this repository,computed,ansur-1988,1
ansur-1988,data/ansur-1988/,,ANSUR 1988,United States,military,Army,M,1987,elbow_rest_height,Elbow rest height,mm,230.57,27.19,1774,185.0,232.0,273.0,A,computed from the individual-level data in this repository,computed,ansur-1988,1
ansur-1988,data/ansur-1988/,,ANSUR 1988,United States,military,Army,M,1987,thigh_clearance,Thigh clearance,mm,168.2,12.57,1774,149.0,168.0,190.0,A,computed from the individual-level data in this repository,computed,ansur-1988,1
ansur-1988,data/ansur-1988/,,ANSUR 1988,United States,military,Army,M,1987,knee_height_sitting,Knee height (sitting),mm,558.79,27.91,1774,514.0,557.0,605.0,A,computed from the individual-level data in this repository,computed,ansur-1988,1
ansur-1988,data/ansur-1988/,,ANSUR 1988,United States,military,Army,M,1987,popliteal_height,Popliteal height,mm,434.07,24.9,1774,395.0,433.0,476.0,A,computed from the individual-level data in this repository,computed,ansur-1988,1
ansur-1988,data/ansur-1988/,,ANSUR 1988,United States,military,Army,M,1987,buttock_knee_length,Buttock-knee length,mm,616.41,29.87,1774,568.0,615.0,668.0,A,computed from the individual-level data in this repository,computed,ansur-1988,1
ansur-1988,data/ansur-1988/,,ANSUR 1988,United States,military,Army,M,1987,buttock_popliteal_length,Buttock-popliteal length,mm,500.39,26.6,1774,458.0,500.0,546.35,A,computed from the individual-level data in this repository,computed,ansur-1988,1
ansur-1988,data/ansur-1988/,,ANSUR 1988,United States,military,Army,M,1987,abdominal_depth_sitting,Abdominal extension depth (sitting),mm,239.08,28.28,1774,199.0,236.0,290.0,A,computed from the individual-level data in this repository,computed,ansur-1988,1
ansur-1988,data/ansur-1988/,,ANSUR 1988,United States,military,Army,M,1987,hip_breadth_sitting,Hip breadth (sitting),mm,366.76,25.18,1774,329.0,365.0,412.0,A,computed from the individual-level data in this repository,computed,ansur-1988,1
ansur-1988,data/ansur-1988/,,ANSUR 1988,United States,military,Army,M,1987,biacromial_breadth,Biacromial breadth,mm,396.97,17.96,1774,367.65,397.0,427.0,A,computed from the individual-level data in this repository,computed,ansur-1988,1
ansur-1988,data/ansur-1988/,,ANSUR 1988,United States,military,Army,M,1987,bideltoid_breadth,Bideltoid breadth,mm,491.76,25.93,1774,450.0,491.0,534.35,A,computed from the individual-level data in this repository,computed,ansur-1988,1
ansur-1988,data/ansur-1988/,,ANSUR 1988,United States,military,Army,M,1987,forearm_forearm_breadth,Forearm-forearm breadth,mm,546.06,43.64,1774,478.0,545.0,621.0,A,computed from the individual-level data in this repository,computed,ansur-1988,1
ansur-1988,data/ansur-1988/,,ANSUR 1988,United States,military,Army,M,1987,chest_breadth,Chest breadth,mm,321.49,25.55,1774,284.0,320.0,366.0,A,computed from the individual-level data in this repository,computed,ansur-1988,1
ansur-1988,data/ansur-1988/,,ANSUR 1988,United States,military,Army,M,1987,chest_depth,Chest depth,mm,243.22,21.47,1774,210.0,242.0,281.0,A,computed from the individual-level data in this repository,computed,ansur-1988,1
ansur-1988,data/ansur-1988/,,ANSUR 1988,United States,military,Army,M,1987,chest_circumference,Chest circumference,mm,991.37,69.06,1774,886.0,986.0,1114.35,A,computed from the individual-level data in this repository,computed,ansur-1988,1
ansur-1988,data/ansur-1988/,,ANSUR 1988,United States,military,Army,M,1987,waist_circumference,Waist circumference (omphalion),mm,862.42,86.4,1774,735.65,856.0,1015.0,A,computed from the individual-level data in this repository,computed,ansur-1988,1
ansur-1988,data/ansur-1988/,,ANSUR 1988,United States,military,Army,M,1987,buttock_circumference,Buttock circumference,mm,983.67,62.18,1774,890.0,982.0,1087.0,A,computed from the individual-level data in this repository,computed,ansur-1988,1
ansur-1988,data/ansur-1988/,,ANSUR 1988,United States,military,Army,M,1987,neck_circumference,Neck circumference,mm,379.57,19.69,1774,349.0,378.0,413.0,A,computed from the individual-level data in this repository,computed,ansur-1988,1
ansur-1988,data/ansur-1988/,,ANSUR 1988,United States,military,Army,M,1987,neck_circumference_base,Neck circumference (base),mm,408.37,20.5,1774,375.0,408.0,443.0,A,computed from the individual-level data in this repository,computed,ansur-1988,1
ansur-1988,data/ansur-1988/,,ANSUR 1988,United States,military,Army,M,1987,shoulder_circumference,Shoulder circumference,mm,1175.18,60.39,1774,1079.0,1174.0,1277.0,A,computed from the individual-level data in this repository,computed,ansur-1988,1
ansur-1988,data/ansur-1988/,,ANSUR 1988,United States,military,Army,M,1987,biceps_circumference_flexed,Biceps circumference (flexed),mm,337.47,27.11,1774,296.0,335.0,382.0,A,computed from the individual-level data in this repository,computed,ansur-1988,1
ansur-1988,data/ansur-1988/,,ANSUR 1988,United States,military,Army,M,1987,forearm_circumference_flexed,Forearm circumference (flexed),mm,303.46,18.76,1774,275.0,302.0,335.0,A,computed from the individual-level data in this repository,computed,ansur-1988,1
ansur-1988,data/ansur-1988/,,ANSUR 1988,United States,military,Army,M,1987,wrist_circumference,Wrist circumference,mm,174.21,8.31,1774,162.0,174.0,188.35,A,computed from the individual-level data in this repository,computed,ansur-1988,1
ansur-1988,data/ansur-1988/,,ANSUR 1988,United States,military,Army,M,1987,thigh_circumference,Thigh circumference,mm,596.51,49.28,1774,518.0,596.0,678.0,A,computed from the individual-level data in this repository,computed,ansur-1988,1
ansur-1988,data/ansur-1988/,,ANSUR 1988,United States,military,Army,M,1987,calf_circumference,Calf circumference,mm,378.06,25.44,1774,337.0,378.0,420.0,A,computed from the individual-level data in this repository,computed,ansur-1988,1
ansur-1988,data/ansur-1988/,,ANSUR 1988,United States,military,Army,M,1987,ankle_circumference,Ankle circumference,mm,221.7,13.04,1774,200.0,222.0,243.0,A,computed from the individual-level data in this repository,computed,ansur-1988,1
ansur-1988,data/ansur-1988/,,ANSUR 1988,United States,military,Army,M,1987,vertical_trunk_circumference,Vertical trunk circumference,mm,1631.8,78.09,1774,1507.0,1630.0,1763.0,A,computed from the individual-level data in this repository,computed,ansur-1988,1
ansur-1988,data/ansur-1988/,,ANSUR 1988,United States,military,Army,M,1987,shoulder_elbow_length,Shoulder-elbow length,mm,369.04,17.93,1774,340.0,368.0,399.0,A,computed from the individual-level data in this repository,computed,ansur-1988,1
ansur-1988,data/ansur-1988/,,ANSUR 1988,United States,military,Army,M,1987,acromion_radiale_length,Acromion-radiale length,mm,340.81,17.16,1774,313.0,340.0,370.0,A,computed from the individual-level data in this repository,computed,ansur-1988,1
ansur-1988,data/ansur-1988/,,ANSUR 1988,United States,military,Army,M,1987,radiale_stylion_length,Radiale-stylion length,mm,269.85,15.66,1774,245.0,269.0,297.0,A,computed from the individual-level data in this repository,computed,ansur-1988,1
ansur-1988,data/ansur-1988/,,ANSUR 1988,United States,military,Army,M,1987,sleeve_outseam,Sleeve outseam,mm,601.52,30.69,1774,552.0,601.0,652.0,A,computed from the individual-level data in this repository,computed,ansur-1988,1
ansur-1988,data/ansur-1988/,,ANSUR 1988,United States,military,Army,M,1987,shoulder_length,Shoulder length,mm,150.49,11.03,1774,133.0,150.0,169.0,A,computed from the individual-level data in this repository,computed,ansur-1988,1
ansur-1988,data/ansur-1988/,,ANSUR 1988,United States,military,Army,M,1987,thumbtip_reach,Thumb-tip reach,mm,800.85,39.17,1774,740.0,800.0,865.0,A,computed from the individual-level data in this repository,computed,ansur-1988,1
ansur-1988,data/ansur-1988/,,ANSUR 1988,United States,military,Army,M,1987,span,Span,mm,1823.06,81.97,1774,1692.0,1820.0,1961.35,A,computed from the individual-level data in this repository,computed,ansur-1988,1
ansur-1988,data/ansur-1988/,,ANSUR 1988,United States,military,Army,M,1987,hand_length,Hand length,mm,193.78,9.78,1774,179.0,193.0,210.0,A,computed from the individual-level data in this repository,computed,ansur-1988,1
ansur-1988,data/ansur-1988/,,ANSUR 1988,United States,military,Army,M,1987,hand_breadth,Hand breadth (metacarpale),mm,90.43,4.22,1774,84.0,90.0,97.0,A,computed from the individual-level data in this repository,computed,ansur-1988,1
ansur-1988,data/ansur-1988/,,ANSUR 1988,United States,military,Army,M,1987,hand_circumference,Hand circumference (metacarpale),mm,213.79,9.68,1774,198.0,213.0,230.0,A,computed from the individual-level data in this repository,computed,ansur-1988,1
ansur-1988,data/ansur-1988/,,ANSUR 1988,United States,military,Army,M,1987,foot_length,Foot length,mm,269.68,13.1,1774,249.0,269.0,292.0,A,computed from the individual-level data in this repository,computed,ansur-1988,1
ansur-1988,data/ansur-1988/,,ANSUR 1988,United States,military,Army,M,1987,foot_breadth,Foot breadth,mm,100.62,5.26,1774,92.0,100.0,110.0,A,computed from the individual-level data in this repository,computed,ansur-1988,1
ansur-1988,data/ansur-1988/,,ANSUR 1988,United States,military,Army,M,1987,head_circumference,Head circumference,mm,567.66,15.36,1774,543.0,567.0,593.0,A,computed from the individual-level data in this repository,computed,ansur-1988,1
ansur-1988,data/ansur-1988/,,ANSUR 1988,United States,military,Army,M,1987,head_length,Head length,mm,197.11,7.06,1774,185.0,197.0,208.35,A,computed from the individual-level data in this repository,computed,ansur-1988,1
ansur-1988,data/ansur-1988/,,ANSUR 1988,United States,military,Army,M,1987,head_breadth,Head breadth,mm,151.68,5.4,1774,143.0,152.0,161.0,A,computed from the individual-level data in this repository,computed,ansur-1988,1
ansur-1988,data/ansur-1988/,,ANSUR 1988,United States,military,Army,M,1987,bizygomatic_breadth,Bizygomatic breadth,mm,140.47,5.6,1774,132.0,140.0,150.0,A,computed from the individual-level data in this repository,computed,ansur-1988,1
ansur-1988,data/ansur-1988/,,ANSUR 1988,United States,military,Army,M,1987,menton_sellion_length,Menton-sellion (face) length,mm,121.91,6.49,1774,112.0,122.0,133.0,A,computed from the individual-level data in this repository,computed,ansur-1988,1
ansur-1988,data/ansur-1988/,,ANSUR 1988,United States,military,Army,M,1987,interpupillary_breadth,Interpupillary breadth,mm,64.67,3.71,1771,59.0,65.0,71.0,A,computed from the individual-level data in this repository,computed,ansur-1988,1
ansur-1988,data/ansur-1988/,,ANSUR 1988,United States,military,Army,M,1987,ear_length,Ear length,mm,64.67,4.3,1774,58.0,65.0,72.0,A,computed from the individual-level data in this repository,computed,ansur-1988,1
ansur-1988,data/ansur-1988/,,ANSUR 1988,United States,military,Army,F,1987,stature,Stature,mm,1629.37,63.6,2208,1529.0,1628.0,1737.0,A,computed from the individual-level data in this repository,computed,ansur-1988,1
ansur-1988,data/ansur-1988/,,ANSUR 1988,United States,military,Army,F,1987,mass,Body mass,kg,62.01,8.35,2208,49.7,61.3,77.4,A,computed from the individual-level data in this repository,computed,ansur-1988,1
ansur-1988,data/ansur-1988/,,ANSUR 1988,United States,military,Army,F,1987,bmi,Body mass index,kg/m²,23.34,2.65,2208,19.27,23.15,28.05,A,computed from the individual-level data in this repository,computed,ansur-1988,1
ansur-1988,data/ansur-1988/,,ANSUR 1988,United States,military,Army,F,1987,cervicale_height,Cervicale height,mm,1407.96,59.23,2208,1315.0,1406.0,1507.65,A,computed from the individual-level data in this repository,computed,ansur-1988,1
ansur-1988,data/ansur-1988/,,ANSUR 1988,United States,military,Army,F,1987,acromion_height,Acromion height,mm,1333.56,57.9,2208,1244.0,1332.0,1430.0,A,computed from the individual-level data in this repository,computed,ansur-1988,1
ansur-1988,data/ansur-1988/,,ANSUR 1988,United States,military,Army,F,1987,suprasternale_height,Suprasternale height,mm,1330.31,56.0,2208,1241.0,1329.0,1425.0,A,computed from the individual-level data in this repository,computed,ansur-1988,1
ansur-1988,data/ansur-1988/,,ANSUR 1988,United States,military,Army,F,1987,iliocristale_height,Iliocristale height,mm,988.82,48.24,2208,912.0,987.0,1068.65,A,computed from the individual-level data in this repository,computed,ansur-1988,1
ansur-1988,data/ansur-1988/,,ANSUR 1988,United States,military,Army,F,1987,trochanterion_height,Trochanterion height,mm,861.59,45.24,2208,791.0,860.0,937.0,A,computed from the individual-level data in this repository,computed,ansur-1988,1
ansur-1988,data/ansur-1988/,,ANSUR 1988,United States,military,Army,F,1987,crotch_height,Crotch height,mm,771.35,44.14,2208,702.0,770.5,845.0,A,computed from the individual-level data in this repository,computed,ansur-1988,1
ansur-1988,data/ansur-1988/,,ANSUR 1988,United States,military,Army,F,1987,sitting_height,Sitting height,mm,851.96,34.9,2208,795.35,851.0,911.0,A,computed from the individual-level data in this repository,computed,ansur-1988,1
ansur-1988,data/ansur-1988/,,ANSUR 1988,United States,military,Army,F,1987,eye_height_sitting,Eye height (sitting),mm,738.71,33.25,2208,685.0,737.0,795.0,A,computed from the individual-level data in this repository,computed,ansur-1988,1
ansur-1988,data/ansur-1988/,,ANSUR 1988,United States,military,Army,F,1987,acromion_height_sitting,Acromion height (sitting),mm,555.53,28.65,2208,510.0,555.0,604.0,A,computed from the individual-level data in this repository,computed,ansur-1988,1
ansur-1988,data/ansur-1988/,,ANSUR 1988,United States,military,Army,F,1987,elbow_rest_height,Elbow rest height,mm,220.52,26.8,2208,176.0,221.0,263.65,A,computed from the individual-level data in this repository,computed,ansur-1988,1
ansur-1988,data/ansur-1988/,,ANSUR 1988,United States,military,Army,F,1987,thigh_clearance,Thigh clearance,mm,158.94,12.09,2208,140.0,158.0,180.0,A,computed from the individual-level data in this repository,computed,ansur-1988,1
ansur-1988,data/ansur-1988/,,ANSUR 1988,United States,military,Army,F,1987,knee_height_sitting,Knee height (sitting),mm,515.41,26.33,2208,474.0,515.0,560.65,A,computed from the individual-level data in this repository,computed,ansur-1988,1
ansur-1988,data/ansur-1988/,,ANSUR 1988,United States,military,Army,F,1987,popliteal_height,Popliteal height,mm,389.4,23.74,2208,352.0,389.0,429.0,A,computed from the individual-level data in this repository,computed,ansur-1988,1
ansur-1988,data/ansur-1988/,,ANSUR 1988,United States,military,Army,F,1987,buttock_knee_length,Buttock-knee length,mm,588.93,29.63,2208,543.0,587.0,639.65,A,computed from the individual-level data in this repository,computed,ansur-1988,1
ansur-1988,data/ansur-1988/,,ANSUR 1988,United States,military,Army,F,1987,buttock_popliteal_length,Buttock-popliteal length,mm,481.66,26.62,2208,440.35,480.5,528.0,A,computed from the individual-level data in this repository,computed,ansur-1988,1
ansur-1988,data/ansur-1988/,,ANSUR 1988,United States,military,Army,F,1987,abdominal_depth_sitting,Abdominal extension depth (sitting),mm,222.34,26.35,2208,185.0,219.0,271.0,A,computed from the individual-level data in this repository,computed,ansur-1988,1
ansur-1988,data/ansur-1988/,,ANSUR 1988,United States,military,Army,F,1987,hip_breadth_sitting,Hip breadth (sitting),mm,384.49,27.25,2208,343.0,383.0,432.0,A,computed from the individual-level data in this repository,computed,ansur-1988,1
ansur-1988,data/ansur-1988/,,ANSUR 1988,United States,military,Army,F,1987,biacromial_breadth,Biacromial breadth,mm,362.61,17.41,2208,333.0,363.0,390.0,A,computed from the individual-level data in this repository,computed,ansur-1988,1
ansur-1988,data/ansur-1988/,,ANSUR 1988,United States,military,Army,F,1987,bideltoid_breadth,Bideltoid breadth,mm,432.6,22.63,2208,397.0,431.0,471.0,A,computed from the individual-level data in this repository,computed,ansur-1988,1
ansur-1988,data/ansur-1988/,,ANSUR 1988,United States,military,Army,F,1987,forearm_forearm_breadth,Forearm-forearm breadth,mm,468.46,34.67,2208,415.0,466.0,528.0,A,computed from the individual-level data in this repository,computed,ansur-1988,1
ansur-1988,data/ansur-1988/,,ANSUR 1988,United States,military,Army,F,1987,chest_breadth,Chest breadth,mm,279.63,19.71,2208,250.35,278.0,314.0,A,computed from the individual-level data in this repository,computed,ansur-1988,1
ansur-1988,data/ansur-1988/,,ANSUR 1988,United States,military,Army,F,1987,chest_depth,Chest depth,mm,239.42,21.09,2208,208.0,237.5,277.65,A,computed from the individual-level data in this repository,computed,ansur-1988,1
ansur-1988,data/ansur-1988/,,ANSUR 1988,United States,military,Army,F,1987,chest_circumference,Chest circumference,mm,907.08,63.52,2208,814.35,901.0,1022.0,A,computed from the individual-level data in this repository,computed,ansur-1988,1
ansur-1988,data/ansur-1988/,,ANSUR 1988,United States,military,Army,F,1987,waist_circumference,Waist circumference (omphalion),mm,791.88,82.72,2208,675.0,781.5,945.65,A,computed from the individual-level data in this repository,computed,ansur-1988,1
ansur-1988,data/ansur-1988/,,ANSUR 1988,United States,military,Army,F,1987,buttock_circumference,Buttock circumference,mm,966.89,60.18,2208,873.0,964.0,1067.65,A,computed from the individual-level data in this repository,computed,ansur-1988,1
ansur-1988,data/ansur-1988/,,ANSUR 1988,United States,military,Army,F,1987,neck_circumference,Neck circumference,mm,315.7,15.29,2208,292.0,315.0,343.0,A,computed from the individual-level data in this repository,computed,ansur-1988,1
ansur-1988,data/ansur-1988/,,ANSUR 1988,United States,military,Army,F,1987,neck_circumference_base,Neck circumference (base),mm,346.17,16.33,2208,320.0,345.5,374.0,A,computed from the individual-level data in this repository,computed,ansur-1988,1
ansur-1988,data/ansur-1988/,,ANSUR 1988,United States,military,Army,F,1987,shoulder_circumference,Shoulder circumference,mm,1026.88,52.17,2208,946.0,1023.0,1118.0,A,computed from the individual-level data in this repository,computed,ansur-1988,1
ansur-1988,data/ansur-1988/,,ANSUR 1988,United States,military,Army,F,1987,biceps_circumference_flexed,Biceps circumference (flexed),mm,281.33,22.7,2208,246.0,280.0,322.0,A,computed from the individual-level data in this repository,computed,ansur-1988,1
ansur-1988,data/ansur-1988/,,ANSUR 1988,United States,military,Army,F,1987,forearm_circumference_flexed,Forearm circumference (flexed),mm,253.74,15.07,2208,230.0,253.0,279.0,A,computed from the individual-level data in this repository,computed,ansur-1988,1
ansur-1988,data/ansur-1988/,,ANSUR 1988,United States,military,Army,F,1987,wrist_circumference,Wrist circumference,mm,151.23,6.88,2208,140.0,151.0,163.0,A,computed from the individual-level data in this repository,computed,ansur-1988,1
ansur-1988,data/ansur-1988/,,ANSUR 1988,United States,military,Army,F,1987,thigh_circumference,Thigh circumference,mm,580.27,45.05,2208,508.35,578.5,657.0,A,computed from the individual-level data in this repository,computed,ansur-1988,1
ansur-1988,data/ansur-1988/,,ANSUR 1988,United States,military,Army,F,1987,calf_circumference,Calf circumference,mm,352.38,23.16,2208,315.0,353.0,391.0,A,computed from the individual-level data in this repository,computed,ansur-1988,1
ansur-1988,data/ansur-1988/,,ANSUR 1988,United States,military,Army,F,1987,ankle_circumference,Ankle circumference,mm,205.33,12.06,2208,186.0,205.0,225.0,A,computed from the individual-level data in this repository,computed,ansur-1988,1
ansur-1988,data/ansur-1988/,,ANSUR 1988,United States,military,Army,F,1987,vertical_trunk_circumference,Vertical trunk circumference,mm,1530.19,69.2,2208,1419.0,1529.0,1648.65,A,computed from the individual-level data in this repository,computed,ansur-1988,1
ansur-1988,data/ansur-1988/,,ANSUR 1988,United States,military,Army,F,1987,shoulder_elbow_length,Shoulder-elbow length,mm,335.76,17.4,2208,307.35,335.0,366.0,A,computed from the individual-level data in this repository,computed,ansur-1988,1
ansur-1988,data/ansur-1988/,,ANSUR 1988,United States,military,Army,F,1987,acromion_radiale_length,Acromion-radiale length,mm,311.88,16.68,2208,285.0,311.0,340.0,A,computed from the individual-level data in this repository,computed,ansur-1988,1
ansur-1988,data/ansur-1988/,,ANSUR 1988,United States,military,Army,F,1987,radiale_stylion_length,Radiale-stylion length,mm,243.44,15.45,2208,220.0,243.0,269.0,A,computed from the individual-level data in this repository,computed,ansur-1988,1
ansur-1988,data/ansur-1988/,,ANSUR 1988,United States,military,Army,F,1987,sleeve_outseam,Sleeve outseam,mm,547.18,30.25,2208,501.0,546.0,597.65,A,computed from the individual-level data in this repository,computed,ansur-1988,1
ansur-1988,data/ansur-1988/,,ANSUR 1988,United States,military,Army,F,1987,shoulder_length,Shoulder length,mm,144.65,10.83,2208,127.0,145.0,162.0,A,computed from the individual-level data in this repository,computed,ansur-1988,1
ansur-1988,data/ansur-1988/,,ANSUR 1988,United States,military,Army,F,1987,thumbtip_reach,Thumb-tip reach,mm,734.61,36.45,2208,677.0,733.0,795.65,A,computed from the individual-level data in this repository,computed,ansur-1988,1
ansur-1988,data/ansur-1988/,,ANSUR 1988,United States,military,Army,F,1987,span,Span,mm,1671.9,81.28,2208,1546.0,1670.0,1805.0,A,computed from the individual-level data in this repository,computed,ansur-1988,1
ansur-1988,data/ansur-1988/,,ANSUR 1988,United States,military,Army,F,1987,hand_length,Hand length,mm,180.46,9.68,2208,165.0,180.0,197.0,A,computed from the individual-level data in this repository,computed,ansur-1988,1
ansur-1988,data/ansur-1988/,,ANSUR 1988,United States,military,Army,F,1987,hand_breadth,Hand breadth (metacarpale),mm,79.41,3.75,2208,73.0,79.0,86.0,A,computed from the individual-level data in this repository,computed,ansur-1988,1
ansur-1988,data/ansur-1988/,,ANSUR 1988,United States,military,Army,F,1987,hand_circumference,Hand circumference (metacarpale),mm,186.15,8.45,2208,173.0,186.0,200.0,A,computed from the individual-level data in this repository,computed,ansur-1988,1
ansur-1988,data/ansur-1988/,,ANSUR 1988,United States,military,Army,F,1987,foot_length,Foot length,mm,244.38,12.22,2208,224.0,244.0,265.0,A,computed from the individual-level data in this repository,computed,ansur-1988,1
ansur-1988,data/ansur-1988/,,ANSUR 1988,United States,military,Army,F,1987,foot_breadth,Foot breadth,mm,89.67,4.93,2208,82.0,90.0,98.0,A,computed from the individual-level data in this repository,computed,ansur-1988,1
ansur-1988,data/ansur-1988/,,ANSUR 1988,United States,military,Army,F,1987,head_circumference,Head circumference,mm,546.23,14.65,2208,523.0,545.0,570.0,A,computed from the individual-level data in this repository,computed,ansur-1988,1
ansur-1988,data/ansur-1988/,,ANSUR 1988,United States,military,Army,F,1987,head_length,Head length,mm,187.22,6.41,2208,176.0,187.0,197.0,A,computed from the individual-level data in this repository,computed,ansur-1988,1
ansur-1988,data/ansur-1988/,,ANSUR 1988,United States,military,Army,F,1987,head_breadth,Head breadth,mm,144.44,4.94,2208,137.0,144.0,153.0,A,computed from the individual-level data in this repository,computed,ansur-1988,1
ansur-1988,data/ansur-1988/,,ANSUR 1988,United States,military,Army,F,1987,bizygomatic_breadth,Bizygomatic breadth,mm,131.3,5.04,2208,123.0,131.0,140.0,A,computed from the individual-level data in this repository,computed,ansur-1988,1
ansur-1988,data/ansur-1988/,,ANSUR 1988,United States,military,Army,F,1987,menton_sellion_length,Menton-sellion (face) length,mm,113.46,5.96,2208,104.0,113.0,123.0,A,computed from the individual-level data in this repository,computed,ansur-1988,1
ansur-1988,data/ansur-1988/,,ANSUR 1988,United States,military,Army,F,1987,interpupillary_breadth,Interpupillary breadth,mm,62.31,3.6,2205,57.0,62.0,69.0,A,computed from the individual-level data in this repository,computed,ansur-1988,1
ansur-1988,data/ansur-1988/,,ANSUR 1988,United States,military,Army,F,1987,ear_length,Ear length,mm,59.77,3.76,2208,54.0,60.0,66.0,A,computed from the individual-level data in this repository,computed,ansur-1988,1
ansur-ii-2012,data/ansur-ii-2012/,,ANSUR II 2012,United States,military,Army,M,2010,stature,Stature,mm,1756.21,68.55,4082,1648.0,1755.0,1870.0,A,computed from the individual-level data in this repository,computed,ansur-ii-2012,1
ansur-ii-2012,data/ansur-ii-2012/,,ANSUR II 2012,United States,military,Army,M,2010,mass,Body mass,kg,85.52,14.22,4082,64.4,84.6,110.69,A,computed from the individual-level data in this repository,computed,ansur-ii-2012,1
ansur-ii-2012,data/ansur-ii-2012/,,ANSUR II 2012,United States,military,Army,M,2010,bmi,Body mass index,kg/m²,27.69,4.04,4082,21.4,27.46,34.8,A,computed from the individual-level data in this repository,computed,ansur-ii-2012,1
ansur-ii-2012,data/ansur-ii-2012/,,ANSUR II 2012,United States,military,Army,M,2010,age,Age,years,30.16,8.81,4082,19.0,28.0,47.0,A,computed from the individual-level data in this repository,computed,ansur-ii-2012,1
ansur-ii-2012,data/ansur-ii-2012/,,ANSUR II 2012,United States,military,Army,M,2010,cervicale_height,Cervicale height,mm,1517.3,63.28,4082,1416.05,1517.0,1622.95,A,computed from the individual-level data in this repository,computed,ansur-ii-2012,1
ansur-ii-2012,data/ansur-ii-2012/,,ANSUR II 2012,United States,military,Army,M,2010,acromion_height,Acromion height,mm,1440.74,63.29,4082,1339.0,1439.0,1546.0,A,computed from the individual-level data in this repository,computed,ansur-ii-2012,1
ansur-ii-2012,data/ansur-ii-2012/,,ANSUR II 2012,United States,military,Army,M,2010,suprasternale_height,Suprasternale height,mm,1438.59,61.25,4082,1341.0,1437.0,1540.0,A,computed from the individual-level data in this repository,computed,ansur-ii-2012,1
ansur-ii-2012,data/ansur-ii-2012/,,ANSUR II 2012,United States,military,Army,M,2010,iliocristale_height,Iliocristale height,mm,1061.63,52.02,4082,977.0,1061.0,1148.0,A,computed from the individual-level data in this repository,computed,ansur-ii-2012,1
ansur-ii-2012,data/ansur-ii-2012/,,ANSUR II 2012,United States,military,Army,M,2010,trochanterion_height,Trochanterion height,mm,900.93,49.17,4082,824.0,899.0,985.0,A,computed from the individual-level data in this repository,computed,ansur-ii-2012,1
ansur-ii-2012,data/ansur-ii-2012/,,ANSUR II 2012,United States,military,Army,M,2010,crotch_height,Crotch height,mm,845.93,46.5,4082,771.0,845.0,925.0,A,computed from the individual-level data in this repository,computed,ansur-ii-2012,1
ansur-ii-2012,data/ansur-ii-2012/,,ANSUR II 2012,United States,military,Army,M,2010,sitting_height,Sitting height,mm,918.29,35.7,4082,860.0,918.0,977.0,A,computed from the individual-level data in this repository,computed,ansur-ii-2012,1
ansur-ii-2012,data/ansur-ii-2012/,,ANSUR II 2012,United States,military,Army,M,2010,eye_height_sitting,Eye height (sitting),mm,804.51,33.16,4082,750.0,804.0,860.0,A,computed from the individual-level data in this repository,computed,ansur-ii-2012,1
ansur-ii-2012,data/ansur-ii-2012/,,ANSUR II 2012,United States,military,Army,M,2010,elbow_rest_height,Elbow rest height,mm,245.04,28.65,4082,197.0,246.0,291.0,A,computed from the individual-level data in this repository,computed,ansur-ii-2012,1
ansur-ii-2012,data/ansur-ii-2012/,,ANSUR II 2012,United States,military,Army,M,2010,thigh_clearance,Thigh clearance,mm,180.46,15.59,4082,157.0,180.0,207.0,A,computed from the individual-level data in this repository,computed,ansur-ii-2012,1
ansur-ii-2012,data/ansur-ii-2012/,,ANSUR II 2012,United States,military,Army,M,2010,knee_height_sitting,Knee height (sitting),mm,554.16,27.95,4082,509.0,553.0,602.0,A,computed from the individual-level data in this repository,computed,ansur-ii-2012,1
ansur-ii-2012,data/ansur-ii-2012/,,ANSUR II 2012,United States,military,Army,M,2010,popliteal_height,Popliteal height,mm,429.8,24.82,4082,390.0,430.0,471.0,A,computed from the individual-level data in this repository,computed,ansur-ii-2012,1
ansur-ii-2012,data/ansur-ii-2012/,,ANSUR II 2012,United States,military,Army,M,2010,buttock_knee_length,Buttock-knee length,mm,617.95,30.59,4082,569.0,617.0,669.0,A,computed from the individual-level data in this repository,computed,ansur-ii-2012,1
ansur-ii-2012,data/ansur-ii-2012/,,ANSUR II 2012,United States,military,Army,M,2010,buttock_popliteal_length,Buttock-popliteal length,mm,502.92,27.43,4082,459.0,502.0,548.0,A,computed from the individual-level data in this repository,computed,ansur-ii-2012,1
ansur-ii-2012,data/ansur-ii-2012/,,ANSUR II 2012,United States,military,Army,M,2010,abdominal_depth_sitting,Abdominal extension depth (sitting),mm,254.65,37.33,4082,200.0,251.0,320.0,A,computed from the individual-level data in this repository,computed,ansur-ii-2012,1
ansur-ii-2012,data/ansur-ii-2012/,,ANSUR II 2012,United States,military,Army,M,2010,hip_breadth_sitting,Hip breadth (sitting),mm,379.3,30.21,4082,333.0,378.0,431.0,A,computed from the individual-level data in this repository,computed,ansur-ii-2012,1
ansur-ii-2012,data/ansur-ii-2012/,,ANSUR II 2012,United States,military,Army,M,2010,biacromial_breadth,Biacromial breadth,mm,415.68,19.16,4082,384.0,415.0,447.0,A,computed from the individual-level data in this repository,computed,ansur-ii-2012,1
ansur-ii-2012,data/ansur-ii-2012/,,ANSUR II 2012,United States,military,Army,M,2010,bideltoid_breadth,Bideltoid breadth,mm,510.42,32.51,4082,459.0,509.0,567.0,A,computed from the individual-level data in this repository,computed,ansur-ii-2012,1
ansur-ii-2012,data/ansur-ii-2012/,,ANSUR II 2012,United States,military,Army,M,2010,forearm_forearm_breadth,Forearm-forearm breadth,mm,579.93,50.93,4082,497.05,579.0,666.95,A,computed from the individual-level data in this repository,computed,ansur-ii-2012,1
ansur-ii-2012,data/ansur-ii-2012/,,ANSUR II 2012,United States,military,Army,M,2010,chest_breadth,Chest breadth,mm,289.44,18.28,4082,261.0,289.0,320.0,A,computed from the individual-level data in this repository,computed,ansur-ii-2012,1
ansur-ii-2012,data/ansur-ii-2012/,,ANSUR II 2012,United States,military,Army,M,2010,chest_depth,Chest depth,mm,253.85,26.25,4082,211.0,253.0,298.0,A,computed from the individual-level data in this repository,computed,ansur-ii-2012,1
ansur-ii-2012,data/ansur-ii-2012/,,ANSUR II 2012,United States,military,Army,M,2010,bicristal_breadth,Bicristal (biiliocristale) breadth,mm,275.43,17.51,4082,247.0,275.0,305.0,A,computed from the individual-level data in this repository,computed,ansur-ii-2012,1
ansur-ii-2012,data/ansur-ii-2012/,,ANSUR II 2012,United States,military,Army,M,2010,chest_circumference,Chest circumference,mm,1058.71,87.44,4082,922.0,1056.0,1207.0,A,computed from the individual-level data in this repository,computed,ansur-ii-2012,1
ansur-ii-2012,data/ansur-ii-2012/,,ANSUR II 2012,United States,military,Army,M,2010,waist_circumference,Waist circumference (omphalion),mm,940.58,111.71,4082,768.0,937.0,1130.95,A,computed from the individual-level data in this repository,computed,ansur-ii-2012,1
ansur-ii-2012,data/ansur-ii-2012/,,ANSUR II 2012,United States,military,Army,M,2010,buttock_circumference,Buttock circumference,mm,1019.52,76.68,4082,899.0,1017.0,1149.0,A,computed from the individual-level data in this repository,computed,ansur-ii-2012,1
ansur-ii-2012,data/ansur-ii-2012/,,ANSUR II 2012,United States,military,Army,M,2010,neck_circumference,Neck circumference,mm,397.65,25.78,4082,360.0,395.0,443.0,A,computed from the individual-level data in this repository,computed,ansur-ii-2012,1
ansur-ii-2012,data/ansur-ii-2012/,,ANSUR II 2012,United States,military,Army,M,2010,neck_circumference_base,Neck circumference (base),mm,434.6,25.67,4082,395.0,433.0,479.0,A,computed from the individual-level data in this repository,computed,ansur-ii-2012,1
ansur-ii-2012,data/ansur-ii-2012/,,ANSUR II 2012,United States,military,Army,M,2010,shoulder_circumference,Shoulder circumference,mm,1178.59,63.59,4082,1080.0,1176.0,1288.0,A,computed from the individual-level data in this repository,computed,ansur-ii-2012,1
ansur-ii-2012,data/ansur-ii-2012/,,ANSUR II 2012,United States,military,Army,M,2010,biceps_circumference_flexed,Biceps circumference (flexed),mm,358.14,34.62,4082,303.0,357.0,418.0,A,computed from the individual-level data in this repository,computed,ansur-ii-2012,1
ansur-ii-2012,data/ansur-ii-2012/,,ANSUR II 2012,United States,military,Army,M,2010,forearm_circumference_flexed,Forearm circumference (flexed),mm,310.06,21.99,4082,275.0,310.0,347.95,A,computed from the individual-level data in this repository,computed,ansur-ii-2012,1
ansur-ii-2012,data/ansur-ii-2012/,,ANSUR II 2012,United States,military,Army,M,2010,wrist_circumference,Wrist circumference,mm,175.92,8.96,4082,162.0,176.0,191.0,A,computed from the individual-level data in this repository,computed,ansur-ii-2012,1
ansur-ii-2012,data/ansur-ii-2012/,,ANSUR II 2012,United States,military,Army,M,2010,thigh_circumference,Thigh circumference,mm,625.14,58.45,4082,532.0,624.0,723.0,A,computed from the individual-level data in this repository,computed,ansur-ii-2012,1
ansur-ii-2012,data/ansur-ii-2012/,,ANSUR II 2012,United States,military,Army,M,2010,calf_circumference,Calf circumference,mm,392.26,29.71,4082,346.0,392.0,443.0,A,computed from the individual-level data in this repository,computed,ansur-ii-2012,1
ansur-ii-2012,data/ansur-ii-2012/,,ANSUR II 2012,United States,military,Army,M,2010,ankle_circumference,Ankle circumference,mm,229.34,14.65,4082,206.0,228.0,254.0,A,computed from the individual-level data in this repository,computed,ansur-ii-2012,1
ansur-ii-2012,data/ansur-ii-2012/,,ANSUR II 2012,United States,military,Army,M,2010,vertical_trunk_circumference,Vertical trunk circumference,mm,1664.8,89.53,4082,1519.0,1664.0,1814.0,A,computed from the individual-level data in this repository,computed,ansur-ii-2012,1
ansur-ii-2012,data/ansur-ii-2012/,,ANSUR II 2012,United States,military,Army,M,2010,shoulder_elbow_length,Shoulder-elbow length,mm,363.71,18.2,4082,334.0,363.0,394.0,A,computed from the individual-level data in this repository,computed,ansur-ii-2012,1
ansur-ii-2012,data/ansur-ii-2012/,,ANSUR II 2012,United States,military,Army,M,2010,acromion_radiale_length,Acromion-radiale length,mm,335.24,17.48,4082,307.0,335.0,365.0,A,computed from the individual-level data in this repository,computed,ansur-ii-2012,1
ansur-ii-2012,data/ansur-ii-2012/,,ANSUR II 2012,United States,military,Army,M,2010,radiale_stylion_length,Radiale-stylion length,mm,267.88,15.42,4082,244.0,267.0,295.0,A,computed from the individual-level data in this repository,computed,ansur-ii-2012,1
ansur-ii-2012,data/ansur-ii-2012/,,ANSUR II 2012,United States,military,Army,M,2010,sleeve_outseam,Sleeve outseam,mm,593.12,30.82,4082,545.0,592.0,645.0,A,computed from the individual-level data in this repository,computed,ansur-ii-2012,1
ansur-ii-2012,data/ansur-ii-2012/,,ANSUR II 2012,United States,military,Army,M,2010,shoulder_length,Shoulder length,mm,149.78,10.51,4082,133.0,150.0,167.0,A,computed from the individual-level data in this repository,computed,ansur-ii-2012,1
ansur-ii-2012,data/ansur-ii-2012/,,ANSUR II 2012,United States,military,Army,M,2010,thumbtip_reach,Thumb-tip reach,mm,811.93,43.68,4082,742.0,811.0,886.0,A,computed from the individual-level data in this repository,computed,ansur-ii-2012,1
ansur-ii-2012,data/ansur-ii-2012/,,ANSUR II 2012,United States,military,Army,M,2010,span,Span,mm,1814.15,84.63,4082,1680.0,1812.0,1956.95,A,computed from the individual-level data in this repository,computed,ansur-ii-2012,1
ansur-ii-2012,data/ansur-ii-2012/,,ANSUR II 2012,United States,military,Army,M,2010,hand_length,Hand length,mm,193.28,9.95,4082,177.0,193.0,210.0,A,computed from the individual-level data in this repository,computed,ansur-ii-2012,1
ansur-ii-2012,data/ansur-ii-2012/,,ANSUR II 2012,United States,military,Army,M,2010,hand_breadth,Hand breadth (metacarpale),mm,88.26,4.39,4082,81.0,88.0,96.0,A,computed from the individual-level data in this repository,computed,ansur-ii-2012,1
ansur-ii-2012,data/ansur-ii-2012/,,ANSUR II 2012,United States,military,Army,M,2010,hand_circumference,Hand circumference (metacarpale),mm,212.28,10.24,4082,195.0,212.0,230.0,A,computed from the individual-level data in this repository,computed,ansur-ii-2012,1
ansur-ii-2012,data/ansur-ii-2012/,,ANSUR II 2012,United States,military,Army,M,2010,foot_length,Foot length,mm,271.18,13.1,4082,250.0,271.0,293.0,A,computed from the individual-level data in this repository,computed,ansur-ii-2012,1
ansur-ii-2012,data/ansur-ii-2012/,,ANSUR II 2012,United States,military,Army,M,2010,foot_breadth,Foot breadth,mm,101.86,5.23,4082,94.0,102.0,111.0,A,computed from the individual-level data in this repository,computed,ansur-ii-2012,1
ansur-ii-2012,data/ansur-ii-2012/,,ANSUR II 2012,United States,military,Army,M,2010,head_circumference,Head circumference,mm,574.37,16.05,4082,548.0,574.0,601.0,A,computed from the individual-level data in this repository,computed,ansur-ii-2012,1
ansur-ii-2012,data/ansur-ii-2012/,,ANSUR II 2012,United States,military,Army,M,2010,head_length,Head length,mm,199.5,7.02,4082,188.0,200.0,211.0,A,computed from the individual-level data in this repository,computed,ansur-ii-2012,1
ansur-ii-2012,data/ansur-ii-2012/,,ANSUR II 2012,United States,military,Army,M,2010,head_breadth,Head breadth,mm,154.33,5.53,4082,146.0,154.0,163.0,A,computed from the individual-level data in this repository,computed,ansur-ii-2012,1
ansur-ii-2012,data/ansur-ii-2012/,,ANSUR II 2012,United States,military,Army,M,2010,bizygomatic_breadth,Bizygomatic breadth,mm,142.62,6.22,4082,133.0,143.0,153.0,A,computed from the individual-level data in this repository,computed,ansur-ii-2012,1
ansur-ii-2012,data/ansur-ii-2012/,,ANSUR II 2012,United States,military,Army,M,2010,menton_sellion_length,Menton-sellion (face) length,mm,122.64,6.67,4082,112.0,123.0,134.0,A,computed from the individual-level data in this repository,computed,ansur-ii-2012,1
ansur-ii-2012,data/ansur-ii-2012/,,ANSUR II 2012,United States,military,Army,M,2010,interpupillary_breadth,Interpupillary breadth,mm,64.02,3.42,4082,58.5,64.0,70.0,A,computed from the individual-level data in this repository,computed,ansur-ii-2012,1
ansur-ii-2012,data/ansur-ii-2012/,,ANSUR II 2012,United States,military,Army,M,2010,ear_length,Ear length,mm,64.21,4.51,4082,57.0,64.0,72.0,A,computed from the individual-level data in this repository,computed,ansur-ii-2012,1
ansur-ii-2012,data/ansur-ii-2012/,,ANSUR II 2012,United States,military,Army,F,2010,stature,Stature,mm,1628.47,64.2,1986,1525.0,1626.0,1740.0,A,computed from the individual-level data in this repository,computed,ansur-ii-2012,1
ansur-ii-2012,data/ansur-ii-2012/,,ANSUR II 2012,United States,military,Army,F,2010,mass,Body mass,kg,67.76,10.98,1986,51.3,66.8,87.07,A,computed from the individual-level data in this repository,computed,ansur-ii-2012,1
ansur-ii-2012,data/ansur-ii-2012/,,ANSUR II 2012,United States,military,Army,F,2010,bmi,Body mass index,kg/m²,25.5,3.49,1986,20.26,25.27,31.66,A,computed from the individual-level data in this repository,computed,ansur-ii-2012,1
ansur-ii-2012,data/ansur-ii-2012/,,ANSUR II 2012,United States,military,Army,F,2010,age,Age,years,28.94,8.33,1986,19.0,27.0,45.0,A,computed from the individual-level data in this repository,computed,ansur-ii-2012,1
ansur-ii-2012,data/ansur-ii-2012/,,ANSUR II 2012,United States,military,Army,F,2010,cervicale_height,Cervicale height,mm,1395.67,59.52,1986,1300.25,1393.0,1498.0,A,computed from the individual-level data in this repository,computed,ansur-ii-2012,1
ansur-ii-2012,data/ansur-ii-2012/,,ANSUR II 2012,United States,military,Army,F,2010,acromion_height,Acromion height,mm,1335.1,58.08,1986,1242.0,1332.0,1433.75,A,computed from the individual-level data in this repository,computed,ansur-ii-2012,1
ansur-ii-2012,data/ansur-ii-2012/,,ANSUR II 2012,United States,military,Army,F,2010,suprasternale_height,Suprasternale height,mm,1329.69,57.18,1986,1236.25,1326.5,1427.75,A,computed from the individual-level data in this repository,computed,ansur-ii-2012,1
ansur-ii-2012,data/ansur-ii-2012/,,ANSUR II 2012,United States,military,Army,F,2010,iliocristale_height,Iliocristale height,mm,995.73,49.69,1986,918.0,993.0,1079.75,A,computed from the individual-level data in this repository,computed,ansur-ii-2012,1
ansur-ii-2012,data/ansur-ii-2012/,,ANSUR II 2012,United States,military,Army,F,2010,trochanterion_height,Trochanterion height,mm,845.35,44.68,1986,774.25,844.0,919.0,A,computed from the individual-level data in this repository,computed,ansur-ii-2012,1
ansur-ii-2012,data/ansur-ii-2012/,,ANSUR II 2012,United States,military,Army,F,2010,crotch_height,Crotch height,mm,782.32,44.64,1986,712.0,780.0,857.0,A,computed from the individual-level data in this repository,computed,ansur-ii-2012,1
ansur-ii-2012,data/ansur-ii-2012/,,ANSUR II 2012,United States,military,Army,F,2010,sitting_height,Sitting height,mm,856.63,33.05,1986,803.0,857.0,912.0,A,computed from the individual-level data in this repository,computed,ansur-ii-2012,1
ansur-ii-2012,data/ansur-ii-2012/,,ANSUR II 2012,United States,military,Army,F,2010,eye_height_sitting,Eye height (sitting),mm,747.69,30.38,1986,698.0,748.0,799.0,A,computed from the individual-level data in this repository,computed,ansur-ii-2012,1
ansur-ii-2012,data/ansur-ii-2012/,,ANSUR II 2012,United States,military,Army,F,2010,elbow_rest_height,Elbow rest height,mm,232.42,26.25,1986,189.0,233.0,275.75,A,computed from the individual-level data in this repository,computed,ansur-ii-2012,1
ansur-ii-2012,data/ansur-ii-2012/,,ANSUR II 2012,United States,military,Army,F,2010,thigh_clearance,Thigh clearance,mm,167.86,14.06,1986,145.0,167.0,191.0,A,computed from the individual-level data in this repository,computed,ansur-ii-2012,1
ansur-ii-2012,data/ansur-ii-2012/,,ANSUR II 2012,United States,military,Army,F,2010,knee_height_sitting,Knee height (sitting),mm,511.29,27.07,1986,469.25,510.0,557.0,A,computed from the individual-level data in this repository,computed,ansur-ii-2012,1
ansur-ii-2012,data/ansur-ii-2012/,,ANSUR II 2012,United States,military,Army,F,2010,popliteal_height,Popliteal height,mm,388.2,23.59,1986,350.0,387.0,428.0,A,computed from the individual-level data in this repository,computed,ansur-ii-2012,1
ansur-ii-2012,data/ansur-ii-2012/,,ANSUR II 2012,United States,military,Army,F,2010,buttock_knee_length,Buttock-knee length,mm,590.59,32.6,1986,541.0,589.0,646.0,A,computed from the individual-level data in this repository,computed,ansur-ii-2012,1
ansur-ii-2012,data/ansur-ii-2012/,,ANSUR II 2012,United States,military,Army,F,2010,buttock_popliteal_length,Buttock-popliteal length,mm,485.12,28.72,1986,441.0,483.0,535.0,A,computed from the individual-level data in this repository,computed,ansur-ii-2012,1
ansur-ii-2012,data/ansur-ii-2012/,,ANSUR II 2012,United States,military,Army,F,2010,abdominal_depth_sitting,Abdominal extension depth (sitting),mm,229.65,31.46,1986,184.0,227.0,285.0,A,computed from the individual-level data in this repository,computed,ansur-ii-2012,1
ansur-ii-2012,data/ansur-ii-2012/,,ANSUR II 2012,United States,military,Army,F,2010,hip_breadth_sitting,Hip breadth (sitting),mm,398.96,32.75,1986,348.0,397.0,456.0,A,computed from the individual-level data in this repository,computed,ansur-ii-2012,1
ansur-ii-2012,data/ansur-ii-2012/,,ANSUR II 2012,United States,military,Army,F,2010,biacromial_breadth,Biacromial breadth,mm,365.35,18.3,1986,335.0,365.0,396.0,A,computed from the individual-level data in this repository,computed,ansur-ii-2012,1
ansur-ii-2012,data/ansur-ii-2012/,,ANSUR II 2012,United States,military,Army,F,2010,bideltoid_breadth,Bideltoid breadth,mm,450.32,28.69,1986,406.0,450.0,499.0,A,computed from the individual-level data in this repository,computed,ansur-ii-2012,1
ansur-ii-2012,data/ansur-ii-2012/,,ANSUR II 2012,United States,military,Army,F,2010,forearm_forearm_breadth,Forearm-forearm breadth,mm,494.83,41.01,1986,432.0,492.0,563.75,A,computed from the individual-level data in this repository,computed,ansur-ii-2012,1
ansur-ii-2012,data/ansur-ii-2012/,,ANSUR II 2012,United States,military,Army,F,2010,chest_breadth,Chest breadth,mm,269.33,18.58,1986,241.0,268.0,302.0,A,computed from the individual-level data in this repository,computed,ansur-ii-2012,1
ansur-ii-2012,data/ansur-ii-2012/,,ANSUR II 2012,United States,military,Army,F,2010,chest_depth,Chest depth,mm,247.4,27.34,1986,205.0,245.0,295.75,A,computed from the individual-level data in this repository,computed,ansur-ii-2012,1
ansur-ii-2012,data/ansur-ii-2012/,,ANSUR II 2012,United States,military,Army,F,2010,bicristal_breadth,Bicristal (biiliocristale) breadth,mm,273.3,22.26,1986,237.0,273.0,310.0,A,computed from the individual-level data in this repository,computed,ansur-ii-2012,1
ansur-ii-2012,data/ansur-ii-2012/,,ANSUR II 2012,United States,military,Army,F,2010,chest_circumference,Chest circumference,mm,946.86,82.7,1986,824.25,940.0,1094.0,A,computed from the individual-level data in this repository,computed,ansur-ii-2012,1
ansur-ii-2012,data/ansur-ii-2012/,,ANSUR II 2012,United States,military,Army,F,2010,waist_circumference,Waist circumference (omphalion),mm,860.91,99.93,1986,710.0,852.0,1040.0,A,computed from the individual-level data in this repository,computed,ansur-ii-2012,1
ansur-ii-2012,data/ansur-ii-2012/,,ANSUR II 2012,United States,military,Army,F,2010,buttock_circumference,Buttock circumference,mm,1021.25,75.89,1986,901.25,1018.5,1155.75,A,computed from the individual-level data in this repository,computed,ansur-ii-2012,1
ansur-ii-2012,data/ansur-ii-2012/,,ANSUR II 2012,United States,military,Army,F,2010,neck_circumference,Neck circumference,mm,329.8,19.22,1986,302.0,328.0,363.0,A,computed from the individual-level data in this repository,computed,ansur-ii-2012,1
ansur-ii-2012,data/ansur-ii-2012/,,ANSUR II 2012,United States,military,Army,F,2010,neck_circumference_base,Neck circumference (base),mm,371.16,19.66,1986,340.0,370.0,405.0,A,computed from the individual-level data in this repository,computed,ansur-ii-2012,1
ansur-ii-2012,data/ansur-ii-2012/,,ANSUR II 2012,United States,military,Army,F,2010,shoulder_circumference,Shoulder circumference,mm,1028.19,52.92,1986,944.25,1027.0,1119.0,A,computed from the individual-level data in this repository,computed,ansur-ii-2012,1
ansur-ii-2012,data/ansur-ii-2012/,,ANSUR II 2012,United States,military,Army,F,2010,biceps_circumference_flexed,Biceps circumference (flexed),mm,305.58,30.76,1986,259.0,304.0,360.0,A,computed from the individual-level data in this repository,computed,ansur-ii-2012,1
ansur-ii-2012,data/ansur-ii-2012/,,ANSUR II 2012,United States,military,Army,F,2010,forearm_circumference_flexed,Forearm circumference (flexed),mm,264.08,18.52,1986,235.0,263.0,296.0,A,computed from the individual-level data in this repository,computed,ansur-ii-2012,1
ansur-ii-2012,data/ansur-ii-2012/,,ANSUR II 2012,United States,military,Army,F,2010,wrist_circumference,Wrist circumference,mm,154.79,7.83,1986,142.25,154.0,168.0,A,computed from the individual-level data in this repository,computed,ansur-ii-2012,1
ansur-ii-2012,data/ansur-ii-2012/,,ANSUR II 2012,United States,military,Army,F,2010,thigh_circumference,Thigh circumference,mm,616.15,55.81,1986,527.0,613.0,711.0,A,computed from the individual-level data in this repository,computed,ansur-ii-2012,1
ansur-ii-2012,data/ansur-ii-2012/,,ANSUR II 2012,United States,military,Army,F,2010,calf_circumference,Calf circumference,mm,373.26,28.52,1986,328.0,372.0,423.0,A,computed from the individual-level data in this repository,computed,ansur-ii-2012,1
ansur-ii-2012,data/ansur-ii-2012/,,ANSUR II 2012,United States,military,Army,F,2010,ankle_circumference,Ankle circumference,mm,215.74,14.89,1986,193.0,215.0,242.0,A,computed from the individual-level data in this repository,computed,ansur-ii-2012,1
ansur-ii-2012,data/ansur-ii-2012/,,ANSUR II 2012,United States,military,Army,F,2010,vertical_trunk_circumference,Vertical trunk circumference,mm,1559.41,75.99,1986,1440.0,1555.0,1685.0,A,computed from the individual-level data in this repository,computed,ansur-ii-2012,1
ansur-ii-2012,data/ansur-ii-2012/,,ANSUR II 2012,United States,military,Army,F,2010,shoulder_elbow_length,Shoulder-elbow length,mm,334.3,17.25,1986,307.0,334.0,363.0,A,computed from the individual-level data in this repository,computed,ansur-ii-2012,1
ansur-ii-2012,data/ansur-ii-2012/,,ANSUR II 2012,United States,military,Army,F,2010,acromion_radiale_length,Acromion-radiale length,mm,311.2,17.16,1986,283.25,311.0,340.0,A,computed from the individual-level data in this repository,computed,ansur-ii-2012,1
ansur-ii-2012,data/ansur-ii-2012/,,ANSUR II 2012,United States,military,Army,F,2010,radiale_stylion_length,Radiale-stylion length,mm,241.33,15.24,1986,218.0,240.5,268.0,A,computed from the individual-level data in this repository,computed,ansur-ii-2012,1
ansur-ii-2012,data/ansur-ii-2012/,,ANSUR II 2012,United States,military,Army,F,2010,sleeve_outseam,Sleeve outseam,mm,543.55,29.44,1986,497.0,542.0,594.0,A,computed from the individual-level data in this repository,computed,ansur-ii-2012,1
ansur-ii-2012,data/ansur-ii-2012/,,ANSUR II 2012,United States,military,Army,F,2010,shoulder_length,Shoulder length,mm,135.41,10.27,1986,120.0,135.0,153.0,A,computed from the individual-level data in this repository,computed,ansur-ii-2012,1
ansur-ii-2012,data/ansur-ii-2012/,,ANSUR II 2012,United States,military,Army,F,2010,thumbtip_reach,Thumb-tip reach,mm,744.01,42.75,1986,674.25,742.0,816.0,A,computed from the individual-level data in this repository,computed,ansur-ii-2012,1
ansur-ii-2012,data/ansur-ii-2012/,,ANSUR II 2012,United States,military,Army,F,2010,span,Span,mm,1660.29,82.97,1986,1529.0,1657.0,1802.75,A,computed from the individual-level data in this repository,computed,ansur-ii-2012,1
ansur-ii-2012,data/ansur-ii-2012/,,ANSUR II 2012,United States,military,Army,F,2010,hand_length,Hand length,mm,181.08,10.06,1986,165.0,180.0,199.0,A,computed from the individual-level data in this repository,computed,ansur-ii-2012,1
ansur-ii-2012,data/ansur-ii-2012/,,ANSUR II 2012,United States,military,Army,F,2010,hand_breadth,Hand breadth (metacarpale),mm,78.15,3.84,1986,72.0,78.0,85.0,A,computed from the individual-level data in this repository,computed,ansur-ii-2012,1
ansur-ii-2012,data/ansur-ii-2012/,,ANSUR II 2012,United States,military,Army,F,2010,hand_circumference,Hand circumference (metacarpale),mm,186.55,8.82,1986,173.0,187.0,202.0,A,computed from the individual-level data in this repository,computed,ansur-ii-2012,1
ansur-ii-2012,data/ansur-ii-2012/,,ANSUR II 2012,United States,military,Army,F,2010,foot_length,Foot length,mm,246.29,12.44,1986,226.0,246.0,267.75,A,computed from the individual-level data in this repository,computed,ansur-ii-2012,1
ansur-ii-2012,data/ansur-ii-2012/,,ANSUR II 2012,United States,military,Army,F,2010,foot_breadth,Foot breadth,mm,92.71,4.78,1986,85.0,93.0,101.0,A,computed from the individual-level data in this repository,computed,ansur-ii-2012,1
ansur-ii-2012,data/ansur-ii-2012/,,ANSUR II 2012,United States,military,Army,F,2010,head_circumference,Head circumference,mm,561.12,19.36,1986,532.0,560.0,597.0,A,computed from the individual-level data in this repository,computed,ansur-ii-2012,1
ansur-ii-2012,data/ansur-ii-2012/,,ANSUR II 2012,United States,military,Army,F,2010,head_length,Head length,mm,189.82,7.45,1986,178.0,190.0,202.0,A,computed from the individual-level data in this repository,computed,ansur-ii-2012,1
ansur-ii-2012,data/ansur-ii-2012/,,ANSUR II 2012,United States,military,Army,F,2010,head_breadth,Head breadth,mm,147.77,5.19,1986,140.0,147.0,156.0,A,computed from the individual-level data in this repository,computed,ansur-ii-2012,1
ansur-ii-2012,data/ansur-ii-2012/,,ANSUR II 2012,United States,military,Army,F,2010,bizygomatic_breadth,Bizygomatic breadth,mm,133.77,5.56,1986,125.0,134.0,143.0,A,computed from the individual-level data in this repository,computed,ansur-ii-2012,1
ansur-ii-2012,data/ansur-ii-2012/,,ANSUR II 2012,United States,military,Army,F,2010,menton_sellion_length,Menton-sellion (face) length,mm,113.09,6.09,1986,104.0,113.0,123.0,A,computed from the individual-level data in this repository,computed,ansur-ii-2012,1
ansur-ii-2012,data/ansur-ii-2012/,,ANSUR II 2012,United States,military,Army,F,2010,interpupillary_breadth,Interpupillary breadth,mm,61.71,3.62,1986,55.5,62.0,67.5,A,computed from the individual-level data in this repository,computed,ansur-ii-2012,1
ansur-ii-2012,data/ansur-ii-2012/,,ANSUR II 2012,United States,military,Army,F,2010,ear_length,Ear length,mm,59.36,3.88,1986,53.0,60.0,66.0,A,computed from the individual-level data in this repository,computed,ansur-ii-2012,1
ansur-ii-2012,data/ansur-ii-2012/,,ANSUR II 2012 - Regular Army,United States,military,Army,M,2010,stature,Stature,mm,1757.21,69.27,2120,1645.95,1755.0,1870.05,A,computed from the individual-level data in this repository,computed,ansur-ii-2012#sub - Regular Army,1
ansur-ii-2012,data/ansur-ii-2012/,,ANSUR II 2012 - Regular Army,United States,military,Army,M,2010,mass,Body mass,kg,85.16,14.24,2120,63.9,84.35,110.5,A,computed from the individual-level data in this repository,computed,ansur-ii-2012#sub - Regular Army,1
ansur-ii-2012,data/ansur-ii-2012/,,ANSUR II 2012 - Regular Army,United States,military,Army,M,2010,bmi,Body mass index,kg/m²,27.53,4.01,2120,21.08,27.44,34.33,A,computed from the individual-level data in this repository,computed,ansur-ii-2012#sub - Regular Army,1
ansur-ii-2012,data/ansur-ii-2012/,,ANSUR II 2012 - Regular Army,United States,military,Army,M,2010,age,Age,years,29.29,7.86,2120,20.0,28.0,44.0,A,computed from the individual-level data in this repository,computed,ansur-ii-2012#sub - Regular Army,1
ansur-ii-2012,data/ansur-ii-2012/,,ANSUR II 2012 - Regular Army,United States,military,Army,M,2010,cervicale_height,Cervicale height,mm,1518.53,63.71,2120,1415.95,1517.0,1625.0,A,computed from the individual-level data in this repository,computed,ansur-ii-2012#sub - Regular Army,1
ansur-ii-2012,data/ansur-ii-2012/,,ANSUR II 2012 - Regular Army,United States,military,Army,M,2010,acromion_height,Acromion height,mm,1440.84,63.75,2120,1338.95,1438.0,1548.0,A,computed from the individual-level data in this repository,computed,ansur-ii-2012#sub - Regular Army,1
ansur-ii-2012,data/ansur-ii-2012/,,ANSUR II 2012 - Regular Army,United States,military,Army,M,2010,suprasternale_height,Suprasternale height,mm,1439.53,61.76,2120,1340.0,1437.0,1543.05,A,computed from the individual-level data in this repository,computed,ansur-ii-2012#sub - Regular Army,1
ansur-ii-2012,data/ansur-ii-2012/,,ANSUR II 2012 - Regular Army,United States,military,Army,M,2010,iliocristale_height,Iliocristale height,mm,1059.47,52.29,2120,974.0,1058.0,1147.0,A,computed from the individual-level data in this repository,computed,ansur-ii-2012#sub - Regular Army,1
ansur-ii-2012,data/ansur-ii-2012/,,ANSUR II 2012 - Regular Army,United States,military,Army,M,2010,trochanterion_height,Trochanterion height,mm,905.1,49.6,2120,829.0,901.0,990.05,A,computed from the individual-level data in this repository,computed,ansur-ii-2012#sub - Regular Army,1
ansur-ii-2012,data/ansur-ii-2012/,,ANSUR II 2012 - Regular Army,United States,military,Army,M,2010,crotch_height,Crotch height,mm,848.1,46.87,2120,773.0,846.0,926.0,A,computed from the individual-level data in this repository,computed,ansur-ii-2012#sub - Regular Army,1
ansur-ii-2012,data/ansur-ii-2012/,,ANSUR II 2012 - Regular Army,United States,military,Army,M,2010,sitting_height,Sitting height,mm,918.79,36.2,2120,860.0,919.0,978.0,A,computed from the individual-level data in this repository,computed,ansur-ii-2012#sub - Regular Army,1
ansur-ii-2012,data/ansur-ii-2012/,,ANSUR II 2012 - Regular Army,United States,military,Army,M,2010,eye_height_sitting,Eye height (sitting),mm,804.88,33.52,2120,750.0,804.0,861.0,A,computed from the individual-level data in this repository,computed,ansur-ii-2012#sub - Regular Army,1
ansur-ii-2012,data/ansur-ii-2012/,,ANSUR II 2012 - Regular Army,United States,military,Army,M,2010,elbow_rest_height,Elbow rest height,mm,244.87,28.75,2120,196.0,245.0,290.0,A,computed from the individual-level data in this repository,computed,ansur-ii-2012#sub - Regular Army,1
ansur-ii-2012,data/ansur-ii-2012/,,ANSUR II 2012 - Regular Army,United States,military,Army,M,2010,thigh_clearance,Thigh clearance,mm,181.79,15.85,2120,157.95,181.0,209.0,A,computed from the individual-level data in this repository,computed,ansur-ii-2012#sub - Regular Army,1
ansur-ii-2012,data/ansur-ii-2012/,,ANSUR II 2012 - Regular Army,United States,military,Army,M,2010,knee_height_sitting,Knee height (sitting),mm,554.21,28.07,2120,508.0,553.0,603.0,A,computed from the individual-level data in this repository,computed,ansur-ii-2012#sub - Regular Army,1
ansur-ii-2012,data/ansur-ii-2012/,,ANSUR II 2012 - Regular Army,United States,military,Army,M,2010,popliteal_height,Popliteal height,mm,429.45,24.81,2120,389.0,429.0,471.0,A,computed from the individual-level data in this repository,computed,ansur-ii-2012#sub - Regular Army,1
ansur-ii-2012,data/ansur-ii-2012/,,ANSUR II 2012 - Regular Army,United States,military,Army,M,2010,buttock_knee_length,Buttock-knee length,mm,617.75,31.06,2120,569.0,616.0,669.05,A,computed from the individual-level data in this repository,computed,ansur-ii-2012#sub - Regular Army,1
ansur-ii-2012,data/ansur-ii-2012/,,ANSUR II 2012 - Regular Army,United States,military,Army,M,2010,buttock_popliteal_length,Buttock-popliteal length,mm,502.04,27.63,2120,458.0,501.0,546.0,A,computed from the individual-level data in this repository,computed,ansur-ii-2012#sub - Regular Army,1
ansur-ii-2012,data/ansur-ii-2012/,,ANSUR II 2012 - Regular Army,United States,military,Army,M,2010,abdominal_depth_sitting,Abdominal extension depth (sitting),mm,253.38,36.33,2120,198.95,250.0,315.0,A,computed from the individual-level data in this repository,computed,ansur-ii-2012#sub - Regular Army,1
ansur-ii-2012,data/ansur-ii-2012/,,ANSUR II 2012 - Regular Army,United States,military,Army,M,2010,hip_breadth_sitting,Hip breadth (sitting),mm,379.24,30.49,2120,332.0,378.0,431.0,A,computed from the individual-level data in this repository,computed,ansur-ii-2012#sub - Regular Army,1
ansur-ii-2012,data/ansur-ii-2012/,,ANSUR II 2012 - Regular Army,United States,military,Army,M,2010,biacromial_breadth,Biacromial breadth,mm,415.95,19.5,2120,384.0,415.0,448.0,A,computed from the individual-level data in this repository,computed,ansur-ii-2012#sub - Regular Army,1
ansur-ii-2012,data/ansur-ii-2012/,,ANSUR II 2012 - Regular Army,United States,military,Army,M,2010,bideltoid_breadth,Bideltoid breadth,mm,510.08,32.77,2120,458.0,509.0,567.0,A,computed from the individual-level data in this repository,computed,ansur-ii-2012#sub - Regular Army,1
ansur-ii-2012,data/ansur-ii-2012/,,ANSUR II 2012 - Regular Army,United States,military,Army,M,2010,forearm_forearm_breadth,Forearm-forearm breadth,mm,578.81,50.94,2120,498.0,578.0,664.0,A,computed from the individual-level data in this repository,computed,ansur-ii-2012#sub - Regular Army,1
ansur-ii-2012,data/ansur-ii-2012/,,ANSUR II 2012 - Regular Army,United States,military,Army,M,2010,chest_breadth,Chest breadth,mm,288.02,18.34,2120,259.0,288.0,319.0,A,computed from the individual-level data in this repository,computed,ansur-ii-2012#sub - Regular Army,1
ansur-ii-2012,data/ansur-ii-2012/,,ANSUR II 2012 - Regular Army,United States,military,Army,M,2010,chest_depth,Chest depth,mm,252.52,26.1,2120,209.0,252.0,296.0,A,computed from the individual-level data in this repository,computed,ansur-ii-2012#sub - Regular Army,1
ansur-ii-2012,data/ansur-ii-2012/,,ANSUR II 2012 - Regular Army,United States,military,Army,M,2010,bicristal_breadth,Bicristal (biiliocristale) breadth,mm,274.52,17.59,2120,247.0,274.0,305.0,A,computed from the individual-level data in this repository,computed,ansur-ii-2012#sub - Regular Army,1
ansur-ii-2012,data/ansur-ii-2012/,,ANSUR II 2012 - Regular Army,United States,military,Army,M,2010,chest_circumference,Chest circumference,mm,1056.76,86.49,2120,918.0,1054.0,1203.0,A,computed from the individual-level data in this repository,computed,ansur-ii-2012#sub - Regular Army,1
ansur-ii-2012,data/ansur-ii-2012/,,ANSUR II 2012 - Regular Army,United States,military,Army,M,2010,waist_circumference,Waist circumference (omphalion),mm,936.29,109.52,2120,761.95,933.0,1121.0,A,computed from the individual-level data in this repository,computed,ansur-ii-2012#sub - Regular Army,1
ansur-ii-2012,data/ansur-ii-2012/,,ANSUR II 2012 - Regular Army,United States,military,Army,M,2010,buttock_circumference,Buttock circumference,mm,1019.11,77.91,2120,895.0,1018.0,1153.0,A,computed from the individual-level data in this repository,computed,ansur-ii-2012#sub - Regular Army,1
ansur-ii-2012,data/ansur-ii-2012/,,ANSUR II 2012 - Regular Army,United States,military,Army,M,2010,neck_circumference,Neck circumference,mm,396.46,25.54,2120,359.0,395.0,442.0,A,computed from the individual-level data in this repository,computed,ansur-ii-2012#sub - Regular Army,1
ansur-ii-2012,data/ansur-ii-2012/,,ANSUR II 2012 - Regular Army,United States,military,Army,M,2010,neck_circumference_base,Neck circumference (base),mm,433.77,25.19,2120,395.0,432.0,477.0,A,computed from the individual-level data in this repository,computed,ansur-ii-2012#sub - Regular Army,1
ansur-ii-2012,data/ansur-ii-2012/,,ANSUR II 2012 - Regular Army,United States,military,Army,M,2010,shoulder_circumference,Shoulder circumference,mm,1175.71,63.72,2120,1075.95,1173.0,1284.0,A,computed from the individual-level data in this repository,computed,ansur-ii-2012#sub - Regular Army,1
ansur-ii-2012,data/ansur-ii-2012/,,ANSUR II 2012 - Regular Army,United States,military,Army,M,2010,biceps_circumference_flexed,Biceps circumference (flexed),mm,357.0,34.7,2120,301.0,356.5,416.0,A,computed from the individual-level data in this repository,computed,ansur-ii-2012#sub - Regular Army,1
ansur-ii-2012,data/ansur-ii-2012/,,ANSUR II 2012 - Regular Army,United States,military,Army,M,2010,forearm_circumference_flexed,Forearm circumference (flexed),mm,308.37,22.04,2120,273.0,308.0,345.0,A,computed from the individual-level data in this repository,computed,ansur-ii-2012#sub - Regular Army,1
ansur-ii-2012,data/ansur-ii-2012/,,ANSUR II 2012 - Regular Army,United States,military,Army,M,2010,wrist_circumference,Wrist circumference,mm,175.52,8.86,2120,161.0,175.0,190.0,A,computed from the individual-level data in this repository,computed,ansur-ii-2012#sub - Regular Army,1
ansur-ii-2012,data/ansur-ii-2012/,,ANSUR II 2012 - Regular Army,United States,military,Army,M,2010,thigh_circumference,Thigh circumference,mm,625.97,59.57,2120,529.0,626.0,725.0,A,computed from the individual-level data in this repository,computed,ansur-ii-2012#sub - Regular Army,1
ansur-ii-2012,data/ansur-ii-2012/,,ANSUR II 2012 - Regular Army,United States,military,Army,M,2010,calf_circumference,Calf circumference,mm,391.95,29.85,2120,345.0,391.5,443.0,A,computed from the individual-level data in this repository,computed,ansur-ii-2012#sub - Regular Army,1
ansur-ii-2012,data/ansur-ii-2012/,,ANSUR II 2012 - Regular Army,United States,military,Army,M,2010,ankle_circumference,Ankle circumference,mm,229.44,14.73,2120,207.0,228.0,254.05,A,computed from the individual-level data in this repository,computed,ansur-ii-2012#sub - Regular Army,1
ansur-ii-2012,data/ansur-ii-2012/,,ANSUR II 2012 - Regular Army,United States,military,Army,M,2010,vertical_trunk_circumference,Vertical trunk circumference,mm,1664.53,90.22,2120,1516.0,1665.0,1813.0,A,computed from the individual-level data in this repository,computed,ansur-ii-2012#sub - Regular Army,1
ansur-ii-2012,data/ansur-ii-2012/,,ANSUR II 2012 - Regular Army,United States,military,Army,M,2010,shoulder_elbow_length,Shoulder-elbow length,mm,363.56,18.12,2120,333.0,363.0,394.0,A,computed from the individual-level data in this repository,computed,ansur-ii-2012#sub - Regular Army,1
ansur-ii-2012,data/ansur-ii-2012/,,ANSUR II 2012 - Regular Army,United States,military,Army,M,2010,acromion_radiale_length,Acromion-radiale length,mm,335.09,17.27,2120,307.0,335.0,365.0,A,computed from the individual-level data in this repository,computed,ansur-ii-2012#sub - Regular Army,1
ansur-ii-2012,data/ansur-ii-2012/,,ANSUR II 2012 - Regular Army,United States,military,Army,M,2010,radiale_stylion_length,Radiale-stylion length,mm,268.27,15.4,2120,244.0,268.0,295.0,A,computed from the individual-level data in this repository,computed,ansur-ii-2012#sub - Regular Army,1
ansur-ii-2012,data/ansur-ii-2012/,,ANSUR II 2012 - Regular Army,United States,military,Army,M,2010,sleeve_outseam,Sleeve outseam,mm,593.58,30.6,2120,545.0,593.0,646.05,A,computed from the individual-level data in this repository,computed,ansur-ii-2012#sub - Regular Army,1
ansur-ii-2012,data/ansur-ii-2012/,,ANSUR II 2012 - Regular Army,United States,military,Army,M,2010,shoulder_length,Shoulder length,mm,150.69,10.58,2120,134.0,150.0,168.0,A,computed from the individual-level data in this repository,computed,ansur-ii-2012#sub - Regular Army,1
ansur-ii-2012,data/ansur-ii-2012/,,ANSUR II 2012 - Regular Army,United States,military,Army,M,2010,thumbtip_reach,Thumb-tip reach,mm,816.06,44.12,2120,746.0,815.0,891.05,A,computed from the individual-level data in this repository,computed,ansur-ii-2012#sub - Regular Army,1
ansur-ii-2012,data/ansur-ii-2012/,,ANSUR II 2012 - Regular Army,United States,military,Army,M,2010,span,Span,mm,1818.6,84.88,2120,1685.0,1814.0,1963.0,A,computed from the individual-level data in this repository,computed,ansur-ii-2012#sub - Regular Army,1
ansur-ii-2012,data/ansur-ii-2012/,,ANSUR II 2012 - Regular Army,United States,military,Army,M,2010,hand_length,Hand length,mm,192.97,9.93,2120,177.0,193.0,210.0,A,computed from the individual-level data in this repository,computed,ansur-ii-2012#sub - Regular Army,1
ansur-ii-2012,data/ansur-ii-2012/,,ANSUR II 2012 - Regular Army,United States,military,Army,M,2010,hand_breadth,Hand breadth (metacarpale),mm,88.15,4.35,2120,81.0,88.0,95.0,A,computed from the individual-level data in this repository,computed,ansur-ii-2012#sub - Regular Army,1
ansur-ii-2012,data/ansur-ii-2012/,,ANSUR II 2012 - Regular Army,United States,military,Army,M,2010,hand_circumference,Hand circumference (metacarpale),mm,211.74,10.1,2120,195.0,212.0,228.05,A,computed from the individual-level data in this repository,computed,ansur-ii-2012#sub - Regular Army,1
ansur-ii-2012,data/ansur-ii-2012/,,ANSUR II 2012 - Regular Army,United States,military,Army,M,2010,foot_length,Foot length,mm,271.09,13.14,2120,250.0,271.0,293.0,A,computed from the individual-level data in this repository,computed,ansur-ii-2012#sub - Regular Army,1
ansur-ii-2012,data/ansur-ii-2012/,,ANSUR II 2012 - Regular Army,United States,military,Army,M,2010,foot_breadth,Foot breadth,mm,101.83,5.31,2120,93.0,102.0,111.0,A,computed from the individual-level data in this repository,computed,ansur-ii-2012#sub - Regular Army,1
ansur-ii-2012,data/ansur-ii-2012/,,ANSUR II 2012 - Regular Army,United States,military,Army,M,2010,head_circumference,Head circumference,mm,574.55,16.36,2120,548.0,575.0,601.05,A,computed from the individual-level data in this repository,computed,ansur-ii-2012#sub - Regular Army,1
ansur-ii-2012,data/ansur-ii-2012/,,ANSUR II 2012 - Regular Army,United States,military,Army,M,2010,head_length,Head length,mm,199.54,7.12,2120,188.0,200.0,211.0,A,computed from the individual-level data in this repository,computed,ansur-ii-2012#sub - Regular Army,1
ansur-ii-2012,data/ansur-ii-2012/,,ANSUR II 2012 - Regular Army,United States,military,Army,M,2010,head_breadth,Head breadth,mm,154.28,5.62,2120,145.0,154.0,164.0,A,computed from the individual-level data in this repository,computed,ansur-ii-2012#sub - Regular Army,1
ansur-ii-2012,data/ansur-ii-2012/,,ANSUR II 2012 - Regular Army,United States,military,Army,M,2010,bizygomatic_breadth,Bizygomatic breadth,mm,142.7,6.27,2120,133.0,143.0,154.0,A,computed from the individual-level data in this repository,computed,ansur-ii-2012#sub - Regular Army,1
ansur-ii-2012,data/ansur-ii-2012/,,ANSUR II 2012 - Regular Army,United States,military,Army,M,2010,menton_sellion_length,Menton-sellion (face) length,mm,122.61,6.71,2120,111.0,122.5,134.0,A,computed from the individual-level data in this repository,computed,ansur-ii-2012#sub - Regular Army,1
ansur-ii-2012,data/ansur-ii-2012/,,ANSUR II 2012 - Regular Army,United States,military,Army,M,2010,interpupillary_breadth,Interpupillary breadth,mm,64.08,3.47,2120,58.5,64.0,70.0,A,computed from the individual-level data in this repository,computed,ansur-ii-2012#sub - Regular Army,1
ansur-ii-2012,data/ansur-ii-2012/,,ANSUR II 2012 - Regular Army,United States,military,Army,M,2010,ear_length,Ear length,mm,64.51,4.58,2120,57.0,65.0,72.0,A,computed from the individual-level data in this repository,computed,ansur-ii-2012#sub - Regular Army,1
ansur-ii-2012,data/ansur-ii-2012/,,ANSUR II 2012 - Regular Army,United States,military,Army,F,2010,stature,Stature,mm,1629.45,64.27,1020,1525.95,1629.0,1740.0,A,computed from the individual-level data in this repository,computed,ansur-ii-2012#sub - Regular Army,1
ansur-ii-2012,data/ansur-ii-2012/,,ANSUR II 2012 - Regular Army,United States,military,Army,F,2010,mass,Body mass,kg,68.21,10.87,1020,51.7,67.2,86.81,A,computed from the individual-level data in this repository,computed,ansur-ii-2012#sub - Regular Army,1
ansur-ii-2012,data/ansur-ii-2012/,,ANSUR II 2012 - Regular Army,United States,military,Army,F,2010,bmi,Body mass index,kg/m²,25.64,3.47,1020,20.3,25.44,31.83,A,computed from the individual-level data in this repository,computed,ansur-ii-2012#sub - Regular Army,1
ansur-ii-2012,data/ansur-ii-2012/,,ANSUR II 2012 - Regular Army,United States,military,Army,F,2010,age,Age,years,30.08,8.19,1020,19.0,28.0,45.0,A,computed from the individual-level data in this repository,computed,ansur-ii-2012#sub - Regular Army,1
ansur-ii-2012,data/ansur-ii-2012/,,ANSUR II 2012 - Regular Army,United States,military,Army,F,2010,cervicale_height,Cervicale height,mm,1395.76,59.67,1020,1300.0,1395.0,1495.05,A,computed from the individual-level data in this repository,computed,ansur-ii-2012#sub - Regular Army,1
ansur-ii-2012,data/ansur-ii-2012/,,ANSUR II 2012 - Regular Army,United States,military,Army,F,2010,acromion_height,Acromion height,mm,1335.42,58.28,1020,1243.0,1333.0,1431.05,A,computed from the individual-level data in this repository,computed,ansur-ii-2012#sub - Regular Army,1
ansur-ii-2012,data/ansur-ii-2012/,,ANSUR II 2012 - Regular Army,United States,military,Army,F,2010,suprasternale_height,Suprasternale height,mm,1330.42,57.46,1020,1237.9,1330.0,1426.0,A,computed from the individual-level data in this repository,computed,ansur-ii-2012#sub - Regular Army,1
ansur-ii-2012,data/ansur-ii-2012/,,ANSUR II 2012 - Regular Army,United States,military,Army,F,2010,iliocristale_height,Iliocristale height,mm,997.71,50.19,1020,919.0,997.0,1081.0,A,computed from the individual-level data in this repository,computed,ansur-ii-2012#sub - Regular Army,1
ansur-ii-2012,data/ansur-ii-2012/,,ANSUR II 2012 - Regular Army,United States,military,Army,F,2010,trochanterion_height,Trochanterion height,mm,847.86,45.26,1020,776.0,847.0,920.0,A,computed from the individual-level data in this repository,computed,ansur-ii-2012#sub - Regular Army,1
ansur-ii-2012,data/ansur-ii-2012/,,ANSUR II 2012 - Regular Army,United States,military,Army,F,2010,crotch_height,Crotch height,mm,783.45,45.54,1020,712.0,782.0,860.0,A,computed from the individual-level data in this repository,computed,ansur-ii-2012#sub - Regular Army,1
ansur-ii-2012,data/ansur-ii-2012/,,ANSUR II 2012 - Regular Army,United States,military,Army,F,2010,sitting_height,Sitting height,mm,856.52,33.16,1020,802.0,857.0,913.05,A,computed from the individual-level data in this repository,computed,ansur-ii-2012#sub - Regular Army,1
ansur-ii-2012,data/ansur-ii-2012/,,ANSUR II 2012 - Regular Army,United States,military,Army,F,2010,eye_height_sitting,Eye height (sitting),mm,747.58,30.29,1020,696.95,748.5,798.05,A,computed from the individual-level data in this repository,computed,ansur-ii-2012#sub - Regular Army,1
ansur-ii-2012,data/ansur-ii-2012/,,ANSUR II 2012 - Regular Army,United States,military,Army,F,2010,elbow_rest_height,Elbow rest height,mm,231.48,26.19,1020,185.0,232.0,273.0,A,computed from the individual-level data in this repository,computed,ansur-ii-2012#sub - Regular Army,1
ansur-ii-2012,data/ansur-ii-2012/,,ANSUR II 2012 - Regular Army,United States,military,Army,F,2010,thigh_clearance,Thigh clearance,mm,168.98,14.26,1020,145.0,169.0,192.0,A,computed from the individual-level data in this repository,computed,ansur-ii-2012#sub - Regular Army,1
ansur-ii-2012,data/ansur-ii-2012/,,ANSUR II 2012 - Regular Army,United States,military,Army,F,2010,knee_height_sitting,Knee height (sitting),mm,512.03,27.49,1020,470.0,511.0,557.05,A,computed from the individual-level data in this repository,computed,ansur-ii-2012#sub - Regular Army,1
ansur-ii-2012,data/ansur-ii-2012/,,ANSUR II 2012 - Regular Army,United States,military,Army,F,2010,popliteal_height,Popliteal height,mm,386.76,23.62,1020,349.0,386.0,426.0,A,computed from the individual-level data in this repository,computed,ansur-ii-2012#sub - Regular Army,1
ansur-ii-2012,data/ansur-ii-2012/,,ANSUR II 2012 - Regular Army,United States,military,Army,F,2010,buttock_knee_length,Buttock-knee length,mm,591.78,32.57,1020,542.0,591.0,645.0,A,computed from the individual-level data in this repository,computed,ansur-ii-2012#sub - Regular Army,1
ansur-ii-2012,data/ansur-ii-2012/,,ANSUR II 2012 - Regular Army,United States,military,Army,F,2010,buttock_popliteal_length,Buttock-popliteal length,mm,485.58,29.05,1020,440.95,485.0,534.05,A,computed from the individual-level data in this repository,computed,ansur-ii-2012#sub - Regular Army,1
ansur-ii-2012,data/ansur-ii-2012/,,ANSUR II 2012 - Regular Army,United States,military,Army,F,2010,abdominal_depth_sitting,Abdominal extension depth (sitting),mm,231.47,31.0,1020,186.0,228.0,286.0,A,computed from the individual-level data in this repository,computed,ansur-ii-2012#sub - Regular Army,1
ansur-ii-2012,data/ansur-ii-2012/,,ANSUR II 2012 - Regular Army,United States,military,Army,F,2010,hip_breadth_sitting,Hip breadth (sitting),mm,401.57,32.7,1020,349.0,402.0,456.05,A,computed from the individual-level data in this repository,computed,ansur-ii-2012#sub - Regular Army,1
ansur-ii-2012,data/ansur-ii-2012/,,ANSUR II 2012 - Regular Army,United States,military,Army,F,2010,biacromial_breadth,Biacromial breadth,mm,365.1,18.71,1020,334.0,365.0,395.05,A,computed from the individual-level data in this repository,computed,ansur-ii-2012#sub - Regular Army,1
ansur-ii-2012,data/ansur-ii-2012/,,ANSUR II 2012 - Regular Army,United States,military,Army,F,2010,bideltoid_breadth,Bideltoid breadth,mm,451.58,28.66,1020,407.0,451.0,499.05,A,computed from the individual-level data in this repository,computed,ansur-ii-2012#sub - Regular Army,1
ansur-ii-2012,data/ansur-ii-2012/,,ANSUR II 2012 - Regular Army,United States,military,Army,F,2010,forearm_forearm_breadth,Forearm-forearm breadth,mm,496.25,40.75,1020,433.95,494.0,563.0,A,computed from the individual-level data in this repository,computed,ansur-ii-2012#sub - Regular Army,1
ansur-ii-2012,data/ansur-ii-2012/,,ANSUR II 2012 - Regular Army,United States,military,Army,F,2010,chest_breadth,Chest breadth,mm,270.42,18.73,1020,241.0,270.0,303.0,A,computed from the individual-level data in this repository,computed,ansur-ii-2012#sub - Regular Army,1
ansur-ii-2012,data/ansur-ii-2012/,,ANSUR II 2012 - Regular Army,United States,military,Army,F,2010,chest_depth,Chest depth,mm,247.87,26.86,1020,206.0,246.0,296.0,A,computed from the individual-level data in this repository,computed,ansur-ii-2012#sub - Regular Army,1
ansur-ii-2012,data/ansur-ii-2012/,,ANSUR II 2012 - Regular Army,United States,military,Army,F,2010,bicristal_breadth,Bicristal (biiliocristale) breadth,mm,273.68,22.56,1020,237.0,273.0,313.0,A,computed from the individual-level data in this repository,computed,ansur-ii-2012#sub - Regular Army,1
ansur-ii-2012,data/ansur-ii-2012/,,ANSUR II 2012 - Regular Army,United States,military,Army,F,2010,chest_circumference,Chest circumference,mm,949.89,81.5,1020,826.95,945.0,1090.05,A,computed from the individual-level data in this repository,computed,ansur-ii-2012#sub - Regular Army,1
ansur-ii-2012,data/ansur-ii-2012/,,ANSUR II 2012 - Regular Army,United States,military,Army,F,2010,waist_circumference,Waist circumference (omphalion),mm,867.15,98.14,1020,720.95,861.0,1040.1,A,computed from the individual-level data in this repository,computed,ansur-ii-2012#sub - Regular Army,1
ansur-ii-2012,data/ansur-ii-2012/,,ANSUR II 2012 - Regular Army,United States,military,Army,F,2010,buttock_circumference,Buttock circumference,mm,1023.64,74.23,1020,902.0,1023.0,1156.05,A,computed from the individual-level data in this repository,computed,ansur-ii-2012#sub - Regular Army,1
ansur-ii-2012,data/ansur-ii-2012/,,ANSUR II 2012 - Regular Army,United States,military,Army,F,2010,neck_circumference,Neck circumference,mm,330.19,18.63,1020,302.0,329.0,362.0,A,computed from the individual-level data in this repository,computed,ansur-ii-2012#sub - Regular Army,1
ansur-ii-2012,data/ansur-ii-2012/,,ANSUR II 2012 - Regular Army,United States,military,Army,F,2010,neck_circumference_base,Neck circumference (base),mm,370.99,19.46,1020,340.0,370.0,404.05,A,computed from the individual-level data in this repository,computed,ansur-ii-2012#sub - Regular Army,1
ansur-ii-2012,data/ansur-ii-2012/,,ANSUR II 2012 - Regular Army,United States,military,Army,F,2010,shoulder_circumference,Shoulder circumference,mm,1030.68,53.46,1020,945.95,1031.0,1120.0,A,computed from the individual-level data in this repository,computed,ansur-ii-2012#sub - Regular Army,1
ansur-ii-2012,data/ansur-ii-2012/,,ANSUR II 2012 - Regular Army,United States,military,Army,F,2010,biceps_circumference_flexed,Biceps circumference (flexed),mm,307.01,31.04,1020,259.95,305.0,361.0,A,computed from the individual-level data in this repository,computed,ansur-ii-2012#sub - Regular Army,1
ansur-ii-2012,data/ansur-ii-2012/,,ANSUR II 2012 - Regular Army,United States,military,Army,F,2010,forearm_circumference_flexed,Forearm circumference (flexed),mm,264.23,18.76,1020,235.0,264.0,297.0,A,computed from the individual-level data in this repository,computed,ansur-ii-2012#sub - Regular Army,1
ansur-ii-2012,data/ansur-ii-2012/,,ANSUR II 2012 - Regular Army,United States,military,Army,F,2010,wrist_circumference,Wrist circumference,mm,154.33,7.55,1020,142.0,154.0,167.0,A,computed from the individual-level data in this repository,computed,ansur-ii-2012#sub - Regular Army,1
ansur-ii-2012,data/ansur-ii-2012/,,ANSUR II 2012 - Regular Army,United States,military,Army,F,2010,thigh_circumference,Thigh circumference,mm,619.09,56.47,1020,529.0,616.0,715.0,A,computed from the individual-level data in this repository,computed,ansur-ii-2012#sub - Regular Army,1
ansur-ii-2012,data/ansur-ii-2012/,,ANSUR II 2012 - Regular Army,United States,military,Army,F,2010,calf_circumference,Calf circumference,mm,374.38,28.46,1020,328.0,372.0,423.0,A,computed from the individual-level data in this repository,computed,ansur-ii-2012#sub - Regular Army,1
ansur-ii-2012,data/ansur-ii-2012/,,ANSUR II 2012 - Regular Army,United States,military,Army,F,2010,ankle_circumference,Ankle circumference,mm,216.1,14.97,1020,193.0,215.0,243.0,A,computed from the individual-level data in this repository,computed,ansur-ii-2012#sub - Regular Army,1
ansur-ii-2012,data/ansur-ii-2012/,,ANSUR II 2012 - Regular Army,United States,military,Army,F,2010,vertical_trunk_circumference,Vertical trunk circumference,mm,1558.73,74.72,1020,1439.95,1554.0,1681.1,A,computed from the individual-level data in this repository,computed,ansur-ii-2012#sub - Regular Army,1
ansur-ii-2012,data/ansur-ii-2012/,,ANSUR II 2012 - Regular Army,United States,military,Army,F,2010,shoulder_elbow_length,Shoulder-elbow length,mm,334.59,17.25,1020,308.0,334.0,364.0,A,computed from the individual-level data in this repository,computed,ansur-ii-2012#sub - Regular Army,1
ansur-ii-2012,data/ansur-ii-2012/,,ANSUR II 2012 - Regular Army,United States,military,Army,F,2010,acromion_radiale_length,Acromion-radiale length,mm,311.31,17.2,1020,284.0,311.0,341.0,A,computed from the individual-level data in this repository,computed,ansur-ii-2012#sub - Regular Army,1
ansur-ii-2012,data/ansur-ii-2012/,,ANSUR II 2012 - Regular Army,United States,military,Army,F,2010,radiale_stylion_length,Radiale-stylion length,mm,241.99,15.51,1020,218.95,241.0,269.0,A,computed from the individual-level data in this repository,computed,ansur-ii-2012#sub - Regular Army,1
ansur-ii-2012,data/ansur-ii-2012/,,ANSUR II 2012 - Regular Army,United States,military,Army,F,2010,sleeve_outseam,Sleeve outseam,mm,544.52,29.57,1020,498.0,542.0,594.0,A,computed from the individual-level data in this repository,computed,ansur-ii-2012#sub - Regular Army,1
ansur-ii-2012,data/ansur-ii-2012/,,ANSUR II 2012 - Regular Army,United States,military,Army,F,2010,shoulder_length,Shoulder length,mm,135.72,10.59,1020,120.0,135.0,154.0,A,computed from the individual-level data in this repository,computed,ansur-ii-2012#sub - Regular Army,1
ansur-ii-2012,data/ansur-ii-2012/,,ANSUR II 2012 - Regular Army,United States,military,Army,F,2010,thumbtip_reach,Thumb-tip reach,mm,748.47,42.86,1020,677.0,747.0,819.0,A,computed from the individual-level data in this repository,computed,ansur-ii-2012#sub - Regular Army,1
ansur-ii-2012,data/ansur-ii-2012/,,ANSUR II 2012 - Regular Army,United States,military,Army,F,2010,span,Span,mm,1662.75,84.58,1020,1529.0,1660.0,1802.05,A,computed from the individual-level data in this repository,computed,ansur-ii-2012#sub - Regular Army,1
ansur-ii-2012,data/ansur-ii-2012/,,ANSUR II 2012 - Regular Army,United States,military,Army,F,2010,hand_length,Hand length,mm,180.68,9.95,1020,164.0,180.0,198.0,A,computed from the individual-level data in this repository,computed,ansur-ii-2012#sub - Regular Army,1
ansur-ii-2012,data/ansur-ii-2012/,,ANSUR II 2012 - Regular Army,United States,military,Army,F,2010,hand_breadth,Hand breadth (metacarpale),mm,77.98,3.9,1020,72.0,78.0,85.0,A,computed from the individual-level data in this repository,computed,ansur-ii-2012#sub - Regular Army,1
ansur-ii-2012,data/ansur-ii-2012/,,ANSUR II 2012 - Regular Army,United States,military,Army,F,2010,hand_circumference,Hand circumference (metacarpale),mm,186.3,8.76,1020,172.0,187.0,202.0,A,computed from the individual-level data in this repository,computed,ansur-ii-2012#sub - Regular Army,1
ansur-ii-2012,data/ansur-ii-2012/,,ANSUR II 2012 - Regular Army,United States,military,Army,F,2010,foot_length,Foot length,mm,246.82,12.4,1020,226.95,247.0,268.0,A,computed from the individual-level data in this repository,computed,ansur-ii-2012#sub - Regular Army,1
ansur-ii-2012,data/ansur-ii-2012/,,ANSUR II 2012 - Regular Army,United States,military,Army,F,2010,foot_breadth,Foot breadth,mm,92.64,4.74,1020,85.0,93.0,100.0,A,computed from the individual-level data in this repository,computed,ansur-ii-2012#sub - Regular Army,1
ansur-ii-2012,data/ansur-ii-2012/,,ANSUR II 2012 - Regular Army,United States,military,Army,F,2010,head_circumference,Head circumference,mm,561.84,19.28,1020,533.0,560.0,598.0,A,computed from the individual-level data in this repository,computed,ansur-ii-2012#sub - Regular Army,1
ansur-ii-2012,data/ansur-ii-2012/,,ANSUR II 2012 - Regular Army,United States,military,Army,F,2010,head_length,Head length,mm,190.24,7.56,1020,178.0,190.0,203.0,A,computed from the individual-level data in this repository,computed,ansur-ii-2012#sub - Regular Army,1
ansur-ii-2012,data/ansur-ii-2012/,,ANSUR II 2012 - Regular Army,United States,military,Army,F,2010,head_breadth,Head breadth,mm,147.89,5.19,1020,140.0,148.0,157.0,A,computed from the individual-level data in this repository,computed,ansur-ii-2012#sub - Regular Army,1
ansur-ii-2012,data/ansur-ii-2012/,,ANSUR II 2012 - Regular Army,United States,military,Army,F,2010,bizygomatic_breadth,Bizygomatic breadth,mm,134.04,5.55,1020,125.0,134.0,144.0,A,computed from the individual-level data in this repository,computed,ansur-ii-2012#sub - Regular Army,1
ansur-ii-2012,data/ansur-ii-2012/,,ANSUR II 2012 - Regular Army,United States,military,Army,F,2010,menton_sellion_length,Menton-sellion (face) length,mm,113.37,6.08,1020,104.0,113.0,123.0,A,computed from the individual-level data in this repository,computed,ansur-ii-2012#sub - Regular Army,1
ansur-ii-2012,data/ansur-ii-2012/,,ANSUR II 2012 - Regular Army,United States,military,Army,F,2010,interpupillary_breadth,Interpupillary breadth,mm,61.84,3.47,1020,56.0,62.0,67.5,A,computed from the individual-level data in this repository,computed,ansur-ii-2012#sub - Regular Army,1
ansur-ii-2012,data/ansur-ii-2012/,,ANSUR II 2012 - Regular Army,United States,military,Army,F,2010,ear_length,Ear length,mm,59.66,3.86,1020,54.0,60.0,66.0,A,computed from the individual-level data in this repository,computed,ansur-ii-2012#sub - Regular Army,1
ansur-ii-2012,data/ansur-ii-2012/,,ANSUR II 2012 - Army National Guard,United States,military,Army,M,2010,stature,Stature,mm,1755.44,67.86,1861,1650.0,1755.0,1868.0,A,computed from the individual-level data in this repository,computed,ansur-ii-2012#sub - Army National Guard,1
ansur-ii-2012,data/ansur-ii-2012/,,ANSUR II 2012 - Army National Guard,United States,military,Army,M,2010,mass,Body mass,kg,86.04,14.29,1861,65.5,84.9,111.1,A,computed from the individual-level data in this repository,computed,ansur-ii-2012#sub - Army National Guard,1
ansur-ii-2012,data/ansur-ii-2012/,,ANSUR II 2012 - Army National Guard,United States,military,Army,M,2010,bmi,Body mass index,kg/m²,27.88,4.08,1861,21.7,27.53,35.31,A,computed from the individual-level data in this repository,computed,ansur-ii-2012#sub - Army National Guard,1
ansur-ii-2012,data/ansur-ii-2012/,,ANSUR II 2012 - Army National Guard,United States,military,Army,M,2010,age,Age,years,30.89,9.56,1861,19.0,28.0,49.0,A,computed from the individual-level data in this repository,computed,ansur-ii-2012#sub - Army National Guard,1
ansur-ii-2012,data/ansur-ii-2012/,,ANSUR II 2012 - Army National Guard,United States,military,Army,M,2010,cervicale_height,Cervicale height,mm,1516.18,62.95,1861,1416.0,1517.0,1621.0,A,computed from the individual-level data in this repository,computed,ansur-ii-2012#sub - Army National Guard,1
ansur-ii-2012,data/ansur-ii-2012/,,ANSUR II 2012 - Army National Guard,United States,military,Army,M,2010,acromion_height,Acromion height,mm,1441.01,62.99,1861,1339.0,1441.0,1546.0,A,computed from the individual-level data in this repository,computed,ansur-ii-2012#sub - Army National Guard,1
ansur-ii-2012,data/ansur-ii-2012/,,ANSUR II 2012 - Army National Guard,United States,military,Army,M,2010,suprasternale_height,Suprasternale height,mm,1437.71,60.79,1861,1342.0,1437.0,1539.0,A,computed from the individual-level data in this repository,computed,ansur-ii-2012#sub - Army National Guard,1
ansur-ii-2012,data/ansur-ii-2012/,,ANSUR II 2012 - Army National Guard,United States,military,Army,M,2010,iliocristale_height,Iliocristale height,mm,1064.33,51.7,1861,983.0,1065.0,1153.0,A,computed from the individual-level data in this repository,computed,ansur-ii-2012#sub - Army National Guard,1
ansur-ii-2012,data/ansur-ii-2012/,,ANSUR II 2012 - Army National Guard,United States,military,Army,M,2010,trochanterion_height,Trochanterion height,mm,896.73,48.43,1861,819.0,896.0,981.0,A,computed from the individual-level data in this repository,computed,ansur-ii-2012#sub - Army National Guard,1
ansur-ii-2012,data/ansur-ii-2012/,,ANSUR II 2012 - Army National Guard,United States,military,Army,M,2010,crotch_height,Crotch height,mm,843.98,46.06,1861,769.0,843.0,923.0,A,computed from the individual-level data in this repository,computed,ansur-ii-2012#sub - Army National Guard,1
ansur-ii-2012,data/ansur-ii-2012/,,ANSUR II 2012 - Army National Guard,United States,military,Army,M,2010,sitting_height,Sitting height,mm,917.78,35.07,1861,862.0,917.0,977.0,A,computed from the individual-level data in this repository,computed,ansur-ii-2012#sub - Army National Guard,1
ansur-ii-2012,data/ansur-ii-2012/,,ANSUR II 2012 - Army National Guard,United States,military,Army,M,2010,eye_height_sitting,Eye height (sitting),mm,803.95,32.67,1861,752.0,803.0,859.0,A,computed from the individual-level data in this repository,computed,ansur-ii-2012#sub - Army National Guard,1
ansur-ii-2012,data/ansur-ii-2012/,,ANSUR II 2012 - Army National Guard,United States,military,Army,M,2010,elbow_rest_height,Elbow rest height,mm,245.27,28.43,1861,198.0,246.0,291.0,A,computed from the individual-level data in this repository,computed,ansur-ii-2012#sub - Army National Guard,1
ansur-ii-2012,data/ansur-ii-2012/,,ANSUR II 2012 - Army National Guard,United States,military,Army,M,2010,thigh_clearance,Thigh clearance,mm,179.1,15.24,1861,156.0,178.0,205.0,A,computed from the individual-level data in this repository,computed,ansur-ii-2012#sub - Army National Guard,1
ansur-ii-2012,data/ansur-ii-2012/,,ANSUR II 2012 - Army National Guard,United States,military,Army,M,2010,knee_height_sitting,Knee height (sitting),mm,554.24,27.97,1861,510.0,553.0,600.0,A,computed from the individual-level data in this repository,computed,ansur-ii-2012#sub - Army National Guard,1
ansur-ii-2012,data/ansur-ii-2012/,,ANSUR II 2012 - Army National Guard,United States,military,Army,M,2010,popliteal_height,Popliteal height,mm,430.37,24.94,1861,391.0,430.0,471.0,A,computed from the individual-level data in this repository,computed,ansur-ii-2012#sub - Army National Guard,1
ansur-ii-2012,data/ansur-ii-2012/,,ANSUR II 2012 - Army National Guard,United States,military,Army,M,2010,buttock_knee_length,Buttock-knee length,mm,618.5,30.19,1861,569.0,618.0,669.0,A,computed from the individual-level data in this repository,computed,ansur-ii-2012#sub - Army National Guard,1
ansur-ii-2012,data/ansur-ii-2012/,,ANSUR II 2012 - Army National Guard,United States,military,Army,M,2010,buttock_popliteal_length,Buttock-popliteal length,mm,504.26,27.22,1861,460.0,504.0,550.0,A,computed from the individual-level data in this repository,computed,ansur-ii-2012#sub - Army National Guard,1
ansur-ii-2012,data/ansur-ii-2012/,,ANSUR II 2012 - Army National Guard,United States,military,Army,M,2010,abdominal_depth_sitting,Abdominal extension depth (sitting),mm,256.21,38.63,1861,201.0,251.0,325.0,A,computed from the individual-level data in this repository,computed,ansur-ii-2012#sub - Army National Guard,1
ansur-ii-2012,data/ansur-ii-2012/,,ANSUR II 2012 - Army National Guard,United States,military,Army,M,2010,hip_breadth_sitting,Hip breadth (sitting),mm,379.39,30.19,1861,333.0,378.0,432.0,A,computed from the individual-level data in this repository,computed,ansur-ii-2012#sub - Army National Guard,1
ansur-ii-2012,data/ansur-ii-2012/,,ANSUR II 2012 - Army National Guard,United States,military,Army,M,2010,biacromial_breadth,Biacromial breadth,mm,415.42,18.93,1861,384.0,415.0,447.0,A,computed from the individual-level data in this repository,computed,ansur-ii-2012#sub - Army National Guard,1
ansur-ii-2012,data/ansur-ii-2012/,,ANSUR II 2012 - Army National Guard,United States,military,Army,M,2010,bideltoid_breadth,Bideltoid breadth,mm,510.86,32.43,1861,461.0,510.0,567.0,A,computed from the individual-level data in this repository,computed,ansur-ii-2012#sub - Army National Guard,1
ansur-ii-2012,data/ansur-ii-2012/,,ANSUR II 2012 - Army National Guard,United States,military,Army,M,2010,forearm_forearm_breadth,Forearm-forearm breadth,mm,581.08,51.05,1861,497.0,580.0,668.0,A,computed from the individual-level data in this repository,computed,ansur-ii-2012#sub - Army National Guard,1
ansur-ii-2012,data/ansur-ii-2012/,,ANSUR II 2012 - Army National Guard,United States,military,Army,M,2010,chest_breadth,Chest breadth,mm,291.05,18.18,1861,262.0,291.0,321.0,A,computed from the individual-level data in this repository,computed,ansur-ii-2012#sub - Army National Guard,1
ansur-ii-2012,data/ansur-ii-2012/,,ANSUR II 2012 - Army National Guard,United States,military,Army,M,2010,chest_depth,Chest depth,mm,255.38,26.36,1861,214.0,254.0,301.0,A,computed from the individual-level data in this repository,computed,ansur-ii-2012#sub - Army National Guard,1
ansur-ii-2012,data/ansur-ii-2012/,,ANSUR II 2012 - Army National Guard,United States,military,Army,M,2010,bicristal_breadth,Bicristal (biiliocristale) breadth,mm,276.62,17.52,1861,248.0,277.0,305.0,A,computed from the individual-level data in this repository,computed,ansur-ii-2012#sub - Army National Guard,1
ansur-ii-2012,data/ansur-ii-2012/,,ANSUR II 2012 - Army National Guard,United States,military,Army,M,2010,chest_circumference,Chest circumference,mm,1060.97,88.66,1861,927.0,1057.0,1213.0,A,computed from the individual-level data in this repository,computed,ansur-ii-2012#sub - Army National Guard,1
ansur-ii-2012,data/ansur-ii-2012/,,ANSUR II 2012 - Army National Guard,United States,military,Army,M,2010,waist_circumference,Waist circumference (omphalion),mm,945.61,114.71,1861,775.0,940.0,1143.0,A,computed from the individual-level data in this repository,computed,ansur-ii-2012#sub - Army National Guard,1
ansur-ii-2012,data/ansur-ii-2012/,,ANSUR II 2012 - Army National Guard,United States,military,Army,M,2010,buttock_circumference,Buttock circumference,mm,1020.64,75.93,1861,903.0,1016.0,1149.0,A,computed from the individual-level data in this repository,computed,ansur-ii-2012#sub - Army National Guard,1
ansur-ii-2012,data/ansur-ii-2012/,,ANSUR II 2012 - Army National Guard,United States,military,Army,M,2010,neck_circumference,Neck circumference,mm,398.96,25.93,1861,361.0,397.0,444.0,A,computed from the individual-level data in this repository,computed,ansur-ii-2012#sub - Army National Guard,1
ansur-ii-2012,data/ansur-ii-2012/,,ANSUR II 2012 - Army National Guard,United States,military,Army,M,2010,neck_circumference_base,Neck circumference (base),mm,435.35,26.16,1861,395.0,433.0,482.0,A,computed from the individual-level data in this repository,computed,ansur-ii-2012#sub - Army National Guard,1
ansur-ii-2012,data/ansur-ii-2012/,,ANSUR II 2012 - Army National Guard,United States,military,Army,M,2010,shoulder_circumference,Shoulder circumference,mm,1181.9,63.53,1861,1083.0,1180.0,1291.0,A,computed from the individual-level data in this repository,computed,ansur-ii-2012#sub - Army National Guard,1
ansur-ii-2012,data/ansur-ii-2012/,,ANSUR II 2012 - Army National Guard,United States,military,Army,M,2010,biceps_circumference_flexed,Biceps circumference (flexed),mm,359.4,34.43,1861,305.0,359.0,420.0,A,computed from the individual-level data in this repository,computed,ansur-ii-2012#sub - Army National Guard,1
ansur-ii-2012,data/ansur-ii-2012/,,ANSUR II 2012 - Army National Guard,United States,military,Army,M,2010,forearm_circumference_flexed,Forearm circumference (flexed),mm,311.93,21.83,1861,278.0,311.0,349.0,A,computed from the individual-level data in this repository,computed,ansur-ii-2012#sub - Army National Guard,1
ansur-ii-2012,data/ansur-ii-2012/,,ANSUR II 2012 - Army National Guard,United States,military,Army,M,2010,wrist_circumference,Wrist circumference,mm,176.37,9.1,1861,162.0,176.0,192.0,A,computed from the individual-level data in this repository,computed,ansur-ii-2012#sub - Army National Guard,1
ansur-ii-2012,data/ansur-ii-2012/,,ANSUR II 2012 - Army National Guard,United States,military,Army,M,2010,thigh_circumference,Thigh circumference,mm,624.82,57.66,1861,534.0,623.0,723.0,A,computed from the individual-level data in this repository,computed,ansur-ii-2012#sub - Army National Guard,1
ansur-ii-2012,data/ansur-ii-2012/,,ANSUR II 2012 - Army National Guard,United States,military,Army,M,2010,calf_circumference,Calf circumference,mm,392.95,29.63,1861,347.0,393.0,443.0,A,computed from the individual-level data in this repository,computed,ansur-ii-2012#sub - Army National Guard,1
ansur-ii-2012,data/ansur-ii-2012/,,ANSUR II 2012 - Army National Guard,United States,military,Army,M,2010,ankle_circumference,Ankle circumference,mm,229.39,14.6,1861,206.0,229.0,254.0,A,computed from the individual-level data in this repository,computed,ansur-ii-2012#sub - Army National Guard,1
ansur-ii-2012,data/ansur-ii-2012/,,ANSUR II 2012 - Army National Guard,United States,military,Army,M,2010,vertical_trunk_circumference,Vertical trunk circumference,mm,1665.6,89.18,1861,1524.0,1664.0,1818.0,A,computed from the individual-level data in this repository,computed,ansur-ii-2012#sub - Army National Guard,1
ansur-ii-2012,data/ansur-ii-2012/,,ANSUR II 2012 - Army National Guard,United States,military,Army,M,2010,shoulder_elbow_length,Shoulder-elbow length,mm,363.97,18.33,1861,334.0,364.0,395.0,A,computed from the individual-level data in this repository,computed,ansur-ii-2012#sub - Army National Guard,1
ansur-ii-2012,data/ansur-ii-2012/,,ANSUR II 2012 - Army National Guard,United States,military,Army,M,2010,acromion_radiale_length,Acromion-radiale length,mm,335.52,17.74,1861,306.0,335.0,365.0,A,computed from the individual-level data in this repository,computed,ansur-ii-2012#sub - Army National Guard,1
ansur-ii-2012,data/ansur-ii-2012/,,ANSUR II 2012 - Army National Guard,United States,military,Army,M,2010,radiale_stylion_length,Radiale-stylion length,mm,267.64,15.52,1861,243.0,267.0,294.0,A,computed from the individual-level data in this repository,computed,ansur-ii-2012#sub - Army National Guard,1
ansur-ii-2012,data/ansur-ii-2012/,,ANSUR II 2012 - Army National Guard,United States,military,Army,M,2010,sleeve_outseam,Sleeve outseam,mm,592.87,31.1,1861,544.0,592.0,644.0,A,computed from the individual-level data in this repository,computed,ansur-ii-2012#sub - Army National Guard,1
ansur-ii-2012,data/ansur-ii-2012/,,ANSUR II 2012 - Army National Guard,United States,military,Army,M,2010,shoulder_length,Shoulder length,mm,148.72,10.41,1861,132.0,148.0,166.0,A,computed from the individual-level data in this repository,computed,ansur-ii-2012#sub - Army National Guard,1
ansur-ii-2012,data/ansur-ii-2012/,,ANSUR II 2012 - Army National Guard,United States,military,Army,M,2010,thumbtip_reach,Thumb-tip reach,mm,807.32,42.92,1861,736.0,806.0,880.0,A,computed from the individual-level data in this repository,computed,ansur-ii-2012#sub - Army National Guard,1
ansur-ii-2012,data/ansur-ii-2012/,,ANSUR II 2012 - Army National Guard,United States,military,Army,M,2010,span,Span,mm,1809.21,84.48,1861,1673.0,1810.0,1949.0,A,computed from the individual-level data in this repository,computed,ansur-ii-2012#sub - Army National Guard,1
ansur-ii-2012,data/ansur-ii-2012/,,ANSUR II 2012 - Army National Guard,United States,military,Army,M,2010,hand_length,Hand length,mm,193.75,9.99,1861,178.0,193.0,211.0,A,computed from the individual-level data in this repository,computed,ansur-ii-2012#sub - Army National Guard,1
ansur-ii-2012,data/ansur-ii-2012/,,ANSUR II 2012 - Army National Guard,United States,military,Army,M,2010,hand_breadth,Hand breadth (metacarpale),mm,88.42,4.44,1861,81.0,88.0,96.0,A,computed from the individual-level data in this repository,computed,ansur-ii-2012#sub - Army National Guard,1
ansur-ii-2012,data/ansur-ii-2012/,,ANSUR II 2012 - Army National Guard,United States,military,Army,M,2010,hand_circumference,Hand circumference (metacarpale),mm,212.94,10.4,1861,195.0,213.0,231.0,A,computed from the individual-level data in this repository,computed,ansur-ii-2012#sub - Army National Guard,1
ansur-ii-2012,data/ansur-ii-2012/,,ANSUR II 2012 - Army National Guard,United States,military,Army,M,2010,foot_length,Foot length,mm,271.38,13.08,1861,250.0,271.0,293.0,A,computed from the individual-level data in this repository,computed,ansur-ii-2012#sub - Army National Guard,1
ansur-ii-2012,data/ansur-ii-2012/,,ANSUR II 2012 - Army National Guard,United States,military,Army,M,2010,foot_breadth,Foot breadth,mm,101.94,5.16,1861,94.0,102.0,111.0,A,computed from the individual-level data in this repository,computed,ansur-ii-2012#sub - Army National Guard,1
ansur-ii-2012,data/ansur-ii-2012/,,ANSUR II 2012 - Army National Guard,United States,military,Army,M,2010,head_circumference,Head circumference,mm,574.33,15.74,1861,550.0,574.0,601.0,A,computed from the individual-level data in this repository,computed,ansur-ii-2012#sub - Army National Guard,1
ansur-ii-2012,data/ansur-ii-2012/,,ANSUR II 2012 - Army National Guard,United States,military,Army,M,2010,head_length,Head length,mm,199.57,6.91,1861,188.0,200.0,211.0,A,computed from the individual-level data in this repository,computed,ansur-ii-2012#sub - Army National Guard,1
ansur-ii-2012,data/ansur-ii-2012/,,ANSUR II 2012 - Army National Guard,United States,military,Army,M,2010,head_breadth,Head breadth,mm,154.33,5.42,1861,146.0,154.0,163.0,A,computed from the individual-level data in this repository,computed,ansur-ii-2012#sub - Army National Guard,1
ansur-ii-2012,data/ansur-ii-2012/,,ANSUR II 2012 - Army National Guard,United States,military,Army,M,2010,bizygomatic_breadth,Bizygomatic breadth,mm,142.53,6.13,1861,133.0,143.0,153.0,A,computed from the individual-level data in this repository,computed,ansur-ii-2012#sub - Army National Guard,1
ansur-ii-2012,data/ansur-ii-2012/,,ANSUR II 2012 - Army National Guard,United States,military,Army,M,2010,menton_sellion_length,Menton-sellion (face) length,mm,122.7,6.63,1861,112.0,123.0,133.0,A,computed from the individual-level data in this repository,computed,ansur-ii-2012#sub - Army National Guard,1
ansur-ii-2012,data/ansur-ii-2012/,,ANSUR II 2012 - Army National Guard,United States,military,Army,M,2010,interpupillary_breadth,Interpupillary breadth,mm,63.94,3.36,1861,58.5,64.0,69.5,A,computed from the individual-level data in this repository,computed,ansur-ii-2012#sub - Army National Guard,1
ansur-ii-2012,data/ansur-ii-2012/,,ANSUR II 2012 - Army National Guard,United States,military,Army,M,2010,ear_length,Ear length,mm,63.86,4.38,1861,57.0,64.0,72.0,A,computed from the individual-level data in this repository,computed,ansur-ii-2012#sub - Army National Guard,1
ansur-ii-2012,data/ansur-ii-2012/,,ANSUR II 2012 - Army National Guard,United States,military,Army,F,2010,stature,Stature,mm,1628.7,64.04,847,1525.0,1626.0,1740.0,A,computed from the individual-level data in this repository,computed,ansur-ii-2012#sub - Army National Guard,1
ansur-ii-2012,data/ansur-ii-2012/,,ANSUR II 2012 - Army National Guard,United States,military,Army,F,2010,mass,Body mass,kg,67.65,11.31,847,51.1,66.4,88.34,A,computed from the individual-level data in this repository,computed,ansur-ii-2012#sub - Army National Guard,1
ansur-ii-2012,data/ansur-ii-2012/,,ANSUR II 2012 - Army National Guard,United States,military,Army,F,2010,bmi,Body mass index,kg/m²,25.44,3.6,847,20.26,25.11,31.93,A,computed from the individual-level data in this repository,computed,ansur-ii-2012#sub - Army National Guard,1
ansur-ii-2012,data/ansur-ii-2012/,,ANSUR II 2012 - Army National Guard,United States,military,Army,F,2010,age,Age,years,27.69,8.2,847,19.0,25.0,45.0,A,computed from the individual-level data in this repository,computed,ansur-ii-2012#sub - Army National Guard,1
ansur-ii-2012,data/ansur-ii-2012/,,ANSUR II 2012 - Army National Guard,United States,military,Army,F,2010,cervicale_height,Cervicale height,mm,1397.13,59.27,847,1303.3,1394.0,1499.7,A,computed from the individual-level data in this repository,computed,ansur-ii-2012#sub - Army National Guard,1
ansur-ii-2012,data/ansur-ii-2012/,,ANSUR II 2012 - Army National Guard,United States,military,Army,F,2010,acromion_height,Acromion height,mm,1336.35,57.62,847,1244.0,1333.0,1435.0,A,computed from the individual-level data in this repository,computed,ansur-ii-2012#sub - Army National Guard,1
ansur-ii-2012,data/ansur-ii-2012/,,ANSUR II 2012 - Army National Guard,United States,military,Army,F,2010,suprasternale_height,Suprasternale height,mm,1330.13,56.7,847,1237.0,1326.0,1430.4,A,computed from the individual-level data in this repository,computed,ansur-ii-2012#sub - Army National Guard,1
ansur-ii-2012,data/ansur-ii-2012/,,ANSUR II 2012 - Army National Guard,United States,military,Army,F,2010,iliocristale_height,Iliocristale height,mm,994.02,49.03,847,916.0,990.0,1075.0,A,computed from the individual-level data in this repository,computed,ansur-ii-2012#sub - Army National Guard,1
ansur-ii-2012,data/ansur-ii-2012/,,ANSUR II 2012 - Army National Guard,United States,military,Army,F,2010,trochanterion_height,Trochanterion height,mm,843.32,44.1,847,772.3,841.0,918.0,A,computed from the individual-level data in this repository,computed,ansur-ii-2012#sub - Army National Guard,1
ansur-ii-2012,data/ansur-ii-2012/,,ANSUR II 2012 - Army National Guard,United States,military,Army,F,2010,crotch_height,Crotch height,mm,781.69,43.84,847,712.3,778.0,856.7,A,computed from the individual-level data in this repository,computed,ansur-ii-2012#sub - Army National Guard,1
ansur-ii-2012,data/ansur-ii-2012/,,ANSUR II 2012 - Army National Guard,United States,military,Army,F,2010,sitting_height,Sitting height,mm,857.64,33.26,847,802.3,858.0,913.0,A,computed from the individual-level data in this repository,computed,ansur-ii-2012#sub - Army National Guard,1
ansur-ii-2012,data/ansur-ii-2012/,,ANSUR II 2012 - Army National Guard,United States,military,Army,F,2010,eye_height_sitting,Eye height (sitting),mm,748.68,30.77,847,699.3,749.0,801.0,A,computed from the individual-level data in this repository,computed,ansur-ii-2012#sub - Army National Guard,1
ansur-ii-2012,data/ansur-ii-2012/,,ANSUR II 2012 - Army National Guard,United States,military,Army,F,2010,elbow_rest_height,Elbow rest height,mm,234.32,26.5,847,192.0,234.0,278.0,A,computed from the individual-level data in this repository,computed,ansur-ii-2012#sub - Army National Guard,1
ansur-ii-2012,data/ansur-ii-2012/,,ANSUR II 2012 - Army National Guard,United States,military,Army,F,2010,thigh_clearance,Thigh clearance,mm,166.82,13.92,847,146.0,166.0,190.7,A,computed from the individual-level data in this repository,computed,ansur-ii-2012#sub - Army National Guard,1
ansur-ii-2012,data/ansur-ii-2012/,,ANSUR II 2012 - Army National Guard,United States,military,Army,F,2010,knee_height_sitting,Knee height (sitting),mm,510.93,26.63,847,468.3,510.0,557.0,A,computed from the individual-level data in this repository,computed,ansur-ii-2012#sub - Army National Guard,1
ansur-ii-2012,data/ansur-ii-2012/,,ANSUR II 2012 - Army National Guard,United States,military,Army,F,2010,popliteal_height,Popliteal height,mm,390.1,23.54,847,352.0,389.0,430.4,A,computed from the individual-level data in this repository,computed,ansur-ii-2012#sub - Army National Guard,1
ansur-ii-2012,data/ansur-ii-2012/,,ANSUR II 2012 - Army National Guard,United States,military,Army,F,2010,buttock_knee_length,Buttock-knee length,mm,590.18,32.65,847,540.0,587.0,648.0,A,computed from the individual-level data in this repository,computed,ansur-ii-2012#sub - Army National Guard,1
ansur-ii-2012,data/ansur-ii-2012/,,ANSUR II 2012 - Army National Guard,United States,military,Army,F,2010,buttock_popliteal_length,Buttock-popliteal length,mm,485.56,28.33,847,442.0,483.0,538.0,A,computed from the individual-level data in this repository,computed,ansur-ii-2012#sub - Army National Guard,1
ansur-ii-2012,data/ansur-ii-2012/,,ANSUR II 2012 - Army National Guard,United States,military,Army,F,2010,abdominal_depth_sitting,Abdominal extension depth (sitting),mm,228.25,32.28,847,183.0,225.0,285.0,A,computed from the individual-level data in this repository,computed,ansur-ii-2012#sub - Army National Guard,1
ansur-ii-2012,data/ansur-ii-2012/,,ANSUR II 2012 - Army National Guard,United States,military,Army,F,2010,hip_breadth_sitting,Hip breadth (sitting),mm,397.11,33.11,847,347.0,394.0,456.0,A,computed from the individual-level data in this repository,computed,ansur-ii-2012#sub - Army National Guard,1
ansur-ii-2012,data/ansur-ii-2012/,,ANSUR II 2012 - Army National Guard,United States,military,Army,F,2010,biacromial_breadth,Biacromial breadth,mm,365.89,17.88,847,337.0,366.0,396.0,A,computed from the individual-level data in this repository,computed,ansur-ii-2012#sub - Army National Guard,1
ansur-ii-2012,data/ansur-ii-2012/,,ANSUR II 2012 - Army National Guard,United States,military,Army,F,2010,bideltoid_breadth,Bideltoid breadth,mm,449.53,29.16,847,404.0,448.0,501.0,A,computed from the individual-level data in this repository,computed,ansur-ii-2012#sub - Army National Guard,1
ansur-ii-2012,data/ansur-ii-2012/,,ANSUR II 2012 - Army National Guard,United States,military,Army,F,2010,forearm_forearm_breadth,Forearm-forearm breadth,mm,494.0,41.88,847,431.0,491.0,565.0,A,computed from the individual-level data in this repository,computed,ansur-ii-2012#sub - Army National Guard,1
ansur-ii-2012,data/ansur-ii-2012/,,ANSUR II 2012 - Army National Guard,United States,military,Army,F,2010,chest_breadth,Chest breadth,mm,268.45,18.56,847,240.0,267.0,301.0,A,computed from the individual-level data in this repository,computed,ansur-ii-2012#sub - Army National Guard,1
ansur-ii-2012,data/ansur-ii-2012/,,ANSUR II 2012 - Army National Guard,United States,military,Army,F,2010,chest_depth,Chest depth,mm,247.69,28.3,847,204.3,245.0,296.7,A,computed from the individual-level data in this repository,computed,ansur-ii-2012#sub - Army National Guard,1
ansur-ii-2012,data/ansur-ii-2012/,,ANSUR II 2012 - Army National Guard,United States,military,Army,F,2010,bicristal_breadth,Bicristal (biiliocristale) breadth,mm,273.88,22.0,847,239.3,273.0,310.0,A,computed from the individual-level data in this repository,computed,ansur-ii-2012#sub - Army National Guard,1
ansur-ii-2012,data/ansur-ii-2012/,,ANSUR II 2012 - Army National Guard,United States,military,Army,F,2010,chest_circumference,Chest circumference,mm,946.19,85.32,847,823.0,935.0,1101.0,A,computed from the individual-level data in this repository,computed,ansur-ii-2012#sub - Army National Guard,1
ansur-ii-2012,data/ansur-ii-2012/,,ANSUR II 2012 - Army National Guard,United States,military,Army,F,2010,waist_circumference,Waist circumference (omphalion),mm,857.14,103.51,847,701.2,846.0,1045.1,A,computed from the individual-level data in this repository,computed,ansur-ii-2012#sub - Army National Guard,1
ansur-ii-2012,data/ansur-ii-2012/,,ANSUR II 2012 - Army National Guard,United States,military,Army,F,2010,buttock_circumference,Buttock circumference,mm,1021.83,78.83,847,901.6,1018.0,1158.0,A,computed from the individual-level data in this repository,computed,ansur-ii-2012#sub - Army National Guard,1
ansur-ii-2012,data/ansur-ii-2012/,,ANSUR II 2012 - Army National Guard,United States,military,Army,F,2010,neck_circumference,Neck circumference,mm,330.07,20.34,847,303.0,328.0,365.0,A,computed from the individual-level data in this repository,computed,ansur-ii-2012#sub - Army National Guard,1
ansur-ii-2012,data/ansur-ii-2012/,,ANSUR II 2012 - Army National Guard,United States,military,Army,F,2010,neck_circumference_base,Neck circumference (base),mm,371.94,20.26,847,340.0,370.0,407.0,A,computed from the individual-level data in this repository,computed,ansur-ii-2012#sub - Army National Guard,1
ansur-ii-2012,data/ansur-ii-2012/,,ANSUR II 2012 - Army National Guard,United States,military,Army,F,2010,shoulder_circumference,Shoulder circumference,mm,1025.98,52.9,847,943.0,1024.0,1118.7,A,computed from the individual-level data in this repository,computed,ansur-ii-2012#sub - Army National Guard,1
ansur-ii-2012,data/ansur-ii-2012/,,ANSUR II 2012 - Army National Guard,United States,military,Army,F,2010,biceps_circumference_flexed,Biceps circumference (flexed),mm,304.68,30.81,847,258.3,303.0,361.7,A,computed from the individual-level data in this repository,computed,ansur-ii-2012#sub - Army National Guard,1
ansur-ii-2012,data/ansur-ii-2012/,,ANSUR II 2012 - Army National Guard,United States,military,Army,F,2010,forearm_circumference_flexed,Forearm circumference (flexed),mm,264.38,18.38,847,237.0,263.0,297.0,A,computed from the individual-level data in this repository,computed,ansur-ii-2012#sub - Army National Guard,1
ansur-ii-2012,data/ansur-ii-2012/,,ANSUR II 2012 - Army National Guard,United States,military,Army,F,2010,wrist_circumference,Wrist circumference,mm,155.51,8.11,847,143.0,155.0,169.0,A,computed from the individual-level data in this repository,computed,ansur-ii-2012#sub - Army National Guard,1
ansur-ii-2012,data/ansur-ii-2012/,,ANSUR II 2012 - Army National Guard,United States,military,Army,F,2010,thigh_circumference,Thigh circumference,mm,614.65,55.84,847,527.0,612.0,709.7,A,computed from the individual-level data in this repository,computed,ansur-ii-2012#sub - Army National Guard,1
ansur-ii-2012,data/ansur-ii-2012/,,ANSUR II 2012 - Army National Guard,United States,military,Army,F,2010,calf_circumference,Calf circumference,mm,372.54,28.84,847,328.0,372.0,421.7,A,computed from the individual-level data in this repository,computed,ansur-ii-2012#sub - Army National Guard,1
ansur-ii-2012,data/ansur-ii-2012/,,ANSUR II 2012 - Army National Guard,United States,military,Army,F,2010,ankle_circumference,Ankle circumference,mm,215.51,14.94,847,192.3,215.0,240.0,A,computed from the individual-level data in this repository,computed,ansur-ii-2012#sub - Army National Guard,1
ansur-ii-2012,data/ansur-ii-2012/,,ANSUR II 2012 - Army National Guard,United States,military,Army,F,2010,vertical_trunk_circumference,Vertical trunk circumference,mm,1563.34,78.03,847,1442.6,1560.0,1692.0,A,computed from the individual-level data in this repository,computed,ansur-ii-2012#sub - Army National Guard,1
ansur-ii-2012,data/ansur-ii-2012/,,ANSUR II 2012 - Army National Guard,United States,military,Army,F,2010,shoulder_elbow_length,Shoulder-elbow length,mm,334.12,17.34,847,306.0,333.0,361.0,A,computed from the individual-level data in this repository,computed,ansur-ii-2012#sub - Army National Guard,1
ansur-ii-2012,data/ansur-ii-2012/,,ANSUR II 2012 - Army National Guard,United States,military,Army,F,2010,acromion_radiale_length,Acromion-radiale length,mm,311.48,17.23,847,283.0,311.0,340.0,A,computed from the individual-level data in this repository,computed,ansur-ii-2012#sub - Army National Guard,1
ansur-ii-2012,data/ansur-ii-2012/,,ANSUR II 2012 - Army National Guard,United States,military,Army,F,2010,radiale_stylion_length,Radiale-stylion length,mm,240.56,14.86,847,218.0,240.0,266.0,A,computed from the individual-level data in this repository,computed,ansur-ii-2012#sub - Army National Guard,1
ansur-ii-2012,data/ansur-ii-2012/,,ANSUR II 2012 - Army National Guard,United States,military,Army,F,2010,sleeve_outseam,Sleeve outseam,mm,542.71,29.41,847,495.0,542.0,594.0,A,computed from the individual-level data in this repository,computed,ansur-ii-2012#sub - Army National Guard,1
ansur-ii-2012,data/ansur-ii-2012/,,ANSUR II 2012 - Army National Guard,United States,military,Army,F,2010,shoulder_length,Shoulder length,mm,135.06,9.79,847,120.0,135.0,150.0,A,computed from the individual-level data in this repository,computed,ansur-ii-2012#sub - Army National Guard,1
ansur-ii-2012,data/ansur-ii-2012/,,ANSUR II 2012 - Army National Guard,United States,military,Army,F,2010,thumbtip_reach,Thumb-tip reach,mm,739.48,41.95,847,672.0,736.0,814.7,A,computed from the individual-level data in this repository,computed,ansur-ii-2012#sub - Army National Guard,1
ansur-ii-2012,data/ansur-ii-2012/,,ANSUR II 2012 - Army National Guard,United States,military,Army,F,2010,span,Span,mm,1657.85,81.19,847,1528.0,1653.0,1805.4,A,computed from the individual-level data in this repository,computed,ansur-ii-2012#sub - Army National Guard,1
ansur-ii-2012,data/ansur-ii-2012/,,ANSUR II 2012 - Army National Guard,United States,military,Army,F,2010,hand_length,Hand length,mm,181.69,10.17,847,166.3,181.0,200.0,A,computed from the individual-level data in this repository,computed,ansur-ii-2012#sub - Army National Guard,1
ansur-ii-2012,data/ansur-ii-2012/,,ANSUR II 2012 - Army National Guard,United States,military,Army,F,2010,hand_breadth,Hand breadth (metacarpale),mm,78.42,3.79,847,72.3,78.0,85.0,A,computed from the individual-level data in this repository,computed,ansur-ii-2012#sub - Army National Guard,1
ansur-ii-2012,data/ansur-ii-2012/,,ANSUR II 2012 - Army National Guard,United States,military,Army,F,2010,hand_circumference,Hand circumference (metacarpale),mm,186.98,8.92,847,173.0,187.0,202.0,A,computed from the individual-level data in this repository,computed,ansur-ii-2012#sub - Army National Guard,1
ansur-ii-2012,data/ansur-ii-2012/,,ANSUR II 2012 - Army National Guard,United States,military,Army,F,2010,foot_length,Foot length,mm,245.71,12.5,847,226.0,245.0,267.0,A,computed from the individual-level data in this repository,computed,ansur-ii-2012#sub - Army National Guard,1
ansur-ii-2012,data/ansur-ii-2012/,,ANSUR II 2012 - Army National Guard,United States,military,Army,F,2010,foot_breadth,Foot breadth,mm,92.87,4.88,847,85.0,93.0,101.0,A,computed from the individual-level data in this repository,computed,ansur-ii-2012#sub - Army National Guard,1
ansur-ii-2012,data/ansur-ii-2012/,,ANSUR II 2012 - Army National Guard,United States,military,Army,F,2010,head_circumference,Head circumference,mm,559.73,19.09,847,531.0,558.0,595.0,A,computed from the individual-level data in this repository,computed,ansur-ii-2012#sub - Army National Guard,1
ansur-ii-2012,data/ansur-ii-2012/,,ANSUR II 2012 - Army National Guard,United States,military,Army,F,2010,head_length,Head length,mm,189.27,7.31,847,178.0,190.0,201.0,A,computed from the individual-level data in this repository,computed,ansur-ii-2012#sub - Army National Guard,1
ansur-ii-2012,data/ansur-ii-2012/,,ANSUR II 2012 - Army National Guard,United States,military,Army,F,2010,head_breadth,Head breadth,mm,147.62,5.13,847,140.0,147.0,156.0,A,computed from the individual-level data in this repository,computed,ansur-ii-2012#sub - Army National Guard,1
ansur-ii-2012,data/ansur-ii-2012/,,ANSUR II 2012 - Army National Guard,United States,military,Army,F,2010,bizygomatic_breadth,Bizygomatic breadth,mm,133.47,5.49,847,125.0,133.0,143.0,A,computed from the individual-level data in this repository,computed,ansur-ii-2012#sub - Army National Guard,1
ansur-ii-2012,data/ansur-ii-2012/,,ANSUR II 2012 - Army National Guard,United States,military,Army,F,2010,menton_sellion_length,Menton-sellion (face) length,mm,112.89,6.09,847,103.0,113.0,123.0,A,computed from the individual-level data in this repository,computed,ansur-ii-2012#sub - Army National Guard,1
ansur-ii-2012,data/ansur-ii-2012/,,ANSUR II 2012 - Army National Guard,United States,military,Army,F,2010,interpupillary_breadth,Interpupillary breadth,mm,61.55,3.78,847,55.5,61.5,67.85,A,computed from the individual-level data in this repository,computed,ansur-ii-2012#sub - Army National Guard,1
ansur-ii-2012,data/ansur-ii-2012/,,ANSUR II 2012 - Army National Guard,United States,military,Army,F,2010,ear_length,Ear length,mm,59.04,3.87,847,53.0,59.0,65.0,A,computed from the individual-level data in this repository,computed,ansur-ii-2012#sub - Army National Guard,1
ansur-ii-2012,data/ansur-ii-2012/,,ANSUR II 2012 - Army Reserve,United States,military,Army,M,2010,stature,Stature,mm,1749.58,66.2,101,1653.0,1753.0,1852.0,A,computed from the individual-level data in this repository,computed,ansur-ii-2012#sub - Army Reserve,1
ansur-ii-2012,data/ansur-ii-2012/,,ANSUR II 2012 - Army Reserve,United States,military,Army,M,2010,mass,Body mass,kg,83.59,12.17,101,65.7,82.7,105.6,A,computed from the individual-level data in this repository,computed,ansur-ii-2012#sub - Army Reserve,1
ansur-ii-2012,data/ansur-ii-2012/,,ANSUR II 2012 - Army Reserve,United States,military,Army,M,2010,bmi,Body mass index,kg/m²,27.32,3.74,101,21.3,26.93,33.43,A,computed from the individual-level data in this repository,computed,ansur-ii-2012#sub - Army Reserve,1
ansur-ii-2012,data/ansur-ii-2012/,,ANSUR II 2012 - Army Reserve,United States,military,Army,M,2010,age,Age,years,34.93,10.48,101,20.0,34.0,53.0,A,computed from the individual-level data in this repository,computed,ansur-ii-2012#sub - Army Reserve,1
ansur-ii-2012,data/ansur-ii-2012/,,ANSUR II 2012 - Army Reserve,United States,military,Army,M,2010,cervicale_height,Cervicale height,mm,1512.13,60.1,101,1426.0,1506.0,1618.0,A,computed from the individual-level data in this repository,computed,ansur-ii-2012#sub - Army Reserve,1
ansur-ii-2012,data/ansur-ii-2012/,,ANSUR II 2012 - Army Reserve,United States,military,Army,M,2010,acromion_height,Acromion height,mm,1433.49,59.06,101,1349.0,1433.0,1530.0,A,computed from the individual-level data in this repository,computed,ansur-ii-2012#sub - Army Reserve,1
ansur-ii-2012,data/ansur-ii-2012/,,ANSUR II 2012 - Army Reserve,United States,military,Army,M,2010,suprasternale_height,Suprasternale height,mm,1435.15,59.08,101,1343.0,1434.0,1531.0,A,computed from the individual-level data in this repository,computed,ansur-ii-2012#sub - Army Reserve,1
ansur-ii-2012,data/ansur-ii-2012/,,ANSUR II 2012 - Army Reserve,United States,military,Army,M,2010,iliocristale_height,Iliocristale height,mm,1057.3,50.15,101,982.0,1053.0,1132.0,A,computed from the individual-level data in this repository,computed,ansur-ii-2012#sub - Army Reserve,1
ansur-ii-2012,data/ansur-ii-2012/,,ANSUR II 2012 - Army Reserve,United States,military,Army,M,2010,trochanterion_height,Trochanterion height,mm,890.93,46.1,101,823.0,891.0,966.0,A,computed from the individual-level data in this repository,computed,ansur-ii-2012#sub - Army Reserve,1
ansur-ii-2012,data/ansur-ii-2012/,,ANSUR II 2012 - Army Reserve,United States,military,Army,M,2010,crotch_height,Crotch height,mm,836.28,44.48,101,764.0,838.0,900.0,A,computed from the individual-level data in this repository,computed,ansur-ii-2012#sub - Army Reserve,1
ansur-ii-2012,data/ansur-ii-2012/,,ANSUR II 2012 - Army Reserve,United States,military,Army,M,2010,sitting_height,Sitting height,mm,917.22,36.72,101,863.0,914.0,970.0,A,computed from the individual-level data in this repository,computed,ansur-ii-2012#sub - Army Reserve,1
ansur-ii-2012,data/ansur-ii-2012/,,ANSUR II 2012 - Army Reserve,United States,military,Army,M,2010,eye_height_sitting,Eye height (sitting),mm,807.35,34.63,101,753.0,803.0,864.0,A,computed from the individual-level data in this repository,computed,ansur-ii-2012#sub - Army Reserve,1
ansur-ii-2012,data/ansur-ii-2012/,,ANSUR II 2012 - Army Reserve,United States,military,Army,M,2010,elbow_rest_height,Elbow rest height,mm,244.44,30.84,101,194.0,243.0,291.0,A,computed from the individual-level data in this repository,computed,ansur-ii-2012#sub - Army Reserve,1
ansur-ii-2012,data/ansur-ii-2012/,,ANSUR II 2012 - Army Reserve,United States,military,Army,M,2010,thigh_clearance,Thigh clearance,mm,177.62,14.0,101,155.0,178.0,201.0,A,computed from the individual-level data in this repository,computed,ansur-ii-2012#sub - Army Reserve,1
ansur-ii-2012,data/ansur-ii-2012/,,ANSUR II 2012 - Army Reserve,United States,military,Army,M,2010,knee_height_sitting,Knee height (sitting),mm,551.31,24.7,101,515.0,550.0,587.0,A,computed from the individual-level data in this repository,computed,ansur-ii-2012#sub - Army Reserve,1
ansur-ii-2012,data/ansur-ii-2012/,,ANSUR II 2012 - Army Reserve,United States,military,Army,M,2010,popliteal_height,Popliteal height,mm,426.64,22.65,101,393.0,423.0,462.0,A,computed from the individual-level data in this repository,computed,ansur-ii-2012#sub - Army Reserve,1
ansur-ii-2012,data/ansur-ii-2012/,,ANSUR II 2012 - Army Reserve,United States,military,Army,M,2010,buttock_knee_length,Buttock-knee length,mm,612.08,27.23,101,574.0,609.0,664.0,A,computed from the individual-level data in this repository,computed,ansur-ii-2012#sub - Army Reserve,1
ansur-ii-2012,data/ansur-ii-2012/,,ANSUR II 2012 - Army Reserve,United States,military,Army,M,2010,buttock_popliteal_length,Buttock-popliteal length,mm,496.78,25.63,101,457.0,496.0,544.0,A,computed from the individual-level data in this repository,computed,ansur-ii-2012#sub - Army Reserve,1
ansur-ii-2012,data/ansur-ii-2012/,,ANSUR II 2012 - Army Reserve,United States,military,Army,M,2010,abdominal_depth_sitting,Abdominal extension depth (sitting),mm,252.64,32.57,101,200.0,253.0,299.0,A,computed from the individual-level data in this repository,computed,ansur-ii-2012#sub - Army Reserve,1
ansur-ii-2012,data/ansur-ii-2012/,,ANSUR II 2012 - Army Reserve,United States,military,Army,M,2010,hip_breadth_sitting,Hip breadth (sitting),mm,378.8,24.07,101,342.0,379.0,420.0,A,computed from the individual-level data in this repository,computed,ansur-ii-2012#sub - Army Reserve,1
ansur-ii-2012,data/ansur-ii-2012/,,ANSUR II 2012 - Army Reserve,United States,military,Army,M,2010,biacromial_breadth,Biacromial breadth,mm,414.59,16.22,101,388.0,416.0,442.0,A,computed from the individual-level data in this repository,computed,ansur-ii-2012#sub - Army Reserve,1
ansur-ii-2012,data/ansur-ii-2012/,,ANSUR II 2012 - Army Reserve,United States,military,Army,M,2010,bideltoid_breadth,Bideltoid breadth,mm,509.75,28.13,101,470.0,509.0,554.0,A,computed from the individual-level data in this repository,computed,ansur-ii-2012#sub - Army Reserve,1
ansur-ii-2012,data/ansur-ii-2012/,,ANSUR II 2012 - Army Reserve,United States,military,Army,M,2010,forearm_forearm_breadth,Forearm-forearm breadth,mm,582.09,48.16,101,501.0,578.0,661.0,A,computed from the individual-level data in this repository,computed,ansur-ii-2012#sub - Army Reserve,1
ansur-ii-2012,data/ansur-ii-2012/,,ANSUR II 2012 - Army Reserve,United States,military,Army,M,2010,chest_breadth,Chest breadth,mm,289.54,16.39,101,260.0,291.0,310.0,A,computed from the individual-level data in this repository,computed,ansur-ii-2012#sub - Army Reserve,1
ansur-ii-2012,data/ansur-ii-2012/,,ANSUR II 2012 - Army Reserve,United States,military,Army,M,2010,chest_depth,Chest depth,mm,253.55,25.88,101,210.0,253.0,298.0,A,computed from the individual-level data in this repository,computed,ansur-ii-2012#sub - Army Reserve,1
ansur-ii-2012,data/ansur-ii-2012/,,ANSUR II 2012 - Army Reserve,United States,military,Army,M,2010,bicristal_breadth,Bicristal (biiliocristale) breadth,mm,272.76,14.11,101,250.0,273.0,292.0,A,computed from the individual-level data in this repository,computed,ansur-ii-2012#sub - Army Reserve,1
ansur-ii-2012,data/ansur-ii-2012/,,ANSUR II 2012 - Army Reserve,United States,military,Army,M,2010,chest_circumference,Chest circumference,mm,1057.88,84.16,101,922.0,1056.0,1206.0,A,computed from the individual-level data in this repository,computed,ansur-ii-2012#sub - Army Reserve,1
ansur-ii-2012,data/ansur-ii-2012/,,ANSUR II 2012 - Army Reserve,United States,military,Army,M,2010,waist_circumference,Waist circumference (omphalion),mm,937.76,97.11,101,778.0,947.0,1086.0,A,computed from the individual-level data in this repository,computed,ansur-ii-2012#sub - Army Reserve,1
ansur-ii-2012,data/ansur-ii-2012/,,ANSUR II 2012 - Army Reserve,United States,military,Army,M,2010,buttock_circumference,Buttock circumference,mm,1007.5,62.76,101,907.0,1012.0,1103.0,A,computed from the individual-level data in this repository,computed,ansur-ii-2012#sub - Army Reserve,1
ansur-ii-2012,data/ansur-ii-2012/,,ANSUR II 2012 - Army Reserve,United States,military,Army,M,2010,neck_circumference,Neck circumference,mm,398.44,26.94,101,360.0,395.0,443.0,A,computed from the individual-level data in this repository,computed,ansur-ii-2012#sub - Army Reserve,1
ansur-ii-2012,data/ansur-ii-2012/,,ANSUR II 2012 - Army Reserve,United States,military,Army,M,2010,neck_circumference_base,Neck circumference (base),mm,437.93,26.28,101,395.0,436.0,481.0,A,computed from the individual-level data in this repository,computed,ansur-ii-2012#sub - Army Reserve,1
ansur-ii-2012,data/ansur-ii-2012/,,ANSUR II 2012 - Army Reserve,United States,military,Army,M,2010,shoulder_circumference,Shoulder circumference,mm,1178.05,59.36,101,1092.0,1168.0,1287.0,A,computed from the individual-level data in this repository,computed,ansur-ii-2012#sub - Army Reserve,1
ansur-ii-2012,data/ansur-ii-2012/,,ANSUR II 2012 - Army Reserve,United States,military,Army,M,2010,biceps_circumference_flexed,Biceps circumference (flexed),mm,358.59,35.75,101,305.0,360.0,413.0,A,computed from the individual-level data in this repository,computed,ansur-ii-2012#sub - Army Reserve,1
ansur-ii-2012,data/ansur-ii-2012/,,ANSUR II 2012 - Army Reserve,United States,military,Army,M,2010,forearm_circumference_flexed,Forearm circumference (flexed),mm,311.04,21.31,101,279.0,310.0,348.0,A,computed from the individual-level data in this repository,computed,ansur-ii-2012#sub - Army Reserve,1
ansur-ii-2012,data/ansur-ii-2012/,,ANSUR II 2012 - Army Reserve,United States,military,Army,M,2010,wrist_circumference,Wrist circumference,mm,175.92,7.84,101,162.0,177.0,187.0,A,computed from the individual-level data in this repository,computed,ansur-ii-2012#sub - Army Reserve,1
ansur-ii-2012,data/ansur-ii-2012/,,ANSUR II 2012 - Army Reserve,United States,military,Army,M,2010,thigh_circumference,Thigh circumference,mm,613.56,47.59,101,533.0,611.0,693.0,A,computed from the individual-level data in this repository,computed,ansur-ii-2012#sub - Army Reserve,1
ansur-ii-2012,data/ansur-ii-2012/,,ANSUR II 2012 - Army Reserve,United States,military,Army,M,2010,calf_circumference,Calf circumference,mm,386.07,27.46,101,343.0,385.0,432.0,A,computed from the individual-level data in this repository,computed,ansur-ii-2012#sub - Army Reserve,1
ansur-ii-2012,data/ansur-ii-2012/,,ANSUR II 2012 - Army Reserve,United States,military,Army,M,2010,ankle_circumference,Ankle circumference,mm,226.57,13.82,101,206.0,226.0,250.0,A,computed from the individual-level data in this repository,computed,ansur-ii-2012#sub - Army Reserve,1
ansur-ii-2012,data/ansur-ii-2012/,,ANSUR II 2012 - Army Reserve,United States,military,Army,M,2010,vertical_trunk_circumference,Vertical trunk circumference,mm,1656.0,81.31,101,1526.0,1664.0,1798.0,A,computed from the individual-level data in this repository,computed,ansur-ii-2012#sub - Army Reserve,1
ansur-ii-2012,data/ansur-ii-2012/,,ANSUR II 2012 - Army Reserve,United States,military,Army,M,2010,shoulder_elbow_length,Shoulder-elbow length,mm,361.93,17.56,101,336.0,362.0,394.0,A,computed from the individual-level data in this repository,computed,ansur-ii-2012#sub - Army Reserve,1
ansur-ii-2012,data/ansur-ii-2012/,,ANSUR II 2012 - Army Reserve,United States,military,Army,M,2010,acromion_radiale_length,Acromion-radiale length,mm,333.51,17.09,101,308.0,333.0,365.0,A,computed from the individual-level data in this repository,computed,ansur-ii-2012#sub - Army Reserve,1
ansur-ii-2012,data/ansur-ii-2012/,,ANSUR II 2012 - Army Reserve,United States,military,Army,M,2010,radiale_stylion_length,Radiale-stylion length,mm,264.18,13.37,101,243.0,265.0,285.0,A,computed from the individual-level data in this repository,computed,ansur-ii-2012#sub - Army Reserve,1
ansur-ii-2012,data/ansur-ii-2012/,,ANSUR II 2012 - Army Reserve,United States,military,Army,M,2010,sleeve_outseam,Sleeve outseam,mm,588.27,30.2,101,545.0,587.0,645.0,A,computed from the individual-level data in this repository,computed,ansur-ii-2012#sub - Army Reserve,1
ansur-ii-2012,data/ansur-ii-2012/,,ANSUR II 2012 - Army Reserve,United States,military,Army,M,2010,shoulder_length,Shoulder length,mm,149.9,9.35,101,136.0,150.0,163.0,A,computed from the individual-level data in this repository,computed,ansur-ii-2012#sub - Army Reserve,1
ansur-ii-2012,data/ansur-ii-2012/,,ANSUR II 2012 - Army Reserve,United States,military,Army,M,2010,thumbtip_reach,Thumb-tip reach,mm,809.98,39.54,101,748.0,808.0,888.0,A,computed from the individual-level data in this repository,computed,ansur-ii-2012#sub - Army Reserve,1
ansur-ii-2012,data/ansur-ii-2012/,,ANSUR II 2012 - Army Reserve,United States,military,Army,M,2010,span,Span,mm,1811.82,77.51,101,1683.0,1800.0,1933.0,A,computed from the individual-level data in this repository,computed,ansur-ii-2012#sub - Army Reserve,1
ansur-ii-2012,data/ansur-ii-2012/,,ANSUR II 2012 - Army Reserve,United States,military,Army,M,2010,hand_length,Hand length,mm,191.19,9.12,101,175.0,191.0,205.0,A,computed from the individual-level data in this repository,computed,ansur-ii-2012#sub - Army Reserve,1
ansur-ii-2012,data/ansur-ii-2012/,,ANSUR II 2012 - Army Reserve,United States,military,Army,M,2010,hand_breadth,Hand breadth (metacarpale),mm,87.8,4.21,101,82.0,88.0,94.0,A,computed from the individual-level data in this repository,computed,ansur-ii-2012#sub - Army Reserve,1
ansur-ii-2012,data/ansur-ii-2012/,,ANSUR II 2012 - Army Reserve,United States,military,Army,M,2010,hand_circumference,Hand circumference (metacarpale),mm,211.58,9.73,101,197.0,212.0,227.0,A,computed from the individual-level data in this repository,computed,ansur-ii-2012#sub - Army Reserve,1
ansur-ii-2012,data/ansur-ii-2012/,,ANSUR II 2012 - Army Reserve,United States,military,Army,M,2010,foot_length,Foot length,mm,269.23,12.75,101,248.0,269.0,287.0,A,computed from the individual-level data in this repository,computed,ansur-ii-2012#sub - Army Reserve,1
ansur-ii-2012,data/ansur-ii-2012/,,ANSUR II 2012 - Army Reserve,United States,military,Army,M,2010,foot_breadth,Foot breadth,mm,101.0,4.92,101,93.0,101.0,110.0,A,computed from the individual-level data in this repository,computed,ansur-ii-2012#sub - Army Reserve,1
ansur-ii-2012,data/ansur-ii-2012/,,ANSUR II 2012 - Army Reserve,United States,military,Army,M,2010,head_circumference,Head circumference,mm,571.37,14.74,101,550.0,572.0,596.0,A,computed from the individual-level data in this repository,computed,ansur-ii-2012#sub - Army Reserve,1
ansur-ii-2012,data/ansur-ii-2012/,,ANSUR II 2012 - Army Reserve,United States,military,Army,M,2010,head_length,Head length,mm,197.49,6.95,101,185.0,198.0,208.0,A,computed from the individual-level data in this repository,computed,ansur-ii-2012#sub - Army Reserve,1
ansur-ii-2012,data/ansur-ii-2012/,,ANSUR II 2012 - Army Reserve,United States,military,Army,M,2010,head_breadth,Head breadth,mm,155.42,5.66,101,147.0,156.0,164.0,A,computed from the individual-level data in this repository,computed,ansur-ii-2012#sub - Army Reserve,1
ansur-ii-2012,data/ansur-ii-2012/,,ANSUR II 2012 - Army Reserve,United States,military,Army,M,2010,bizygomatic_breadth,Bizygomatic breadth,mm,142.81,6.64,101,132.0,143.0,152.0,A,computed from the individual-level data in this repository,computed,ansur-ii-2012#sub - Army Reserve,1
ansur-ii-2012,data/ansur-ii-2012/,,ANSUR II 2012 - Army Reserve,United States,military,Army,M,2010,menton_sellion_length,Menton-sellion (face) length,mm,122.27,6.41,101,112.0,123.0,133.0,A,computed from the individual-level data in this repository,computed,ansur-ii-2012#sub - Army Reserve,1
ansur-ii-2012,data/ansur-ii-2012/,,ANSUR II 2012 - Army Reserve,United States,military,Army,M,2010,interpupillary_breadth,Interpupillary breadth,mm,64.12,3.58,101,58.0,64.0,69.5,A,computed from the individual-level data in this repository,computed,ansur-ii-2012#sub - Army Reserve,1
ansur-ii-2012,data/ansur-ii-2012/,,ANSUR II 2012 - Army Reserve,United States,military,Army,M,2010,ear_length,Ear length,mm,64.5,4.72,101,56.0,65.0,73.0,A,computed from the individual-level data in this repository,computed,ansur-ii-2012#sub - Army Reserve,1
ansur-ii-2012,data/ansur-ii-2012/,,ANSUR II 2012 - Army Reserve,United States,military,Army,F,2010,stature,Stature,mm,1618.45,64.46,119,1517.8,1616.0,1729.0,A,computed from the individual-level data in this repository,computed,ansur-ii-2012#sub - Army Reserve,1
ansur-ii-2012,data/ansur-ii-2012/,,ANSUR II 2012 - Army Reserve,United States,military,Army,F,2010,mass,Body mass,kg,64.64,9.04,119,50.5,64.3,81.32,A,computed from the individual-level data in this repository,computed,ansur-ii-2012#sub - Army Reserve,1
ansur-ii-2012,data/ansur-ii-2012/,,ANSUR II 2012 - Army Reserve,United States,military,Army,F,2010,bmi,Body mass index,kg/m²,24.63,2.77,119,20.26,24.39,28.42,A,computed from the individual-level data in this repository,computed,ansur-ii-2012#sub - Army Reserve,1
ansur-ii-2012,data/ansur-ii-2012/,,ANSUR II 2012 - Army Reserve,United States,military,Army,F,2010,age,Age,years,28.13,9.13,119,18.0,24.0,48.0,A,computed from the individual-level data in this repository,computed,ansur-ii-2012#sub - Army Reserve,1
ansur-ii-2012,data/ansur-ii-2012/,,ANSUR II 2012 - Army Reserve,United States,military,Army,F,2010,cervicale_height,Cervicale height,mm,1384.5,59.34,119,1295.8,1377.0,1490.4,A,computed from the individual-level data in this repository,computed,ansur-ii-2012#sub - Army Reserve,1
ansur-ii-2012,data/ansur-ii-2012/,,ANSUR II 2012 - Army Reserve,United States,military,Army,F,2010,acromion_height,Acromion height,mm,1323.4,58.77,119,1231.7,1318.0,1434.0,A,computed from the individual-level data in this repository,computed,ansur-ii-2012#sub - Army Reserve,1
ansur-ii-2012,data/ansur-ii-2012/,,ANSUR II 2012 - Army Reserve,United States,military,Army,F,2010,suprasternale_height,Suprasternale height,mm,1320.21,57.82,119,1231.5,1313.0,1420.3,A,computed from the individual-level data in this repository,computed,ansur-ii-2012#sub - Army Reserve,1
ansur-ii-2012,data/ansur-ii-2012/,,ANSUR II 2012 - Army Reserve,United States,military,Army,F,2010,iliocristale_height,Iliocristale height,mm,990.9,49.59,119,915.6,987.0,1080.2,A,computed from the individual-level data in this repository,computed,ansur-ii-2012#sub - Army Reserve,1
ansur-ii-2012,data/ansur-ii-2012/,,ANSUR II 2012 - Army Reserve,United States,military,Army,F,2010,trochanterion_height,Trochanterion height,mm,838.35,42.53,119,770.9,836.0,906.9,A,computed from the individual-level data in this repository,computed,ansur-ii-2012#sub - Army Reserve,1
ansur-ii-2012,data/ansur-ii-2012/,,ANSUR II 2012 - Army Reserve,United States,military,Army,F,2010,crotch_height,Crotch height,mm,777.13,42.26,119,715.3,774.0,854.5,A,computed from the individual-level data in this repository,computed,ansur-ii-2012#sub - Army Reserve,1
ansur-ii-2012,data/ansur-ii-2012/,,ANSUR II 2012 - Army Reserve,United States,military,Army,F,2010,sitting_height,Sitting height,mm,850.29,30.11,119,807.9,849.0,899.4,A,computed from the individual-level data in this repository,computed,ansur-ii-2012#sub - Army Reserve,1
ansur-ii-2012,data/ansur-ii-2012/,,ANSUR II 2012 - Army Reserve,United States,military,Army,F,2010,eye_height_sitting,Eye height (sitting),mm,741.59,27.82,119,698.9,740.0,791.1,A,computed from the individual-level data in this repository,computed,ansur-ii-2012#sub - Army Reserve,1
ansur-ii-2012,data/ansur-ii-2012/,,ANSUR II 2012 - Army Reserve,United States,military,Army,F,2010,elbow_rest_height,Elbow rest height,mm,226.97,23.89,119,183.8,228.0,263.1,A,computed from the individual-level data in this repository,computed,ansur-ii-2012#sub - Army Reserve,1
ansur-ii-2012,data/ansur-ii-2012/,,ANSUR II 2012 - Army Reserve,United States,military,Army,F,2010,thigh_clearance,Thigh clearance,mm,165.67,12.47,119,144.8,167.0,186.0,A,computed from the individual-level data in this repository,computed,ansur-ii-2012#sub - Army Reserve,1
ansur-ii-2012,data/ansur-ii-2012/,,ANSUR II 2012 - Army Reserve,United States,military,Army,F,2010,knee_height_sitting,Knee height (sitting),mm,507.42,26.41,119,467.0,505.0,556.2,A,computed from the individual-level data in this repository,computed,ansur-ii-2012#sub - Army Reserve,1
ansur-ii-2012,data/ansur-ii-2012/,,ANSUR II 2012 - Army Reserve,United States,military,Army,F,2010,popliteal_height,Popliteal height,mm,387.02,22.86,119,353.0,386.0,425.6,A,computed from the individual-level data in this repository,computed,ansur-ii-2012#sub - Army Reserve,1
ansur-ii-2012,data/ansur-ii-2012/,,ANSUR II 2012 - Army Reserve,United States,military,Army,F,2010,buttock_knee_length,Buttock-knee length,mm,583.37,31.78,119,534.8,582.0,645.0,A,computed from the individual-level data in this repository,computed,ansur-ii-2012#sub - Army Reserve,1
ansur-ii-2012,data/ansur-ii-2012/,,ANSUR II 2012 - Army Reserve,United States,military,Army,F,2010,buttock_popliteal_length,Buttock-popliteal length,mm,478.08,27.91,119,435.9,477.0,527.5,A,computed from the individual-level data in this repository,computed,ansur-ii-2012#sub - Army Reserve,1
ansur-ii-2012,data/ansur-ii-2012/,,ANSUR II 2012 - Army Reserve,United States,military,Army,F,2010,abdominal_depth_sitting,Abdominal extension depth (sitting),mm,224.03,28.49,119,181.8,220.0,272.5,A,computed from the individual-level data in this repository,computed,ansur-ii-2012#sub - Army Reserve,1
ansur-ii-2012,data/ansur-ii-2012/,,ANSUR II 2012 - Army Reserve,United States,military,Army,F,2010,hip_breadth_sitting,Hip breadth (sitting),mm,389.77,27.93,119,345.9,386.0,442.0,A,computed from the individual-level data in this repository,computed,ansur-ii-2012#sub - Army Reserve,1
ansur-ii-2012,data/ansur-ii-2012/,,ANSUR II 2012 - Army Reserve,United States,military,Army,F,2010,biacromial_breadth,Biacromial breadth,mm,363.62,17.7,119,336.8,362.0,396.2,A,computed from the individual-level data in this repository,computed,ansur-ii-2012#sub - Army Reserve,1
ansur-ii-2012,data/ansur-ii-2012/,,ANSUR II 2012 - Army Reserve,United States,military,Army,F,2010,bideltoid_breadth,Bideltoid breadth,mm,445.19,24.63,119,407.0,446.0,483.3,A,computed from the individual-level data in this repository,computed,ansur-ii-2012#sub - Army Reserve,1
ansur-ii-2012,data/ansur-ii-2012/,,ANSUR II 2012 - Army Reserve,United States,military,Army,F,2010,forearm_forearm_breadth,Forearm-forearm breadth,mm,488.47,36.29,119,431.0,488.0,553.1,A,computed from the individual-level data in this repository,computed,ansur-ii-2012#sub - Army Reserve,1
ansur-ii-2012,data/ansur-ii-2012/,,ANSUR II 2012 - Army Reserve,United States,military,Army,F,2010,chest_breadth,Chest breadth,mm,266.26,16.87,119,240.0,266.0,298.0,A,computed from the individual-level data in this repository,computed,ansur-ii-2012#sub - Army Reserve,1
ansur-ii-2012,data/ansur-ii-2012/,,ANSUR II 2012 - Army Reserve,United States,military,Army,F,2010,chest_depth,Chest depth,mm,241.38,23.71,119,202.0,241.0,278.1,A,computed from the individual-level data in this repository,computed,ansur-ii-2012#sub - Army Reserve,1
ansur-ii-2012,data/ansur-ii-2012/,,ANSUR II 2012 - Army Reserve,United States,military,Army,F,2010,bicristal_breadth,Bicristal (biiliocristale) breadth,mm,265.93,20.33,119,234.0,265.0,300.0,A,computed from the individual-level data in this repository,computed,ansur-ii-2012#sub - Army Reserve,1
ansur-ii-2012,data/ansur-ii-2012/,,ANSUR II 2012 - Army Reserve,United States,military,Army,F,2010,chest_circumference,Chest circumference,mm,925.61,70.46,119,817.6,921.0,1033.8,A,computed from the individual-level data in this repository,computed,ansur-ii-2012#sub - Army Reserve,1
ansur-ii-2012,data/ansur-ii-2012/,,ANSUR II 2012 - Army Reserve,United States,military,Army,F,2010,waist_circumference,Waist circumference (omphalion),mm,834.24,82.7,119,707.9,830.0,972.8,A,computed from the individual-level data in this repository,computed,ansur-ii-2012#sub - Army Reserve,1
ansur-ii-2012,data/ansur-ii-2012/,,ANSUR II 2012 - Army Reserve,United States,military,Army,F,2010,buttock_circumference,Buttock circumference,mm,996.55,63.98,119,895.1,992.0,1110.6,A,computed from the individual-level data in this repository,computed,ansur-ii-2012#sub - Army Reserve,1
ansur-ii-2012,data/ansur-ii-2012/,,ANSUR II 2012 - Army Reserve,United States,military,Army,F,2010,neck_circumference,Neck circumference,mm,324.49,14.87,119,300.9,324.0,350.0,A,computed from the individual-level data in this repository,computed,ansur-ii-2012#sub - Army Reserve,1
ansur-ii-2012,data/ansur-ii-2012/,,ANSUR II 2012 - Army Reserve,United States,military,Army,F,2010,neck_circumference_base,Neck circumference (base),mm,367.15,16.32,119,344.5,367.0,396.0,A,computed from the individual-level data in this repository,computed,ansur-ii-2012#sub - Army Reserve,1
ansur-ii-2012,data/ansur-ii-2012/,,ANSUR II 2012 - Army Reserve,United States,military,Army,F,2010,shoulder_circumference,Shoulder circumference,mm,1022.49,47.35,119,941.9,1024.0,1105.3,A,computed from the individual-level data in this repository,computed,ansur-ii-2012#sub - Army Reserve,1
ansur-ii-2012,data/ansur-ii-2012/,,ANSUR II 2012 - Army Reserve,United States,military,Army,F,2010,biceps_circumference_flexed,Biceps circumference (flexed),mm,299.66,26.98,119,253.9,300.0,346.1,A,computed from the individual-level data in this repository,computed,ansur-ii-2012#sub - Army Reserve,1
ansur-ii-2012,data/ansur-ii-2012/,,ANSUR II 2012 - Army Reserve,United States,military,Army,F,2010,forearm_circumference_flexed,Forearm circumference (flexed),mm,260.71,17.2,119,234.9,260.0,287.5,A,computed from the individual-level data in this repository,computed,ansur-ii-2012#sub - Army Reserve,1
ansur-ii-2012,data/ansur-ii-2012/,,ANSUR II 2012 - Army Reserve,United States,military,Army,F,2010,wrist_circumference,Wrist circumference,mm,153.65,7.78,119,140.0,154.0,168.1,A,computed from the individual-level data in this repository,computed,ansur-ii-2012#sub - Army Reserve,1
ansur-ii-2012,data/ansur-ii-2012/,,ANSUR II 2012 - Army Reserve,United States,military,Army,F,2010,thigh_circumference,Thigh circumference,mm,601.57,46.93,119,520.7,602.0,683.0,A,computed from the individual-level data in this repository,computed,ansur-ii-2012#sub - Army Reserve,1
ansur-ii-2012,data/ansur-ii-2012/,,ANSUR II 2012 - Army Reserve,United States,military,Army,F,2010,calf_circumference,Calf circumference,mm,368.75,26.18,119,334.4,367.0,421.3,A,computed from the individual-level data in this repository,computed,ansur-ii-2012#sub - Army Reserve,1
ansur-ii-2012,data/ansur-ii-2012/,,ANSUR II 2012 - Army Reserve,United States,military,Army,F,2010,ankle_circumference,Ankle circumference,mm,214.26,13.86,119,195.8,213.0,237.1,A,computed from the individual-level data in this repository,computed,ansur-ii-2012#sub - Army Reserve,1
ansur-ii-2012,data/ansur-ii-2012/,,ANSUR II 2012 - Army Reserve,United States,military,Army,F,2010,vertical_trunk_circumference,Vertical trunk circumference,mm,1537.22,68.17,119,1436.5,1535.0,1655.7,A,computed from the individual-level data in this repository,computed,ansur-ii-2012#sub - Army Reserve,1
ansur-ii-2012,data/ansur-ii-2012/,,ANSUR II 2012 - Army Reserve,United States,military,Army,F,2010,shoulder_elbow_length,Shoulder-elbow length,mm,333.06,16.66,119,310.0,332.0,362.1,A,computed from the individual-level data in this repository,computed,ansur-ii-2012#sub - Army Reserve,1
ansur-ii-2012,data/ansur-ii-2012/,,ANSUR II 2012 - Army Reserve,United States,military,Army,F,2010,acromion_radiale_length,Acromion-radiale length,mm,308.18,16.18,119,283.8,307.0,334.2,A,computed from the individual-level data in this repository,computed,ansur-ii-2012#sub - Army Reserve,1
ansur-ii-2012,data/ansur-ii-2012/,,ANSUR II 2012 - Army Reserve,United States,military,Army,F,2010,radiale_stylion_length,Radiale-stylion length,mm,241.2,15.53,119,218.8,240.0,270.1,A,computed from the individual-level data in this repository,computed,ansur-ii-2012#sub - Army Reserve,1
ansur-ii-2012,data/ansur-ii-2012/,,ANSUR II 2012 - Army Reserve,United States,military,Army,F,2010,sleeve_outseam,Sleeve outseam,mm,541.24,28.49,119,500.0,540.0,593.2,A,computed from the individual-level data in this repository,computed,ansur-ii-2012#sub - Army Reserve,1
ansur-ii-2012,data/ansur-ii-2012/,,ANSUR II 2012 - Army Reserve,United States,military,Army,F,2010,shoulder_length,Shoulder length,mm,135.15,10.88,119,120.0,135.0,154.1,A,computed from the individual-level data in this repository,computed,ansur-ii-2012#sub - Army Reserve,1
ansur-ii-2012,data/ansur-ii-2012/,,ANSUR II 2012 - Army Reserve,United States,military,Army,F,2010,thumbtip_reach,Thumb-tip reach,mm,737.97,43.74,119,678.2,738.0,816.5,A,computed from the individual-level data in this repository,computed,ansur-ii-2012#sub - Army Reserve,1
ansur-ii-2012,data/ansur-ii-2012/,,ANSUR II 2012 - Army Reserve,United States,military,Army,F,2010,span,Span,mm,1656.56,81.64,119,1529.9,1652.0,1794.0,A,computed from the individual-level data in this repository,computed,ansur-ii-2012#sub - Army Reserve,1
ansur-ii-2012,data/ansur-ii-2012/,,ANSUR II 2012 - Army Reserve,United States,military,Army,F,2010,hand_length,Hand length,mm,180.21,9.98,119,165.0,179.0,199.1,A,computed from the individual-level data in this repository,computed,ansur-ii-2012#sub - Army Reserve,1
ansur-ii-2012,data/ansur-ii-2012/,,ANSUR II 2012 - Army Reserve,United States,military,Army,F,2010,hand_breadth,Hand breadth (metacarpale),mm,77.8,3.6,119,72.0,78.0,84.0,A,computed from the individual-level data in this repository,computed,ansur-ii-2012#sub - Army Reserve,1
ansur-ii-2012,data/ansur-ii-2012/,,ANSUR II 2012 - Army Reserve,United States,military,Army,F,2010,hand_circumference,Hand circumference (metacarpale),mm,185.64,8.54,119,173.0,185.0,201.0,A,computed from the individual-level data in this repository,computed,ansur-ii-2012#sub - Army Reserve,1
ansur-ii-2012,data/ansur-ii-2012/,,ANSUR II 2012 - Army Reserve,United States,military,Army,F,2010,foot_length,Foot length,mm,245.9,12.21,119,227.0,245.0,268.2,A,computed from the individual-level data in this repository,computed,ansur-ii-2012#sub - Army Reserve,1
ansur-ii-2012,data/ansur-ii-2012/,,ANSUR II 2012 - Army Reserve,United States,military,Army,F,2010,foot_breadth,Foot breadth,mm,92.22,4.31,119,86.0,92.0,100.0,A,computed from the individual-level data in this repository,computed,ansur-ii-2012#sub - Army Reserve,1
ansur-ii-2012,data/ansur-ii-2012/,,ANSUR II 2012 - Army Reserve,United States,military,Army,F,2010,head_circumference,Head circumference,mm,564.84,21.27,119,532.9,563.0,604.1,A,computed from the individual-level data in this repository,computed,ansur-ii-2012#sub - Army Reserve,1
ansur-ii-2012,data/ansur-ii-2012/,,ANSUR II 2012 - Army Reserve,United States,military,Army,F,2010,head_length,Head length,mm,190.14,7.31,119,178.9,190.0,201.0,A,computed from the individual-level data in this repository,computed,ansur-ii-2012#sub - Army Reserve,1
ansur-ii-2012,data/ansur-ii-2012/,,ANSUR II 2012 - Army Reserve,United States,military,Army,F,2010,head_breadth,Head breadth,mm,147.76,5.61,119,138.9,147.0,158.1,A,computed from the individual-level data in this repository,computed,ansur-ii-2012#sub - Army Reserve,1
ansur-ii-2012,data/ansur-ii-2012/,,ANSUR II 2012 - Army Reserve,United States,military,Army,F,2010,bizygomatic_breadth,Bizygomatic breadth,mm,133.51,6.04,119,124.0,134.0,144.0,A,computed from the individual-level data in this repository,computed,ansur-ii-2012#sub - Army Reserve,1
ansur-ii-2012,data/ansur-ii-2012/,,ANSUR II 2012 - Army Reserve,United States,military,Army,F,2010,menton_sellion_length,Menton-sellion (face) length,mm,112.26,6.01,119,104.0,112.0,122.1,A,computed from the individual-level data in this repository,computed,ansur-ii-2012#sub - Army Reserve,1
ansur-ii-2012,data/ansur-ii-2012/,,ANSUR II 2012 - Army Reserve,United States,military,Army,F,2010,interpupillary_breadth,Interpupillary breadth,mm,61.65,3.74,119,54.95,62.0,67.0,A,computed from the individual-level data in this repository,computed,ansur-ii-2012#sub - Army Reserve,1
ansur-ii-2012,data/ansur-ii-2012/,,ANSUR II 2012 - Army Reserve,United States,military,Army,F,2010,ear_length,Ear length,mm,59.07,3.98,119,53.0,60.0,65.0,A,computed from the individual-level data in this repository,computed,ansur-ii-2012#sub - Army Reserve,1
ansur-ii-2012,data/ansur-ii-2012/,,ANSUR II 2012 - Combat Support,United States,military,Army,M,2010,stature,Stature,mm,1749.69,70.98,625,1639.0,1745.0,1871.8,A,computed from the individual-level data in this repository,computed,ansur-ii-2012#sub - Combat Support,1
ansur-ii-2012,data/ansur-ii-2012/,,ANSUR II 2012 - Combat Support,United States,military,Army,M,2010,mass,Body mass,kg,85.96,13.89,625,63.9,85.5,109.18,A,computed from the individual-level data in this repository,computed,ansur-ii-2012#sub - Combat Support,1
ansur-ii-2012,data/ansur-ii-2012/,,ANSUR II 2012 - Combat Support,United States,military,Army,M,2010,bmi,Body mass index,kg/m²,28.03,3.89,625,21.41,27.87,34.35,A,computed from the individual-level data in this repository,computed,ansur-ii-2012#sub - Combat Support,1
ansur-ii-2012,data/ansur-ii-2012/,,ANSUR II 2012 - Combat Support,United States,military,Army,M,2010,age,Age,years,33.8,9.3,625,21.0,32.0,50.0,A,computed from the individual-level data in this repository,computed,ansur-ii-2012#sub - Combat Support,1
ansur-ii-2012,data/ansur-ii-2012/,,ANSUR II 2012 - Combat Support,United States,military,Army,M,2010,cervicale_height,Cervicale height,mm,1513.11,65.68,625,1413.0,1509.0,1627.0,A,computed from the individual-level data in this repository,computed,ansur-ii-2012#sub - Combat Support,1
ansur-ii-2012,data/ansur-ii-2012/,,ANSUR II 2012 - Combat Support,United States,military,Army,M,2010,acromion_height,Acromion height,mm,1437.0,64.71,625,1337.4,1435.0,1545.0,A,computed from the individual-level data in this repository,computed,ansur-ii-2012#sub - Combat Support,1
ansur-ii-2012,data/ansur-ii-2012/,,ANSUR II 2012 - Combat Support,United States,military,Army,M,2010,suprasternale_height,Suprasternale height,mm,1434.66,63.07,625,1336.4,1431.0,1544.6,A,computed from the individual-level data in this repository,computed,ansur-ii-2012#sub - Combat Support,1
ansur-ii-2012,data/ansur-ii-2012/,,ANSUR II 2012 - Combat Support,United States,military,Army,M,2010,iliocristale_height,Iliocristale height,mm,1057.69,53.76,625,972.2,1057.0,1148.8,A,computed from the individual-level data in this repository,computed,ansur-ii-2012#sub - Combat Support,1
ansur-ii-2012,data/ansur-ii-2012/,,ANSUR II 2012 - Combat Support,United States,military,Army,M,2010,trochanterion_height,Trochanterion height,mm,900.31,50.6,625,823.4,896.0,986.8,A,computed from the individual-level data in this repository,computed,ansur-ii-2012#sub - Combat Support,1
ansur-ii-2012,data/ansur-ii-2012/,,ANSUR II 2012 - Combat Support,United States,military,Army,M,2010,crotch_height,Crotch height,mm,842.74,48.06,625,770.0,840.0,924.0,A,computed from the individual-level data in this repository,computed,ansur-ii-2012#sub - Combat Support,1
ansur-ii-2012,data/ansur-ii-2012/,,ANSUR II 2012 - Combat Support,United States,military,Army,M,2010,sitting_height,Sitting height,mm,914.1,36.77,625,856.0,913.0,975.8,A,computed from the individual-level data in this repository,computed,ansur-ii-2012#sub - Combat Support,1
ansur-ii-2012,data/ansur-ii-2012/,,ANSUR II 2012 - Combat Support,United States,military,Army,M,2010,eye_height_sitting,Eye height (sitting),mm,801.4,34.22,625,748.0,799.0,860.0,A,computed from the individual-level data in this repository,computed,ansur-ii-2012#sub - Combat Support,1
ansur-ii-2012,data/ansur-ii-2012/,,ANSUR II 2012 - Combat Support,United States,military,Army,M,2010,elbow_rest_height,Elbow rest height,mm,243.95,27.72,625,197.0,244.0,290.0,A,computed from the individual-level data in this repository,computed,ansur-ii-2012#sub - Combat Support,1
ansur-ii-2012,data/ansur-ii-2012/,,ANSUR II 2012 - Combat Support,United States,military,Army,M,2010,thigh_clearance,Thigh clearance,mm,181.06,14.66,625,157.2,181.0,206.8,A,computed from the individual-level data in this repository,computed,ansur-ii-2012#sub - Combat Support,1
ansur-ii-2012,data/ansur-ii-2012/,,ANSUR II 2012 - Combat Support,United States,military,Army,M,2010,knee_height_sitting,Knee height (sitting),mm,552.88,28.29,625,510.0,550.0,601.6,A,computed from the individual-level data in this repository,computed,ansur-ii-2012#sub - Combat Support,1
ansur-ii-2012,data/ansur-ii-2012/,,ANSUR II 2012 - Combat Support,United States,military,Army,M,2010,popliteal_height,Popliteal height,mm,427.98,25.61,625,387.0,427.0,472.0,A,computed from the individual-level data in this repository,computed,ansur-ii-2012#sub - Combat Support,1
ansur-ii-2012,data/ansur-ii-2012/,,ANSUR II 2012 - Combat Support,United States,military,Army,M,2010,buttock_knee_length,Buttock-knee length,mm,617.11,31.7,625,567.2,618.0,673.0,A,computed from the individual-level data in this repository,computed,ansur-ii-2012#sub - Combat Support,1
ansur-ii-2012,data/ansur-ii-2012/,,ANSUR II 2012 - Combat Support,United States,military,Army,M,2010,buttock_popliteal_length,Buttock-popliteal length,mm,501.65,29.0,625,455.0,502.0,551.0,A,computed from the individual-level data in this repository,computed,ansur-ii-2012#sub - Combat Support,1
ansur-ii-2012,data/ansur-ii-2012/,,ANSUR II 2012 - Combat Support,United States,military,Army,M,2010,abdominal_depth_sitting,Abdominal extension depth (sitting),mm,260.83,37.23,625,202.2,259.0,324.0,A,computed from the individual-level data in this repository,computed,ansur-ii-2012#sub - Combat Support,1
ansur-ii-2012,data/ansur-ii-2012/,,ANSUR II 2012 - Combat Support,United States,military,Army,M,2010,hip_breadth_sitting,Hip breadth (sitting),mm,380.42,28.79,625,331.4,381.0,428.6,A,computed from the individual-level data in this repository,computed,ansur-ii-2012#sub - Combat Support,1
ansur-ii-2012,data/ansur-ii-2012/,,ANSUR II 2012 - Combat Support,United States,military,Army,M,2010,biacromial_breadth,Biacromial breadth,mm,415.64,18.77,625,385.0,414.0,447.0,A,computed from the individual-level data in this repository,computed,ansur-ii-2012#sub - Combat Support,1
ansur-ii-2012,data/ansur-ii-2012/,,ANSUR II 2012 - Combat Support,United States,military,Army,M,2010,bideltoid_breadth,Bideltoid breadth,mm,511.83,31.49,625,460.0,511.0,563.0,A,computed from the individual-level data in this repository,computed,ansur-ii-2012#sub - Combat Support,1
ansur-ii-2012,data/ansur-ii-2012/,,ANSUR II 2012 - Combat Support,United States,military,Army,M,2010,forearm_forearm_breadth,Forearm-forearm breadth,mm,582.33,48.11,625,499.6,585.0,659.6,A,computed from the individual-level data in this repository,computed,ansur-ii-2012#sub - Combat Support,1
ansur-ii-2012,data/ansur-ii-2012/,,ANSUR II 2012 - Combat Support,United States,military,Army,M,2010,chest_breadth,Chest breadth,mm,289.66,18.28,625,258.2,290.0,318.0,A,computed from the individual-level data in this repository,computed,ansur-ii-2012#sub - Combat Support,1
ansur-ii-2012,data/ansur-ii-2012/,,ANSUR II 2012 - Combat Support,United States,military,Army,M,2010,chest_depth,Chest depth,mm,256.21,25.29,625,214.2,257.0,296.8,A,computed from the individual-level data in this repository,computed,ansur-ii-2012#sub - Combat Support,1
ansur-ii-2012,data/ansur-ii-2012/,,ANSUR II 2012 - Combat Support,United States,military,Army,M,2010,bicristal_breadth,Bicristal (biiliocristale) breadth,mm,274.3,17.79,625,246.0,273.0,303.0,A,computed from the individual-level data in this repository,computed,ansur-ii-2012#sub - Combat Support,1
ansur-ii-2012,data/ansur-ii-2012/,,ANSUR II 2012 - Combat Support,United States,military,Army,M,2010,chest_circumference,Chest circumference,mm,1067.4,84.36,625,925.4,1072.0,1197.0,A,computed from the individual-level data in this repository,computed,ansur-ii-2012#sub - Combat Support,1
ansur-ii-2012,data/ansur-ii-2012/,,ANSUR II 2012 - Combat Support,United States,military,Army,M,2010,waist_circumference,Waist circumference (omphalion),mm,955.38,106.66,625,777.0,960.0,1134.6,A,computed from the individual-level data in this repository,computed,ansur-ii-2012#sub - Combat Support,1
ansur-ii-2012,data/ansur-ii-2012/,,ANSUR II 2012 - Combat Support,United States,military,Army,M,2010,buttock_circumference,Buttock circumference,mm,1022.17,73.51,625,900.0,1023.0,1141.8,A,computed from the individual-level data in this repository,computed,ansur-ii-2012#sub - Combat Support,1
ansur-ii-2012,data/ansur-ii-2012/,,ANSUR II 2012 - Combat Support,United States,military,Army,M,2010,neck_circumference,Neck circumference,mm,399.92,25.68,625,362.0,399.0,443.6,A,computed from the individual-level data in this repository,computed,ansur-ii-2012#sub - Combat Support,1
ansur-ii-2012,data/ansur-ii-2012/,,ANSUR II 2012 - Combat Support,United States,military,Army,M,2010,neck_circumference_base,Neck circumference (base),mm,436.95,25.67,625,397.2,436.0,482.0,A,computed from the individual-level data in this repository,computed,ansur-ii-2012#sub - Combat Support,1
ansur-ii-2012,data/ansur-ii-2012/,,ANSUR II 2012 - Combat Support,United States,military,Army,M,2010,shoulder_circumference,Shoulder circumference,mm,1177.78,62.14,625,1081.2,1175.0,1275.8,A,computed from the individual-level data in this repository,computed,ansur-ii-2012#sub - Combat Support,1
ansur-ii-2012,data/ansur-ii-2012/,,ANSUR II 2012 - Combat Support,United States,military,Army,M,2010,biceps_circumference_flexed,Biceps circumference (flexed),mm,358.19,33.27,625,300.2,359.0,410.0,A,computed from the individual-level data in this repository,computed,ansur-ii-2012#sub - Combat Support,1
ansur-ii-2012,data/ansur-ii-2012/,,ANSUR II 2012 - Combat Support,United States,military,Army,M,2010,forearm_circumference_flexed,Forearm circumference (flexed),mm,310.62,21.43,625,276.2,311.0,344.6,A,computed from the individual-level data in this repository,computed,ansur-ii-2012#sub - Combat Support,1
ansur-ii-2012,data/ansur-ii-2012/,,ANSUR II 2012 - Combat Support,United States,military,Army,M,2010,wrist_circumference,Wrist circumference,mm,176.16,8.96,625,161.2,176.0,190.0,A,computed from the individual-level data in this repository,computed,ansur-ii-2012#sub - Combat Support,1
ansur-ii-2012,data/ansur-ii-2012/,,ANSUR II 2012 - Combat Support,United States,military,Army,M,2010,thigh_circumference,Thigh circumference,mm,626.19,55.21,625,533.0,627.0,717.0,A,computed from the individual-level data in this repository,computed,ansur-ii-2012#sub - Combat Support,1
ansur-ii-2012,data/ansur-ii-2012/,,ANSUR II 2012 - Combat Support,United States,military,Army,M,2010,calf_circumference,Calf circumference,mm,392.83,29.99,625,347.2,392.0,443.8,A,computed from the individual-level data in this repository,computed,ansur-ii-2012#sub - Combat Support,1
ansur-ii-2012,data/ansur-ii-2012/,,ANSUR II 2012 - Combat Support,United States,military,Army,M,2010,ankle_circumference,Ankle circumference,mm,227.96,14.8,625,205.2,227.0,254.0,A,computed from the individual-level data in this repository,computed,ansur-ii-2012#sub - Combat Support,1
ansur-ii-2012,data/ansur-ii-2012/,,ANSUR II 2012 - Combat Support,United States,military,Army,M,2010,vertical_trunk_circumference,Vertical trunk circumference,mm,1668.61,89.86,625,1518.0,1671.0,1817.0,A,computed from the individual-level data in this repository,computed,ansur-ii-2012#sub - Combat Support,1
ansur-ii-2012,data/ansur-ii-2012/,,ANSUR II 2012 - Combat Support,United States,military,Army,M,2010,shoulder_elbow_length,Shoulder-elbow length,mm,362.94,18.05,625,334.2,362.0,394.0,A,computed from the individual-level data in this repository,computed,ansur-ii-2012#sub - Combat Support,1
ansur-ii-2012,data/ansur-ii-2012/,,ANSUR II 2012 - Combat Support,United States,military,Army,M,2010,acromion_radiale_length,Acromion-radiale length,mm,334.24,17.2,625,307.0,334.0,363.0,A,computed from the individual-level data in this repository,computed,ansur-ii-2012#sub - Combat Support,1
ansur-ii-2012,data/ansur-ii-2012/,,ANSUR II 2012 - Combat Support,United States,military,Army,M,2010,radiale_stylion_length,Radiale-stylion length,mm,267.56,15.72,625,243.2,267.0,295.0,A,computed from the individual-level data in this repository,computed,ansur-ii-2012#sub - Combat Support,1
ansur-ii-2012,data/ansur-ii-2012/,,ANSUR II 2012 - Combat Support,United States,military,Army,M,2010,sleeve_outseam,Sleeve outseam,mm,591.61,31.17,625,543.2,590.0,645.0,A,computed from the individual-level data in this repository,computed,ansur-ii-2012#sub - Combat Support,1
ansur-ii-2012,data/ansur-ii-2012/,,ANSUR II 2012 - Combat Support,United States,military,Army,M,2010,shoulder_length,Shoulder length,mm,149.24,10.46,625,133.0,149.0,167.0,A,computed from the individual-level data in this repository,computed,ansur-ii-2012#sub - Combat Support,1
ansur-ii-2012,data/ansur-ii-2012/,,ANSUR II 2012 - Combat Support,United States,military,Army,M,2010,thumbtip_reach,Thumb-tip reach,mm,810.64,42.93,625,743.2,809.0,885.8,A,computed from the individual-level data in this repository,computed,ansur-ii-2012#sub - Combat Support,1
ansur-ii-2012,data/ansur-ii-2012/,,ANSUR II 2012 - Combat Support,United States,military,Army,M,2010,span,Span,mm,1812.16,84.46,625,1683.2,1807.0,1952.8,A,computed from the individual-level data in this repository,computed,ansur-ii-2012#sub - Combat Support,1
ansur-ii-2012,data/ansur-ii-2012/,,ANSUR II 2012 - Combat Support,United States,military,Army,M,2010,hand_length,Hand length,mm,193.37,10.06,625,177.0,193.0,210.0,A,computed from the individual-level data in this repository,computed,ansur-ii-2012#sub - Combat Support,1
ansur-ii-2012,data/ansur-ii-2012/,,ANSUR II 2012 - Combat Support,United States,military,Army,M,2010,hand_breadth,Hand breadth (metacarpale),mm,88.2,4.6,625,81.0,88.0,96.0,A,computed from the individual-level data in this repository,computed,ansur-ii-2012#sub - Combat Support,1
ansur-ii-2012,data/ansur-ii-2012/,,ANSUR II 2012 - Combat Support,United States,military,Army,M,2010,hand_circumference,Hand circumference (metacarpale),mm,212.24,10.73,625,194.0,212.0,231.0,A,computed from the individual-level data in this repository,computed,ansur-ii-2012#sub - Combat Support,1
ansur-ii-2012,data/ansur-ii-2012/,,ANSUR II 2012 - Combat Support,United States,military,Army,M,2010,foot_length,Foot length,mm,270.41,13.74,625,247.0,270.0,293.8,A,computed from the individual-level data in this repository,computed,ansur-ii-2012#sub - Combat Support,1
ansur-ii-2012,data/ansur-ii-2012/,,ANSUR II 2012 - Combat Support,United States,military,Army,M,2010,foot_breadth,Foot breadth,mm,101.43,5.13,625,93.0,101.0,110.0,A,computed from the individual-level data in this repository,computed,ansur-ii-2012#sub - Combat Support,1
ansur-ii-2012,data/ansur-ii-2012/,,ANSUR II 2012 - Combat Support,United States,military,Army,M,2010,head_circumference,Head circumference,mm,573.88,16.81,625,547.2,574.0,602.8,A,computed from the individual-level data in this repository,computed,ansur-ii-2012#sub - Combat Support,1
ansur-ii-2012,data/ansur-ii-2012/,,ANSUR II 2012 - Combat Support,United States,military,Army,M,2010,head_length,Head length,mm,198.96,7.39,625,187.0,199.0,211.0,A,computed from the individual-level data in this repository,computed,ansur-ii-2012#sub - Combat Support,1
ansur-ii-2012,data/ansur-ii-2012/,,ANSUR II 2012 - Combat Support,United States,military,Army,M,2010,head_breadth,Head breadth,mm,154.71,5.85,625,146.0,154.0,164.8,A,computed from the individual-level data in this repository,computed,ansur-ii-2012#sub - Combat Support,1
ansur-ii-2012,data/ansur-ii-2012/,,ANSUR II 2012 - Combat Support,United States,military,Army,M,2010,bizygomatic_breadth,Bizygomatic breadth,mm,143.17,6.16,625,133.0,143.0,153.0,A,computed from the individual-level data in this repository,computed,ansur-ii-2012#sub - Combat Support,1
ansur-ii-2012,data/ansur-ii-2012/,,ANSUR II 2012 - Combat Support,United States,military,Army,M,2010,menton_sellion_length,Menton-sellion (face) length,mm,122.4,6.55,625,111.0,122.0,133.0,A,computed from the individual-level data in this repository,computed,ansur-ii-2012#sub - Combat Support,1
ansur-ii-2012,data/ansur-ii-2012/,,ANSUR II 2012 - Combat Support,United States,military,Army,M,2010,interpupillary_breadth,Interpupillary breadth,mm,64.33,3.37,625,59.0,64.5,70.0,A,computed from the individual-level data in this repository,computed,ansur-ii-2012#sub - Combat Support,1
ansur-ii-2012,data/ansur-ii-2012/,,ANSUR II 2012 - Combat Support,United States,military,Army,M,2010,ear_length,Ear length,mm,64.94,4.65,625,57.0,65.0,72.8,A,computed from the individual-level data in this repository,computed,ansur-ii-2012#sub - Combat Support,1
ansur-ii-2012,data/ansur-ii-2012/,,ANSUR II 2012 - Combat Support,United States,military,Army,F,2010,stature,Stature,mm,1631.55,65.37,687,1529.3,1626.0,1745.0,A,computed from the individual-level data in this repository,computed,ansur-ii-2012#sub - Combat Support,1
ansur-ii-2012,data/ansur-ii-2012/,,ANSUR II 2012 - Combat Support,United States,military,Army,F,2010,mass,Body mass,kg,69.17,11.18,687,52.46,68.3,89.25,A,computed from the individual-level data in this repository,computed,ansur-ii-2012#sub - Combat Support,1
ansur-ii-2012,data/ansur-ii-2012/,,ANSUR II 2012 - Combat Support,United States,military,Army,F,2010,bmi,Body mass index,kg/m²,25.93,3.53,687,20.34,25.87,32.16,A,computed from the individual-level data in this repository,computed,ansur-ii-2012#sub - Combat Support,1
ansur-ii-2012,data/ansur-ii-2012/,,ANSUR II 2012 - Combat Support,United States,military,Army,F,2010,age,Age,years,31.97,8.63,687,20.0,30.0,47.7,A,computed from the individual-level data in this repository,computed,ansur-ii-2012#sub - Combat Support,1
ansur-ii-2012,data/ansur-ii-2012/,,ANSUR II 2012 - Combat Support,United States,military,Army,F,2010,cervicale_height,Cervicale height,mm,1397.78,60.46,687,1304.3,1393.0,1504.4,A,computed from the individual-level data in this repository,computed,ansur-ii-2012#sub - Combat Support,1
ansur-ii-2012,data/ansur-ii-2012/,,ANSUR II 2012 - Combat Support,United States,military,Army,F,2010,acromion_height,Acromion height,mm,1337.59,59.08,687,1239.9,1333.0,1437.0,A,computed from the individual-level data in this repository,computed,ansur-ii-2012#sub - Combat Support,1
ansur-ii-2012,data/ansur-ii-2012/,,ANSUR II 2012 - Combat Support,United States,military,Army,F,2010,suprasternale_height,Suprasternale height,mm,1332.43,58.01,687,1240.3,1326.0,1435.0,A,computed from the individual-level data in this repository,computed,ansur-ii-2012#sub - Combat Support,1
ansur-ii-2012,data/ansur-ii-2012/,,ANSUR II 2012 - Combat Support,United States,military,Army,F,2010,iliocristale_height,Iliocristale height,mm,998.64,50.01,687,921.0,995.0,1089.1,A,computed from the individual-level data in this repository,computed,ansur-ii-2012#sub - Combat Support,1
ansur-ii-2012,data/ansur-ii-2012/,,ANSUR II 2012 - Combat Support,United States,military,Army,F,2010,trochanterion_height,Trochanterion height,mm,848.33,45.9,687,776.9,845.0,924.4,A,computed from the individual-level data in this repository,computed,ansur-ii-2012#sub - Combat Support,1
ansur-ii-2012,data/ansur-ii-2012/,,ANSUR II 2012 - Combat Support,United States,military,Army,F,2010,crotch_height,Crotch height,mm,782.63,45.92,687,716.0,779.0,862.7,A,computed from the individual-level data in this repository,computed,ansur-ii-2012#sub - Combat Support,1
ansur-ii-2012,data/ansur-ii-2012/,,ANSUR II 2012 - Combat Support,United States,military,Army,F,2010,sitting_height,Sitting height,mm,857.72,34.08,687,800.0,859.0,912.7,A,computed from the individual-level data in this repository,computed,ansur-ii-2012#sub - Combat Support,1
ansur-ii-2012,data/ansur-ii-2012/,,ANSUR II 2012 - Combat Support,United States,military,Army,F,2010,eye_height_sitting,Eye height (sitting),mm,748.38,31.35,687,696.0,749.0,800.0,A,computed from the individual-level data in this repository,computed,ansur-ii-2012#sub - Combat Support,1
ansur-ii-2012,data/ansur-ii-2012/,,ANSUR II 2012 - Combat Support,United States,military,Army,F,2010,elbow_rest_height,Elbow rest height,mm,232.09,27.05,687,189.0,232.0,277.7,A,computed from the individual-level data in this repository,computed,ansur-ii-2012#sub - Combat Support,1
ansur-ii-2012,data/ansur-ii-2012/,,ANSUR II 2012 - Combat Support,United States,military,Army,F,2010,thigh_clearance,Thigh clearance,mm,169.36,14.54,687,147.0,169.0,192.0,A,computed from the individual-level data in this repository,computed,ansur-ii-2012#sub - Combat Support,1
ansur-ii-2012,data/ansur-ii-2012/,,ANSUR II 2012 - Combat Support,United States,military,Army,F,2010,knee_height_sitting,Knee height (sitting),mm,512.55,27.45,687,471.3,511.0,563.4,A,computed from the individual-level data in this repository,computed,ansur-ii-2012#sub - Combat Support,1
ansur-ii-2012,data/ansur-ii-2012/,,ANSUR II 2012 - Combat Support,United States,military,Army,F,2010,popliteal_height,Popliteal height,mm,387.14,23.87,687,350.3,386.0,428.0,A,computed from the individual-level data in this repository,computed,ansur-ii-2012#sub - Combat Support,1
ansur-ii-2012,data/ansur-ii-2012/,,ANSUR II 2012 - Combat Support,United States,military,Army,F,2010,buttock_knee_length,Buttock-knee length,mm,593.51,33.14,687,545.0,589.0,648.7,A,computed from the individual-level data in this repository,computed,ansur-ii-2012#sub - Combat Support,1
ansur-ii-2012,data/ansur-ii-2012/,,ANSUR II 2012 - Combat Support,United States,military,Army,F,2010,buttock_popliteal_length,Buttock-popliteal length,mm,486.71,28.9,687,445.0,483.0,538.0,A,computed from the individual-level data in this repository,computed,ansur-ii-2012#sub - Combat Support,1
ansur-ii-2012,data/ansur-ii-2012/,,ANSUR II 2012 - Combat Support,United States,military,Army,F,2010,abdominal_depth_sitting,Abdominal extension depth (sitting),mm,233.2,31.18,687,187.0,232.0,286.0,A,computed from the individual-level data in this repository,computed,ansur-ii-2012#sub - Combat Support,1
ansur-ii-2012,data/ansur-ii-2012/,,ANSUR II 2012 - Combat Support,United States,military,Army,F,2010,hip_breadth_sitting,Hip breadth (sitting),mm,404.75,31.93,687,354.3,404.0,459.0,A,computed from the individual-level data in this repository,computed,ansur-ii-2012#sub - Combat Support,1
ansur-ii-2012,data/ansur-ii-2012/,,ANSUR II 2012 - Combat Support,United States,military,Army,F,2010,biacromial_breadth,Biacromial breadth,mm,365.92,18.58,687,335.3,366.0,396.7,A,computed from the individual-level data in this repository,computed,ansur-ii-2012#sub - Combat Support,1
ansur-ii-2012,data/ansur-ii-2012/,,ANSUR II 2012 - Combat Support,United States,military,Army,F,2010,bideltoid_breadth,Bideltoid breadth,mm,452.96,28.81,687,407.3,453.0,503.0,A,computed from the individual-level data in this repository,computed,ansur-ii-2012#sub - Combat Support,1
ansur-ii-2012,data/ansur-ii-2012/,,ANSUR II 2012 - Combat Support,United States,military,Army,F,2010,forearm_forearm_breadth,Forearm-forearm breadth,mm,498.03,41.69,687,434.3,496.0,566.7,A,computed from the individual-level data in this repository,computed,ansur-ii-2012#sub - Combat Support,1
ansur-ii-2012,data/ansur-ii-2012/,,ANSUR II 2012 - Combat Support,United States,military,Army,F,2010,chest_breadth,Chest breadth,mm,270.62,18.95,687,242.0,270.0,303.0,A,computed from the individual-level data in this repository,computed,ansur-ii-2012#sub - Combat Support,1
ansur-ii-2012,data/ansur-ii-2012/,,ANSUR II 2012 - Combat Support,United States,military,Army,F,2010,chest_depth,Chest depth,mm,250.66,27.43,687,205.3,250.0,297.7,A,computed from the individual-level data in this repository,computed,ansur-ii-2012#sub - Combat Support,1
ansur-ii-2012,data/ansur-ii-2012/,,ANSUR II 2012 - Combat Support,United States,military,Army,F,2010,bicristal_breadth,Bicristal (biiliocristale) breadth,mm,275.41,23.48,687,237.0,274.0,314.0,A,computed from the individual-level data in this repository,computed,ansur-ii-2012#sub - Combat Support,1
ansur-ii-2012,data/ansur-ii-2012/,,ANSUR II 2012 - Combat Support,United States,military,Army,F,2010,chest_circumference,Chest circumference,mm,958.17,83.02,687,829.0,954.0,1096.7,A,computed from the individual-level data in this repository,computed,ansur-ii-2012#sub - Combat Support,1
ansur-ii-2012,data/ansur-ii-2012/,,ANSUR II 2012 - Combat Support,United States,military,Army,F,2010,waist_circumference,Waist circumference (omphalion),mm,874.03,100.92,687,719.3,870.0,1048.8,A,computed from the individual-level data in this repository,computed,ansur-ii-2012#sub - Combat Support,1
ansur-ii-2012,data/ansur-ii-2012/,,ANSUR II 2012 - Combat Support,United States,military,Army,F,2010,buttock_circumference,Buttock circumference,mm,1031.8,75.49,687,912.6,1030.0,1157.0,A,computed from the individual-level data in this repository,computed,ansur-ii-2012#sub - Combat Support,1
ansur-ii-2012,data/ansur-ii-2012/,,ANSUR II 2012 - Combat Support,United States,military,Army,F,2010,neck_circumference,Neck circumference,mm,331.99,19.48,687,303.3,332.0,364.0,A,computed from the individual-level data in this repository,computed,ansur-ii-2012#sub - Combat Support,1
ansur-ii-2012,data/ansur-ii-2012/,,ANSUR II 2012 - Combat Support,United States,military,Army,F,2010,neck_circumference_base,Neck circumference (base),mm,372.37,19.6,687,340.0,371.0,407.0,A,computed from the individual-level data in this repository,computed,ansur-ii-2012#sub - Combat Support,1
ansur-ii-2012,data/ansur-ii-2012/,,ANSUR II 2012 - Combat Support,United States,military,Army,F,2010,shoulder_circumference,Shoulder circumference,mm,1031.03,53.18,687,947.0,1030.0,1121.7,A,computed from the individual-level data in this repository,computed,ansur-ii-2012#sub - Combat Support,1
ansur-ii-2012,data/ansur-ii-2012/,,ANSUR II 2012 - Combat Support,United States,military,Army,F,2010,biceps_circumference_flexed,Biceps circumference (flexed),mm,309.77,31.82,687,261.3,308.0,364.0,A,computed from the individual-level data in this repository,computed,ansur-ii-2012#sub - Combat Support,1
ansur-ii-2012,data/ansur-ii-2012/,,ANSUR II 2012 - Combat Support,United States,military,Army,F,2010,forearm_circumference_flexed,Forearm circumference (flexed),mm,265.84,18.91,687,236.3,265.0,300.0,A,computed from the individual-level data in this repository,computed,ansur-ii-2012#sub - Combat Support,1
ansur-ii-2012,data/ansur-ii-2012/,,ANSUR II 2012 - Combat Support,United States,military,Army,F,2010,wrist_circumference,Wrist circumference,mm,155.08,7.78,687,142.3,155.0,168.0,A,computed from the individual-level data in this repository,computed,ansur-ii-2012#sub - Combat Support,1
ansur-ii-2012,data/ansur-ii-2012/,,ANSUR II 2012 - Combat Support,United States,military,Army,F,2010,thigh_circumference,Thigh circumference,mm,624.84,55.33,687,540.0,623.0,715.0,A,computed from the individual-level data in this repository,computed,ansur-ii-2012#sub - Combat Support,1
ansur-ii-2012,data/ansur-ii-2012/,,ANSUR II 2012 - Combat Support,United States,military,Army,F,2010,calf_circumference,Calf circumference,mm,376.09,28.63,687,332.0,373.0,428.0,A,computed from the individual-level data in this repository,computed,ansur-ii-2012#sub - Combat Support,1
ansur-ii-2012,data/ansur-ii-2012/,,ANSUR II 2012 - Combat Support,United States,military,Army,F,2010,ankle_circumference,Ankle circumference,mm,216.59,14.99,687,193.0,216.0,242.7,A,computed from the individual-level data in this repository,computed,ansur-ii-2012#sub - Combat Support,1
ansur-ii-2012,data/ansur-ii-2012/,,ANSUR II 2012 - Combat Support,United States,military,Army,F,2010,vertical_trunk_circumference,Vertical trunk circumference,mm,1567.71,76.48,687,1450.6,1566.0,1700.7,A,computed from the individual-level data in this repository,computed,ansur-ii-2012#sub - Combat Support,1
ansur-ii-2012,data/ansur-ii-2012/,,ANSUR II 2012 - Combat Support,United States,military,Army,F,2010,shoulder_elbow_length,Shoulder-elbow length,mm,334.86,17.5,687,308.0,334.0,363.7,A,computed from the individual-level data in this repository,computed,ansur-ii-2012#sub - Combat Support,1
ansur-ii-2012,data/ansur-ii-2012/,,ANSUR II 2012 - Combat Support,United States,military,Army,F,2010,acromion_radiale_length,Acromion-radiale length,mm,311.54,17.43,687,285.0,311.0,340.0,A,computed from the individual-level data in this repository,computed,ansur-ii-2012#sub - Combat Support,1
ansur-ii-2012,data/ansur-ii-2012/,,ANSUR II 2012 - Combat Support,United States,military,Army,F,2010,radiale_stylion_length,Radiale-stylion length,mm,242.1,15.11,687,219.0,241.0,267.0,A,computed from the individual-level data in this repository,computed,ansur-ii-2012#sub - Combat Support,1
ansur-ii-2012,data/ansur-ii-2012/,,ANSUR II 2012 - Combat Support,United States,military,Army,F,2010,sleeve_outseam,Sleeve outseam,mm,544.23,29.62,687,497.0,542.0,595.0,A,computed from the individual-level data in this repository,computed,ansur-ii-2012#sub - Combat Support,1
ansur-ii-2012,data/ansur-ii-2012/,,ANSUR II 2012 - Combat Support,United States,military,Army,F,2010,shoulder_length,Shoulder length,mm,136.02,10.81,687,119.0,135.0,154.0,A,computed from the individual-level data in this repository,computed,ansur-ii-2012#sub - Combat Support,1
ansur-ii-2012,data/ansur-ii-2012/,,ANSUR II 2012 - Combat Support,United States,military,Army,F,2010,thumbtip_reach,Thumb-tip reach,mm,747.33,42.72,687,678.3,742.0,818.0,A,computed from the individual-level data in this repository,computed,ansur-ii-2012#sub - Combat Support,1
ansur-ii-2012,data/ansur-ii-2012/,,ANSUR II 2012 - Combat Support,United States,military,Army,F,2010,span,Span,mm,1663.63,83.5,687,1529.0,1660.0,1805.7,A,computed from the individual-level data in this repository,computed,ansur-ii-2012#sub - Combat Support,1
ansur-ii-2012,data/ansur-ii-2012/,,ANSUR II 2012 - Combat Support,United States,military,Army,F,2010,hand_length,Hand length,mm,181.51,10.15,687,166.0,181.0,199.7,A,computed from the individual-level data in this repository,computed,ansur-ii-2012#sub - Combat Support,1
ansur-ii-2012,data/ansur-ii-2012/,,ANSUR II 2012 - Combat Support,United States,military,Army,F,2010,hand_breadth,Hand breadth (metacarpale),mm,78.34,3.96,687,72.0,78.0,85.0,A,computed from the individual-level data in this repository,computed,ansur-ii-2012#sub - Combat Support,1
ansur-ii-2012,data/ansur-ii-2012/,,ANSUR II 2012 - Combat Support,United States,military,Army,F,2010,hand_circumference,Hand circumference (metacarpale),mm,186.87,9.25,687,172.0,187.0,203.0,A,computed from the individual-level data in this repository,computed,ansur-ii-2012#sub - Combat Support,1
ansur-ii-2012,data/ansur-ii-2012/,,ANSUR II 2012 - Combat Support,United States,military,Army,F,2010,foot_length,Foot length,mm,246.83,12.42,687,227.0,247.0,268.0,A,computed from the individual-level data in this repository,computed,ansur-ii-2012#sub - Combat Support,1
ansur-ii-2012,data/ansur-ii-2012/,,ANSUR II 2012 - Combat Support,United States,military,Army,F,2010,foot_breadth,Foot breadth,mm,92.77,4.88,687,85.0,93.0,101.0,A,computed from the individual-level data in this repository,computed,ansur-ii-2012#sub - Combat Support,1
ansur-ii-2012,data/ansur-ii-2012/,,ANSUR II 2012 - Combat Support,United States,military,Army,F,2010,head_circumference,Head circumference,mm,562.36,19.5,687,534.0,560.0,598.0,A,computed from the individual-level data in this repository,computed,ansur-ii-2012#sub - Combat Support,1
ansur-ii-2012,data/ansur-ii-2012/,,ANSUR II 2012 - Combat Support,United States,military,Army,F,2010,head_length,Head length,mm,190.3,7.49,687,178.3,190.0,202.7,A,computed from the individual-level data in this repository,computed,ansur-ii-2012#sub - Combat Support,1
ansur-ii-2012,data/ansur-ii-2012/,,ANSUR II 2012 - Combat Support,United States,military,Army,F,2010,head_breadth,Head breadth,mm,147.93,5.41,687,139.0,148.0,157.0,A,computed from the individual-level data in this repository,computed,ansur-ii-2012#sub - Combat Support,1
ansur-ii-2012,data/ansur-ii-2012/,,ANSUR II 2012 - Combat Support,United States,military,Army,F,2010,bizygomatic_breadth,Bizygomatic breadth,mm,133.72,5.47,687,125.0,133.0,143.0,A,computed from the individual-level data in this repository,computed,ansur-ii-2012#sub - Combat Support,1
ansur-ii-2012,data/ansur-ii-2012/,,ANSUR II 2012 - Combat Support,United States,military,Army,F,2010,menton_sellion_length,Menton-sellion (face) length,mm,113.64,6.2,687,104.0,113.0,124.0,A,computed from the individual-level data in this repository,computed,ansur-ii-2012#sub - Combat Support,1
ansur-ii-2012,data/ansur-ii-2012/,,ANSUR II 2012 - Combat Support,United States,military,Army,F,2010,interpupillary_breadth,Interpupillary breadth,mm,61.91,3.52,687,56.0,62.0,67.5,A,computed from the individual-level data in this repository,computed,ansur-ii-2012#sub - Combat Support,1
ansur-ii-2012,data/ansur-ii-2012/,,ANSUR II 2012 - Combat Support,United States,military,Army,F,2010,ear_length,Ear length,mm,59.62,4.02,687,54.0,60.0,66.0,A,computed from the individual-level data in this repository,computed,ansur-ii-2012#sub - Combat Support,1
ansur-ii-2012,data/ansur-ii-2012/,,ANSUR II 2012 - Combat Service Support,United States,military,Army,M,2010,stature,Stature,mm,1759.53,68.36,1918,1653.0,1760.0,1870.0,A,computed from the individual-level data in this repository,computed,ansur-ii-2012#sub - Combat Service Support,1
ansur-ii-2012,data/ansur-ii-2012/,,ANSUR II 2012 - Combat Service Support,United States,military,Army,M,2010,mass,Body mass,kg,86.07,14.75,1918,64.5,85.1,111.6,A,computed from the individual-level data in this repository,computed,ansur-ii-2012#sub - Combat Service Support,1
ansur-ii-2012,data/ansur-ii-2012/,,ANSUR II 2012 - Combat Service Support,United States,military,Army,M,2010,bmi,Body mass index,kg/m²,27.76,4.19,1918,21.23,27.51,35.12,A,computed from the individual-level data in this repository,computed,ansur-ii-2012#sub - Combat Service Support,1
ansur-ii-2012,data/ansur-ii-2012/,,ANSUR II 2012 - Combat Service Support,United States,military,Army,M,2010,age,Age,years,29.97,8.81,1918,19.0,28.0,47.0,A,computed from the individual-level data in this repository,computed,ansur-ii-2012#sub - Combat Service Support,1
ansur-ii-2012,data/ansur-ii-2012/,,ANSUR II 2012 - Combat Service Support,United States,military,Army,M,2010,cervicale_height,Cervicale height,mm,1520.24,63.28,1918,1421.0,1521.0,1625.0,A,computed from the individual-level data in this repository,computed,ansur-ii-2012#sub - Combat Service Support,1
ansur-ii-2012,data/ansur-ii-2012/,,ANSUR II 2012 - Combat Service Support,United States,military,Army,M,2010,acromion_height,Acromion height,mm,1443.72,63.47,1918,1343.0,1443.0,1547.0,A,computed from the individual-level data in this repository,computed,ansur-ii-2012#sub - Combat Service Support,1
ansur-ii-2012,data/ansur-ii-2012/,,ANSUR II 2012 - Combat Service Support,United States,military,Army,M,2010,suprasternale_height,Suprasternale height,mm,1441.48,61.18,1918,1347.0,1440.0,1541.0,A,computed from the individual-level data in this repository,computed,ansur-ii-2012#sub - Combat Service Support,1
ansur-ii-2012,data/ansur-ii-2012/,,ANSUR II 2012 - Combat Service Support,United States,military,Army,M,2010,iliocristale_height,Iliocristale height,mm,1063.5,51.43,1918,980.0,1064.0,1150.15,A,computed from the individual-level data in this repository,computed,ansur-ii-2012#sub - Combat Service Support,1
ansur-ii-2012,data/ansur-ii-2012/,,ANSUR II 2012 - Combat Service Support,United States,military,Army,M,2010,trochanterion_height,Trochanterion height,mm,905.48,49.49,1918,831.0,903.5,990.15,A,computed from the individual-level data in this repository,computed,ansur-ii-2012#sub - Combat Service Support,1
ansur-ii-2012,data/ansur-ii-2012/,,ANSUR II 2012 - Combat Service Support,United States,military,Army,M,2010,crotch_height,Crotch height,mm,849.24,46.69,1918,774.0,848.0,927.0,A,computed from the individual-level data in this repository,computed,ansur-ii-2012#sub - Combat Service Support,1
ansur-ii-2012,data/ansur-ii-2012/,,ANSUR II 2012 - Combat Service Support,United States,military,Army,M,2010,sitting_height,Sitting height,mm,919.68,36.34,1918,860.0,920.0,979.0,A,computed from the individual-level data in this repository,computed,ansur-ii-2012#sub - Combat Service Support,1
ansur-ii-2012,data/ansur-ii-2012/,,ANSUR II 2012 - Combat Service Support,United States,military,Army,M,2010,eye_height_sitting,Eye height (sitting),mm,805.13,33.46,1918,750.85,805.0,861.0,A,computed from the individual-level data in this repository,computed,ansur-ii-2012#sub - Combat Service Support,1
ansur-ii-2012,data/ansur-ii-2012/,,ANSUR II 2012 - Combat Service Support,United States,military,Army,M,2010,elbow_rest_height,Elbow rest height,mm,245.82,29.86,1918,193.85,247.0,292.0,A,computed from the individual-level data in this repository,computed,ansur-ii-2012#sub - Combat Service Support,1
ansur-ii-2012,data/ansur-ii-2012/,,ANSUR II 2012 - Combat Service Support,United States,military,Army,M,2010,thigh_clearance,Thigh clearance,mm,180.74,16.05,1918,156.0,180.0,209.0,A,computed from the individual-level data in this repository,computed,ansur-ii-2012#sub - Combat Service Support,1
ansur-ii-2012,data/ansur-ii-2012/,,ANSUR II 2012 - Combat Service Support,United States,military,Army,M,2010,knee_height_sitting,Knee height (sitting),mm,555.11,28.09,1918,510.0,555.0,603.0,A,computed from the individual-level data in this repository,computed,ansur-ii-2012#sub - Combat Service Support,1
ansur-ii-2012,data/ansur-ii-2012/,,ANSUR II 2012 - Combat Service Support,United States,military,Army,M,2010,popliteal_height,Popliteal height,mm,430.72,24.84,1918,392.0,430.0,472.0,A,computed from the individual-level data in this repository,computed,ansur-ii-2012#sub - Combat Service Support,1
ansur-ii-2012,data/ansur-ii-2012/,,ANSUR II 2012 - Combat Service Support,United States,military,Army,M,2010,buttock_knee_length,Buttock-knee length,mm,619.66,30.9,1918,571.0,618.0,671.15,A,computed from the individual-level data in this repository,computed,ansur-ii-2012#sub - Combat Service Support,1
ansur-ii-2012,data/ansur-ii-2012/,,ANSUR II 2012 - Combat Service Support,United States,military,Army,M,2010,buttock_popliteal_length,Buttock-popliteal length,mm,504.76,27.54,1918,459.85,504.0,551.0,A,computed from the individual-level data in this repository,computed,ansur-ii-2012#sub - Combat Service Support,1
ansur-ii-2012,data/ansur-ii-2012/,,ANSUR II 2012 - Combat Service Support,United States,military,Army,M,2010,abdominal_depth_sitting,Abdominal extension depth (sitting),mm,255.47,38.81,1918,199.0,251.0,322.0,A,computed from the individual-level data in this repository,computed,ansur-ii-2012#sub - Combat Service Support,1
ansur-ii-2012,data/ansur-ii-2012/,,ANSUR II 2012 - Combat Service Support,United States,military,Army,M,2010,hip_breadth_sitting,Hip breadth (sitting),mm,380.37,31.58,1918,332.0,378.0,435.0,A,computed from the individual-level data in this repository,computed,ansur-ii-2012#sub - Combat Service Support,1
ansur-ii-2012,data/ansur-ii-2012/,,ANSUR II 2012 - Combat Service Support,United States,military,Army,M,2010,biacromial_breadth,Biacromial breadth,mm,415.87,19.64,1918,383.0,415.0,448.0,A,computed from the individual-level data in this repository,computed,ansur-ii-2012#sub - Combat Service Support,1
ansur-ii-2012,data/ansur-ii-2012/,,ANSUR II 2012 - Combat Service Support,United States,military,Army,M,2010,bideltoid_breadth,Bideltoid breadth,mm,511.13,33.87,1918,457.0,510.0,570.15,A,computed from the individual-level data in this repository,computed,ansur-ii-2012#sub - Combat Service Support,1
ansur-ii-2012,data/ansur-ii-2012/,,ANSUR II 2012 - Combat Service Support,United States,military,Army,M,2010,forearm_forearm_breadth,Forearm-forearm breadth,mm,581.0,53.13,1918,495.0,580.0,672.0,A,computed from the individual-level data in this repository,computed,ansur-ii-2012#sub - Combat Service Support,1
ansur-ii-2012,data/ansur-ii-2012/,,ANSUR II 2012 - Combat Service Support,United States,military,Army,M,2010,chest_breadth,Chest breadth,mm,289.8,18.79,1918,261.85,289.0,323.0,A,computed from the individual-level data in this repository,computed,ansur-ii-2012#sub - Combat Service Support,1
ansur-ii-2012,data/ansur-ii-2012/,,ANSUR II 2012 - Combat Service Support,United States,military,Army,M,2010,chest_depth,Chest depth,mm,254.74,27.45,1918,210.0,253.0,301.0,A,computed from the individual-level data in this repository,computed,ansur-ii-2012#sub - Combat Service Support,1
ansur-ii-2012,data/ansur-ii-2012/,,ANSUR II 2012 - Combat Service Support,United States,military,Army,M,2010,bicristal_breadth,Bicristal (biiliocristale) breadth,mm,275.85,17.92,1918,247.0,275.0,306.0,A,computed from the individual-level data in this repository,computed,ansur-ii-2012#sub - Combat Service Support,1
ansur-ii-2012,data/ansur-ii-2012/,,ANSUR II 2012 - Combat Service Support,United States,military,Army,M,2010,chest_circumference,Chest circumference,mm,1059.78,91.22,1918,922.0,1056.0,1217.15,A,computed from the individual-level data in this repository,computed,ansur-ii-2012#sub - Combat Service Support,1
ansur-ii-2012,data/ansur-ii-2012/,,ANSUR II 2012 - Combat Service Support,United States,military,Army,M,2010,waist_circumference,Waist circumference (omphalion),mm,942.69,116.19,1918,766.0,939.0,1137.0,A,computed from the individual-level data in this repository,computed,ansur-ii-2012#sub - Combat Service Support,1
ansur-ii-2012,data/ansur-ii-2012/,,ANSUR II 2012 - Combat Service Support,United States,military,Army,M,2010,buttock_circumference,Buttock circumference,mm,1022.85,79.71,1918,898.0,1019.0,1157.15,A,computed from the individual-level data in this repository,computed,ansur-ii-2012#sub - Combat Service Support,1
ansur-ii-2012,data/ansur-ii-2012/,,ANSUR II 2012 - Combat Service Support,United States,military,Army,M,2010,neck_circumference,Neck circumference,mm,397.82,26.53,1918,360.0,395.0,446.15,A,computed from the individual-level data in this repository,computed,ansur-ii-2012#sub - Combat Service Support,1
ansur-ii-2012,data/ansur-ii-2012/,,ANSUR II 2012 - Combat Service Support,United States,military,Army,M,2010,neck_circumference_base,Neck circumference (base),mm,434.14,26.22,1918,394.0,432.0,480.0,A,computed from the individual-level data in this repository,computed,ansur-ii-2012#sub - Combat Service Support,1
ansur-ii-2012,data/ansur-ii-2012/,,ANSUR II 2012 - Combat Service Support,United States,military,Army,M,2010,shoulder_circumference,Shoulder circumference,mm,1178.97,65.82,1918,1073.0,1176.0,1295.0,A,computed from the individual-level data in this repository,computed,ansur-ii-2012#sub - Combat Service Support,1
ansur-ii-2012,data/ansur-ii-2012/,,ANSUR II 2012 - Combat Service Support,United States,military,Army,M,2010,biceps_circumference_flexed,Biceps circumference (flexed),mm,358.42,35.47,1918,301.0,357.0,419.0,A,computed from the individual-level data in this repository,computed,ansur-ii-2012#sub - Combat Service Support,1
ansur-ii-2012,data/ansur-ii-2012/,,ANSUR II 2012 - Combat Service Support,United States,military,Army,M,2010,forearm_circumference_flexed,Forearm circumference (flexed),mm,309.97,22.77,1918,273.85,309.0,349.0,A,computed from the individual-level data in this repository,computed,ansur-ii-2012#sub - Combat Service Support,1
ansur-ii-2012,data/ansur-ii-2012/,,ANSUR II 2012 - Combat Service Support,United States,military,Army,M,2010,wrist_circumference,Wrist circumference,mm,175.78,9.28,1918,161.85,175.0,192.0,A,computed from the individual-level data in this repository,computed,ansur-ii-2012#sub - Combat Service Support,1
ansur-ii-2012,data/ansur-ii-2012/,,ANSUR II 2012 - Combat Service Support,United States,military,Army,M,2010,thigh_circumference,Thigh circumference,mm,627.66,60.56,1918,531.85,628.0,732.15,A,computed from the individual-level data in this repository,computed,ansur-ii-2012#sub - Combat Service Support,1
ansur-ii-2012,data/ansur-ii-2012/,,ANSUR II 2012 - Combat Service Support,United States,military,Army,M,2010,calf_circumference,Calf circumference,mm,392.81,30.23,1918,345.0,392.5,444.0,A,computed from the individual-level data in this repository,computed,ansur-ii-2012#sub - Combat Service Support,1
ansur-ii-2012,data/ansur-ii-2012/,,ANSUR II 2012 - Combat Service Support,United States,military,Army,M,2010,ankle_circumference,Ankle circumference,mm,229.59,14.97,1918,206.0,228.0,255.0,A,computed from the individual-level data in this repository,computed,ansur-ii-2012#sub - Combat Service Support,1
ansur-ii-2012,data/ansur-ii-2012/,,ANSUR II 2012 - Combat Service Support,United States,military,Army,M,2010,vertical_trunk_circumference,Vertical trunk circumference,mm,1668.43,92.36,1918,1521.85,1668.0,1822.0,A,computed from the individual-level data in this repository,computed,ansur-ii-2012#sub - Combat Service Support,1
ansur-ii-2012,data/ansur-ii-2012/,,ANSUR II 2012 - Combat Service Support,United States,military,Army,M,2010,shoulder_elbow_length,Shoulder-elbow length,mm,364.4,18.54,1918,334.0,364.0,396.0,A,computed from the individual-level data in this repository,computed,ansur-ii-2012#sub - Combat Service Support,1
ansur-ii-2012,data/ansur-ii-2012/,,ANSUR II 2012 - Combat Service Support,United States,military,Army,M,2010,acromion_radiale_length,Acromion-radiale length,mm,336.11,17.88,1918,307.0,336.0,367.0,A,computed from the individual-level data in this repository,computed,ansur-ii-2012#sub - Combat Service Support,1
ansur-ii-2012,data/ansur-ii-2012/,,ANSUR II 2012 - Combat Service Support,United States,military,Army,M,2010,radiale_stylion_length,Radiale-stylion length,mm,268.8,15.74,1918,244.0,268.0,296.0,A,computed from the individual-level data in this repository,computed,ansur-ii-2012#sub - Combat Service Support,1
ansur-ii-2012,data/ansur-ii-2012/,,ANSUR II 2012 - Combat Service Support,United States,military,Army,M,2010,sleeve_outseam,Sleeve outseam,mm,595.28,31.39,1918,545.85,595.0,650.0,A,computed from the individual-level data in this repository,computed,ansur-ii-2012#sub - Combat Service Support,1
ansur-ii-2012,data/ansur-ii-2012/,,ANSUR II 2012 - Combat Service Support,United States,military,Army,M,2010,shoulder_length,Shoulder length,mm,149.92,10.7,1918,133.0,150.0,168.0,A,computed from the individual-level data in this repository,computed,ansur-ii-2012#sub - Combat Service Support,1
ansur-ii-2012,data/ansur-ii-2012/,,ANSUR II 2012 - Combat Service Support,United States,military,Army,M,2010,thumbtip_reach,Thumb-tip reach,mm,813.55,45.66,1918,741.85,813.0,892.0,A,computed from the individual-level data in this repository,computed,ansur-ii-2012#sub - Combat Service Support,1
ansur-ii-2012,data/ansur-ii-2012/,,ANSUR II 2012 - Combat Service Support,United States,military,Army,M,2010,span,Span,mm,1817.69,85.97,1918,1683.0,1816.0,1965.0,A,computed from the individual-level data in this repository,computed,ansur-ii-2012#sub - Combat Service Support,1
ansur-ii-2012,data/ansur-ii-2012/,,ANSUR II 2012 - Combat Service Support,United States,military,Army,M,2010,hand_length,Hand length,mm,193.62,10.12,1918,177.0,193.0,211.0,A,computed from the individual-level data in this repository,computed,ansur-ii-2012#sub - Combat Service Support,1
ansur-ii-2012,data/ansur-ii-2012/,,ANSUR II 2012 - Combat Service Support,United States,military,Army,M,2010,hand_breadth,Hand breadth (metacarpale),mm,88.3,4.43,1918,81.0,88.0,96.0,A,computed from the individual-level data in this repository,computed,ansur-ii-2012#sub - Combat Service Support,1
ansur-ii-2012,data/ansur-ii-2012/,,ANSUR II 2012 - Combat Service Support,United States,military,Army,M,2010,hand_circumference,Hand circumference (metacarpale),mm,212.25,10.47,1918,195.0,212.0,230.0,A,computed from the individual-level data in this repository,computed,ansur-ii-2012#sub - Combat Service Support,1
ansur-ii-2012,data/ansur-ii-2012/,,ANSUR II 2012 - Combat Service Support,United States,military,Army,M,2010,foot_length,Foot length,mm,271.63,13.16,1918,250.0,272.0,294.0,A,computed from the individual-level data in this repository,computed,ansur-ii-2012#sub - Combat Service Support,1
ansur-ii-2012,data/ansur-ii-2012/,,ANSUR II 2012 - Combat Service Support,United States,military,Army,M,2010,foot_breadth,Foot breadth,mm,102.02,5.39,1918,94.0,102.0,111.0,A,computed from the individual-level data in this repository,computed,ansur-ii-2012#sub - Combat Service Support,1
ansur-ii-2012,data/ansur-ii-2012/,,ANSUR II 2012 - Combat Service Support,United States,military,Army,M,2010,head_circumference,Head circumference,mm,574.71,16.05,1918,548.0,574.0,602.15,A,computed from the individual-level data in this repository,computed,ansur-ii-2012#sub - Combat Service Support,1
ansur-ii-2012,data/ansur-ii-2012/,,ANSUR II 2012 - Combat Service Support,United States,military,Army,M,2010,head_length,Head length,mm,199.8,6.9,1918,188.0,200.0,211.0,A,computed from the individual-level data in this repository,computed,ansur-ii-2012#sub - Combat Service Support,1
ansur-ii-2012,data/ansur-ii-2012/,,ANSUR II 2012 - Combat Service Support,United States,military,Army,M,2010,head_breadth,Head breadth,mm,154.29,5.55,1918,146.0,154.0,164.0,A,computed from the individual-level data in this repository,computed,ansur-ii-2012#sub - Combat Service Support,1
ansur-ii-2012,data/ansur-ii-2012/,,ANSUR II 2012 - Combat Service Support,United States,military,Army,M,2010,bizygomatic_breadth,Bizygomatic breadth,mm,142.7,6.32,1918,132.0,143.0,153.0,A,computed from the individual-level data in this repository,computed,ansur-ii-2012#sub - Combat Service Support,1
ansur-ii-2012,data/ansur-ii-2012/,,ANSUR II 2012 - Combat Service Support,United States,military,Army,M,2010,menton_sellion_length,Menton-sellion (face) length,mm,122.99,6.72,1918,112.0,123.0,134.0,A,computed from the individual-level data in this repository,computed,ansur-ii-2012#sub - Combat Service Support,1
ansur-ii-2012,data/ansur-ii-2012/,,ANSUR II 2012 - Combat Service Support,United States,military,Army,M,2010,interpupillary_breadth,Interpupillary breadth,mm,64.16,3.48,1918,58.5,64.0,70.0,A,computed from the individual-level data in this repository,computed,ansur-ii-2012#sub - Combat Service Support,1
ansur-ii-2012,data/ansur-ii-2012/,,ANSUR II 2012 - Combat Service Support,United States,military,Army,M,2010,ear_length,Ear length,mm,64.28,4.55,1918,57.0,64.0,72.0,A,computed from the individual-level data in this repository,computed,ansur-ii-2012#sub - Combat Service Support,1
ansur-ii-2012,data/ansur-ii-2012/,,ANSUR II 2012 - Combat Service Support,United States,military,Army,F,2010,stature,Stature,mm,1626.9,63.7,1256,1523.0,1626.0,1734.0,A,computed from the individual-level data in this repository,computed,ansur-ii-2012#sub - Combat Service Support,1
ansur-ii-2012,data/ansur-ii-2012/,,ANSUR II 2012 - Combat Service Support,United States,military,Army,F,2010,mass,Body mass,kg,67.01,10.85,1256,50.88,66.0,85.83,A,computed from the individual-level data in this repository,computed,ansur-ii-2012#sub - Combat Service Support,1
ansur-ii-2012,data/ansur-ii-2012/,,ANSUR II 2012 - Combat Service Support,United States,military,Army,F,2010,bmi,Body mass index,kg/m²,25.26,3.45,1256,20.13,24.91,31.27,A,computed from the individual-level data in this repository,computed,ansur-ii-2012#sub - Combat Service Support,1
ansur-ii-2012,data/ansur-ii-2012/,,ANSUR II 2012 - Combat Service Support,United States,military,Army,F,2010,age,Age,years,27.32,7.7,1256,19.0,25.0,43.0,A,computed from the individual-level data in this repository,computed,ansur-ii-2012#sub - Combat Service Support,1
ansur-ii-2012,data/ansur-ii-2012/,,ANSUR II 2012 - Combat Service Support,United States,military,Army,F,2010,cervicale_height,Cervicale height,mm,1394.59,59.22,1256,1297.0,1393.0,1494.0,A,computed from the individual-level data in this repository,computed,ansur-ii-2012#sub - Combat Service Support,1
ansur-ii-2012,data/ansur-ii-2012/,,ANSUR II 2012 - Combat Service Support,United States,military,Army,F,2010,acromion_height,Acromion height,mm,1333.88,57.59,1256,1243.0,1330.0,1432.0,A,computed from the individual-level data in this repository,computed,ansur-ii-2012#sub - Combat Service Support,1
ansur-ii-2012,data/ansur-ii-2012/,,ANSUR II 2012 - Combat Service Support,United States,military,Army,F,2010,suprasternale_height,Suprasternale height,mm,1328.35,56.9,1256,1234.0,1326.0,1423.0,A,computed from the individual-level data in this repository,computed,ansur-ii-2012#sub - Combat Service Support,1
ansur-ii-2012,data/ansur-ii-2012/,,ANSUR II 2012 - Combat Service Support,United States,military,Army,F,2010,iliocristale_height,Iliocristale height,mm,994.19,49.64,1256,916.0,992.0,1076.25,A,computed from the individual-level data in this repository,computed,ansur-ii-2012#sub - Combat Service Support,1
ansur-ii-2012,data/ansur-ii-2012/,,ANSUR II 2012 - Combat Service Support,United States,military,Army,F,2010,trochanterion_height,Trochanterion height,mm,843.99,44.1,1256,771.0,844.0,916.5,A,computed from the individual-level data in this repository,computed,ansur-ii-2012#sub - Combat Service Support,1
ansur-ii-2012,data/ansur-ii-2012/,,ANSUR II 2012 - Combat Service Support,United States,military,Army,F,2010,crotch_height,Crotch height,mm,782.39,44.14,1256,710.0,780.0,855.25,A,computed from the individual-level data in this repository,computed,ansur-ii-2012#sub - Combat Service Support,1
ansur-ii-2012,data/ansur-ii-2012/,,ANSUR II 2012 - Combat Service Support,United States,military,Army,F,2010,sitting_height,Sitting height,mm,855.96,32.56,1256,803.75,856.0,912.25,A,computed from the individual-level data in this repository,computed,ansur-ii-2012#sub - Combat Service Support,1
ansur-ii-2012,data/ansur-ii-2012/,,ANSUR II 2012 - Combat Service Support,United States,military,Army,F,2010,eye_height_sitting,Eye height (sitting),mm,747.26,29.94,1256,699.0,747.0,798.0,A,computed from the individual-level data in this repository,computed,ansur-ii-2012#sub - Combat Service Support,1
ansur-ii-2012,data/ansur-ii-2012/,,ANSUR II 2012 - Combat Service Support,United States,military,Army,F,2010,elbow_rest_height,Elbow rest height,mm,232.64,25.76,1256,189.75,233.0,274.0,A,computed from the individual-level data in this repository,computed,ansur-ii-2012#sub - Combat Service Support,1
ansur-ii-2012,data/ansur-ii-2012/,,ANSUR II 2012 - Combat Service Support,United States,military,Army,F,2010,thigh_clearance,Thigh clearance,mm,167.07,13.76,1256,145.0,167.0,191.0,A,computed from the individual-level data in this repository,computed,ansur-ii-2012#sub - Combat Service Support,1
ansur-ii-2012,data/ansur-ii-2012/,,ANSUR II 2012 - Combat Service Support,United States,military,Army,F,2010,knee_height_sitting,Knee height (sitting),mm,510.69,26.98,1256,469.0,510.0,557.0,A,computed from the individual-level data in this repository,computed,ansur-ii-2012#sub - Combat Service Support,1
ansur-ii-2012,data/ansur-ii-2012/,,ANSUR II 2012 - Combat Service Support,United States,military,Army,F,2010,popliteal_height,Popliteal height,mm,388.82,23.49,1256,350.75,388.0,428.0,A,computed from the individual-level data in this repository,computed,ansur-ii-2012#sub - Combat Service Support,1
ansur-ii-2012,data/ansur-ii-2012/,,ANSUR II 2012 - Combat Service Support,United States,military,Army,F,2010,buttock_knee_length,Buttock-knee length,mm,589.25,32.38,1256,538.0,588.0,645.0,A,computed from the individual-level data in this repository,computed,ansur-ii-2012#sub - Combat Service Support,1
ansur-ii-2012,data/ansur-ii-2012/,,ANSUR II 2012 - Combat Service Support,United States,military,Army,F,2010,buttock_popliteal_length,Buttock-popliteal length,mm,484.49,28.69,1256,439.0,483.5,535.0,A,computed from the individual-level data in this repository,computed,ansur-ii-2012#sub - Combat Service Support,1
ansur-ii-2012,data/ansur-ii-2012/,,ANSUR II 2012 - Combat Service Support,United States,military,Army,F,2010,abdominal_depth_sitting,Abdominal extension depth (sitting),mm,227.71,31.4,1256,183.0,223.0,285.0,A,computed from the individual-level data in this repository,computed,ansur-ii-2012#sub - Combat Service Support,1
ansur-ii-2012,data/ansur-ii-2012/,,ANSUR II 2012 - Combat Service Support,United States,military,Army,F,2010,hip_breadth_sitting,Hip breadth (sitting),mm,395.87,32.8,1256,345.75,393.0,454.0,A,computed from the individual-level data in this repository,computed,ansur-ii-2012#sub - Combat Service Support,1
ansur-ii-2012,data/ansur-ii-2012/,,ANSUR II 2012 - Combat Service Support,United States,military,Army,F,2010,biacromial_breadth,Biacromial breadth,mm,365.09,18.05,1256,335.0,365.0,395.0,A,computed from the individual-level data in this repository,computed,ansur-ii-2012#sub - Combat Service Support,1
ansur-ii-2012,data/ansur-ii-2012/,,ANSUR II 2012 - Combat Service Support,United States,military,Army,F,2010,bideltoid_breadth,Bideltoid breadth,mm,448.88,28.54,1256,404.75,448.5,497.0,A,computed from the individual-level data in this repository,computed,ansur-ii-2012#sub - Combat Service Support,1
ansur-ii-2012,data/ansur-ii-2012/,,ANSUR II 2012 - Combat Service Support,United States,military,Army,F,2010,forearm_forearm_breadth,Forearm-forearm breadth,mm,493.06,40.69,1256,431.0,490.0,562.0,A,computed from the individual-level data in this repository,computed,ansur-ii-2012#sub - Combat Service Support,1
ansur-ii-2012,data/ansur-ii-2012/,,ANSUR II 2012 - Combat Service Support,United States,military,Army,F,2010,chest_breadth,Chest breadth,mm,268.56,18.28,1256,240.0,268.0,300.0,A,computed from the individual-level data in this repository,computed,ansur-ii-2012#sub - Combat Service Support,1
ansur-ii-2012,data/ansur-ii-2012/,,ANSUR II 2012 - Combat Service Support,United States,military,Army,F,2010,chest_depth,Chest depth,mm,245.64,27.2,1256,205.0,243.0,294.0,A,computed from the individual-level data in this repository,computed,ansur-ii-2012#sub - Combat Service Support,1
ansur-ii-2012,data/ansur-ii-2012/,,ANSUR II 2012 - Combat Service Support,United States,military,Army,F,2010,bicristal_breadth,Bicristal (biiliocristale) breadth,mm,271.97,21.59,1256,237.0,271.0,306.0,A,computed from the individual-level data in this repository,computed,ansur-ii-2012#sub - Combat Service Support,1
ansur-ii-2012,data/ansur-ii-2012/,,ANSUR II 2012 - Combat Service Support,United States,military,Army,F,2010,chest_circumference,Chest circumference,mm,940.66,81.97,1256,823.75,932.0,1093.25,A,computed from the individual-level data in this repository,computed,ansur-ii-2012#sub - Combat Service Support,1
ansur-ii-2012,data/ansur-ii-2012/,,ANSUR II 2012 - Combat Service Support,United States,military,Army,F,2010,waist_circumference,Waist circumference (omphalion),mm,853.43,98.52,1256,706.0,844.0,1034.0,A,computed from the individual-level data in this repository,computed,ansur-ii-2012#sub - Combat Service Support,1
ansur-ii-2012,data/ansur-ii-2012/,,ANSUR II 2012 - Combat Service Support,United States,military,Army,F,2010,buttock_circumference,Buttock circumference,mm,1015.5,75.62,1256,898.0,1012.0,1154.25,A,computed from the individual-level data in this repository,computed,ansur-ii-2012#sub - Combat Service Support,1
ansur-ii-2012,data/ansur-ii-2012/,,ANSUR II 2012 - Combat Service Support,United States,military,Army,F,2010,neck_circumference,Neck circumference,mm,328.62,19.1,1256,302.0,327.0,363.0,A,computed from the individual-level data in this repository,computed,ansur-ii-2012#sub - Combat Service Support,1
ansur-ii-2012,data/ansur-ii-2012/,,ANSUR II 2012 - Combat Service Support,United States,military,Army,F,2010,neck_circumference_base,Neck circumference (base),mm,370.52,19.74,1256,340.0,370.0,404.0,A,computed from the individual-level data in this repository,computed,ansur-ii-2012#sub - Combat Service Support,1
ansur-ii-2012,data/ansur-ii-2012/,,ANSUR II 2012 - Combat Service Support,United States,military,Army,F,2010,shoulder_circumference,Shoulder circumference,mm,1026.62,52.74,1256,943.0,1025.0,1116.0,A,computed from the individual-level data in this repository,computed,ansur-ii-2012#sub - Combat Service Support,1
ansur-ii-2012,data/ansur-ii-2012/,,ANSUR II 2012 - Combat Service Support,United States,military,Army,F,2010,biceps_circumference_flexed,Biceps circumference (flexed),mm,303.41,30.17,1256,257.75,301.0,358.0,A,computed from the individual-level data in this repository,computed,ansur-ii-2012#sub - Combat Service Support,1
ansur-ii-2012,data/ansur-ii-2012/,,ANSUR II 2012 - Combat Service Support,United States,military,Army,F,2010,forearm_circumference_flexed,Forearm circumference (flexed),mm,263.16,18.42,1256,235.0,262.0,295.0,A,computed from the individual-level data in this repository,computed,ansur-ii-2012#sub - Combat Service Support,1
ansur-ii-2012,data/ansur-ii-2012/,,ANSUR II 2012 - Combat Service Support,United States,military,Army,F,2010,wrist_circumference,Wrist circumference,mm,154.62,7.86,1256,143.0,154.0,168.0,A,computed from the individual-level data in this repository,computed,ansur-ii-2012#sub - Combat Service Support,1
ansur-ii-2012,data/ansur-ii-2012/,,ANSUR II 2012 - Combat Service Support,United States,military,Army,F,2010,thigh_circumference,Thigh circumference,mm,611.57,55.62,1256,523.0,609.0,705.25,A,computed from the individual-level data in this repository,computed,ansur-ii-2012#sub - Combat Service Support,1
ansur-ii-2012,data/ansur-ii-2012/,,ANSUR II 2012 - Combat Service Support,United States,military,Army,F,2010,calf_circumference,Calf circumference,mm,371.64,28.37,1256,328.0,370.0,419.25,A,computed from the individual-level data in this repository,computed,ansur-ii-2012#sub - Combat Service Support,1
ansur-ii-2012,data/ansur-ii-2012/,,ANSUR II 2012 - Combat Service Support,United States,military,Army,F,2010,ankle_circumference,Ankle circumference,mm,215.2,14.73,1256,193.0,214.0,240.25,A,computed from the individual-level data in this repository,computed,ansur-ii-2012#sub - Combat Service Support,1
ansur-ii-2012,data/ansur-ii-2012/,,ANSUR II 2012 - Combat Service Support,United States,military,Army,F,2010,vertical_trunk_circumference,Vertical trunk circumference,mm,1554.9,75.53,1256,1431.75,1551.0,1682.0,A,computed from the individual-level data in this repository,computed,ansur-ii-2012#sub - Combat Service Support,1
ansur-ii-2012,data/ansur-ii-2012/,,ANSUR II 2012 - Combat Service Support,United States,military,Army,F,2010,shoulder_elbow_length,Shoulder-elbow length,mm,333.96,17.2,1256,307.0,333.0,362.25,A,computed from the individual-level data in this repository,computed,ansur-ii-2012#sub - Combat Service Support,1
ansur-ii-2012,data/ansur-ii-2012/,,ANSUR II 2012 - Combat Service Support,United States,military,Army,F,2010,acromion_radiale_length,Acromion-radiale length,mm,311.05,17.12,1256,283.0,311.0,340.0,A,computed from the individual-level data in this repository,computed,ansur-ii-2012#sub - Combat Service Support,1
ansur-ii-2012,data/ansur-ii-2012/,,ANSUR II 2012 - Combat Service Support,United States,military,Army,F,2010,radiale_stylion_length,Radiale-stylion length,mm,240.97,15.4,1256,218.0,240.0,268.0,A,computed from the individual-level data in this repository,computed,ansur-ii-2012#sub - Combat Service Support,1
ansur-ii-2012,data/ansur-ii-2012/,,ANSUR II 2012 - Combat Service Support,United States,military,Army,F,2010,sleeve_outseam,Sleeve outseam,mm,543.2,29.49,1256,496.0,542.0,594.0,A,computed from the individual-level data in this repository,computed,ansur-ii-2012#sub - Combat Service Support,1
ansur-ii-2012,data/ansur-ii-2012/,,ANSUR II 2012 - Combat Service Support,United States,military,Army,F,2010,shoulder_length,Shoulder length,mm,135.06,10.01,1256,120.0,135.0,152.0,A,computed from the individual-level data in this repository,computed,ansur-ii-2012#sub - Combat Service Support,1
ansur-ii-2012,data/ansur-ii-2012/,,ANSUR II 2012 - Combat Service Support,United States,military,Army,F,2010,thumbtip_reach,Thumb-tip reach,mm,742.2,42.87,1256,672.0,741.0,816.0,A,computed from the individual-level data in this repository,computed,ansur-ii-2012#sub - Combat Service Support,1
ansur-ii-2012,data/ansur-ii-2012/,,ANSUR II 2012 - Combat Service Support,United States,military,Army,F,2010,span,Span,mm,1658.72,83.1,1256,1529.0,1654.0,1803.25,A,computed from the individual-level data in this repository,computed,ansur-ii-2012#sub - Combat Service Support,1
ansur-ii-2012,data/ansur-ii-2012/,,ANSUR II 2012 - Combat Service Support,United States,military,Army,F,2010,hand_length,Hand length,mm,180.9,10.05,1256,165.0,180.0,198.0,A,computed from the individual-level data in this repository,computed,ansur-ii-2012#sub - Combat Service Support,1
ansur-ii-2012,data/ansur-ii-2012/,,ANSUR II 2012 - Combat Service Support,United States,military,Army,F,2010,hand_breadth,Hand breadth (metacarpale),mm,78.05,3.77,1256,72.0,78.0,85.0,A,computed from the individual-level data in this repository,computed,ansur-ii-2012#sub - Combat Service Support,1
ansur-ii-2012,data/ansur-ii-2012/,,ANSUR II 2012 - Combat Service Support,United States,military,Army,F,2010,hand_circumference,Hand circumference (metacarpale),mm,186.38,8.57,1256,173.0,187.0,201.0,A,computed from the individual-level data in this repository,computed,ansur-ii-2012#sub - Combat Service Support,1
ansur-ii-2012,data/ansur-ii-2012/,,ANSUR II 2012 - Combat Service Support,United States,military,Army,F,2010,foot_length,Foot length,mm,246.02,12.53,1256,226.0,246.0,267.25,A,computed from the individual-level data in this repository,computed,ansur-ii-2012#sub - Combat Service Support,1
ansur-ii-2012,data/ansur-ii-2012/,,ANSUR II 2012 - Combat Service Support,United States,military,Army,F,2010,foot_breadth,Foot breadth,mm,92.64,4.73,1256,85.0,93.0,100.0,A,computed from the individual-level data in this repository,computed,ansur-ii-2012#sub - Combat Service Support,1
ansur-ii-2012,data/ansur-ii-2012/,,ANSUR II 2012 - Combat Service Support,United States,military,Army,F,2010,head_circumference,Head circumference,mm,560.43,19.32,1256,531.0,559.0,596.25,A,computed from the individual-level data in this repository,computed,ansur-ii-2012#sub - Combat Service Support,1
ansur-ii-2012,data/ansur-ii-2012/,,ANSUR II 2012 - Combat Service Support,United States,military,Army,F,2010,head_length,Head length,mm,189.57,7.45,1256,177.0,190.0,201.25,A,computed from the individual-level data in this repository,computed,ansur-ii-2012#sub - Combat Service Support,1
ansur-ii-2012,data/ansur-ii-2012/,,ANSUR II 2012 - Combat Service Support,United States,military,Army,F,2010,head_breadth,Head breadth,mm,147.66,5.1,1256,140.0,147.0,156.0,A,computed from the individual-level data in this repository,computed,ansur-ii-2012#sub - Combat Service Support,1
ansur-ii-2012,data/ansur-ii-2012/,,ANSUR II 2012 - Combat Service Support,United States,military,Army,F,2010,bizygomatic_breadth,Bizygomatic breadth,mm,133.81,5.63,1256,125.0,134.0,144.0,A,computed from the individual-level data in this repository,computed,ansur-ii-2012#sub - Combat Service Support,1
ansur-ii-2012,data/ansur-ii-2012/,,ANSUR II 2012 - Combat Service Support,United States,military,Army,F,2010,menton_sellion_length,Menton-sellion (face) length,mm,112.81,6.02,1256,103.0,113.0,123.0,A,computed from the individual-level data in this repository,computed,ansur-ii-2012#sub - Combat Service Support,1
ansur-ii-2012,data/ansur-ii-2012/,,ANSUR II 2012 - Combat Service Support,United States,military,Army,F,2010,interpupillary_breadth,Interpupillary breadth,mm,61.62,3.66,1256,55.5,61.5,67.62,A,computed from the individual-level data in this repository,computed,ansur-ii-2012#sub - Combat Service Support,1
ansur-ii-2012,data/ansur-ii-2012/,,ANSUR II 2012 - Combat Service Support,United States,military,Army,F,2010,ear_length,Ear length,mm,59.21,3.81,1256,53.0,59.0,66.0,A,computed from the individual-level data in this repository,computed,ansur-ii-2012#sub - Combat Service Support,1
ansur-ii-2012,data/ansur-ii-2012/,,ANSUR II 2012 - Combat Arms,United States,military,Army,M,2010,stature,Stature,mm,1754.74,67.59,1539,1644.0,1754.0,1867.0,A,computed from the individual-level data in this repository,computed,ansur-ii-2012#sub - Combat Arms,1
ansur-ii-2012,data/ansur-ii-2012/,,ANSUR II 2012 - Combat Arms,United States,military,Army,M,2010,mass,Body mass,kg,84.66,13.63,1539,64.39,83.8,109.61,A,computed from the individual-level data in this repository,computed,ansur-ii-2012#sub - Combat Arms,1
ansur-ii-2012,data/ansur-ii-2012/,,ANSUR II 2012 - Combat Arms,United States,military,Army,M,2010,bmi,Body mass index,kg/m²,27.46,3.89,1539,21.54,27.16,34.41,A,computed from the individual-level data in this repository,computed,ansur-ii-2012#sub - Combat Arms,1
ansur-ii-2012,data/ansur-ii-2012/,,ANSUR II 2012 - Combat Arms,United States,military,Army,M,2010,age,Age,years,28.91,8.2,1539,19.0,27.0,45.0,A,computed from the individual-level data in this repository,computed,ansur-ii-2012#sub - Combat Arms,1
ansur-ii-2012,data/ansur-ii-2012/,,ANSUR II 2012 - Combat Arms,United States,military,Army,M,2010,cervicale_height,Cervicale height,mm,1515.33,62.14,1539,1411.0,1516.0,1617.0,A,computed from the individual-level data in this repository,computed,ansur-ii-2012#sub - Combat Arms,1
ansur-ii-2012,data/ansur-ii-2012/,,ANSUR II 2012 - Combat Arms,United States,military,Army,M,2010,acromion_height,Acromion height,mm,1438.54,62.34,1539,1335.9,1438.0,1546.1,A,computed from the individual-level data in this repository,computed,ansur-ii-2012#sub - Combat Arms,1
ansur-ii-2012,data/ansur-ii-2012/,,ANSUR II 2012 - Combat Arms,United States,military,Army,M,2010,suprasternale_height,Suprasternale height,mm,1436.58,60.44,1539,1336.9,1435.0,1538.0,A,computed from the individual-level data in this repository,computed,ansur-ii-2012#sub - Combat Arms,1
ansur-ii-2012,data/ansur-ii-2012/,,ANSUR II 2012 - Combat Arms,United States,military,Army,M,2010,iliocristale_height,Iliocristale height,mm,1060.9,51.95,1539,976.0,1059.0,1147.0,A,computed from the individual-level data in this repository,computed,ansur-ii-2012#sub - Combat Arms,1
ansur-ii-2012,data/ansur-ii-2012/,,ANSUR II 2012 - Combat Arms,United States,military,Army,M,2010,trochanterion_height,Trochanterion height,mm,895.52,47.63,1539,818.0,894.0,978.1,A,computed from the individual-level data in this repository,computed,ansur-ii-2012#sub - Combat Arms,1
ansur-ii-2012,data/ansur-ii-2012/,,ANSUR II 2012 - Combat Arms,United States,military,Army,M,2010,crotch_height,Crotch height,mm,843.1,45.35,1539,769.0,842.0,920.0,A,computed from the individual-level data in this repository,computed,ansur-ii-2012#sub - Combat Arms,1
ansur-ii-2012,data/ansur-ii-2012/,,ANSUR II 2012 - Combat Arms,United States,military,Army,M,2010,sitting_height,Sitting height,mm,918.25,34.31,1539,863.0,918.0,976.0,A,computed from the individual-level data in this repository,computed,ansur-ii-2012#sub - Combat Arms,1
ansur-ii-2012,data/ansur-ii-2012/,,ANSUR II 2012 - Combat Arms,United States,military,Army,M,2010,eye_height_sitting,Eye height (sitting),mm,805.01,32.29,1539,752.9,804.0,859.0,A,computed from the individual-level data in this repository,computed,ansur-ii-2012#sub - Combat Arms,1
ansur-ii-2012,data/ansur-ii-2012/,,ANSUR II 2012 - Combat Arms,United States,military,Army,M,2010,elbow_rest_height,Elbow rest height,mm,244.52,27.46,1539,199.0,245.0,287.1,A,computed from the individual-level data in this repository,computed,ansur-ii-2012#sub - Combat Arms,1
ansur-ii-2012,data/ansur-ii-2012/,,ANSUR II 2012 - Combat Arms,United States,military,Army,M,2010,thigh_clearance,Thigh clearance,mm,179.86,15.35,1539,157.0,179.0,205.1,A,computed from the individual-level data in this repository,computed,ansur-ii-2012#sub - Combat Arms,1
ansur-ii-2012,data/ansur-ii-2012/,,ANSUR II 2012 - Combat Arms,United States,military,Army,M,2010,knee_height_sitting,Knee height (sitting),mm,553.48,27.6,1539,508.0,553.0,600.0,A,computed from the individual-level data in this repository,computed,ansur-ii-2012#sub - Combat Arms,1
ansur-ii-2012,data/ansur-ii-2012/,,ANSUR II 2012 - Combat Arms,United States,military,Army,M,2010,popliteal_height,Popliteal height,mm,429.4,24.43,1539,389.0,430.0,468.1,A,computed from the individual-level data in this repository,computed,ansur-ii-2012#sub - Combat Arms,1
ansur-ii-2012,data/ansur-ii-2012/,,ANSUR II 2012 - Combat Arms,United States,military,Army,M,2010,buttock_knee_length,Buttock-knee length,mm,616.17,29.63,1539,567.0,615.0,665.0,A,computed from the individual-level data in this repository,computed,ansur-ii-2012#sub - Combat Arms,1
ansur-ii-2012,data/ansur-ii-2012/,,ANSUR II 2012 - Combat Arms,United States,military,Army,M,2010,buttock_popliteal_length,Buttock-popliteal length,mm,501.16,26.49,1539,459.0,500.0,544.0,A,computed from the individual-level data in this repository,computed,ansur-ii-2012#sub - Combat Arms,1
ansur-ii-2012,data/ansur-ii-2012/,,ANSUR II 2012 - Combat Arms,United States,military,Army,M,2010,abdominal_depth_sitting,Abdominal extension depth (sitting),mm,251.13,35.05,1539,200.0,247.0,316.0,A,computed from the individual-level data in this repository,computed,ansur-ii-2012#sub - Combat Arms,1
ansur-ii-2012,data/ansur-ii-2012/,,ANSUR II 2012 - Combat Arms,United States,military,Army,M,2010,hip_breadth_sitting,Hip breadth (sitting),mm,377.51,28.93,1539,333.0,376.0,427.1,A,computed from the individual-level data in this repository,computed,ansur-ii-2012#sub - Combat Arms,1
ansur-ii-2012,data/ansur-ii-2012/,,ANSUR II 2012 - Combat Arms,United States,military,Army,M,2010,biacromial_breadth,Biacromial breadth,mm,415.45,18.72,1539,385.9,416.0,446.0,A,computed from the individual-level data in this repository,computed,ansur-ii-2012#sub - Combat Arms,1
ansur-ii-2012,data/ansur-ii-2012/,,ANSUR II 2012 - Combat Arms,United States,military,Army,M,2010,bideltoid_breadth,Bideltoid breadth,mm,508.97,31.12,1539,460.0,507.0,563.0,A,computed from the individual-level data in this repository,computed,ansur-ii-2012#sub - Combat Arms,1
ansur-ii-2012,data/ansur-ii-2012/,,ANSUR II 2012 - Combat Arms,United States,military,Army,M,2010,forearm_forearm_breadth,Forearm-forearm breadth,mm,577.61,49.15,1539,498.9,577.0,661.0,A,computed from the individual-level data in this repository,computed,ansur-ii-2012#sub - Combat Arms,1
ansur-ii-2012,data/ansur-ii-2012/,,ANSUR II 2012 - Combat Arms,United States,military,Army,M,2010,chest_breadth,Chest breadth,mm,288.9,17.63,1539,261.0,288.0,318.0,A,computed from the individual-level data in this repository,computed,ansur-ii-2012#sub - Combat Arms,1
ansur-ii-2012,data/ansur-ii-2012/,,ANSUR II 2012 - Combat Arms,United States,military,Army,M,2010,chest_depth,Chest depth,mm,251.78,24.94,1539,211.0,251.0,295.0,A,computed from the individual-level data in this repository,computed,ansur-ii-2012#sub - Combat Arms,1
ansur-ii-2012,data/ansur-ii-2012/,,ANSUR II 2012 - Combat Arms,United States,military,Army,M,2010,bicristal_breadth,Bicristal (biiliocristale) breadth,mm,275.37,16.87,1539,248.0,275.0,303.0,A,computed from the individual-level data in this repository,computed,ansur-ii-2012#sub - Combat Arms,1
ansur-ii-2012,data/ansur-ii-2012/,,ANSUR II 2012 - Combat Arms,United States,military,Army,M,2010,chest_circumference,Chest circumference,mm,1053.84,83.5,1539,922.0,1048.0,1202.0,A,computed from the individual-level data in this repository,computed,ansur-ii-2012#sub - Combat Arms,1
ansur-ii-2012,data/ansur-ii-2012/,,ANSUR II 2012 - Combat Arms,United States,military,Army,M,2010,waist_circumference,Waist circumference (omphalion),mm,931.94,107.23,1539,768.9,925.0,1120.0,A,computed from the individual-level data in this repository,computed,ansur-ii-2012#sub - Combat Arms,1
ansur-ii-2012,data/ansur-ii-2012/,,ANSUR II 2012 - Combat Arms,United States,military,Army,M,2010,buttock_circumference,Buttock circumference,mm,1014.3,73.8,1539,899.0,1011.0,1139.0,A,computed from the individual-level data in this repository,computed,ansur-ii-2012#sub - Combat Arms,1
ansur-ii-2012,data/ansur-ii-2012/,,ANSUR II 2012 - Combat Arms,United States,military,Army,M,2010,neck_circumference,Neck circumference,mm,396.51,24.79,1539,360.0,395.0,439.0,A,computed from the individual-level data in this repository,computed,ansur-ii-2012#sub - Combat Arms,1
ansur-ii-2012,data/ansur-ii-2012/,,ANSUR II 2012 - Combat Arms,United States,military,Army,M,2010,neck_circumference_base,Neck circumference (base),mm,434.22,24.94,1539,397.0,432.0,477.0,A,computed from the individual-level data in this repository,computed,ansur-ii-2012#sub - Combat Arms,1
ansur-ii-2012,data/ansur-ii-2012/,,ANSUR II 2012 - Combat Arms,United States,military,Army,M,2010,shoulder_circumference,Shoulder circumference,mm,1178.44,61.33,1539,1084.8,1176.0,1285.0,A,computed from the individual-level data in this repository,computed,ansur-ii-2012#sub - Combat Arms,1
ansur-ii-2012,data/ansur-ii-2012/,,ANSUR II 2012 - Combat Arms,United States,military,Army,M,2010,biceps_circumference_flexed,Biceps circumference (flexed),mm,357.76,34.09,1539,305.0,357.0,419.1,A,computed from the individual-level data in this repository,computed,ansur-ii-2012#sub - Combat Arms,1
ansur-ii-2012,data/ansur-ii-2012/,,ANSUR II 2012 - Combat Arms,United States,military,Army,M,2010,forearm_circumference_flexed,Forearm circumference (flexed),mm,309.94,21.22,1539,277.0,309.0,345.0,A,computed from the individual-level data in this repository,computed,ansur-ii-2012#sub - Combat Arms,1
ansur-ii-2012,data/ansur-ii-2012/,,ANSUR II 2012 - Combat Arms,United States,military,Army,M,2010,wrist_circumference,Wrist circumference,mm,175.99,8.53,1539,162.0,176.0,190.0,A,computed from the individual-level data in this repository,computed,ansur-ii-2012#sub - Combat Arms,1
ansur-ii-2012,data/ansur-ii-2012/,,ANSUR II 2012 - Combat Arms,United States,military,Army,M,2010,thigh_circumference,Thigh circumference,mm,621.58,56.9,1539,532.0,621.0,715.1,A,computed from the individual-level data in this repository,computed,ansur-ii-2012#sub - Combat Arms,1
ansur-ii-2012,data/ansur-ii-2012/,,ANSUR II 2012 - Combat Arms,United States,military,Army,M,2010,calf_circumference,Calf circumference,mm,391.34,28.93,1539,347.0,391.0,440.1,A,computed from the individual-level data in this repository,computed,ansur-ii-2012#sub - Combat Arms,1
ansur-ii-2012,data/ansur-ii-2012/,,ANSUR II 2012 - Combat Arms,United States,military,Army,M,2010,ankle_circumference,Ankle circumference,mm,229.6,14.15,1539,207.0,230.0,254.0,A,computed from the individual-level data in this repository,computed,ansur-ii-2012#sub - Combat Arms,1
ansur-ii-2012,data/ansur-ii-2012/,,ANSUR II 2012 - Combat Arms,United States,military,Army,M,2010,vertical_trunk_circumference,Vertical trunk circumference,mm,1658.74,85.45,1539,1519.9,1658.0,1803.1,A,computed from the individual-level data in this repository,computed,ansur-ii-2012#sub - Combat Arms,1
ansur-ii-2012,data/ansur-ii-2012/,,ANSUR II 2012 - Combat Arms,United States,military,Army,M,2010,shoulder_elbow_length,Shoulder-elbow length,mm,363.17,17.81,1539,334.0,363.0,392.0,A,computed from the individual-level data in this repository,computed,ansur-ii-2012#sub - Combat Arms,1
ansur-ii-2012,data/ansur-ii-2012/,,ANSUR II 2012 - Combat Arms,United States,military,Army,M,2010,acromion_radiale_length,Acromion-radiale length,mm,334.58,17.05,1539,307.0,334.0,364.0,A,computed from the individual-level data in this repository,computed,ansur-ii-2012#sub - Combat Arms,1
ansur-ii-2012,data/ansur-ii-2012/,,ANSUR II 2012 - Combat Arms,United States,military,Army,M,2010,radiale_stylion_length,Radiale-stylion length,mm,266.87,14.82,1539,244.0,266.0,292.0,A,computed from the individual-level data in this repository,computed,ansur-ii-2012#sub - Combat Arms,1
ansur-ii-2012,data/ansur-ii-2012/,,ANSUR II 2012 - Combat Arms,United States,military,Army,M,2010,sleeve_outseam,Sleeve outseam,mm,591.05,29.79,1539,543.0,590.0,641.0,A,computed from the individual-level data in this repository,computed,ansur-ii-2012#sub - Combat Arms,1
ansur-ii-2012,data/ansur-ii-2012/,,ANSUR II 2012 - Combat Arms,United States,military,Army,M,2010,shoulder_length,Shoulder length,mm,149.82,10.3,1539,133.0,150.0,167.0,A,computed from the individual-level data in this repository,computed,ansur-ii-2012#sub - Combat Arms,1
ansur-ii-2012,data/ansur-ii-2012/,,ANSUR II 2012 - Combat Arms,United States,military,Army,M,2010,thumbtip_reach,Thumb-tip reach,mm,810.43,41.34,1539,741.0,810.0,881.0,A,computed from the individual-level data in this repository,computed,ansur-ii-2012#sub - Combat Arms,1
ansur-ii-2012,data/ansur-ii-2012/,,ANSUR II 2012 - Combat Arms,United States,military,Army,M,2010,span,Span,mm,1810.56,82.88,1539,1676.9,1810.0,1946.0,A,computed from the individual-level data in this repository,computed,ansur-ii-2012#sub - Combat Arms,1
ansur-ii-2012,data/ansur-ii-2012/,,ANSUR II 2012 - Combat Arms,United States,military,Army,M,2010,hand_length,Hand length,mm,192.82,9.66,1539,177.0,193.0,209.0,A,computed from the individual-level data in this repository,computed,ansur-ii-2012#sub - Combat Arms,1
ansur-ii-2012,data/ansur-ii-2012/,,ANSUR II 2012 - Combat Arms,United States,military,Army,M,2010,hand_breadth,Hand breadth (metacarpale),mm,88.24,4.24,1539,82.0,88.0,95.0,A,computed from the individual-level data in this repository,computed,ansur-ii-2012#sub - Combat Arms,1
ansur-ii-2012,data/ansur-ii-2012/,,ANSUR II 2012 - Combat Arms,United States,military,Army,M,2010,hand_circumference,Hand circumference (metacarpale),mm,212.34,9.75,1539,197.0,213.0,228.0,A,computed from the individual-level data in this repository,computed,ansur-ii-2012#sub - Combat Arms,1
ansur-ii-2012,data/ansur-ii-2012/,,ANSUR II 2012 - Combat Arms,United States,military,Army,M,2010,foot_length,Foot length,mm,270.92,12.74,1539,251.0,271.0,292.0,A,computed from the individual-level data in this repository,computed,ansur-ii-2012#sub - Combat Arms,1
ansur-ii-2012,data/ansur-ii-2012/,,ANSUR II 2012 - Combat Arms,United States,military,Army,M,2010,foot_breadth,Foot breadth,mm,101.83,5.07,1539,94.0,102.0,110.0,A,computed from the individual-level data in this repository,computed,ansur-ii-2012#sub - Combat Arms,1
ansur-ii-2012,data/ansur-ii-2012/,,ANSUR II 2012 - Combat Arms,United States,military,Army,M,2010,head_circumference,Head circumference,mm,574.15,15.72,1539,549.0,574.0,600.0,A,computed from the individual-level data in this repository,computed,ansur-ii-2012#sub - Combat Arms,1
ansur-ii-2012,data/ansur-ii-2012/,,ANSUR II 2012 - Combat Arms,United States,military,Army,M,2010,head_length,Head length,mm,199.35,7.01,1539,188.0,199.0,211.0,A,computed from the individual-level data in this repository,computed,ansur-ii-2012#sub - Combat Arms,1
ansur-ii-2012,data/ansur-ii-2012/,,ANSUR II 2012 - Combat Arms,United States,military,Army,M,2010,head_breadth,Head breadth,mm,154.23,5.37,1539,146.0,154.0,163.0,A,computed from the individual-level data in this repository,computed,ansur-ii-2012#sub - Combat Arms,1
ansur-ii-2012,data/ansur-ii-2012/,,ANSUR II 2012 - Combat Arms,United States,military,Army,M,2010,bizygomatic_breadth,Bizygomatic breadth,mm,142.3,6.1,1539,133.0,142.0,153.0,A,computed from the individual-level data in this repository,computed,ansur-ii-2012#sub - Combat Arms,1
ansur-ii-2012,data/ansur-ii-2012/,,ANSUR II 2012 - Combat Arms,United States,military,Army,M,2010,menton_sellion_length,Menton-sellion (face) length,mm,122.31,6.63,1539,111.0,122.0,133.0,A,computed from the individual-level data in this repository,computed,ansur-ii-2012#sub - Combat Arms,1
ansur-ii-2012,data/ansur-ii-2012/,,ANSUR II 2012 - Combat Arms,United States,military,Army,M,2010,interpupillary_breadth,Interpupillary breadth,mm,63.71,3.34,1539,58.5,63.5,69.5,A,computed from the individual-level data in this repository,computed,ansur-ii-2012#sub - Combat Arms,1
ansur-ii-2012,data/ansur-ii-2012/,,ANSUR II 2012 - Combat Arms,United States,military,Army,M,2010,ear_length,Ear length,mm,63.84,4.35,1539,57.0,64.0,71.0,A,computed from the individual-level data in this repository,computed,ansur-ii-2012#sub - Combat Arms,1
ansur-ii-2012,data/ansur-ii-2012/,,ANSUR II 2012 - Combat Arms,United States,military,Army,F,2010,stature,Stature,mm,1625.14,59.19,43,1531.0,1633.0,1706.8,A,computed from the individual-level data in this repository,computed,ansur-ii-2012#sub - Combat Arms,1
ansur-ii-2012,data/ansur-ii-2012/,,ANSUR II 2012 - Combat Arms,United States,military,Army,F,2010,mass,Body mass,kg,66.98,9.62,43,52.23,66.1,81.74,A,computed from the individual-level data in this repository,computed,ansur-ii-2012#sub - Combat Arms,1
ansur-ii-2012,data/ansur-ii-2012/,,ANSUR II 2012 - Combat Arms,United States,military,Army,F,2010,bmi,Body mass index,kg/m²,25.35,3.4,43,20.89,24.93,30.43,A,computed from the individual-level data in this repository,computed,ansur-ii-2012#sub - Combat Arms,1
ansur-ii-2012,data/ansur-ii-2012/,,ANSUR II 2012 - Combat Arms,United States,military,Army,F,2010,age,Age,years,28.07,7.98,43,20.0,26.0,45.0,A,computed from the individual-level data in this repository,computed,ansur-ii-2012#sub - Combat Arms,1
ansur-ii-2012,data/ansur-ii-2012/,,ANSUR II 2012 - Combat Arms,United States,military,Army,F,2010,cervicale_height,Cervicale height,mm,1393.53,53.32,43,1304.6,1402.0,1474.4,A,computed from the individual-level data in this repository,computed,ansur-ii-2012#sub - Combat Arms,1
ansur-ii-2012,data/ansur-ii-2012/,,ANSUR II 2012 - Combat Arms,United States,military,Army,F,2010,acromion_height,Acromion height,mm,1330.72,56.02,43,1239.0,1337.0,1420.2,A,computed from the individual-level data in this repository,computed,ansur-ii-2012#sub - Combat Arms,1
ansur-ii-2012,data/ansur-ii-2012/,,ANSUR II 2012 - Combat Arms,United States,military,Army,F,2010,suprasternale_height,Suprasternale height,mm,1325.02,51.05,43,1244.2,1337.0,1401.0,A,computed from the individual-level data in this repository,computed,ansur-ii-2012#sub - Combat Arms,1
ansur-ii-2012,data/ansur-ii-2012/,,ANSUR II 2012 - Combat Arms,United States,military,Army,F,2010,iliocristale_height,Iliocristale height,mm,993.91,44.46,43,927.1,994.0,1061.8,A,computed from the individual-level data in this repository,computed,ansur-ii-2012#sub - Combat Arms,1
ansur-ii-2012,data/ansur-ii-2012/,,ANSUR II 2012 - Combat Arms,United States,military,Army,F,2010,trochanterion_height,Trochanterion height,mm,837.56,39.39,43,771.7,840.0,898.6,A,computed from the individual-level data in this repository,computed,ansur-ii-2012#sub - Combat Arms,1
ansur-ii-2012,data/ansur-ii-2012/,,ANSUR II 2012 - Combat Arms,United States,military,Army,F,2010,crotch_height,Crotch height,mm,775.16,38.22,43,721.4,775.0,831.2,A,computed from the individual-level data in this repository,computed,ansur-ii-2012#sub - Combat Arms,1
ansur-ii-2012,data/ansur-ii-2012/,,ANSUR II 2012 - Combat Arms,United States,military,Army,F,2010,sitting_height,Sitting height,mm,858.44,30.83,43,811.1,861.0,908.5,A,computed from the individual-level data in this repository,computed,ansur-ii-2012#sub - Combat Arms,1
ansur-ii-2012,data/ansur-ii-2012/,,ANSUR II 2012 - Combat Arms,United States,military,Army,F,2010,eye_height_sitting,Eye height (sitting),mm,749.05,27.62,43,708.0,755.0,795.1,A,computed from the individual-level data in this repository,computed,ansur-ii-2012#sub - Combat Arms,1
ansur-ii-2012,data/ansur-ii-2012/,,ANSUR II 2012 - Combat Arms,United States,military,Army,F,2010,elbow_rest_height,Elbow rest height,mm,231.33,28.12,43,182.3,227.0,273.6,A,computed from the individual-level data in this repository,computed,ansur-ii-2012#sub - Combat Arms,1
ansur-ii-2012,data/ansur-ii-2012/,,ANSUR II 2012 - Combat Arms,United States,military,Army,F,2010,thigh_clearance,Thigh clearance,mm,167.07,13.19,43,150.1,166.0,189.8,A,computed from the individual-level data in this repository,computed,ansur-ii-2012#sub - Combat Arms,1
ansur-ii-2012,data/ansur-ii-2012/,,ANSUR II 2012 - Combat Arms,United States,military,Army,F,2010,knee_height_sitting,Knee height (sitting),mm,508.44,23.01,43,470.5,508.0,539.9,A,computed from the individual-level data in this repository,computed,ansur-ii-2012#sub - Combat Arms,1
ansur-ii-2012,data/ansur-ii-2012/,,ANSUR II 2012 - Combat Arms,United States,military,Army,F,2010,popliteal_height,Popliteal height,mm,387.0,21.78,43,348.5,390.0,418.0,A,computed from the individual-level data in this repository,computed,ansur-ii-2012#sub - Combat Arms,1
ansur-ii-2012,data/ansur-ii-2012/,,ANSUR II 2012 - Combat Arms,United States,military,Army,F,2010,buttock_knee_length,Buttock-knee length,mm,583.3,26.62,43,529.3,584.0,622.7,A,computed from the individual-level data in this repository,computed,ansur-ii-2012#sub - Combat Arms,1
ansur-ii-2012,data/ansur-ii-2012/,,ANSUR II 2012 - Combat Arms,United States,military,Army,F,2010,buttock_popliteal_length,Buttock-popliteal length,mm,478.09,25.39,43,428.1,479.0,514.9,A,computed from the individual-level data in this repository,computed,ansur-ii-2012#sub - Combat Arms,1
ansur-ii-2012,data/ansur-ii-2012/,,ANSUR II 2012 - Combat Arms,United States,military,Army,F,2010,abdominal_depth_sitting,Abdominal extension depth (sitting),mm,229.51,33.69,43,184.3,228.0,283.6,A,computed from the individual-level data in this repository,computed,ansur-ii-2012#sub - Combat Arms,1
ansur-ii-2012,data/ansur-ii-2012/,,ANSUR II 2012 - Combat Arms,United States,military,Army,F,2010,hip_breadth_sitting,Hip breadth (sitting),mm,396.81,32.54,43,348.2,394.0,448.2,A,computed from the individual-level data in this repository,computed,ansur-ii-2012#sub - Combat Arms,1
ansur-ii-2012,data/ansur-ii-2012/,,ANSUR II 2012 - Combat Arms,United States,military,Army,F,2010,biacromial_breadth,Biacromial breadth,mm,363.86,21.01,43,338.2,365.0,388.8,A,computed from the individual-level data in this repository,computed,ansur-ii-2012#sub - Combat Arms,1
ansur-ii-2012,data/ansur-ii-2012/,,ANSUR II 2012 - Combat Arms,United States,military,Army,F,2010,bideltoid_breadth,Bideltoid breadth,mm,450.53,28.68,43,417.1,449.0,490.0,A,computed from the individual-level data in this repository,computed,ansur-ii-2012#sub - Combat Arms,1
ansur-ii-2012,data/ansur-ii-2012/,,ANSUR II 2012 - Combat Arms,United States,military,Army,F,2010,forearm_forearm_breadth,Forearm-forearm breadth,mm,495.3,36.95,43,449.6,485.0,569.5,A,computed from the individual-level data in this repository,computed,ansur-ii-2012#sub - Combat Arms,1
ansur-ii-2012,data/ansur-ii-2012/,,ANSUR II 2012 - Combat Arms,United States,military,Army,F,2010,chest_breadth,Chest breadth,mm,271.26,20.62,43,240.4,268.0,304.8,A,computed from the individual-level data in this repository,computed,ansur-ii-2012#sub - Combat Arms,1
ansur-ii-2012,data/ansur-ii-2012/,,ANSUR II 2012 - Combat Arms,United States,military,Army,F,2010,chest_depth,Chest depth,mm,247.12,25.8,43,215.0,246.0,289.6,A,computed from the individual-level data in this repository,computed,ansur-ii-2012#sub - Combat Arms,1
ansur-ii-2012,data/ansur-ii-2012/,,ANSUR II 2012 - Combat Arms,United States,military,Army,F,2010,bicristal_breadth,Bicristal (biiliocristale) breadth,mm,278.44,18.06,43,250.3,278.0,299.8,A,computed from the individual-level data in this repository,computed,ansur-ii-2012#sub - Combat Arms,1
ansur-ii-2012,data/ansur-ii-2012/,,ANSUR II 2012 - Combat Arms,United States,military,Army,F,2010,chest_circumference,Chest circumference,mm,947.3,81.41,43,838.5,946.0,1088.1,A,computed from the individual-level data in this repository,computed,ansur-ii-2012#sub - Combat Arms,1
ansur-ii-2012,data/ansur-ii-2012/,,ANSUR II 2012 - Combat Arms,United States,military,Army,F,2010,waist_circumference,Waist circumference (omphalion),mm,869.56,105.19,43,735.5,840.0,1067.5,A,computed from the individual-level data in this repository,computed,ansur-ii-2012#sub - Combat Arms,1
ansur-ii-2012,data/ansur-ii-2012/,,ANSUR II 2012 - Combat Arms,United States,military,Army,F,2010,buttock_circumference,Buttock circumference,mm,1020.47,74.13,43,918.1,1001.0,1127.6,A,computed from the individual-level data in this repository,computed,ansur-ii-2012#sub - Combat Arms,1
ansur-ii-2012,data/ansur-ii-2012/,,ANSUR II 2012 - Combat Arms,United States,military,Army,F,2010,neck_circumference,Neck circumference,mm,329.19,15.58,43,309.1,327.0,359.5,A,computed from the individual-level data in this repository,computed,ansur-ii-2012#sub - Combat Arms,1
ansur-ii-2012,data/ansur-ii-2012/,,ANSUR II 2012 - Combat Arms,United States,military,Army,F,2010,neck_circumference_base,Neck circumference (base),mm,370.63,17.68,43,343.7,367.0,402.6,A,computed from the individual-level data in this repository,computed,ansur-ii-2012#sub - Combat Arms,1
ansur-ii-2012,data/ansur-ii-2012/,,ANSUR II 2012 - Combat Arms,United States,military,Army,F,2010,shoulder_circumference,Shoulder circumference,mm,1028.37,53.27,43,957.5,1030.0,1108.8,A,computed from the individual-level data in this repository,computed,ansur-ii-2012#sub - Combat Arms,1
ansur-ii-2012,data/ansur-ii-2012/,,ANSUR II 2012 - Combat Arms,United States,military,Army,F,2010,biceps_circumference_flexed,Biceps circumference (flexed),mm,301.79,23.02,43,263.3,303.0,343.2,A,computed from the individual-level data in this repository,computed,ansur-ii-2012#sub - Combat Arms,1
ansur-ii-2012,data/ansur-ii-2012/,,ANSUR II 2012 - Combat Arms,United States,military,Army,F,2010,forearm_circumference_flexed,Forearm circumference (flexed),mm,262.79,12.14,43,244.1,262.0,281.8,A,computed from the individual-level data in this repository,computed,ansur-ii-2012#sub - Combat Arms,1
ansur-ii-2012,data/ansur-ii-2012/,,ANSUR II 2012 - Combat Arms,United States,military,Army,F,2010,wrist_circumference,Wrist circumference,mm,155.14,7.7,43,142.2,156.0,165.9,A,computed from the individual-level data in this repository,computed,ansur-ii-2012#sub - Combat Arms,1
ansur-ii-2012,data/ansur-ii-2012/,,ANSUR II 2012 - Combat Arms,United States,military,Army,F,2010,thigh_circumference,Thigh circumference,mm,610.98,53.79,43,530.0,605.0,693.0,A,computed from the individual-level data in this repository,computed,ansur-ii-2012#sub - Combat Arms,1
ansur-ii-2012,data/ansur-ii-2012/,,ANSUR II 2012 - Combat Arms,United States,military,Army,F,2010,calf_circumference,Calf circumference,mm,375.35,27.88,43,336.2,377.0,418.6,A,computed from the individual-level data in this repository,computed,ansur-ii-2012#sub - Combat Arms,1
ansur-ii-2012,data/ansur-ii-2012/,,ANSUR II 2012 - Combat Arms,United States,military,Army,F,2010,ankle_circumference,Ankle circumference,mm,217.79,17.52,43,192.0,215.0,246.9,A,computed from the individual-level data in this repository,computed,ansur-ii-2012#sub - Combat Arms,1
ansur-ii-2012,data/ansur-ii-2012/,,ANSUR II 2012 - Combat Arms,United States,military,Army,F,2010,vertical_trunk_circumference,Vertical trunk circumference,mm,1558.44,71.81,43,1425.7,1576.0,1670.0,A,computed from the individual-level data in this repository,computed,ansur-ii-2012#sub - Combat Arms,1
ansur-ii-2012,data/ansur-ii-2012/,,ANSUR II 2012 - Combat Arms,United States,military,Army,F,2010,shoulder_elbow_length,Shoulder-elbow length,mm,335.09,14.59,43,314.1,336.0,356.9,A,computed from the individual-level data in this repository,computed,ansur-ii-2012#sub - Combat Arms,1
ansur-ii-2012,data/ansur-ii-2012/,,ANSUR II 2012 - Combat Arms,United States,military,Army,F,2010,acromion_radiale_length,Acromion-radiale length,mm,310.19,14.39,43,285.4,309.0,329.0,A,computed from the individual-level data in this repository,computed,ansur-ii-2012#sub - Combat Arms,1
ansur-ii-2012,data/ansur-ii-2012/,,ANSUR II 2012 - Combat Arms,United States,military,Army,F,2010,radiale_stylion_length,Radiale-stylion length,mm,239.56,12.36,43,224.2,242.0,257.8,A,computed from the individual-level data in this repository,computed,ansur-ii-2012#sub - Combat Arms,1
ansur-ii-2012,data/ansur-ii-2012/,,ANSUR II 2012 - Combat Arms,United States,military,Army,F,2010,sleeve_outseam,Sleeve outseam,mm,542.88,25.37,43,503.8,545.0,579.5,A,computed from the individual-level data in this repository,computed,ansur-ii-2012#sub - Combat Arms,1
ansur-ii-2012,data/ansur-ii-2012/,,ANSUR II 2012 - Combat Arms,United States,military,Army,F,2010,shoulder_length,Shoulder length,mm,135.56,8.88,43,123.0,136.0,150.6,A,computed from the individual-level data in this repository,computed,ansur-ii-2012#sub - Combat Arms,1
ansur-ii-2012,data/ansur-ii-2012/,,ANSUR II 2012 - Combat Arms,United States,military,Army,F,2010,thumbtip_reach,Thumb-tip reach,mm,743.6,37.01,43,691.0,746.0,798.0,A,computed from the individual-level data in this repository,computed,ansur-ii-2012#sub - Combat Arms,1
ansur-ii-2012,data/ansur-ii-2012/,,ANSUR II 2012 - Combat Arms,United States,military,Army,F,2010,span,Span,mm,1652.58,69.43,43,1555.1,1651.0,1738.8,A,computed from the individual-level data in this repository,computed,ansur-ii-2012#sub - Combat Arms,1
ansur-ii-2012,data/ansur-ii-2012/,,ANSUR II 2012 - Combat Arms,United States,military,Army,F,2010,hand_length,Hand length,mm,179.6,8.71,43,167.1,179.0,190.0,A,computed from the individual-level data in this repository,computed,ansur-ii-2012#sub - Combat Arms,1
ansur-ii-2012,data/ansur-ii-2012/,,ANSUR II 2012 - Combat Arms,United States,military,Army,F,2010,hand_breadth,Hand breadth (metacarpale),mm,78.37,4.15,43,71.2,79.0,83.9,A,computed from the individual-level data in this repository,computed,ansur-ii-2012#sub - Combat Arms,1
ansur-ii-2012,data/ansur-ii-2012/,,ANSUR II 2012 - Combat Arms,United States,military,Army,F,2010,hand_circumference,Hand circumference (metacarpale),mm,186.53,9.11,43,171.5,187.0,196.9,A,computed from the individual-level data in this repository,computed,ansur-ii-2012#sub - Combat Arms,1
ansur-ii-2012,data/ansur-ii-2012/,,ANSUR II 2012 - Combat Arms,United States,military,Army,F,2010,foot_length,Foot length,mm,245.56,9.41,43,228.0,247.0,259.9,A,computed from the individual-level data in this repository,computed,ansur-ii-2012#sub - Combat Arms,1
ansur-ii-2012,data/ansur-ii-2012/,,ANSUR II 2012 - Combat Arms,United States,military,Army,F,2010,foot_breadth,Foot breadth,mm,93.88,4.54,43,86.1,94.0,100.0,A,computed from the individual-level data in this repository,computed,ansur-ii-2012#sub - Combat Arms,1
ansur-ii-2012,data/ansur-ii-2012/,,ANSUR II 2012 - Combat Arms,United States,military,Army,F,2010,head_circumference,Head circumference,mm,561.4,17.65,43,534.3,562.0,593.2,A,computed from the individual-level data in this repository,computed,ansur-ii-2012#sub - Combat Arms,1
ansur-ii-2012,data/ansur-ii-2012/,,ANSUR II 2012 - Combat Arms,United States,military,Army,F,2010,head_length,Head length,mm,189.6,6.41,43,178.2,189.0,198.9,A,computed from the individual-level data in this repository,computed,ansur-ii-2012#sub - Combat Arms,1
ansur-ii-2012,data/ansur-ii-2012/,,ANSUR II 2012 - Combat Arms,United States,military,Army,F,2010,head_breadth,Head breadth,mm,148.44,4.37,43,140.1,148.0,154.0,A,computed from the individual-level data in this repository,computed,ansur-ii-2012#sub - Combat Arms,1
ansur-ii-2012,data/ansur-ii-2012/,,ANSUR II 2012 - Combat Arms,United States,military,Army,F,2010,bizygomatic_breadth,Bizygomatic breadth,mm,133.26,5.22,43,125.1,133.0,143.5,A,computed from the individual-level data in this repository,computed,ansur-ii-2012#sub - Combat Arms,1
ansur-ii-2012,data/ansur-ii-2012/,,ANSUR II 2012 - Combat Arms,United States,military,Army,F,2010,menton_sellion_length,Menton-sellion (face) length,mm,112.84,5.57,43,104.0,112.0,122.9,A,computed from the individual-level data in this repository,computed,ansur-ii-2012#sub - Combat Arms,1
ansur-ii-2012,data/ansur-ii-2012/,,ANSUR II 2012 - Combat Arms,United States,military,Army,F,2010,interpupillary_breadth,Interpupillary breadth,mm,61.14,3.91,43,54.65,61.0,67.4,A,computed from the individual-level data in this repository,computed,ansur-ii-2012#sub - Combat Arms,1
ansur-ii-2012,data/ansur-ii-2012/,,ANSUR II 2012 - Combat Arms,United States,military,Army,F,2010,ear_length,Ear length,mm,59.65,3.6,43,54.1,60.0,65.0,A,computed from the individual-level data in this repository,computed,ansur-ii-2012#sub - Combat Arms,1
asran-2015,data/asran-2015/,,ASRAN 2015,Australia,military,Navy,M,2015,stature,Stature,mm,1792.16,70.2,1090,1683.45,1793.0,1906.28,A,computed from the individual-level data in this repository,computed,asran-2015,1
asran-2015,data/asran-2015/,,ASRAN 2015,Australia,military,Navy,M,2015,mass,Body mass,kg,87.25,13.83,1088,67.08,85.4,112.38,A,computed from the individual-level data in this repository,computed,asran-2015,1
asran-2015,data/asran-2015/,,ASRAN 2015,Australia,military,Navy,M,2015,bmi,Body mass index,kg/m²,27.13,3.78,1088,21.62,26.81,33.92,A,computed from the individual-level data in this repository,computed,asran-2015,1
asran-2015,data/asran-2015/,,ASRAN 2015,Australia,military,Navy,M,2015,cervicale_height,Cervicale height,mm,1536.52,64.53,1090,1431.45,1534.0,1642.1,A,computed from the individual-level data in this repository,computed,asran-2015,1
asran-2015,data/asran-2015/,,ASRAN 2015,Australia,military,Navy,M,2015,acromion_height,Acromion height,mm,1460.0,64.24,1090,1357.45,1459.25,1565.55,A,computed from the individual-level data in this repository,computed,asran-2015,1
asran-2015,data/asran-2015/,,ASRAN 2015,Australia,military,Navy,M,2015,suprasternale_height,Suprasternale height,mm,1451.21,61.24,1089,1354.4,1451.0,1551.0,A,computed from the individual-level data in this repository,computed,asran-2015,1
asran-2015,data/asran-2015/,,ASRAN 2015,Australia,military,Navy,M,2015,iliocristale_height,Iliocristale height,mm,1080.28,53.28,1089,994.0,1081.0,1168.0,A,computed from the individual-level data in this repository,computed,asran-2015,1
asran-2015,data/asran-2015/,,ASRAN 2015,Australia,military,Navy,M,2015,trochanterion_height,Trochanterion height,mm,935.08,49.23,1082,853.73,934.0,1014.5,A,computed from the individual-level data in this repository,computed,asran-2015,1
asran-2015,data/asran-2015/,,ASRAN 2015,Australia,military,Navy,M,2015,crotch_height,Crotch height,mm,874.09,47.86,1069,796.0,875.0,953.3,A,computed from the individual-level data in this repository,computed,asran-2015,1
asran-2015,data/asran-2015/,,ASRAN 2015,Australia,military,Navy,M,2015,sitting_height,Sitting height,mm,939.41,35.81,1088,880.0,939.0,998.0,A,computed from the individual-level data in this repository,computed,asran-2015,1
asran-2015,data/asran-2015/,,ASRAN 2015,Australia,military,Navy,M,2015,eye_height_sitting,Eye height (sitting),mm,809.35,35.3,1090,750.73,808.0,868.0,A,computed from the individual-level data in this repository,computed,asran-2015,1
asran-2015,data/asran-2015/,,ASRAN 2015,Australia,military,Navy,M,2015,acromion_height_sitting,Acromion height (sitting),mm,603.54,29.95,1090,555.0,602.0,653.55,A,computed from the individual-level data in this repository,computed,asran-2015,1
asran-2015,data/asran-2015/,,ASRAN 2015,Australia,military,Navy,M,2015,elbow_rest_height,Elbow rest height,mm,232.46,25.27,1090,191.0,232.0,275.0,A,computed from the individual-level data in this repository,computed,asran-2015,1
asran-2015,data/asran-2015/,,ASRAN 2015,Australia,military,Navy,M,2015,thigh_clearance,Thigh clearance,mm,181.62,15.15,1090,158.0,180.5,207.27,A,computed from the individual-level data in this repository,computed,asran-2015,1
asran-2015,data/asran-2015/,,ASRAN 2015,Australia,military,Navy,M,2015,knee_height_sitting,Knee height (sitting),mm,559.08,28.68,1090,514.0,558.75,606.0,A,computed from the individual-level data in this repository,computed,asran-2015,1
asran-2015,data/asran-2015/,,ASRAN 2015,Australia,military,Navy,M,2015,popliteal_height,Popliteal height,mm,434.54,25.28,1087,394.65,434.5,477.0,A,computed from the individual-level data in this repository,computed,asran-2015,1
asran-2015,data/asran-2015/,,ASRAN 2015,Australia,military,Navy,M,2015,buttock_knee_length,Buttock-knee length,mm,619.6,30.69,1090,573.73,618.0,672.0,A,computed from the individual-level data in this repository,computed,asran-2015,1
asran-2015,data/asran-2015/,,ASRAN 2015,Australia,military,Navy,M,2015,buttock_popliteal_length,Buttock-popliteal length,mm,498.66,27.09,1083,456.0,497.0,543.9,A,computed from the individual-level data in this repository,computed,asran-2015,1
asran-2015,data/asran-2015/,,ASRAN 2015,Australia,military,Navy,M,2015,abdominal_depth_sitting,Abdominal extension depth (sitting),mm,264.68,39.31,1090,210.0,258.0,338.55,A,computed from the individual-level data in this repository,computed,asran-2015,1
asran-2015,data/asran-2015/,,ASRAN 2015,Australia,military,Navy,M,2015,hip_breadth_sitting,Hip breadth (sitting),mm,381.87,30.8,1089,336.0,380.0,433.3,A,computed from the individual-level data in this repository,computed,asran-2015,1
asran-2015,data/asran-2015/,,ASRAN 2015,Australia,military,Navy,M,2015,biacromial_breadth,Biacromial breadth,mm,408.87,19.28,1088,377.44,408.7,441.4,A,computed from the individual-level data in this repository,computed,asran-2015,1
asran-2015,data/asran-2015/,,ASRAN 2015,Australia,military,Navy,M,2015,bideltoid_breadth,Bideltoid breadth,mm,501.07,29.16,1090,453.0,500.0,550.0,A,computed from the individual-level data in this repository,computed,asran-2015,1
asran-2015,data/asran-2015/,,ASRAN 2015,Australia,military,Navy,M,2015,forearm_forearm_breadth,Forearm-forearm breadth,mm,564.28,47.87,1090,485.0,564.0,641.0,A,computed from the individual-level data in this repository,computed,asran-2015,1
asran-2015,data/asran-2015/,,ASRAN 2015,Australia,military,Navy,M,2015,chest_breadth,Chest breadth,mm,325.36,31.06,1090,278.0,323.0,380.55,A,computed from the individual-level data in this repository,computed,asran-2015,1
asran-2015,data/asran-2015/,,ASRAN 2015,Australia,military,Navy,M,2015,chest_depth,Chest depth,mm,260.71,26.79,1090,219.0,260.0,305.66,A,computed from the individual-level data in this repository,computed,asran-2015,1
asran-2015,data/asran-2015/,,ASRAN 2015,Australia,military,Navy,M,2015,bicristal_breadth,Bicristal (biiliocristale) breadth,mm,291.08,22.7,1088,256.0,289.0,331.0,A,computed from the individual-level data in this repository,computed,asran-2015,1
asran-2015,data/asran-2015/,,ASRAN 2015,Australia,military,Navy,M,2015,chest_circumference,Chest circumference,mm,1042.76,84.2,1090,912.0,1037.0,1189.55,A,computed from the individual-level data in this repository,computed,asran-2015,1
asran-2015,data/asran-2015/,,ASRAN 2015,Australia,military,Navy,M,2015,waist_circumference,Waist circumference (omphalion),mm,948.73,114.05,1090,786.0,939.0,1151.55,A,computed from the individual-level data in this repository,computed,asran-2015,1
asran-2015,data/asran-2015/,,ASRAN 2015,Australia,military,Navy,M,2015,buttock_circumference,Buttock circumference,mm,1023.7,75.03,1090,912.23,1021.0,1154.78,A,computed from the individual-level data in this repository,computed,asran-2015,1
asran-2015,data/asran-2015/,,ASRAN 2015,Australia,military,Navy,M,2015,neck_circumference,Neck circumference,mm,406.64,26.89,1085,366.12,406.0,453.38,A,computed from the individual-level data in this repository,computed,asran-2015,1
asran-2015,data/asran-2015/,,ASRAN 2015,Australia,military,Navy,M,2015,neck_circumference_base,Neck circumference (base),mm,439.6,25.86,1090,398.0,439.0,485.0,A,computed from the individual-level data in this repository,computed,asran-2015,1
asran-2015,data/asran-2015/,,ASRAN 2015,Australia,military,Navy,M,2015,biceps_circumference_flexed,Biceps circumference (flexed),mm,358.23,31.9,1090,308.0,356.0,412.0,A,computed from the individual-level data in this repository,computed,asran-2015,1
asran-2015,data/asran-2015/,,ASRAN 2015,Australia,military,Navy,M,2015,forearm_circumference_flexed,Forearm circumference (flexed),mm,306.61,20.13,1089,274.0,306.0,340.0,A,computed from the individual-level data in this repository,computed,asran-2015,1
asran-2015,data/asran-2015/,,ASRAN 2015,Australia,military,Navy,M,2015,wrist_circumference,Wrist circumference,mm,184.33,11.24,1088,167.4,183.2,203.9,A,computed from the individual-level data in this repository,computed,asran-2015,1
asran-2015,data/asran-2015/,,ASRAN 2015,Australia,military,Navy,M,2015,thigh_circumference,Thigh circumference,mm,619.81,50.3,948,539.35,616.5,708.66,A,computed from the individual-level data in this repository,computed,asran-2015,1
asran-2015,data/asran-2015/,,ASRAN 2015,Australia,military,Navy,M,2015,calf_circumference,Calf circumference,mm,396.5,29.45,1088,352.38,394.7,446.56,A,computed from the individual-level data in this repository,computed,asran-2015,1
asran-2015,data/asran-2015/,,ASRAN 2015,Australia,military,Navy,M,2015,ankle_circumference,Ankle circumference,mm,231.99,15.75,1088,207.73,231.4,258.06,A,computed from the individual-level data in this repository,computed,asran-2015,1
asran-2015,data/asran-2015/,,ASRAN 2015,Australia,military,Navy,M,2015,acromion_radiale_length,Acromion-radiale length,mm,335.63,18.8,1088,305.74,335.6,367.76,A,computed from the individual-level data in this repository,computed,asran-2015,1
asran-2015,data/asran-2015/,,ASRAN 2015,Australia,military,Navy,M,2015,radiale_stylion_length,Radiale-stylion length,mm,268.56,14.89,1088,244.84,267.95,293.36,A,computed from the individual-level data in this repository,computed,asran-2015,1
asran-2015,data/asran-2015/,,ASRAN 2015,Australia,military,Navy,M,2015,sleeve_outseam,Sleeve outseam,mm,612.06,31.13,1088,562.21,610.35,663.47,A,computed from the individual-level data in this repository,computed,asran-2015,1
asran-2015,data/asran-2015/,,ASRAN 2015,Australia,military,Navy,M,2015,shoulder_length,Shoulder length,mm,150.72,12.0,1090,132.0,150.0,172.0,A,computed from the individual-level data in this repository,computed,asran-2015,1
asran-2015,data/asran-2015/,,ASRAN 2015,Australia,military,Navy,M,2015,thumbtip_reach,Thumb-tip reach,mm,806.43,53.51,1084,725.0,800.5,900.42,A,computed from the individual-level data in this repository,computed,asran-2015,1
asran-2015,data/asran-2015/,,ASRAN 2015,Australia,military,Navy,M,2015,hand_length,Hand length,mm,191.54,10.25,1088,175.4,191.55,208.3,A,computed from the individual-level data in this repository,computed,asran-2015,1
asran-2015,data/asran-2015/,,ASRAN 2015,Australia,military,Navy,M,2015,hand_breadth,Hand breadth (metacarpale),mm,89.09,4.51,1087,82.3,89.0,96.37,A,computed from the individual-level data in this repository,computed,asran-2015,1
asran-2015,data/asran-2015/,,ASRAN 2015,Australia,military,Navy,M,2015,hand_circumference,Hand circumference (metacarpale),mm,211.91,11.42,1086,193.83,211.5,231.6,A,computed from the individual-level data in this repository,computed,asran-2015,1
asran-2015,data/asran-2015/,,ASRAN 2015,Australia,military,Navy,M,2015,foot_length,Foot length,mm,271.49,13.11,1087,251.8,270.9,294.31,A,computed from the individual-level data in this repository,computed,asran-2015,1
asran-2015,data/asran-2015/,,ASRAN 2015,Australia,military,Navy,M,2015,foot_breadth,Foot breadth,mm,101.39,5.85,1090,91.55,101.4,111.0,A,computed from the individual-level data in this repository,computed,asran-2015,1
asran-2015,data/asran-2015/,,ASRAN 2015,Australia,military,Navy,M,2015,head_circumference,Head circumference,mm,577.07,15.11,1090,552.23,577.0,601.0,A,computed from the individual-level data in this repository,computed,asran-2015,1
asran-2015,data/asran-2015/,,ASRAN 2015,Australia,military,Navy,M,2015,head_length,Head length,mm,200.88,7.24,1089,189.2,200.6,212.58,A,computed from the individual-level data in this repository,computed,asran-2015,1
asran-2015,data/asran-2015/,,ASRAN 2015,Australia,military,Navy,M,2015,head_breadth,Head breadth,mm,162.33,5.24,1088,154.0,162.3,170.96,A,computed from the individual-level data in this repository,computed,asran-2015,1
asran-2015,data/asran-2015/,,ASRAN 2015,Australia,military,Navy,M,2015,bizygomatic_breadth,Bizygomatic breadth,mm,141.47,6.54,1090,130.44,141.5,152.5,A,computed from the individual-level data in this repository,computed,asran-2015,1
asran-2015,data/asran-2015/,,ASRAN 2015,Australia,military,Navy,M,2015,menton_sellion_length,Menton-sellion (face) length,mm,125.63,7.91,1081,113.0,125.6,138.9,A,computed from the individual-level data in this repository,computed,asran-2015,1
asran-2015,data/asran-2015/,,ASRAN 2015,Australia,military,Navy,M,2015,interpupillary_breadth,Interpupillary breadth,mm,64.52,3.96,1089,58.0,64.5,71.0,A,computed from the individual-level data in this repository,computed,asran-2015,1
asran-2015,data/asran-2015/,,ASRAN 2015,Australia,military,Navy,M,2015,ear_length,Ear length,mm,65.85,4.53,1090,58.8,65.53,73.3,A,computed from the individual-level data in this repository,computed,asran-2015,1
asran-2015,data/asran-2015/,,ASRAN 2015,Australia,military,Navy,F,2015,stature,Stature,mm,1666.86,60.63,232,1568.1,1664.0,1771.8,A,computed from the individual-level data in this repository,computed,asran-2015,1
asran-2015,data/asran-2015/,,ASRAN 2015,Australia,military,Navy,F,2015,mass,Body mass,kg,70.02,11.51,232,55.0,68.53,92.69,A,computed from the individual-level data in this repository,computed,asran-2015,1
asran-2015,data/asran-2015/,,ASRAN 2015,Australia,military,Navy,F,2015,bmi,Body mass index,kg/m²,25.19,3.87,232,20.21,24.62,32.54,A,computed from the individual-level data in this repository,computed,asran-2015,1
asran-2015,data/asran-2015/,,ASRAN 2015,Australia,military,Navy,F,2015,cervicale_height,Cervicale height,mm,1429.12,55.96,232,1337.0,1428.25,1521.35,A,computed from the individual-level data in this repository,computed,asran-2015,1
asran-2015,data/asran-2015/,,ASRAN 2015,Australia,military,Navy,F,2015,acromion_height,Acromion height,mm,1362.47,55.35,232,1275.0,1362.5,1457.7,A,computed from the individual-level data in this repository,computed,asran-2015,1
asran-2015,data/asran-2015/,,ASRAN 2015,Australia,military,Navy,F,2015,suprasternale_height,Suprasternale height,mm,1350.62,53.53,232,1267.88,1348.5,1441.17,A,computed from the individual-level data in this repository,computed,asran-2015,1
asran-2015,data/asran-2015/,,ASRAN 2015,Australia,military,Navy,F,2015,iliocristale_height,Iliocristale height,mm,1005.49,45.92,232,937.15,1005.15,1086.8,A,computed from the individual-level data in this repository,computed,asran-2015,1
asran-2015,data/asran-2015/,,ASRAN 2015,Australia,military,Navy,F,2015,trochanterion_height,Trochanterion height,mm,870.54,39.87,232,810.66,870.05,942.8,A,computed from the individual-level data in this repository,computed,asran-2015,1
asran-2015,data/asran-2015/,,ASRAN 2015,Australia,military,Navy,F,2015,crotch_height,Crotch height,mm,809.79,39.86,224,747.15,809.0,883.4,A,computed from the individual-level data in this repository,computed,asran-2015,1
asran-2015,data/asran-2015/,,ASRAN 2015,Australia,military,Navy,F,2015,sitting_height,Sitting height,mm,882.5,31.92,232,834.0,880.5,938.0,A,computed from the individual-level data in this repository,computed,asran-2015,1
asran-2015,data/asran-2015/,,ASRAN 2015,Australia,military,Navy,F,2015,eye_height_sitting,Eye height (sitting),mm,761.45,30.39,232,710.0,762.75,808.0,A,computed from the individual-level data in this repository,computed,asran-2015,1
asran-2015,data/asran-2015/,,ASRAN 2015,Australia,military,Navy,F,2015,acromion_height_sitting,Acromion height (sitting),mm,577.35,26.8,232,539.1,579.0,620.73,A,computed from the individual-level data in this repository,computed,asran-2015,1
asran-2015,data/asran-2015/,,ASRAN 2015,Australia,military,Navy,F,2015,elbow_rest_height,Elbow rest height,mm,235.34,25.03,232,192.78,236.0,274.45,A,computed from the individual-level data in this repository,computed,asran-2015,1
asran-2015,data/asran-2015/,,ASRAN 2015,Australia,military,Navy,F,2015,thigh_clearance,Thigh clearance,mm,168.48,16.58,232,144.55,168.0,195.0,A,computed from the individual-level data in this repository,computed,asran-2015,1
asran-2015,data/asran-2015/,,ASRAN 2015,Australia,military,Navy,F,2015,knee_height_sitting,Knee height (sitting),mm,517.0,25.54,231,480.0,516.0,561.0,A,computed from the individual-level data in this repository,computed,asran-2015,1
asran-2015,data/asran-2015/,,ASRAN 2015,Australia,military,Navy,F,2015,popliteal_height,Popliteal height,mm,397.75,25.04,232,359.1,397.0,442.0,A,computed from the individual-level data in this repository,computed,asran-2015,1
asran-2015,data/asran-2015/,,ASRAN 2015,Australia,military,Navy,F,2015,buttock_knee_length,Buttock-knee length,mm,590.17,28.25,232,544.55,588.0,641.9,A,computed from the individual-level data in this repository,computed,asran-2015,1
asran-2015,data/asran-2015/,,ASRAN 2015,Australia,military,Navy,F,2015,buttock_popliteal_length,Buttock-popliteal length,mm,479.64,26.4,231,437.0,479.0,523.0,A,computed from the individual-level data in this repository,computed,asran-2015,1
asran-2015,data/asran-2015/,,ASRAN 2015,Australia,military,Navy,F,2015,abdominal_depth_sitting,Abdominal extension depth (sitting),mm,238.39,37.8,232,195.0,231.12,317.07,A,computed from the individual-level data in this repository,computed,asran-2015,1
asran-2015,data/asran-2015/,,ASRAN 2015,Australia,military,Navy,F,2015,hip_breadth_sitting,Hip breadth (sitting),mm,407.27,32.93,232,357.55,405.0,460.45,A,computed from the individual-level data in this repository,computed,asran-2015,1
asran-2015,data/asran-2015/,,ASRAN 2015,Australia,military,Navy,F,2015,biacromial_breadth,Biacromial breadth,mm,363.58,18.76,232,333.36,363.1,394.09,A,computed from the individual-level data in this repository,computed,asran-2015,1
asran-2015,data/asran-2015/,,ASRAN 2015,Australia,military,Navy,F,2015,bideltoid_breadth,Bideltoid breadth,mm,443.46,27.49,231,403.0,442.0,491.0,A,computed from the individual-level data in this repository,computed,asran-2015,1
asran-2015,data/asran-2015/,,ASRAN 2015,Australia,military,Navy,F,2015,forearm_forearm_breadth,Forearm-forearm breadth,mm,484.89,47.83,232,410.55,480.0,566.9,A,computed from the individual-level data in this repository,computed,asran-2015,1
asran-2015,data/asran-2015/,,ASRAN 2015,Australia,military,Navy,F,2015,chest_breadth,Chest breadth,mm,291.15,25.67,232,254.0,289.0,341.45,A,computed from the individual-level data in this repository,computed,asran-2015,1
asran-2015,data/asran-2015/,,ASRAN 2015,Australia,military,Navy,F,2015,chest_depth,Chest depth,mm,250.3,29.22,232,210.55,246.0,310.9,A,computed from the individual-level data in this repository,computed,asran-2015,1
asran-2015,data/asran-2015/,,ASRAN 2015,Australia,military,Navy,F,2015,bicristal_breadth,Bicristal (biiliocristale) breadth,mm,277.55,21.32,232,244.0,277.25,314.78,A,computed from the individual-level data in this repository,computed,asran-2015,1
asran-2015,data/asran-2015/,,ASRAN 2015,Australia,military,Navy,F,2015,chest_circumference,Chest circumference,mm,933.17,84.52,232,818.3,919.0,1099.8,A,computed from the individual-level data in this repository,computed,asran-2015,1
asran-2015,data/asran-2015/,,ASRAN 2015,Australia,military,Navy,F,2015,waist_circumference,Waist circumference (omphalion),mm,867.02,110.69,232,720.98,850.0,1086.08,A,computed from the individual-level data in this repository,computed,asran-2015,1
asran-2015,data/asran-2015/,,ASRAN 2015,Australia,military,Navy,F,2015,buttock_circumference,Buttock circumference,mm,1023.1,78.67,231,914.0,1020.0,1159.5,A,computed from the individual-level data in this repository,computed,asran-2015,1
asran-2015,data/asran-2015/,,ASRAN 2015,Australia,military,Navy,F,2015,neck_circumference,Neck circumference,mm,340.1,25.65,231,307.0,335.6,384.25,A,computed from the individual-level data in this repository,computed,asran-2015,1
asran-2015,data/asran-2015/,,ASRAN 2015,Australia,military,Navy,F,2015,neck_circumference_base,Neck circumference (base),mm,377.91,20.47,232,347.0,376.75,411.0,A,computed from the individual-level data in this repository,computed,asran-2015,1
asran-2015,data/asran-2015/,,ASRAN 2015,Australia,military,Navy,F,2015,biceps_circumference_flexed,Biceps circumference (flexed),mm,302.81,28.59,232,261.0,301.0,356.9,A,computed from the individual-level data in this repository,computed,asran-2015,1
asran-2015,data/asran-2015/,,ASRAN 2015,Australia,military,Navy,F,2015,forearm_circumference_flexed,Forearm circumference (flexed),mm,261.34,18.51,232,232.55,259.0,295.35,A,computed from the individual-level data in this repository,computed,asran-2015,1
asran-2015,data/asran-2015/,,ASRAN 2015,Australia,military,Navy,F,2015,wrist_circumference,Wrist circumference,mm,163.0,10.14,232,146.97,162.2,178.91,A,computed from the individual-level data in this repository,computed,asran-2015,1
asran-2015,data/asran-2015/,,ASRAN 2015,Australia,military,Navy,F,2015,thigh_circumference,Thigh circumference,mm,619.39,46.53,184,552.75,614.25,698.28,A,computed from the individual-level data in this repository,computed,asran-2015,1
asran-2015,data/asran-2015/,,ASRAN 2015,Australia,military,Navy,F,2015,calf_circumference,Calf circumference,mm,382.19,29.61,232,336.92,381.4,431.71,A,computed from the individual-level data in this repository,computed,asran-2015,1
asran-2015,data/asran-2015/,,ASRAN 2015,Australia,military,Navy,F,2015,ankle_circumference,Ankle circumference,mm,224.05,15.82,232,198.66,222.8,249.34,A,computed from the individual-level data in this repository,computed,asran-2015,1
asran-2015,data/asran-2015/,,ASRAN 2015,Australia,military,Navy,F,2015,acromion_radiale_length,Acromion-radiale length,mm,309.35,16.68,232,283.87,308.3,339.09,A,computed from the individual-level data in this repository,computed,asran-2015,1
asran-2015,data/asran-2015/,,ASRAN 2015,Australia,military,Navy,F,2015,radiale_stylion_length,Radiale-stylion length,mm,245.54,13.79,232,225.58,244.7,268.76,A,computed from the individual-level data in this repository,computed,asran-2015,1
asran-2015,data/asran-2015/,,ASRAN 2015,Australia,military,Navy,F,2015,sleeve_outseam,Sleeve outseam,mm,560.58,28.17,232,518.59,559.55,609.88,A,computed from the individual-level data in this repository,computed,asran-2015,1
asran-2015,data/asran-2015/,,ASRAN 2015,Australia,military,Navy,F,2015,shoulder_length,Shoulder length,mm,138.33,10.79,232,122.0,138.0,156.45,A,computed from the individual-level data in this repository,computed,asran-2015,1
asran-2015,data/asran-2015/,,ASRAN 2015,Australia,military,Navy,F,2015,thumbtip_reach,Thumb-tip reach,mm,730.42,45.83,232,660.0,725.0,805.0,A,computed from the individual-level data in this repository,computed,asran-2015,1
asran-2015,data/asran-2015/,,ASRAN 2015,Australia,military,Navy,F,2015,hand_length,Hand length,mm,172.49,11.26,232,154.46,172.3,190.68,A,computed from the individual-level data in this repository,computed,asran-2015,1
asran-2015,data/asran-2015/,,ASRAN 2015,Australia,military,Navy,F,2015,hand_breadth,Hand breadth (metacarpale),mm,78.58,3.88,232,72.91,78.45,85.25,A,computed from the individual-level data in this repository,computed,asran-2015,1
asran-2015,data/asran-2015/,,ASRAN 2015,Australia,military,Navy,F,2015,hand_circumference,Hand circumference (metacarpale),mm,186.08,9.87,231,170.8,185.9,201.15,A,computed from the individual-level data in this repository,computed,asran-2015,1
asran-2015,data/asran-2015/,,ASRAN 2015,Australia,military,Navy,F,2015,foot_length,Foot length,mm,245.59,12.02,232,225.51,245.3,266.84,A,computed from the individual-level data in this repository,computed,asran-2015,1
asran-2015,data/asran-2015/,,ASRAN 2015,Australia,military,Navy,F,2015,foot_breadth,Foot breadth,mm,92.76,6.14,232,83.59,92.47,103.45,A,computed from the individual-level data in this repository,computed,asran-2015,1
asran-2015,data/asran-2015/,,ASRAN 2015,Australia,military,Navy,F,2015,head_circumference,Head circumference,mm,553.01,14.61,232,531.0,551.0,577.45,A,computed from the individual-level data in this repository,computed,asran-2015,1
asran-2015,data/asran-2015/,,ASRAN 2015,Australia,military,Navy,F,2015,head_length,Head length,mm,190.58,6.5,232,179.78,191.0,200.94,A,computed from the individual-level data in this repository,computed,asran-2015,1
asran-2015,data/asran-2015/,,ASRAN 2015,Australia,military,Navy,F,2015,head_breadth,Head breadth,mm,156.53,5.25,232,148.56,156.45,165.5,A,computed from the individual-level data in this repository,computed,asran-2015,1
asran-2015,data/asran-2015/,,ASRAN 2015,Australia,military,Navy,F,2015,bizygomatic_breadth,Bizygomatic breadth,mm,133.0,6.35,232,123.0,133.2,141.58,A,computed from the individual-level data in this repository,computed,asran-2015,1
asran-2015,data/asran-2015/,,ASRAN 2015,Australia,military,Navy,F,2015,menton_sellion_length,Menton-sellion (face) length,mm,115.27,6.78,232,104.36,115.25,126.25,A,computed from the individual-level data in this repository,computed,asran-2015,1
asran-2015,data/asran-2015/,,ASRAN 2015,Australia,military,Navy,F,2015,interpupillary_breadth,Interpupillary breadth,mm,61.22,3.88,232,54.91,61.3,67.78,A,computed from the individual-level data in this repository,computed,asran-2015,1
asran-2015,data/asran-2015/,,ASRAN 2015,Australia,military,Navy,F,2015,ear_length,Ear length,mm,60.09,4.23,231,53.3,60.1,67.05,A,computed from the individual-level data in this repository,computed,asran-2015,1
usaf-1967,data/usaf-1967/,,USAF 1967,United States,military,Aircrew,M,1967,stature,Stature,mm,1773.43,61.89,2420,1672.0,1774.0,1876.0,A,computed from the individual-level data in this repository,computed,usaf-1967,1
usaf-1967,data/usaf-1967/,,USAF 1967,United States,military,Aircrew,M,1967,mass,Body mass,kg,78.74,9.73,2420,63.5,78.02,95.71,A,computed from the individual-level data in this repository,computed,usaf-1967,1
usaf-1967,data/usaf-1967/,,USAF 1967,United States,military,Aircrew,M,1967,bmi,Body mass index,kg/m²,25.02,2.65,2420,20.75,25.05,29.38,A,computed from the individual-level data in this repository,computed,usaf-1967,1
usaf-1967,data/usaf-1967/,,USAF 1967,United States,military,Aircrew,M,1967,age,Age,years,30.03,6.31,2420,22.5,28.5,42.5,A,computed from the individual-level data in this repository,computed,usaf-1967,1
usaf-1967,data/usaf-1967/,,USAF 1967,United States,military,Aircrew,M,1967,cervicale_height,Cervicale height,mm,1520.64,58.24,2420,1426.0,1520.0,1618.0,A,computed from the individual-level data in this repository,computed,usaf-1967,1
usaf-1967,data/usaf-1967/,,USAF 1967,United States,military,Aircrew,M,1967,acromion_height,Acromion height,mm,1452.11,57.55,2420,1356.0,1451.0,1548.0,A,computed from the individual-level data in this repository,computed,usaf-1967,1
usaf-1967,data/usaf-1967/,,USAF 1967,United States,military,Aircrew,M,1967,suprasternale_height,Suprasternale height,mm,1451.98,55.04,2420,1363.0,1451.0,1543.0,A,computed from the individual-level data in this repository,computed,usaf-1967,1
usaf-1967,data/usaf-1967/,,USAF 1967,United States,military,Aircrew,M,1967,iliocristale_height,Iliocristale height,mm,1091.54,48.05,2420,1013.95,1091.0,1170.0,A,computed from the individual-level data in this repository,computed,usaf-1967,1
usaf-1967,data/usaf-1967/,,USAF 1967,United States,military,Aircrew,M,1967,trochanterion_height,Trochanterion height,mm,939.57,43.56,2420,869.0,939.0,1012.0,A,computed from the individual-level data in this repository,computed,usaf-1967,1
usaf-1967,data/usaf-1967/,,USAF 1967,United States,military,Aircrew,M,1967,crotch_height,Crotch height,mm,850.71,41.51,2420,785.0,850.0,918.05,A,computed from the individual-level data in this repository,computed,usaf-1967,1
usaf-1967,data/usaf-1967/,,USAF 1967,United States,military,Aircrew,M,1967,sitting_height,Sitting height,mm,931.84,31.76,2420,880.0,932.0,986.0,A,computed from the individual-level data in this repository,computed,usaf-1967,1
usaf-1967,data/usaf-1967/,,USAF 1967,United States,military,Aircrew,M,1967,eye_height_sitting,Eye height (sitting),mm,809.5,30.17,2420,762.0,808.0,862.0,A,computed from the individual-level data in this repository,computed,usaf-1967,1
usaf-1967,data/usaf-1967/,,USAF 1967,United States,military,Aircrew,M,1967,acromion_height_sitting,Acromion height (sitting),mm,610.53,28.54,2420,565.0,610.0,660.0,A,computed from the individual-level data in this repository,computed,usaf-1967,1
usaf-1967,data/usaf-1967/,,USAF 1967,United States,military,Aircrew,M,1967,elbow_rest_height,Elbow rest height,mm,251.64,26.07,2420,210.0,251.0,295.0,A,computed from the individual-level data in this repository,computed,usaf-1967,1
usaf-1967,data/usaf-1967/,,USAF 1967,United States,military,Aircrew,M,1967,thigh_clearance,Thigh clearance,mm,165.28,13.8,2420,142.95,165.0,189.0,A,computed from the individual-level data in this repository,computed,usaf-1967,1
usaf-1967,data/usaf-1967/,,USAF 1967,United States,military,Aircrew,M,1967,knee_height_sitting,Knee height (sitting),mm,557.64,24.95,2420,518.0,557.0,599.0,A,computed from the individual-level data in this repository,computed,usaf-1967,1
usaf-1967,data/usaf-1967/,,USAF 1967,United States,military,Aircrew,M,1967,popliteal_height,Popliteal height,mm,437.02,22.46,2420,400.0,437.0,475.0,A,computed from the individual-level data in this repository,computed,usaf-1967,1
usaf-1967,data/usaf-1967/,,USAF 1967,United States,military,Aircrew,M,1967,buttock_knee_length,Buttock-knee length,mm,604.03,27.03,2420,561.0,604.0,649.0,A,computed from the individual-level data in this repository,computed,usaf-1967,1
usaf-1967,data/usaf-1967/,,USAF 1967,United States,military,Aircrew,M,1967,buttock_popliteal_length,Buttock-popliteal length,mm,503.75,25.79,2420,462.0,503.0,546.0,A,computed from the individual-level data in this repository,computed,usaf-1967,1
usaf-1967,data/usaf-1967/,,USAF 1967,United States,military,Aircrew,M,1967,hip_breadth_sitting,Hip breadth (sitting),mm,377.95,23.01,2420,342.0,377.0,417.0,A,computed from the individual-level data in this repository,computed,usaf-1967,1
usaf-1967,data/usaf-1967/,,USAF 1967,United States,military,Aircrew,M,1967,biacromial_breadth,Biacromial breadth,mm,407.3,19.42,2420,375.0,407.5,438.0,A,computed from the individual-level data in this repository,computed,usaf-1967,1
usaf-1967,data/usaf-1967/,,USAF 1967,United States,military,Aircrew,M,1967,bideltoid_breadth,Bideltoid breadth,mm,482.42,25.65,2420,441.0,482.0,526.0,A,computed from the individual-level data in this repository,computed,usaf-1967,1
usaf-1967,data/usaf-1967/,,USAF 1967,United States,military,Aircrew,M,1967,forearm_forearm_breadth,Forearm-forearm breadth,mm,543.25,37.85,2420,483.0,542.0,605.0,A,computed from the individual-level data in this repository,computed,usaf-1967,1
usaf-1967,data/usaf-1967/,,USAF 1967,United States,military,Aircrew,M,1967,chest_breadth,Chest breadth,mm,327.85,21.17,2420,294.0,327.0,365.0,A,computed from the individual-level data in this repository,computed,usaf-1967,1
usaf-1967,data/usaf-1967/,,USAF 1967,United States,military,Aircrew,M,1967,chest_depth,Chest depth,mm,245.22,19.29,2420,213.0,245.0,277.0,A,computed from the individual-level data in this repository,computed,usaf-1967,1
usaf-1967,data/usaf-1967/,,USAF 1967,United States,military,Aircrew,M,1967,bicristal_breadth,Bicristal (biiliocristale) breadth,mm,279.24,20.45,2420,245.0,280.0,312.0,A,computed from the individual-level data in this repository,computed,usaf-1967,1
usaf-1967,data/usaf-1967/,,USAF 1967,United States,military,Aircrew,M,1967,chest_circumference,Chest circumference,mm,985.51,63.53,2420,886.0,985.0,1094.0,A,computed from the individual-level data in this repository,computed,usaf-1967,1
usaf-1967,data/usaf-1967/,,USAF 1967,United States,military,Aircrew,M,1967,waist_circumference,Waist circumference (omphalion),mm,876.01,73.85,2420,758.0,875.0,1002.0,A,computed from the individual-level data in this repository,computed,usaf-1967,1
usaf-1967,data/usaf-1967/,,USAF 1967,United States,military,Aircrew,M,1967,buttock_circumference,Buttock circumference,mm,986.19,55.12,2420,897.0,986.0,1077.05,A,computed from the individual-level data in this repository,computed,usaf-1967,1
usaf-1967,data/usaf-1967/,,USAF 1967,United States,military,Aircrew,M,1967,neck_circumference,Neck circumference,mm,383.41,19.09,2420,353.0,382.0,416.0,A,computed from the individual-level data in this repository,computed,usaf-1967,1
usaf-1967,data/usaf-1967/,,USAF 1967,United States,military,Aircrew,M,1967,shoulder_circumference,Shoulder circumference,mm,1176.93,58.19,2420,1085.0,1176.0,1277.0,A,computed from the individual-level data in this repository,computed,usaf-1967,1
usaf-1967,data/usaf-1967/,,USAF 1967,United States,military,Aircrew,M,1967,biceps_circumference_flexed,Biceps circumference (flexed),mm,327.45,22.59,2420,291.0,327.0,366.0,A,computed from the individual-level data in this repository,computed,usaf-1967,1
usaf-1967,data/usaf-1967/,,USAF 1967,United States,military,Aircrew,M,1967,forearm_circumference_flexed,Forearm circumference (flexed),mm,297.67,15.77,2420,272.0,297.0,325.0,A,computed from the individual-level data in this repository,computed,usaf-1967,1
usaf-1967,data/usaf-1967/,,USAF 1967,United States,military,Aircrew,M,1967,wrist_circumference,Wrist circumference,mm,175.88,9.2,2420,162.0,175.0,192.0,A,computed from the individual-level data in this repository,computed,usaf-1967,1
usaf-1967,data/usaf-1967/,,USAF 1967,United States,military,Aircrew,M,1967,thigh_circumference,Thigh circumference,mm,588.15,44.33,2420,515.0,588.0,663.0,A,computed from the individual-level data in this repository,computed,usaf-1967,1
usaf-1967,data/usaf-1967/,,USAF 1967,United States,military,Aircrew,M,1967,calf_circumference,Calf circumference,mm,371.93,22.7,2420,335.0,372.0,410.0,A,computed from the individual-level data in this repository,computed,usaf-1967,1
usaf-1967,data/usaf-1967/,,USAF 1967,United States,military,Aircrew,M,1967,ankle_circumference,Ankle circumference,mm,224.12,12.63,2420,204.0,224.0,245.0,A,computed from the individual-level data in this repository,computed,usaf-1967,1
usaf-1967,data/usaf-1967/,,USAF 1967,United States,military,Aircrew,M,1967,vertical_trunk_circumference,Vertical trunk circumference,mm,1680.72,71.62,2420,1568.0,1679.0,1803.0,A,computed from the individual-level data in this repository,computed,usaf-1967,1
usaf-1967,data/usaf-1967/,,USAF 1967,United States,military,Aircrew,M,1967,shoulder_elbow_length,Shoulder-elbow length,mm,359.49,17.13,2420,332.0,359.0,388.0,A,computed from the individual-level data in this repository,computed,usaf-1967,1
usaf-1967,data/usaf-1967/,,USAF 1967,United States,military,Aircrew,M,1967,acromion_radiale_length,Acromion-radiale length,mm,329.46,17.0,2420,302.0,329.0,357.0,A,computed from the individual-level data in this repository,computed,usaf-1967,1
usaf-1967,data/usaf-1967/,,USAF 1967,United States,military,Aircrew,M,1967,radiale_stylion_length,Radiale-stylion length,mm,268.83,14.22,2420,245.0,269.0,293.0,A,computed from the individual-level data in this repository,computed,usaf-1967,1
usaf-1967,data/usaf-1967/,,USAF 1967,United States,military,Aircrew,M,1967,shoulder_length,Shoulder length,mm,166.03,12.61,2420,146.0,166.0,188.0,A,computed from the individual-level data in this repository,computed,usaf-1967,1
usaf-1967,data/usaf-1967/,,USAF 1967,United States,military,Aircrew,M,1967,thumbtip_reach,Thumb-tip reach,mm,803.08,39.81,2420,739.0,802.0,870.05,A,computed from the individual-level data in this repository,computed,usaf-1967,1
usaf-1967,data/usaf-1967/,,USAF 1967,United States,military,Aircrew,M,1967,hand_length,Hand length,mm,191.1,8.2,2420,178.0,191.0,205.0,A,computed from the individual-level data in this repository,computed,usaf-1967,1
usaf-1967,data/usaf-1967/,,USAF 1967,United States,military,Aircrew,M,1967,hand_breadth,Hand breadth (metacarpale),mm,89.03,4.15,2420,82.0,89.0,96.0,A,computed from the individual-level data in this repository,computed,usaf-1967,1
usaf-1967,data/usaf-1967/,,USAF 1967,United States,military,Aircrew,M,1967,hand_circumference,Hand circumference (metacarpale),mm,215.54,9.36,2420,201.0,215.0,231.0,A,computed from the individual-level data in this repository,computed,usaf-1967,1
usaf-1967,data/usaf-1967/,,USAF 1967,United States,military,Aircrew,M,1967,foot_length,Foot length,mm,270.35,11.9,2420,252.0,270.0,290.0,A,computed from the individual-level data in this repository,computed,usaf-1967,1
usaf-1967,data/usaf-1967/,,USAF 1967,United States,military,Aircrew,M,1967,foot_breadth,Foot breadth,mm,97.67,4.95,2420,90.0,97.5,106.0,A,computed from the individual-level data in this repository,computed,usaf-1967,1
usaf-1967,data/usaf-1967/,,USAF 1967,United States,military,Aircrew,M,1967,head_circumference,Head circumference,mm,575.2,14.28,2420,552.0,575.0,599.0,A,computed from the individual-level data in this repository,computed,usaf-1967,1
usaf-1967,data/usaf-1967/,,USAF 1967,United States,military,Aircrew,M,1967,head_length,Head length,mm,198.71,6.74,2420,188.0,198.0,210.0,A,computed from the individual-level data in this repository,computed,usaf-1967,1
usaf-1967,data/usaf-1967/,,USAF 1967,United States,military,Aircrew,M,1967,head_breadth,Head breadth,mm,156.0,5.43,2420,147.0,156.0,165.0,A,computed from the individual-level data in this repository,computed,usaf-1967,1
usaf-1967,data/usaf-1967/,,USAF 1967,United States,military,Aircrew,M,1967,bizygomatic_breadth,Bizygomatic breadth,mm,142.26,5.16,2420,134.0,142.0,151.0,A,computed from the individual-level data in this repository,computed,usaf-1967,1
usaf-1967,data/usaf-1967/,,USAF 1967,United States,military,Aircrew,M,1967,menton_sellion_length,Menton-sellion (face) length,mm,120.32,6.08,2420,110.0,120.0,130.0,A,computed from the individual-level data in this repository,computed,usaf-1967,1
usaf-1967,data/usaf-1967/,,USAF 1967,United States,military,Aircrew,M,1967,interpupillary_breadth,Interpupillary breadth,mm,62.69,3.62,2420,57.0,63.0,69.0,A,computed from the individual-level data in this repository,computed,usaf-1967,1
usaf-1967,data/usaf-1967/,,USAF 1967,United States,military,Aircrew,M,1967,ear_length,Ear length,mm,65.95,4.26,2420,59.0,66.0,73.0,A,computed from the individual-level data in this repository,computed,usaf-1967,1
asran-2015,reports/asran-2015/DST-Group-TR-3564_0.pdf,29,RAN men 2015,Australia,military,Navy,M,2015,cervicale_height,Cervicale Height,mm,1537.00,65.00,1090,1431.00,1534.00,1642.00,A,Report code M01; unweighted sample statistics (no weighted statistics in report),A,asran-2015|RAN men 2015,1
asran-2015,reports/asran-2015/DST-Group-TR-3564_0.pdf,29,RAN women 2015,Australia,military,Navy,F,2015,cervicale_height,Cervicale Height,mm,1429.00,56.00,232,1337.00,1428.00,1521.00,A,Report code M01; unweighted sample statistics (no weighted statistics in report),A,asran-2015|RAN women 2015,1
asran-2015,reports/asran-2015/DST-Group-TR-3564_0.pdf,30,RAN men 2015,Australia,military,Navy,M,2015,acromion_height,Acromion Height,mm,1460.00,64.00,1090,1357.00,1459.00,1566.00,A,Report code M03; unweighted sample statistics (no weighted statistics in report),A,asran-2015|RAN men 2015,1
asran-2015,reports/asran-2015/DST-Group-TR-3564_0.pdf,30,RAN women 2015,Australia,military,Navy,F,2015,acromion_height,Acromion Height,mm,1362.00,55.00,232,1275.00,1363.00,1458.00,A,Report code M03; unweighted sample statistics (no weighted statistics in report),A,asran-2015|RAN women 2015,1
asran-2015,reports/asran-2015/DST-Group-TR-3564_0.pdf,31,RAN men 2015,Australia,military,Navy,M,2015,suprasternale_height,Suprasternale Height,mm,1451.00,61.00,1089,1354.00,1451.00,1551.00,A,Report code M04; unweighted sample statistics (no weighted statistics in report),A,asran-2015|RAN men 2015,1
asran-2015,reports/asran-2015/DST-Group-TR-3564_0.pdf,31,RAN women 2015,Australia,military,Navy,F,2015,suprasternale_height,Suprasternale Height,mm,1351.00,54.00,232,1268.00,1349.00,1441.00,A,Report code M04; unweighted sample statistics (no weighted statistics in report),A,asran-2015|RAN women 2015,1
asran-2015,reports/asran-2015/DST-Group-TR-3564_0.pdf,32,RAN men 2015,Australia,military,Navy,M,2015,iliocristale_height,Iliocristale Height,mm,1080.00,53.00,1089,994.00,1081.00,1168.00,A,Report code M07; unweighted sample statistics (no weighted statistics in report),A,asran-2015|RAN men 2015,1
asran-2015,reports/asran-2015/DST-Group-TR-3564_0.pdf,32,RAN women 2015,Australia,military,Navy,F,2015,iliocristale_height,Iliocristale Height,mm,1005.00,46.00,232,937.00,1005.00,1087.00,A,Report code M07; unweighted sample statistics (no weighted statistics in report),A,asran-2015|RAN women 2015,1
asran-2015,reports/asran-2015/DST-Group-TR-3564_0.pdf,33,RAN men 2015,Australia,military,Navy,M,2015,crotch_height,Crotch Height,mm,874.00,48.00,1069,796.00,875.00,953.00,A,Report code M08; unweighted sample statistics (no weighted statistics in report),A,asran-2015|RAN men 2015,1
asran-2015,reports/asran-2015/DST-Group-TR-3564_0.pdf,33,RAN women 2015,Australia,military,Navy,F,2015,crotch_height,Crotch Height,mm,810.00,40.00,224,747.00,809.00,883.00,A,Report code M08; unweighted sample statistics (no weighted statistics in report),A,asran-2015|RAN women 2015,1
asran-2015,reports/asran-2015/DST-Group-TR-3564_0.pdf,34,RAN men 2015,Australia,military,Navy,M,2015,eye_height_sitting,"Eye Height, Sitting",mm,809.00,35.00,1090,751.00,808.00,868.00,A,Report code M09; unweighted sample statistics (no weighted statistics in report),A,asran-2015|RAN men 2015,1
asran-2015,reports/asran-2015/DST-Group-TR-3564_0.pdf,34,RAN women 2015,Australia,military,Navy,F,2015,eye_height_sitting,"Eye Height, Sitting",mm,761.00,30.00,232,710.00,763.00,808.00,A,Report code M09; unweighted sample statistics (no weighted statistics in report),A,asran-2015|RAN women 2015,1
asran-2015,reports/asran-2015/DST-Group-TR-3564_0.pdf,35,RAN men 2015,Australia,military,Navy,M,2015,acromion_height_sitting,"Acromion Height, Sitting",mm,604.00,30.00,1090,555.00,602.00,654.00,A,Report code M10; unweighted sample statistics (no weighted statistics in report),A,asran-2015|RAN men 2015,1
asran-2015,reports/asran-2015/DST-Group-TR-3564_0.pdf,35,RAN women 2015,Australia,military,Navy,F,2015,acromion_height_sitting,"Acromion Height, Sitting",mm,577.00,27.00,232,539.00,579.00,621.00,A,Report code M10; unweighted sample statistics (no weighted statistics in report),A,asran-2015|RAN women 2015,1
asran-2015,reports/asran-2015/DST-Group-TR-3564_0.pdf,36,RAN men 2015,Australia,military,Navy,M,2015,elbow_rest_height,"Elbow Rest Height, Sitting",mm,232.00,25.00,1090,191.00,232.00,275.00,A,Report code M11; unweighted sample statistics (no weighted statistics in report),A,asran-2015|RAN men 2015,1
asran-2015,reports/asran-2015/DST-Group-TR-3564_0.pdf,36,RAN women 2015,Australia,military,Navy,F,2015,elbow_rest_height,"Elbow Rest Height, Sitting",mm,235.00,25.00,232,193.00,236.00,274.00,A,Report code M11; unweighted sample statistics (no weighted statistics in report),A,asran-2015|RAN women 2015,1
asran-2015,reports/asran-2015/DST-Group-TR-3564_0.pdf,37,RAN men 2015,Australia,military,Navy,M,2015,thigh_clearance,Thigh Clearance,mm,182.00,15.00,1090,158.00,181.00,207.00,A,Report code M12; unweighted sample statistics (no weighted statistics in report),A,asran-2015|RAN men 2015,1
asran-2015,reports/asran-2015/DST-Group-TR-3564_0.pdf,37,RAN women 2015,Australia,military,Navy,F,2015,thigh_clearance,Thigh Clearance,mm,168.00,17.00,232,145.00,168.00,195.00,A,Report code M12; unweighted sample statistics (no weighted statistics in report),A,asran-2015|RAN women 2015,1
asran-2015,reports/asran-2015/DST-Group-TR-3564_0.pdf,38,RAN men 2015,Australia,military,Navy,M,2015,knee_height_sitting,"Knee Height, Sitting",mm,559.00,29.00,1090,514.00,559.00,606.00,A,Report code M13; unweighted sample statistics (no weighted statistics in report),A,asran-2015|RAN men 2015,1
asran-2015,reports/asran-2015/DST-Group-TR-3564_0.pdf,38,RAN women 2015,Australia,military,Navy,F,2015,knee_height_sitting,"Knee Height, Sitting",mm,517.00,26.00,231,480.00,516.00,561.00,A,Report code M13; unweighted sample statistics (no weighted statistics in report),A,asran-2015|RAN women 2015,1
asran-2015,reports/asran-2015/DST-Group-TR-3564_0.pdf,39,RAN men 2015,Australia,military,Navy,M,2015,popliteal_height,Popliteal Height,mm,435.00,25.00,1087,395.00,435.00,477.00,A,Report code M14; unweighted sample statistics (no weighted statistics in report),A,asran-2015|RAN men 2015,1
asran-2015,reports/asran-2015/DST-Group-TR-3564_0.pdf,39,RAN women 2015,Australia,military,Navy,F,2015,popliteal_height,Popliteal Height,mm,398.00,25.00,232,359.00,397.00,442.00,A,Report code M14; unweighted sample statistics (no weighted statistics in report),A,asran-2015|RAN women 2015,1
asran-2015,reports/asran-2015/DST-Group-TR-3564_0.pdf,40,RAN men 2015,Australia,military,Navy,M,2015,interpupillary_breadth,Interpupillary Breadth,mm,65.00,4.00,1089,58.00,65.00,71.00,A,Report code M15; unweighted sample statistics (no weighted statistics in report),A,asran-2015|RAN men 2015,1
asran-2015,reports/asran-2015/DST-Group-TR-3564_0.pdf,40,RAN women 2015,Australia,military,Navy,F,2015,interpupillary_breadth,Interpupillary Breadth,mm,61.00,4.00,232,55.00,61.00,68.00,A,Report code M15; unweighted sample statistics (no weighted statistics in report),A,asran-2015|RAN women 2015,1
asran-2015,reports/asran-2015/DST-Group-TR-3564_0.pdf,41,RAN men 2015,Australia,military,Navy,M,2015,bizygomatic_breadth,Bizygomatic Breadth,mm,141.00,7.00,1090,130.00,142.00,153.00,A,Report code M16; unweighted sample statistics (no weighted statistics in report),A,asran-2015|RAN men 2015,1
asran-2015,reports/asran-2015/DST-Group-TR-3564_0.pdf,41,RAN women 2015,Australia,military,Navy,F,2015,bizygomatic_breadth,Bizygomatic Breadth,mm,133.00,6.00,232,123.00,133.00,142.00,A,Report code M16; unweighted sample statistics (no weighted statistics in report),A,asran-2015|RAN women 2015,1
asran-2015,reports/asran-2015/DST-Group-TR-3564_0.pdf,42,RAN men 2015,Australia,military,Navy,M,2015,bideltoid_breadth,Bideltoid Breadth,mm,501.00,29.00,1090,453.00,500.00,550.00,A,Report code M18; unweighted sample statistics (no weighted statistics in report),A,asran-2015|RAN men 2015,1
asran-2015,reports/asran-2015/DST-Group-TR-3564_0.pdf,42,RAN women 2015,Australia,military,Navy,F,2015,bideltoid_breadth,Bideltoid Breadth,mm,443.00,27.00,231,403.00,442.00,491.00,A,Report code M18; unweighted sample statistics (no weighted statistics in report),A,asran-2015|RAN women 2015,1
asran-2015,reports/asran-2015/DST-Group-TR-3564_0.pdf,43,RAN men 2015,Australia,military,Navy,M,2015,chest_breadth,Chest Breadth,mm,325.00,31.00,1090,278.00,323.00,381.00,A,Report code M19; unweighted sample statistics (no weighted statistics in report),A,asran-2015|RAN men 2015,1
asran-2015,reports/asran-2015/DST-Group-TR-3564_0.pdf,43,RAN women 2015,Australia,military,Navy,F,2015,chest_breadth,Chest Breadth,mm,291.00,26.00,232,254.00,289.00,341.00,A,Report code M19; unweighted sample statistics (no weighted statistics in report),A,asran-2015|RAN women 2015,1
asran-2015,reports/asran-2015/DST-Group-TR-3564_0.pdf,44,RAN men 2015,Australia,military,Navy,M,2015,chest_depth,Chest Depth,mm,261.00,27.00,1090,219.00,260.00,306.00,A,Report code M20; unweighted sample statistics (no weighted statistics in report),A,asran-2015|RAN men 2015,1
asran-2015,reports/asran-2015/DST-Group-TR-3564_0.pdf,44,RAN women 2015,Australia,military,Navy,F,2015,chest_depth,Chest Depth,mm,250.00,29.00,232,211.00,246.00,311.00,A,Report code M20; unweighted sample statistics (no weighted statistics in report),A,asran-2015|RAN women 2015,1
asran-2015,reports/asran-2015/DST-Group-TR-3564_0.pdf,45,RAN men 2015,Australia,military,Navy,M,2015,bicristal_breadth,Bicristale Breadth,mm,291.00,23.00,1088,256.00,289.00,331.00,A,Report code M21; unweighted sample statistics (no weighted statistics in report),A,asran-2015|RAN men 2015,1
asran-2015,reports/asran-2015/DST-Group-TR-3564_0.pdf,45,RAN women 2015,Australia,military,Navy,F,2015,bicristal_breadth,Bicristale Breadth,mm,278.00,21.00,232,244.00,277.00,315.00,A,Report code M21; unweighted sample statistics (no weighted statistics in report),A,asran-2015|RAN women 2015,1
asran-2015,reports/asran-2015/DST-Group-TR-3564_0.pdf,46,RAN men 2015,Australia,military,Navy,M,2015,forearm_forearm_breadth,Forearm-Forearm Breadth,mm,564.00,48.00,1090,485.00,564.00,641.00,A,Report code M22; unweighted sample statistics (no weighted statistics in report),A,asran-2015|RAN men 2015,1
asran-2015,reports/asran-2015/DST-Group-TR-3564_0.pdf,46,RAN women 2015,Australia,military,Navy,F,2015,forearm_forearm_breadth,Forearm-Forearm Breadth,mm,485.00,48.00,232,411.00,480.00,567.00,A,Report code M22; unweighted sample statistics (no weighted statistics in report),A,asran-2015|RAN women 2015,1
asran-2015,reports/asran-2015/DST-Group-TR-3564_0.pdf,47,RAN men 2015,Australia,military,Navy,M,2015,abdominal_depth_sitting,"Abdominal Extension Depth, Sitting",mm,265.00,39.00,1090,210.00,258.00,339.00,A,Report code M23; unweighted sample statistics (no weighted statistics in report),A,asran-2015|RAN men 2015,1
asran-2015,reports/asran-2015/DST-Group-TR-3564_0.pdf,47,RAN women 2015,Australia,military,Navy,F,2015,abdominal_depth_sitting,"Abdominal Extension Depth, Sitting",mm,238.00,38.00,232,195.00,231.00,317.00,A,Report code M23; unweighted sample statistics (no weighted statistics in report),A,asran-2015|RAN women 2015,1
asran-2015,reports/asran-2015/DST-Group-TR-3564_0.pdf,48,RAN men 2015,Australia,military,Navy,M,2015,hip_breadth_sitting,"Hip Breadth, Sitting",mm,382.00,31.00,1089,336.00,380.00,433.00,A,Report code M24; unweighted sample statistics (no weighted statistics in report),A,asran-2015|RAN men 2015,1
asran-2015,reports/asran-2015/DST-Group-TR-3564_0.pdf,48,RAN women 2015,Australia,military,Navy,F,2015,hip_breadth_sitting,"Hip Breadth, Sitting",mm,407.00,33.00,232,358.00,405.00,460.00,A,Report code M24; unweighted sample statistics (no weighted statistics in report),A,asran-2015|RAN women 2015,1
asran-2015,reports/asran-2015/DST-Group-TR-3564_0.pdf,49,RAN men 2015,Australia,military,Navy,M,2015,buttock_knee_length,Buttock-Knee Length,mm,620.00,31.00,1090,574.00,618.00,672.00,A,Report code M25; unweighted sample statistics (no weighted statistics in report),A,asran-2015|RAN men 2015,1
asran-2015,reports/asran-2015/DST-Group-TR-3564_0.pdf,49,RAN women 2015,Australia,military,Navy,F,2015,buttock_knee_length,Buttock-Knee Length,mm,590.00,28.00,232,545.00,588.00,642.00,A,Report code M25; unweighted sample statistics (no weighted statistics in report),A,asran-2015|RAN women 2015,1
asran-2015,reports/asran-2015/DST-Group-TR-3564_0.pdf,50,RAN men 2015,Australia,military,Navy,M,2015,buttock_popliteal_length,Buttock-Popliteal Length,mm,499.00,27.00,1083,456.00,497.00,544.00,A,Report code M26; unweighted sample statistics (no weighted statistics in report),A,asran-2015|RAN men 2015,1
asran-2015,reports/asran-2015/DST-Group-TR-3564_0.pdf,50,RAN women 2015,Australia,military,Navy,F,2015,buttock_popliteal_length,Buttock-Popliteal Length,mm,480.00,26.00,231,437.00,479.00,523.00,A,Report code M26; unweighted sample statistics (no weighted statistics in report),A,asran-2015|RAN women 2015,1
asran-2015,reports/asran-2015/DST-Group-TR-3564_0.pdf,51,RAN men 2015,Australia,military,Navy,M,2015,foot_breadth,"Foot Breadth, Horizontal",mm,101.00,6.00,1090,92.00,101.00,111.00,A,Report code M27; unweighted sample statistics (no weighted statistics in report),A,asran-2015|RAN men 2015,1
asran-2015,reports/asran-2015/DST-Group-TR-3564_0.pdf,51,RAN women 2015,Australia,military,Navy,F,2015,foot_breadth,"Foot Breadth, Horizontal",mm,93.00,6.00,232,84.00,92.00,103.00,A,Report code M27; unweighted sample statistics (no weighted statistics in report),A,asran-2015|RAN women 2015,1
asran-2015,reports/asran-2015/DST-Group-TR-3564_0.pdf,52,RAN men 2015,Australia,military,Navy,M,2015,head_circumference,Head Circumference,mm,577.00,15.00,1090,552.00,577.00,601.00,A,Report code M28; unweighted sample statistics (no weighted statistics in report),A,asran-2015|RAN men 2015,1
asran-2015,reports/asran-2015/DST-Group-TR-3564_0.pdf,52,RAN women 2015,Australia,military,Navy,F,2015,head_circumference,Head Circumference,mm,553.00,15.00,232,531.00,551.00,577.00,A,Report code M28; unweighted sample statistics (no weighted statistics in report),A,asran-2015|RAN women 2015,1
asran-2015,reports/asran-2015/DST-Group-TR-3564_0.pdf,53,RAN men 2015,Australia,military,Navy,M,2015,neck_circumference_base,"Neck Circumference, Base",mm,440.00,26.00,1090,398.00,439.00,485.00,A,Report code M29; unweighted sample statistics (no weighted statistics in report),A,asran-2015|RAN men 2015,1
asran-2015,reports/asran-2015/DST-Group-TR-3564_0.pdf,53,RAN women 2015,Australia,military,Navy,F,2015,neck_circumference_base,"Neck Circumference, Base",mm,378.00,20.00,232,347.00,377.00,411.00,A,Report code M29; unweighted sample statistics (no weighted statistics in report),A,asran-2015|RAN women 2015,1
asran-2015,reports/asran-2015/DST-Group-TR-3564_0.pdf,54,RAN men 2015,Australia,military,Navy,M,2015,shoulder_length,Shoulder Length,mm,151.00,12.00,1090,132.00,150.00,172.00,A,Report code M30; unweighted sample statistics (no weighted statistics in report),A,asran-2015|RAN men 2015,1
asran-2015,reports/asran-2015/DST-Group-TR-3564_0.pdf,54,RAN women 2015,Australia,military,Navy,F,2015,shoulder_length,Shoulder Length,mm,138.00,11.00,232,122.00,138.00,156.00,A,Report code M30; unweighted sample statistics (no weighted statistics in report),A,asran-2015|RAN women 2015,1
asran-2015,reports/asran-2015/DST-Group-TR-3564_0.pdf,55,RAN men 2015,Australia,military,Navy,M,2015,biceps_circumference_flexed,"Biceps Circumference, Flexed",mm,358.00,32.00,1090,308.00,356.00,412.00,A,Report code M31; unweighted sample statistics (no weighted statistics in report),A,asran-2015|RAN men 2015,1
asran-2015,reports/asran-2015/DST-Group-TR-3564_0.pdf,55,RAN women 2015,Australia,military,Navy,F,2015,biceps_circumference_flexed,"Biceps Circumference, Flexed",mm,303.00,29.00,232,261.00,301.00,357.00,A,Report code M31; unweighted sample statistics (no weighted statistics in report),A,asran-2015|RAN women 2015,1
asran-2015,reports/asran-2015/DST-Group-TR-3564_0.pdf,56,RAN men 2015,Australia,military,Navy,M,2015,forearm_circumference_flexed,"Forearm Circumference, Flexed",mm,307.00,20.00,1089,274.00,306.00,340.00,A,Report code M32; unweighted sample statistics (no weighted statistics in report),A,asran-2015|RAN men 2015,1
asran-2015,reports/asran-2015/DST-Group-TR-3564_0.pdf,56,RAN women 2015,Australia,military,Navy,F,2015,forearm_circumference_flexed,"Forearm Circumference, Flexed",mm,261.00,19.00,232,233.00,259.00,295.00,A,Report code M32; unweighted sample statistics (no weighted statistics in report),A,asran-2015|RAN women 2015,1
asran-2015,reports/asran-2015/DST-Group-TR-3564_0.pdf,57,RAN men 2015,Australia,military,Navy,M,2015,chest_circumference,Chest Circumference,mm,1043.00,84.00,1090,912.00,1037.00,1190.00,A,Report code M33; unweighted sample statistics (no weighted statistics in report),A,asran-2015|RAN men 2015,1
asran-2015,reports/asran-2015/DST-Group-TR-3564_0.pdf,57,RAN women 2015,Australia,military,Navy,F,2015,chest_circumference,Chest Circumference,mm,933.00,85.00,232,818.00,919.00,1100.00,A,Report code M33; unweighted sample statistics (no weighted statistics in report),A,asran-2015|RAN women 2015,1
asran-2015,reports/asran-2015/DST-Group-TR-3564_0.pdf,58,RAN women 2015,Australia,military,Navy,F,2015,other:chest_circumference_below_breast,Chest Circumference Below Breast,mm,778.00,67.00,232,687.00,770.00,912.00,A,Report code M34; unweighted sample statistics (no weighted statistics in report),A,asran-2015|RAN women 2015,1
asran-2015,reports/asran-2015/DST-Group-TR-3564_0.pdf,59,RAN men 2015,Australia,military,Navy,M,2015,waist_circumference,Waist Circumference (Omphalion),mm,949.00,114.00,1090,786.00,939.00,1152.00,A,Report code M35; unweighted sample statistics (no weighted statistics in report),A,asran-2015|RAN men 2015,1
asran-2015,reports/asran-2015/DST-Group-TR-3564_0.pdf,59,RAN women 2015,Australia,military,Navy,F,2015,waist_circumference,Waist Circumference (Omphalion),mm,867.00,111.00,232,721.00,850.00,1086.00,A,Report code M35; unweighted sample statistics (no weighted statistics in report),A,asran-2015|RAN women 2015,1
asran-2015,reports/asran-2015/DST-Group-TR-3564_0.pdf,60,RAN men 2015,Australia,military,Navy,M,2015,buttock_circumference,Buttock Circumference,mm,1024.00,75.00,1090,912.00,1021.00,1155.00,A,Report code M36; unweighted sample statistics (no weighted statistics in report),A,asran-2015|RAN men 2015,1
asran-2015,reports/asran-2015/DST-Group-TR-3564_0.pdf,60,RAN women 2015,Australia,military,Navy,F,2015,buttock_circumference,Buttock Circumference,mm,1023.00,79.00,231,914.00,1020.00,1160.00,A,Report code M36; unweighted sample statistics (no weighted statistics in report),A,asran-2015|RAN women 2015,1
asran-2015,reports/asran-2015/DST-Group-TR-3564_0.pdf,61,RAN men 2015,Australia,military,Navy,M,2015,thumbtip_reach,Thumbtip Reach,mm,806.00,54.00,1084,725.00,801.00,900.00,A,Report code M37; unweighted sample statistics (no weighted statistics in report),A,asran-2015|RAN men 2015,1
asran-2015,reports/asran-2015/DST-Group-TR-3564_0.pdf,61,RAN women 2015,Australia,military,Navy,F,2015,thumbtip_reach,Thumbtip Reach,mm,730.00,46.00,232,660.00,725.00,805.00,A,Report code M37; unweighted sample statistics (no weighted statistics in report),A,asran-2015|RAN women 2015,1
asran-2015,reports/asran-2015/DST-Group-TR-3564_0.pdf,62,RAN men 2015,Australia,military,Navy,M,2015,stature,Stature,mm,1792.00,70.00,1088,1683.00,1793.00,1906.00,A,Report code M38; unweighted sample statistics (no weighted statistics in report),A,asran-2015|RAN men 2015,1
asran-2015,reports/asran-2015/DST-Group-TR-3564_0.pdf,62,RAN women 2015,Australia,military,Navy,F,2015,stature,Stature,mm,1667.00,61.00,232,1568.00,1664.00,1772.00,A,Report code M38; unweighted sample statistics (no weighted statistics in report),A,asran-2015|RAN women 2015,1
asran-2015,reports/asran-2015/DST-Group-TR-3564_0.pdf,63,RAN men 2015,Australia,military,Navy,M,2015,sitting_height,Sitting Height,mm,939.00,36.00,1088,880.00,939.00,998.00,A,Report code M39; unweighted sample statistics (no weighted statistics in report),A,asran-2015|RAN men 2015,1
asran-2015,reports/asran-2015/DST-Group-TR-3564_0.pdf,63,RAN women 2015,Australia,military,Navy,F,2015,sitting_height,Sitting Height,mm,883.00,32.00,232,834.00,881.00,938.00,A,Report code M39; unweighted sample statistics (no weighted statistics in report),A,asran-2015|RAN women 2015,1
asran-2015,reports/asran-2015/DST-Group-TR-3564_0.pdf,64,RAN men 2015,Australia,military,Navy,M,2015,mass,Weight,kg,87.20,13.80,1088,67.10,85.40,112.40,A,Report code M40; unweighted sample statistics (no weighted statistics in report),A,asran-2015|RAN men 2015,1
asran-2015,reports/asran-2015/DST-Group-TR-3564_0.pdf,64,RAN women 2015,Australia,military,Navy,F,2015,mass,Weight,kg,70.00,11.50,232,55.00,68.50,92.70,A,Report code M40; unweighted sample statistics (no weighted statistics in report),A,asran-2015|RAN women 2015,1
asran-2015,reports/asran-2015/DST-Group-TR-3564_0.pdf,65,RAN men 2015,Australia,military,Navy,M,2015,head_breadth,Head Breadth,mm,162.00,5.00,1088,154.00,162.00,171.00,A,Report code M41; unweighted sample statistics (no weighted statistics in report),A,asran-2015|RAN men 2015,1
asran-2015,reports/asran-2015/DST-Group-TR-3564_0.pdf,65,RAN women 2015,Australia,military,Navy,F,2015,head_breadth,Head Breadth,mm,157.00,5.00,232,149.00,156.00,166.00,A,Report code M41; unweighted sample statistics (no weighted statistics in report),A,asran-2015|RAN women 2015,1
asran-2015,reports/asran-2015/DST-Group-TR-3564_0.pdf,66,RAN men 2015,Australia,military,Navy,M,2015,head_length,Head Length,mm,201.00,7.00,1089,189.00,201.00,213.00,A,Report code M42; unweighted sample statistics (no weighted statistics in report),A,asran-2015|RAN men 2015,1
asran-2015,reports/asran-2015/DST-Group-TR-3564_0.pdf,66,RAN women 2015,Australia,military,Navy,F,2015,head_length,Head Length,mm,191.00,6.00,232,180.00,191.00,201.00,A,Report code M42; unweighted sample statistics (no weighted statistics in report),A,asran-2015|RAN women 2015,1
asran-2015,reports/asran-2015/DST-Group-TR-3564_0.pdf,67,RAN men 2015,Australia,military,Navy,M,2015,menton_sellion_length,Menton-Sellion Length,mm,126.00,8.00,1081,113.00,126.00,139.00,A,Report code M43; unweighted sample statistics (no weighted statistics in report),A,asran-2015|RAN men 2015,1
asran-2015,reports/asran-2015/DST-Group-TR-3564_0.pdf,67,RAN women 2015,Australia,military,Navy,F,2015,menton_sellion_length,Menton-Sellion Length,mm,115.00,7.00,232,104.00,115.00,126.00,A,Report code M43; unweighted sample statistics (no weighted statistics in report),A,asran-2015|RAN women 2015,1
asran-2015,reports/asran-2015/DST-Group-TR-3564_0.pdf,68,RAN men 2015,Australia,military,Navy,M,2015,other:bitragion_submandibular_arc,Bitragion Submandibular Arc,mm,316.00,19.00,1074,286.00,315.00,349.00,A,Report code M44; unweighted sample statistics (no weighted statistics in report),A,asran-2015|RAN men 2015,1
asran-2015,reports/asran-2015/DST-Group-TR-3564_0.pdf,68,RAN women 2015,Australia,military,Navy,F,2015,other:bitragion_submandibular_arc,Bitragion Submandibular Arc,mm,275.00,16.00,232,249.00,274.00,302.00,A,Report code M44; unweighted sample statistics (no weighted statistics in report),A,asran-2015|RAN women 2015,1
asran-2015,reports/asran-2015/DST-Group-TR-3564_0.pdf,69,RAN men 2015,Australia,military,Navy,M,2015,neck_circumference,Neck Circumference,mm,407.00,27.00,1085,366.00,406.00,453.00,A,Report code M45; unweighted sample statistics (no weighted statistics in report),A,asran-2015|RAN men 2015,1
asran-2015,reports/asran-2015/DST-Group-TR-3564_0.pdf,69,RAN women 2015,Australia,military,Navy,F,2015,neck_circumference,Neck Circumference,mm,340.00,26.00,231,307.00,336.00,384.00,A,Report code M45; unweighted sample statistics (no weighted statistics in report),A,asran-2015|RAN women 2015,1
asran-2015,reports/asran-2015/DST-Group-TR-3564_0.pdf,70,RAN men 2015,Australia,military,Navy,M,2015,other:nape_bustpoint_thelion_length,Nape – Bustpoint/Thelion Length,mm,381.00,24.00,1088,343.00,380.00,421.00,A,Report code M46; unweighted sample statistics (no weighted statistics in report),A,asran-2015|RAN men 2015,1
asran-2015,reports/asran-2015/DST-Group-TR-3564_0.pdf,70,RAN women 2015,Australia,military,Navy,F,2015,other:nape_bustpoint_thelion_length,Nape – Bustpoint/Thelion Length,mm,366.00,27.00,232,330.00,363.00,418.00,A,Report code M46; unweighted sample statistics (no weighted statistics in report),A,asran-2015|RAN women 2015,1
asran-2015,reports/asran-2015/DST-Group-TR-3564_0.pdf,71,RAN men 2015,Australia,military,Navy,M,2015,other:nape_waist_over_bust,Nape – Waist Over Bust,mm,649.00,38.00,1088,590.00,649.00,713.00,A,Report code M47; unweighted sample statistics (no weighted statistics in report),A,asran-2015|RAN men 2015,1
asran-2015,reports/asran-2015/DST-Group-TR-3564_0.pdf,71,RAN women 2015,Australia,military,Navy,F,2015,other:nape_waist_over_bust,Nape – Waist Over Bust,mm,597.00,37.00,232,525.00,600.00,650.00,A,Report code M47; unweighted sample statistics (no weighted statistics in report),A,asran-2015|RAN women 2015,1
asran-2015,reports/asran-2015/DST-Group-TR-3564_0.pdf,72,RAN men 2015,Australia,military,Navy,M,2015,biacromial_breadth,Biacromial Breadth,mm,409.00,19.00,1088,377.00,409.00,441.00,A,Report code M48; unweighted sample statistics (no weighted statistics in report),A,asran-2015|RAN men 2015,1
asran-2015,reports/asran-2015/DST-Group-TR-3564_0.pdf,72,RAN women 2015,Australia,military,Navy,F,2015,biacromial_breadth,Biacromial Breadth,mm,364.00,19.00,232,333.00,363.00,394.00,A,Report code M48; unweighted sample statistics (no weighted statistics in report),A,asran-2015|RAN women 2015,1
asran-2015,reports/asran-2015/DST-Group-TR-3564_0.pdf,73,RAN men 2015,Australia,military,Navy,M,2015,other:scye_depth,Scye Depth,mm,217.00,18.00,1088,187.00,217.00,247.00,A,Report code M49; unweighted sample statistics (no weighted statistics in report),A,asran-2015|RAN men 2015,1
asran-2015,reports/asran-2015/DST-Group-TR-3564_0.pdf,73,RAN women 2015,Australia,military,Navy,F,2015,other:scye_depth,Scye Depth,mm,189.00,16.00,232,166.00,190.00,214.00,A,Report code M49; unweighted sample statistics (no weighted statistics in report),A,asran-2015|RAN women 2015,1
asran-2015,reports/asran-2015/DST-Group-TR-3564_0.pdf,74,RAN men 2015,Australia,military,Navy,M,2015,other:back_width,Back Width,mm,369.00,26.00,1088,328.00,370.00,413.00,A,Report code M50; unweighted sample statistics (no weighted statistics in report),A,asran-2015|RAN men 2015,1
asran-2015,reports/asran-2015/DST-Group-TR-3564_0.pdf,74,RAN women 2015,Australia,military,Navy,F,2015,other:back_width,Back Width,mm,323.00,22.00,232,287.00,324.00,359.00,A,Report code M50; unweighted sample statistics (no weighted statistics in report),A,asran-2015|RAN women 2015,1
asran-2015,reports/asran-2015/DST-Group-TR-3564_0.pdf,75,RAN men 2015,Australia,military,Navy,M,2015,other:back_length,Back Length,mm,479.00,27.00,1088,435.00,478.00,524.00,A,Report code M51; unweighted sample statistics (no weighted statistics in report),A,asran-2015|RAN men 2015,1
asran-2015,reports/asran-2015/DST-Group-TR-3564_0.pdf,75,RAN women 2015,Australia,military,Navy,F,2015,other:back_length,Back Length,mm,451.00,24.00,232,412.00,451.00,492.00,A,Report code M51; unweighted sample statistics (no weighted statistics in report),A,asran-2015|RAN women 2015,1
asran-2015,reports/asran-2015/DST-Group-TR-3564_0.pdf,76,RAN men 2015,Australia,military,Navy,M,2015,other:nape_waist_centre_back,Nape – Waist Centre Back,mm,534.00,34.00,1088,478.00,532.00,592.00,A,Report code M52; unweighted sample statistics (no weighted statistics in report),A,asran-2015|RAN men 2015,1
asran-2015,reports/asran-2015/DST-Group-TR-3564_0.pdf,76,RAN women 2015,Australia,military,Navy,F,2015,other:nape_waist_centre_back,Nape – Waist Centre Back,mm,486.00,35.00,232,425.00,487.00,541.00,A,Report code M52; unweighted sample statistics (no weighted statistics in report),A,asran-2015|RAN women 2015,1
asran-2015,reports/asran-2015/DST-Group-TR-3564_0.pdf,77,RAN men 2015,Australia,military,Navy,M,2015,other:vertical_trunk_circumference_wide,Vertical Trunk Circumference (Wide),mm,1780.00,84.00,1088,1651.00,1774.00,1924.00,A,Report code M53; unweighted sample statistics (no weighted statistics in report),A,asran-2015|RAN men 2015,1
asran-2015,reports/asran-2015/DST-Group-TR-3564_0.pdf,77,RAN women 2015,Australia,military,Navy,F,2015,other:vertical_trunk_circumference_wide,Vertical Trunk Circumference (Wide),mm,1617.00,76.00,232,1509.00,1606.00,1760.00,A,Report code M53; unweighted sample statistics (no weighted statistics in report),A,asran-2015|RAN women 2015,1
asran-2015,reports/asran-2015/DST-Group-TR-3564_0.pdf,78,RAN men 2015,Australia,military,Navy,M,2015,other:crotch_length_omphalion,Crotch Length (Omphalion),mm,781.00,47.00,1087,702.00,781.00,862.00,A,Report code M54; unweighted sample statistics (no weighted statistics in report),A,asran-2015|RAN men 2015,1
asran-2015,reports/asran-2015/DST-Group-TR-3564_0.pdf,78,RAN women 2015,Australia,military,Navy,F,2015,other:crotch_length_omphalion,Crotch Length (Omphalion),mm,655.00,44.00,232,587.00,653.00,730.00,A,Report code M54; unweighted sample statistics (no weighted statistics in report),A,asran-2015|RAN women 2015,1
asran-2015,reports/asran-2015/DST-Group-TR-3564_0.pdf,79,RAN men 2015,Australia,military,Navy,M,2015,other:waist_circumference_preferred,Waist Circumference Preferred,mm,974.00,109.00,1088,817.00,963.00,1176.00,A,Report code M55; unweighted sample statistics (no weighted statistics in report),A,asran-2015|RAN men 2015,1
asran-2015,reports/asran-2015/DST-Group-TR-3564_0.pdf,79,RAN women 2015,Australia,military,Navy,F,2015,other:waist_circumference_preferred,Waist Circumference Preferred,mm,921.00,102.00,232,766.00,910.00,1103.00,A,Report code M55; unweighted sample statistics (no weighted statistics in report),A,asran-2015|RAN women 2015,1
asran-2015,reports/asran-2015/DST-Group-TR-3564_0.pdf,80,RAN men 2015,Australia,military,Navy,M,2015,other:maximum_hip_circumference,Maximum Hip Circumference,mm,1050.00,75.00,1088,938.00,1045.00,1182.00,A,Report code M56; unweighted sample statistics (no weighted statistics in report),A,asran-2015|RAN men 2015,1
asran-2015,reports/asran-2015/DST-Group-TR-3564_0.pdf,80,RAN women 2015,Australia,military,Navy,F,2015,other:maximum_hip_circumference,Maximum Hip Circumference,mm,1054.00,77.00,232,943.00,1047.00,1182.00,A,Report code M56; unweighted sample statistics (no weighted statistics in report),A,asran-2015|RAN women 2015,1
asran-2015,reports/asran-2015/DST-Group-TR-3564_0.pdf,81,RAN men 2015,Australia,military,Navy,M,2015,other:waist_hip_distance,Waist-Hip Distance,mm,115.00,43.00,1086,40.00,117.00,180.00,A,Report code M57; unweighted sample statistics (no weighted statistics in report),A,asran-2015|RAN men 2015,1
asran-2015,reports/asran-2015/DST-Group-TR-3564_0.pdf,81,RAN women 2015,Australia,military,Navy,F,2015,other:waist_hip_distance,Waist-Hip Distance,mm,132.00,39.00,232,74.00,132.00,192.00,A,Report code M57; unweighted sample statistics (no weighted statistics in report),A,asran-2015|RAN women 2015,1
asran-2015,reports/asran-2015/DST-Group-TR-3564_0.pdf,82,RAN women 2015,Australia,military,Navy,F,2015,other:high_hip,High Hip,mm,1022.00,86.00,230,898.00,1018.00,1175.00,A,Report code M58; unweighted sample statistics (no weighted statistics in report),A,asran-2015|RAN women 2015,1
asran-2015,reports/asran-2015/DST-Group-TR-3564_0.pdf,83,RAN men 2015,Australia,military,Navy,M,2015,other:hip,Hip,mm,1044.00,75.00,1086,932.00,1038.00,1176.00,A,Report code M59; unweighted sample statistics (no weighted statistics in report),A,asran-2015|RAN men 2015,1
asran-2015,reports/asran-2015/DST-Group-TR-3564_0.pdf,83,RAN women 2015,Australia,military,Navy,F,2015,other:hip,Hip,mm,1050.00,79.00,223,935.00,1045.00,1183.00,A,Report code M59; unweighted sample statistics (no weighted statistics in report),A,asran-2015|RAN women 2015,1
asran-2015,reports/asran-2015/DST-Group-TR-3564_0.pdf,84,RAN men 2015,Australia,military,Navy,M,2015,acromion_radiale_length,Acromion-Radiale Length,mm,336.00,19.00,1088,306.00,336.00,368.00,A,Report code M60; unweighted sample statistics (no weighted statistics in report),A,asran-2015|RAN men 2015,1
asran-2015,reports/asran-2015/DST-Group-TR-3564_0.pdf,84,RAN women 2015,Australia,military,Navy,F,2015,acromion_radiale_length,Acromion-Radiale Length,mm,309.00,17.00,232,284.00,308.00,339.00,A,Report code M60; unweighted sample statistics (no weighted statistics in report),A,asran-2015|RAN women 2015,1
asran-2015,reports/asran-2015/DST-Group-TR-3564_0.pdf,85,RAN men 2015,Australia,military,Navy,M,2015,radiale_stylion_length,Radiale-Stylion Length,mm,269.00,15.00,1088,245.00,268.00,293.00,A,Report code M61; unweighted sample statistics (no weighted statistics in report),A,asran-2015|RAN men 2015,1
asran-2015,reports/asran-2015/DST-Group-TR-3564_0.pdf,85,RAN women 2015,Australia,military,Navy,F,2015,radiale_stylion_length,Radiale-Stylion Length,mm,246.00,14.00,232,226.00,245.00,269.00,A,Report code M61; unweighted sample statistics (no weighted statistics in report),A,asran-2015|RAN women 2015,1
asran-2015,reports/asran-2015/DST-Group-TR-3564_0.pdf,86,RAN men 2015,Australia,military,Navy,M,2015,sleeve_outseam,Sleeve Outseam,mm,612.00,31.00,1088,562.00,610.00,663.00,A,Report code M62; unweighted sample statistics (no weighted statistics in report),A,asran-2015|RAN men 2015,1
asran-2015,reports/asran-2015/DST-Group-TR-3564_0.pdf,86,RAN women 2015,Australia,military,Navy,F,2015,sleeve_outseam,Sleeve Outseam,mm,561.00,28.00,232,519.00,560.00,610.00,A,Report code M62; unweighted sample statistics (no weighted statistics in report),A,asran-2015|RAN women 2015,1
asran-2015,reports/asran-2015/DST-Group-TR-3564_0.pdf,87,RAN men 2015,Australia,military,Navy,M,2015,wrist_circumference,Wrist Circumference,mm,184.00,11.00,1088,167.00,183.00,204.00,A,Report code M63; unweighted sample statistics (no weighted statistics in report),A,asran-2015|RAN men 2015,1
asran-2015,reports/asran-2015/DST-Group-TR-3564_0.pdf,87,RAN women 2015,Australia,military,Navy,F,2015,wrist_circumference,Wrist Circumference,mm,163.00,10.00,232,147.00,162.00,179.00,A,Report code M63; unweighted sample statistics (no weighted statistics in report),A,asran-2015|RAN women 2015,1
asran-2015,reports/asran-2015/DST-Group-TR-3564_0.pdf,88,RAN men 2015,Australia,military,Navy,M,2015,hand_circumference,Hand Circumference,mm,212.00,11.00,1086,194.00,212.00,232.00,A,Report code M64; unweighted sample statistics (no weighted statistics in report),A,asran-2015|RAN men 2015,1
asran-2015,reports/asran-2015/DST-Group-TR-3564_0.pdf,88,RAN women 2015,Australia,military,Navy,F,2015,hand_circumference,Hand Circumference,mm,186.00,10.00,231,171.00,186.00,201.00,A,Report code M64; unweighted sample statistics (no weighted statistics in report),A,asran-2015|RAN women 2015,1
asran-2015,reports/asran-2015/DST-Group-TR-3564_0.pdf,89,RAN men 2015,Australia,military,Navy,M,2015,hand_breadth,Hand Breadth,mm,89.00,5.00,1087,82.00,89.00,96.00,A,Report code M65; unweighted sample statistics (no weighted statistics in report),A,asran-2015|RAN men 2015,1
asran-2015,reports/asran-2015/DST-Group-TR-3564_0.pdf,89,RAN women 2015,Australia,military,Navy,F,2015,hand_breadth,Hand Breadth,mm,79.00,4.00,232,73.00,78.00,85.00,A,Report code M65; unweighted sample statistics (no weighted statistics in report),A,asran-2015|RAN women 2015,1
asran-2015,reports/asran-2015/DST-Group-TR-3564_0.pdf,90,RAN men 2015,Australia,military,Navy,M,2015,hand_length,Hand Length,mm,192.00,10.00,1088,175.00,192.00,208.00,A,Report code M66; unweighted sample statistics (no weighted statistics in report),A,asran-2015|RAN men 2015,1
asran-2015,reports/asran-2015/DST-Group-TR-3564_0.pdf,90,RAN women 2015,Australia,military,Navy,F,2015,hand_length,Hand Length,mm,172.00,11.00,232,154.00,172.00,191.00,A,Report code M66; unweighted sample statistics (no weighted statistics in report),A,asran-2015|RAN women 2015,1
asran-2015,reports/asran-2015/DST-Group-TR-3564_0.pdf,91,RAN men 2015,Australia,military,Navy,M,2015,thigh_circumference,Thigh Circumference,mm,620.00,50.00,948,539.00,617.00,709.00,A,Report code M67; unweighted sample statistics (no weighted statistics in report),A,asran-2015|RAN men 2015,1
asran-2015,reports/asran-2015/DST-Group-TR-3564_0.pdf,91,RAN women 2015,Australia,military,Navy,F,2015,thigh_circumference,Thigh Circumference,mm,619.00,47.00,184,553.00,614.00,698.00,A,Report code M67; unweighted sample statistics (no weighted statistics in report),A,asran-2015|RAN women 2015,1
asran-2015,reports/asran-2015/DST-Group-TR-3564_0.pdf,92,RAN men 2015,Australia,military,Navy,M,2015,other:knee_circumference,Knee Circumference,mm,402.00,26.00,1084,363.00,400.00,448.00,A,Report code M68; unweighted sample statistics (no weighted statistics in report),A,asran-2015|RAN men 2015,1
asran-2015,reports/asran-2015/DST-Group-TR-3564_0.pdf,92,RAN women 2015,Australia,military,Navy,F,2015,other:knee_circumference,Knee Circumference,mm,387.00,27.00,230,346.00,386.00,430.00,A,Report code M68; unweighted sample statistics (no weighted statistics in report),A,asran-2015|RAN women 2015,1
asran-2015,reports/asran-2015/DST-Group-TR-3564_0.pdf,93,RAN men 2015,Australia,military,Navy,M,2015,calf_circumference,Calf Circumference,mm,396.00,29.00,1088,352.00,395.00,447.00,A,Report code M69; unweighted sample statistics (no weighted statistics in report),A,asran-2015|RAN men 2015,1
asran-2015,reports/asran-2015/DST-Group-TR-3564_0.pdf,93,RAN women 2015,Australia,military,Navy,F,2015,calf_circumference,Calf Circumference,mm,382.00,30.00,232,337.00,381.00,432.00,A,Report code M69; unweighted sample statistics (no weighted statistics in report),A,asran-2015|RAN women 2015,1
asran-2015,reports/asran-2015/DST-Group-TR-3564_0.pdf,94,RAN men 2015,Australia,military,Navy,M,2015,ankle_circumference,Ankle Circumference,mm,232.00,16.00,1088,208.00,231.00,258.00,A,Report code M70; unweighted sample statistics (no weighted statistics in report),A,asran-2015|RAN men 2015,1
asran-2015,reports/asran-2015/DST-Group-TR-3564_0.pdf,94,RAN women 2015,Australia,military,Navy,F,2015,ankle_circumference,Ankle Circumference,mm,224.00,16.00,232,199.00,223.00,249.00,A,Report code M70; unweighted sample statistics (no weighted statistics in report),A,asran-2015|RAN women 2015,1
asran-2015,reports/asran-2015/DST-Group-TR-3564_0.pdf,95,RAN men 2015,Australia,military,Navy,M,2015,foot_length,Foot Length,mm,271.00,13.00,1087,252.00,271.00,294.00,A,Report code M71; unweighted sample statistics (no weighted statistics in report),A,asran-2015|RAN men 2015,1
asran-2015,reports/asran-2015/DST-Group-TR-3564_0.pdf,95,RAN women 2015,Australia,military,Navy,F,2015,foot_length,Foot Length,mm,246.00,12.00,232,226.00,245.00,267.00,A,Report code M71; unweighted sample statistics (no weighted statistics in report),A,asran-2015|RAN women 2015,1
asran-2015,reports/asran-2015/DST-Group-TR-3564_0.pdf,96,RAN men 2015,Australia,military,Navy,M,2015,other:ball_of_foot_length,Ball of Foot Length,mm,200.00,10.00,1085,183.00,199.00,217.00,A,Report code M72; unweighted sample statistics (no weighted statistics in report),A,asran-2015|RAN men 2015,1
asran-2015,reports/asran-2015/DST-Group-TR-3564_0.pdf,96,RAN women 2015,Australia,military,Navy,F,2015,other:ball_of_foot_length,Ball of Foot Length,mm,181.00,10.00,232,165.00,181.00,199.00,A,Report code M72; unweighted sample statistics (no weighted statistics in report),A,asran-2015|RAN women 2015,1
asran-2015,reports/asran-2015/DST-Group-TR-3564_0.pdf,97,RAN men 2015,Australia,military,Navy,M,2015,other:seat_angle,Seat Angle,degrees,21.00,4.00,1088,14.00,21.00,28.00,A,"Report code M73; unweighted sample statistics (no weighted statistics in report); angle in degrees, not converted",A,asran-2015|RAN men 2015,1
asran-2015,reports/asran-2015/DST-Group-TR-3564_0.pdf,97,RAN women 2015,Australia,military,Navy,F,2015,other:seat_angle,Seat Angle,degrees,22.00,4.00,232,15.00,22.00,28.00,A,"Report code M73; unweighted sample statistics (no weighted statistics in report); angle in degrees, not converted",A,asran-2015|RAN women 2015,1
asran-2015,reports/asran-2015/DST-Group-TR-3564_0.pdf,98,RAN men 2015,Australia,military,Navy,M,2015,other:outside_leg_length,Outside Leg Length,mm,983.00,53.00,1086,897.00,984.00,1065.00,A,Report code M74; unweighted sample statistics (no weighted statistics in report),A,asran-2015|RAN men 2015,1
asran-2015,reports/asran-2015/DST-Group-TR-3564_0.pdf,98,RAN women 2015,Australia,military,Navy,F,2015,other:outside_leg_length,Outside Leg Length,mm,943.00,52.00,232,863.00,938.00,1027.00,A,Report code M74; unweighted sample statistics (no weighted statistics in report),A,asran-2015|RAN women 2015,1
asran-2015,reports/asran-2015/DST-Group-TR-3564_0.pdf,99,RAN men 2015,Australia,military,Navy,M,2015,other:chest_level,Chest Level,mm,1294.00,58.00,1088,1200.00,1294.00,1391.00,A,Report code M75; unweighted sample statistics (no weighted statistics in report),A,asran-2015|RAN men 2015,1
asran-2015,reports/asran-2015/DST-Group-TR-3564_0.pdf,100,RAN women 2015,Australia,military,Navy,F,2015,other:bust_level,Bust Level,mm,1196.00,52.00,232,1112.00,1196.00,1282.00,A,Report code M76; unweighted sample statistics (no weighted statistics in report),A,asran-2015|RAN women 2015,1
asran-2015,reports/asran-2015/DST-Group-TR-3564_0.pdf,101,RAN men 2015,Australia,military,Navy,M,2015,other:waist_level_centre_front,Waist Level Centre Front,mm,982.00,52.00,1088,897.00,982.00,1064.00,A,Report code M77; unweighted sample statistics (no weighted statistics in report),A,asran-2015|RAN men 2015,1
asran-2015,reports/asran-2015/DST-Group-TR-3564_0.pdf,101,RAN women 2015,Australia,military,Navy,F,2015,other:waist_level_centre_front,Waist Level Centre Front,mm,940.00,52.00,232,862.00,935.00,1024.00,A,Report code M77; unweighted sample statistics (no weighted statistics in report),A,asran-2015|RAN women 2015,1
asran-2015,reports/asran-2015/DST-Group-TR-3564_0.pdf,102,RAN women 2015,Australia,military,Navy,F,2015,other:hip_level_female,Hip Level (female),mm,812.00,43.00,232,749.00,812.00,888.00,A,Report code M78; unweighted sample statistics (no weighted statistics in report),A,asran-2015|RAN women 2015,1
asran-2015,reports/asran-2015/DST-Group-TR-3564_0.pdf,103,RAN men 2015,Australia,military,Navy,M,2015,other:waist_level_centre_back,Waist Level Centre Back,mm,1034.00,50.00,1088,956.00,1034.00,1116.00,A,Report code M79; unweighted sample statistics (no weighted statistics in report),A,asran-2015|RAN men 2015,1
asran-2015,reports/asran-2015/DST-Group-TR-3564_0.pdf,103,RAN women 2015,Australia,military,Navy,F,2015,other:waist_level_centre_back,Waist Level Centre Back,mm,981.00,47.00,232,909.00,981.00,1061.00,A,Report code M79; unweighted sample statistics (no weighted statistics in report),A,asran-2015|RAN women 2015,1
asran-2015,reports/asran-2015/DST-Group-TR-3564_0.pdf,104,RAN men 2015,Australia,military,Navy,M,2015,other:seat_level,Seat Level,mm,912.00,47.00,1088,839.00,913.00,991.00,A,Report code M80; unweighted sample statistics (no weighted statistics in report),A,asran-2015|RAN men 2015,1
asran-2015,reports/asran-2015/DST-Group-TR-3564_0.pdf,104,RAN women 2015,Australia,military,Navy,F,2015,other:seat_level,Seat Level,mm,846.00,41.00,232,782.00,845.00,920.00,A,Report code M80; unweighted sample statistics (no weighted statistics in report),A,asran-2015|RAN women 2015,1
asran-2015,reports/asran-2015/DST-Group-TR-3564_0.pdf,105,RAN men 2015,Australia,military,Navy,M,2015,trochanterion_height,Trochanteric Height,mm,935.00,49.00,1082,854.00,934.00,1015.00,A,Report code M81; unweighted sample statistics (no weighted statistics in report),A,asran-2015|RAN men 2015,1
asran-2015,reports/asran-2015/DST-Group-TR-3564_0.pdf,105,RAN women 2015,Australia,military,Navy,F,2015,trochanterion_height,Trochanteric Height,mm,871.00,40.00,232,811.00,870.00,943.00,A,Report code M81; unweighted sample statistics (no weighted statistics in report),A,asran-2015|RAN women 2015,1
asran-2015,reports/asran-2015/DST-Group-TR-3564_0.pdf,106,RAN men 2015,Australia,military,Navy,M,2015,other:hip_level_male,Hip Level (male),mm,868.00,56.00,1088,779.00,871.00,956.00,A,Report code M82; unweighted sample statistics (no weighted statistics in report),A,asran-2015|RAN men 2015,1
asran-2015,reports/asran-2015/DST-Group-TR-3564_0.pdf,107,RAN men 2015,Australia,military,Navy,M,2015,other:knee_level,Knee Level,mm,506.00,28.00,1088,462.00,504.00,554.00,A,Report code M83; unweighted sample statistics (no weighted statistics in report),A,asran-2015|RAN men 2015,1
asran-2015,reports/asran-2015/DST-Group-TR-3564_0.pdf,107,RAN women 2015,Australia,military,Navy,F,2015,other:knee_level,Knee Level,mm,464.00,25.00,232,424.00,462.00,510.00,A,Report code M83; unweighted sample statistics (no weighted statistics in report),A,asran-2015|RAN women 2015,1
asran-2015,reports/asran-2015/DST-Group-TR-3564_0.pdf,108,RAN men 2015,Australia,military,Navy,M,2015,other:ankle_height,Ankle Height,mm,75.00,8.00,1088,63.00,75.00,89.00,A,Report code M84; unweighted sample statistics (no weighted statistics in report),A,asran-2015|RAN men 2015,1
asran-2015,reports/asran-2015/DST-Group-TR-3564_0.pdf,108,RAN women 2015,Australia,military,Navy,F,2015,other:ankle_height,Ankle Height,mm,68.00,7.00,232,56.00,68.00,79.00,A,Report code M84; unweighted sample statistics (no weighted statistics in report),A,asran-2015|RAN women 2015,1
asran-2015,reports/asran-2015/DST-Group-TR-3564_0.pdf,109,RAN men 2015,Australia,military,Navy,M,2015,other:torso_length,Torso Length,mm,384.00,24.00,1088,346.00,383.00,426.00,A,Report code M85; unweighted sample statistics (no weighted statistics in report),A,asran-2015|RAN men 2015,1
asran-2015,reports/asran-2015/DST-Group-TR-3564_0.pdf,109,RAN women 2015,Australia,military,Navy,F,2015,other:torso_length,Torso Length,mm,357.00,22.00,232,321.00,356.00,392.00,A,Report code M85; unweighted sample statistics (no weighted statistics in report),A,asran-2015|RAN women 2015,1
asran-2015,reports/asran-2015/DST-Group-TR-3564_0.pdf,110,RAN men 2015,Australia,military,Navy,M,2015,other:hand_depth,Hand Depth,mm,54.00,4.00,1090,47.00,54.00,61.00,A,Report code M86; unweighted sample statistics (no weighted statistics in report),A,asran-2015|RAN men 2015,1
asran-2015,reports/asran-2015/DST-Group-TR-3564_0.pdf,110,RAN women 2015,Australia,military,Navy,F,2015,other:hand_depth,Hand Depth,mm,46.00,4.00,232,40.00,46.00,51.00,A,Report code M86; unweighted sample statistics (no weighted statistics in report),A,asran-2015|RAN women 2015,1
asran-2015,reports/asran-2015/DST-Group-TR-3564_0.pdf,111,RAN men 2015,Australia,military,Navy,M,2015,other:wrist_centre_thumbtip_distance,Wrist-Centre Thumbtip Distance,mm,116.00,8.00,1090,103.00,116.00,131.00,A,Report code M87; unweighted sample statistics (no weighted statistics in report),A,asran-2015|RAN men 2015,1
asran-2015,reports/asran-2015/DST-Group-TR-3564_0.pdf,111,RAN women 2015,Australia,military,Navy,F,2015,other:wrist_centre_thumbtip_distance,Wrist-Centre Thumbtip Distance,mm,105.00,8.00,231,92.00,104.00,117.00,A,Report code M87; unweighted sample statistics (no weighted statistics in report),A,asran-2015|RAN women 2015,1
asran-2015,reports/asran-2015/DST-Group-TR-3564_0.pdf,112,RAN men 2015,Australia,military,Navy,M,2015,other:wrist_centre_grip_distance,Wrist-Centre Grip Distance,mm,79.00,7.00,1090,68.00,79.00,90.00,A,Report code M88; unweighted sample statistics (no weighted statistics in report),A,asran-2015|RAN men 2015,1
asran-2015,reports/asran-2015/DST-Group-TR-3564_0.pdf,112,RAN women 2015,Australia,military,Navy,F,2015,other:wrist_centre_grip_distance,Wrist-Centre Grip Distance,mm,72.00,7.00,231,60.00,72.00,83.00,A,Report code M88; unweighted sample statistics (no weighted statistics in report),A,asran-2015|RAN women 2015,1
asran-2015,reports/asran-2015/DST-Group-TR-3564_0.pdf,113,RAN men 2015,Australia,military,Navy,M,2015,ear_length,Ear Length,mm,66.00,5.00,1090,59.00,66.00,73.00,A,Report code M89; unweighted sample statistics (no weighted statistics in report),A,asran-2015|RAN men 2015,1
asran-2015,reports/asran-2015/DST-Group-TR-3564_0.pdf,113,RAN women 2015,Australia,military,Navy,F,2015,ear_length,Ear Length,mm,60.00,4.00,231,53.00,60.00,67.00,A,Report code M89; unweighted sample statistics (no weighted statistics in report),A,asran-2015|RAN women 2015,1
asran-2015,reports/asran-2015/DST-Group-TR-3564_0.pdf,114,RAN men 2015,Australia,military,Navy,M,2015,other:overhead_fingertip_reach,Overhead Fingertip Reach,mm,2270.00,99.00,1083,2115.00,2265.00,2435.00,A,Report code M90; unweighted sample statistics (no weighted statistics in report),A,asran-2015|RAN men 2015,1
asran-2015,reports/asran-2015/DST-Group-TR-3564_0.pdf,114,RAN women 2015,Australia,military,Navy,F,2015,other:overhead_fingertip_reach,Overhead Fingertip Reach,mm,2105.00,89.00,232,1971.00,2105.00,2268.00,A,Report code M90; unweighted sample statistics (no weighted statistics in report),A,asran-2015|RAN women 2015,1
asran-2015,reports/asran-2015/DST-Group-TR-3564_0.pdf,115,RAN men 2015,Australia,military,Navy,M,2015,other:index_finger_breadth_distal,Index Finger Breadth Distal,mm,17.00,2.00,1088,15.00,17.00,20.00,A,Report code M91; unweighted sample statistics (no weighted statistics in report),A,asran-2015|RAN men 2015,1
asran-2015,reports/asran-2015/DST-Group-TR-3564_0.pdf,115,RAN women 2015,Australia,military,Navy,F,2015,other:index_finger_breadth_distal,Index Finger Breadth Distal,mm,15.00,1.00,232,13.00,15.00,17.00,A,Report code M91; unweighted sample statistics (no weighted statistics in report),A,asran-2015|RAN women 2015,1
awas,reports/awas/DSTO-TR-3006.pdf,27,AWAS Army men,Australia,military,Army,M,,cervicale_height,Cervicale Height,mm,1531.00,63.80,1861,1428.00,1532.00,1640.00,A,Report code M01; unweighted sample statistics,A,awas|AWAS Army men,1
awas,reports/awas/DSTO-TR-3006.pdf,27,AWAS Army women,Australia,military,Army,F,,cervicale_height,Cervicale Height,mm,1418.00,57.70,277,1327.00,1418.00,1512.00,A,Report code M01; unweighted sample statistics,A,awas|AWAS Army women,1
awas,reports/awas/DSTO-TR-3006.pdf,28,AWAS Army men,Australia,military,Army,M,,other:t2_height,T2 Height,mm,1487.00,64.30,1860,1382.00,1489.00,1595.00,A,Report code M02; unweighted sample statistics,A,awas|AWAS Army men,1
awas,reports/awas/DSTO-TR-3006.pdf,28,AWAS Army women,Australia,military,Army,F,,other:t2_height,T2 Height,mm,1377.00,58.20,277,1281.00,1377.00,1470.00,A,Report code M02; unweighted sample statistics,A,awas|AWAS Army women,1
awas,reports/awas/DSTO-TR-3006.pdf,29,AWAS Army men,Australia,military,Army,M,,acromion_height,Acromion Height,mm,1452.00,61.70,1861,1352.00,1455.00,1552.00,A,Report code M03; unweighted sample statistics,A,awas|AWAS Army men,1
awas,reports/awas/DSTO-TR-3006.pdf,29,AWAS Army women,Australia,military,Army,F,,acromion_height,Acromion Height,mm,1349.00,56.40,277,1256.00,1347.00,1441.00,A,Report code M03; unweighted sample statistics,A,awas|AWAS Army women,1
awas,reports/awas/DSTO-TR-3006.pdf,30,AWAS Army men,Australia,military,Army,M,,suprasternale_height,Suprasternale Height,mm,1444.00,59.50,1861,1346.00,1445.00,1544.00,A,Report code M04; unweighted sample statistics,A,awas|AWAS Army men,1
awas,reports/awas/DSTO-TR-3006.pdf,30,AWAS Army women,Australia,military,Army,F,,suprasternale_height,Suprasternale Height,mm,1341.00,54.30,277,1255.00,1337.00,1432.00,A,Report code M04; unweighted sample statistics,A,awas|AWAS Army women,1
awas,reports/awas/DSTO-TR-3006.pdf,31,AWAS Army men,Australia,military,Army,M,,other:substernale_height,Substernale Height,mm,1277.00,54.70,1861,1189.00,1276.00,1365.00,A,Report code M05; unweighted sample statistics,A,awas|AWAS Army men,1
awas,reports/awas/DSTO-TR-3006.pdf,31,AWAS Army women,Australia,military,Army,F,,other:substernale_height,Substernale Height,mm,1162.00,53.10,277,1075.00,1160.00,1254.00,A,Report code M05; unweighted sample statistics,A,awas|AWAS Army women,1
awas,reports/awas/DSTO-TR-3006.pdf,32,AWAS Army men,Australia,military,Army,M,,other:tenth_rib_height,Tenth Rib Height,mm,1144.00,51.70,1860,1058.00,1145.00,1232.00,A,Report code M06; unweighted sample statistics,A,awas|AWAS Army men,1
awas,reports/awas/DSTO-TR-3006.pdf,32,AWAS Army women,Australia,military,Army,F,,other:tenth_rib_height,Tenth Rib Height,mm,1056.00,47.60,277,979.00,1055.00,1133.00,A,Report code M06; unweighted sample statistics,A,awas|AWAS Army women,1
awas,reports/awas/DSTO-TR-3006.pdf,33,AWAS Army men,Australia,military,Army,M,,iliocristale_height,Iliocristale Height,mm,1082.00,52.50,1861,998.00,1083.00,1168.00,A,Report code M07; unweighted sample statistics,A,awas|AWAS Army men,1
awas,reports/awas/DSTO-TR-3006.pdf,33,AWAS Army women,Australia,military,Army,F,,iliocristale_height,Iliocristale Height,mm,1009.00,47.90,277,932.00,1006.00,1087.00,A,Report code M07; unweighted sample statistics,A,awas|AWAS Army women,1
awas,reports/awas/DSTO-TR-3006.pdf,34,AWAS Army men,Australia,military,Army,M,,crotch_height,Crotch Height,mm,856.00,46.30,1861,778.00,855.00,934.00,A,Report code M08; unweighted sample statistics,A,awas|AWAS Army men,1
awas,reports/awas/DSTO-TR-3006.pdf,34,AWAS Army women,Australia,military,Army,F,,crotch_height,Crotch Height,mm,791.00,40.90,277,713.00,790.00,861.00,A,Report code M08; unweighted sample statistics,A,awas|AWAS Army women,1
awas,reports/awas/DSTO-TR-3006.pdf,35,AWAS Army men,Australia,military,Army,M,,eye_height_sitting,Eye Height Sitting,mm,806.00,34.80,1861,750.00,806.00,864.00,A,Report code M09; unweighted sample statistics,A,awas|AWAS Army men,1
awas,reports/awas/DSTO-TR-3006.pdf,35,AWAS Army women,Australia,military,Army,F,,eye_height_sitting,Eye Height Sitting,mm,758.00,31.20,277,706.00,757.00,808.00,A,Report code M09; unweighted sample statistics,A,awas|AWAS Army women,1
awas,reports/awas/DSTO-TR-3006.pdf,36,AWAS Army men,Australia,military,Army,M,,acromion_height_sitting,Acromion Height Sitting,mm,599.00,30.20,1858,550.00,598.00,649.00,A,Report code M10; unweighted sample statistics,A,awas|AWAS Army men,1
awas,reports/awas/DSTO-TR-3006.pdf,36,AWAS Army women,Australia,military,Army,F,,acromion_height_sitting,Acromion Height Sitting,mm,571.00,27.80,277,526.00,569.00,613.00,A,Report code M10; unweighted sample statistics,A,awas|AWAS Army women,1
awas,reports/awas/DSTO-TR-3006.pdf,37,AWAS Army men,Australia,military,Army,M,,elbow_rest_height,Elbow Rest Height,mm,232.00,26.30,1861,190.00,232.00,275.00,A,Report code M11; unweighted sample statistics,A,awas|AWAS Army men,1
awas,reports/awas/DSTO-TR-3006.pdf,37,AWAS Army women,Australia,military,Army,F,,elbow_rest_height,Elbow Rest Height,mm,234.00,24.30,277,188.00,233.00,276.00,A,Report code M11; unweighted sample statistics,A,awas|AWAS Army women,1
awas,reports/awas/DSTO-TR-3006.pdf,38,AWAS Army men,Australia,military,Army,M,,thigh_clearance,Thigh Clearance,mm,176.00,14.50,1861,153.00,176.00,201.00,A,Report code M12; unweighted sample statistics,A,awas|AWAS Army men,1
awas,reports/awas/DSTO-TR-3006.pdf,38,AWAS Army women,Australia,military,Army,F,,thigh_clearance,Thigh Clearance,mm,160.00,14.40,277,137.00,159.00,184.00,A,Report code M12; unweighted sample statistics,A,awas|AWAS Army women,1
awas,reports/awas/DSTO-TR-3006.pdf,39,AWAS Army men,Australia,military,Army,M,,knee_height_sitting,Knee Height Sitting,mm,555.00,27.90,1861,509.00,555.00,601.00,A,Report code M13; unweighted sample statistics,A,awas|AWAS Army men,1
awas,reports/awas/DSTO-TR-3006.pdf,39,AWAS Army women,Australia,military,Army,F,,knee_height_sitting,Knee Height Sitting,mm,511.00,25.00,277,474.00,510.00,556.00,A,Report code M13; unweighted sample statistics,A,awas|AWAS Army women,1
awas,reports/awas/DSTO-TR-3006.pdf,40,AWAS Army men,Australia,military,Army,M,,popliteal_height,Popliteal Height,mm,445.00,25.30,1861,404.00,444.00,486.00,A,Report code M14; unweighted sample statistics,A,awas|AWAS Army men,1
awas,reports/awas/DSTO-TR-3006.pdf,40,AWAS Army women,Australia,military,Army,F,,popliteal_height,Popliteal Height,mm,411.00,24.60,277,367.00,410.00,450.00,A,Report code M14; unweighted sample statistics,A,awas|AWAS Army women,1
awas,reports/awas/DSTO-TR-3006.pdf,41,AWAS Army men,Australia,military,Army,M,,interpupillary_breadth,Interpupillary Breadth,mm,65.00,4.10,1861,59.00,65.00,73.00,A,Report code M15; unweighted sample statistics,A,awas|AWAS Army men,1
awas,reports/awas/DSTO-TR-3006.pdf,41,AWAS Army women,Australia,military,Army,F,,interpupillary_breadth,Interpupillary Breadth,mm,63.00,4.80,277,56.00,63.00,73.00,A,Report code M15; unweighted sample statistics,A,awas|AWAS Army women,1
awas,reports/awas/DSTO-TR-3006.pdf,42,AWAS Army men,Australia,military,Army,M,,bizygomatic_breadth,Bizygomatic Breadth,mm,139.00,6.70,1861,127.00,139.00,149.00,A,Report code M16; unweighted sample statistics,A,awas|AWAS Army men,1
awas,reports/awas/DSTO-TR-3006.pdf,42,AWAS Army women,Australia,military,Army,F,,bizygomatic_breadth,Bizygomatic Breadth,mm,129.00,6.10,277,119.00,130.00,138.00,A,Report code M16; unweighted sample statistics,A,awas|AWAS Army women,1
awas,reports/awas/DSTO-TR-3006.pdf,43,AWAS Army men,Australia,military,Army,M,,other:biacromial_breadth,Biacromial Breadth,mm,414.00,20.60,1861,382.00,414.00,448.00,A,Report code M17; unweighted sample statistics,A,awas|AWAS Army men,1
awas,reports/awas/DSTO-TR-3006.pdf,43,AWAS Army women,Australia,military,Army,F,,other:biacromial_breadth,Biacromial Breadth,mm,373.00,17.40,277,344.00,373.00,399.00,A,Report code M17; unweighted sample statistics,A,awas|AWAS Army women,1
awas,reports/awas/DSTO-TR-3006.pdf,44,AWAS Army men,Australia,military,Army,M,,bideltoid_breadth,Bideltoid Breadth,mm,495.00,28.00,1861,449.00,494.00,542.00,A,Report code M18; unweighted sample statistics,A,awas|AWAS Army men,1
awas,reports/awas/DSTO-TR-3006.pdf,44,AWAS Army women,Australia,military,Army,F,,bideltoid_breadth,Bideltoid Breadth,mm,438.00,25.80,277,400.00,437.00,486.00,A,Report code M18; unweighted sample statistics,A,awas|AWAS Army women,1
awas,reports/awas/DSTO-TR-3006.pdf,45,AWAS Army men,Australia,military,Army,M,,chest_breadth,Chest Breadth,mm,305.00,25.70,1860,267.00,303.00,351.00,A,Report code M19; unweighted sample statistics,A,awas|AWAS Army men,1
awas,reports/awas/DSTO-TR-3006.pdf,45,AWAS Army women,Australia,military,Army,F,,chest_breadth,Chest Breadth,mm,274.00,23.30,277,237.00,272.00,314.00,A,Report code M19; unweighted sample statistics,A,awas|AWAS Army women,1
awas,reports/awas/DSTO-TR-3006.pdf,46,AWAS Army men,Australia,military,Army,M,,chest_depth,Chest Depth,mm,251.00,23.30,1861,215.00,250.00,290.00,A,Report code M20; unweighted sample statistics,A,awas|AWAS Army men,1
awas,reports/awas/DSTO-TR-3006.pdf,46,AWAS Army women,Australia,military,Army,F,,chest_depth,Chest Depth,mm,239.00,25.50,277,200.00,235.00,286.00,A,Report code M20; unweighted sample statistics,A,awas|AWAS Army women,1
awas,reports/awas/DSTO-TR-3006.pdf,47,AWAS Army men,Australia,military,Army,M,,bicristal_breadth,Bicristale Breadth,mm,291.00,21.70,1861,258.00,290.00,330.00,A,Report code M21; unweighted sample statistics,A,awas|AWAS Army men,1
awas,reports/awas/DSTO-TR-3006.pdf,47,AWAS Army women,Australia,military,Army,F,,bicristal_breadth,Bicristale Breadth,mm,282.00,17.70,277,254.00,284.00,313.00,A,Report code M21; unweighted sample statistics,A,awas|AWAS Army women,1
awas,reports/awas/DSTO-TR-3006.pdf,48,AWAS Army men,Australia,military,Army,M,,forearm_forearm_breadth,Forearm-Forearm Breadth,mm,550.00,49.20,1861,467.00,552.00,631.00,A,Report code M22; unweighted sample statistics,A,awas|AWAS Army men,1
awas,reports/awas/DSTO-TR-3006.pdf,48,AWAS Army women,Australia,military,Army,F,,forearm_forearm_breadth,Forearm-Forearm Breadth,mm,467.00,41.70,277,397.00,467.00,544.00,A,Report code M22; unweighted sample statistics,A,awas|AWAS Army women,1
awas,reports/awas/DSTO-TR-3006.pdf,49,AWAS Army men,Australia,military,Army,M,,abdominal_depth_sitting,Abdominal Extension Depth Sitting,mm,246.00,30.80,1861,205.00,241.00,304.00,A,Report code M23; unweighted sample statistics,A,awas|AWAS Army men,1
awas,reports/awas/DSTO-TR-3006.pdf,49,AWAS Army women,Australia,military,Army,F,,abdominal_depth_sitting,Abdominal Extension Depth Sitting,mm,226.00,31.80,277,183.00,221.00,289.00,A,Report code M23; unweighted sample statistics,A,awas|AWAS Army women,1
awas,reports/awas/DSTO-TR-3006.pdf,50,AWAS Army men,Australia,military,Army,M,,hip_breadth_sitting,Hip Breadth Sitting,mm,370.00,29.40,1861,327.00,368.00,422.00,A,Report code M24; unweighted sample statistics,A,awas|AWAS Army men,1
awas,reports/awas/DSTO-TR-3006.pdf,50,AWAS Army women,Australia,military,Army,F,,hip_breadth_sitting,Hip Breadth Sitting,mm,392.00,32.30,277,344.00,391.00,446.00,A,Report code M24; unweighted sample statistics,A,awas|AWAS Army women,1
awas,reports/awas/DSTO-TR-3006.pdf,51,AWAS Army men,Australia,military,Army,M,,buttock_knee_length,Buttock-Knee Length,mm,615.00,29.10,1861,567.00,614.00,664.00,A,Report code M25; unweighted sample statistics,A,awas|AWAS Army men,1
awas,reports/awas/DSTO-TR-3006.pdf,51,AWAS Army women,Australia,military,Army,F,,buttock_knee_length,Buttock-Knee Length,mm,582.00,26.10,277,540.00,579.00,627.00,A,Report code M25; unweighted sample statistics,A,awas|AWAS Army women,1
awas,reports/awas/DSTO-TR-3006.pdf,52,AWAS Army men,Australia,military,Army,M,,buttock_popliteal_length,Buttock-Popliteal Length,mm,503.00,26.40,1860,462.00,504.00,549.00,A,Report code M26; unweighted sample statistics,A,awas|AWAS Army men,1
awas,reports/awas/DSTO-TR-3006.pdf,52,AWAS Army women,Australia,military,Army,F,,buttock_popliteal_length,Buttock-Popliteal Length,mm,483.00,24.00,277,447.00,481.00,526.00,A,Report code M26; unweighted sample statistics,A,awas|AWAS Army women,1
awas,reports/awas/DSTO-TR-3006.pdf,53,AWAS Army men,Australia,military,Army,M,,foot_breadth,Foot Breadth,mm,100.00,6.00,1861,90.00,100.00,110.00,A,Report code M27; unweighted sample statistics,A,awas|AWAS Army men,1
awas,reports/awas/DSTO-TR-3006.pdf,53,AWAS Army women,Australia,military,Army,F,,foot_breadth,Foot Breadth,mm,90.00,5.10,277,83.00,90.00,100.00,A,Report code M27; unweighted sample statistics,A,awas|AWAS Army women,1
awas,reports/awas/DSTO-TR-3006.pdf,54,AWAS Army men,Australia,military,Army,M,,head_circumference,Head Circumference,mm,571.00,15.20,1860,545.00,571.00,595.00,A,Report code M28; unweighted sample statistics,A,awas|AWAS Army men,1
awas,reports/awas/DSTO-TR-3006.pdf,54,AWAS Army women,Australia,military,Army,F,,head_circumference,Head Circumference,mm,549.00,13.40,277,530.00,550.00,570.00,A,Report code M28; unweighted sample statistics,A,awas|AWAS Army women,1
awas,reports/awas/DSTO-TR-3006.pdf,55,AWAS Army men,Australia,military,Army,M,,neck_circumference_base,Neck Circumference Base,mm,436.00,24.30,1861,399.00,434.00,478.00,A,Report code M29; unweighted sample statistics,A,awas|AWAS Army men,1
awas,reports/awas/DSTO-TR-3006.pdf,55,AWAS Army women,Australia,military,Army,F,,neck_circumference_base,Neck Circumference Base,mm,377.00,22.30,277,346.00,375.00,420.00,A,Report code M29; unweighted sample statistics,A,awas|AWAS Army women,1
awas,reports/awas/DSTO-TR-3006.pdf,56,AWAS Army men,Australia,military,Army,M,,shoulder_length,Shoulder Length,mm,147.00,12.90,1860,125.00,146.00,167.00,A,Report code M30; unweighted sample statistics,A,awas|AWAS Army men,1
awas,reports/awas/DSTO-TR-3006.pdf,56,AWAS Army women,Australia,military,Army,F,,shoulder_length,Shoulder Length,mm,134.00,10.20,277,118.00,133.00,151.00,A,Report code M30; unweighted sample statistics,A,awas|AWAS Army women,1
awas,reports/awas/DSTO-TR-3006.pdf,57,AWAS Army men,Australia,military,Army,M,,biceps_circumference_flexed,Biceps Circumference Flexed,mm,354.00,30.40,1861,303.00,355.00,405.00,A,Report code M31; unweighted sample statistics,A,awas|AWAS Army men,1
awas,reports/awas/DSTO-TR-3006.pdf,57,AWAS Army women,Australia,military,Army,F,,biceps_circumference_flexed,Biceps Circumference Flexed,mm,299.00,26.90,277,257.00,299.00,349.00,A,Report code M31; unweighted sample statistics,A,awas|AWAS Army women,1
awas,reports/awas/DSTO-TR-3006.pdf,58,AWAS Army men,Australia,military,Army,M,,forearm_circumference_flexed,Forearm Circumference Flexed,mm,304.00,19.50,1861,272.00,305.00,336.00,A,Report code M32; unweighted sample statistics,A,awas|AWAS Army men,1
awas,reports/awas/DSTO-TR-3006.pdf,58,AWAS Army women,Australia,military,Army,F,,forearm_circumference_flexed,Forearm Circumference Flexed,mm,259.00,18.00,277,232.00,257.00,291.00,A,Report code M32; unweighted sample statistics,A,awas|AWAS Army women,1
awas,reports/awas/DSTO-TR-3006.pdf,59,AWAS Army men,Australia,military,Army,M,,chest_circumference,Chest Circumference,mm,1010.00,74.30,1860,893.00,1009.00,1141.00,A,Report code M33; unweighted sample statistics,A,awas|AWAS Army men,1
awas,reports/awas/DSTO-TR-3006.pdf,59,AWAS Army women,Australia,military,Army,F,,chest_circumference,Chest Circumference,mm,907.00,75.10,277,803.00,899.00,1048.00,A,Report code M33; unweighted sample statistics,A,awas|AWAS Army women,1
awas,reports/awas/DSTO-TR-3006.pdf,60,AWAS Army women,Australia,military,Army,F,,other:chest_circumference_below_breast,Chest Circumference Below Breast,mm,765.00,59.20,276,686.00,754.00,874.00,A,Report code M34; unweighted sample statistics,A,awas|AWAS Army women,1
awas,reports/awas/DSTO-TR-3006.pdf,61,AWAS Army men,Australia,military,Army,M,,waist_circumference,Waist Circumference Omphalion,mm,888.00,93.50,1861,759.00,875.00,1064.00,A,Report code M35; unweighted sample statistics,A,awas|AWAS Army men,1
awas,reports/awas/DSTO-TR-3006.pdf,61,AWAS Army women,Australia,military,Army,F,,waist_circumference,Waist Circumference Omphalion,mm,837.00,90.40,277,702.00,827.00,1022.00,A,Report code M35; unweighted sample statistics,A,awas|AWAS Army women,1
awas,reports/awas/DSTO-TR-3006.pdf,62,AWAS Army men,Australia,military,Army,M,,buttock_circumference,Buttock Circumference,mm,999.00,68.60,1861,898.00,992.00,1124.00,A,Report code M36; unweighted sample statistics,A,awas|AWAS Army men,1
awas,reports/awas/DSTO-TR-3006.pdf,62,AWAS Army women,Australia,military,Army,F,,buttock_circumference,Buttock Circumference,mm,991.00,71.70,277,888.00,983.00,1113.00,A,Report code M36; unweighted sample statistics,A,awas|AWAS Army women,1
awas,reports/awas/DSTO-TR-3006.pdf,63,AWAS Army men,Australia,military,Army,M,,thumbtip_reach,Thumbtip Reach,mm,781.00,43.60,1861,710.00,780.00,855.00,A,Report code M37; unweighted sample statistics,A,awas|AWAS Army men,1
awas,reports/awas/DSTO-TR-3006.pdf,63,AWAS Army women,Australia,military,Army,F,,thumbtip_reach,Thumbtip Reach,mm,713.00,39.40,276,651.00,710.00,779.00,A,Report code M37; unweighted sample statistics,A,awas|AWAS Army women,1
awas,reports/awas/DSTO-TR-3006.pdf,64,AWAS Army men,Australia,military,Army,M,,stature,Stature,mm,1785.00,68.30,1861,1672.00,1784.00,1899.00,A,Report code M38; unweighted sample statistics,A,awas|AWAS Army men,1
awas,reports/awas/DSTO-TR-3006.pdf,64,AWAS Army women,Australia,military,Army,F,,stature,Stature,mm,1654.00,61.10,277,1549.00,1654.00,1755.00,A,Report code M38; unweighted sample statistics,A,awas|AWAS Army women,1
awas,reports/awas/DSTO-TR-3006.pdf,65,AWAS Army men,Australia,military,Army,M,,sitting_height,Sitting Height,mm,936.00,34.10,1861,881.00,936.00,991.00,A,Report code M39; unweighted sample statistics,A,awas|AWAS Army men,1
awas,reports/awas/DSTO-TR-3006.pdf,65,AWAS Army women,Australia,military,Army,F,,sitting_height,Sitting Height,mm,875.00,31.50,277,824.00,873.00,929.00,A,Report code M39; unweighted sample statistics,A,awas|AWAS Army women,1
awas,reports/awas/DSTO-TR-3006.pdf,66,AWAS Army men,Australia,military,Army,M,,mass,Weight,kg,82.70,12.20,1861,64.20,81.70,104.90,A,Report code M40; unweighted sample statistics,A,awas|AWAS Army men,1
awas,reports/awas/DSTO-TR-3006.pdf,66,AWAS Army women,Australia,military,Army,F,,mass,Weight,kg,66.00,9.70,277,51.70,65.00,83.60,A,Report code M40; unweighted sample statistics,A,awas|AWAS Army women,1
awas,reports/awas/DSTO-TR-3006.pdf,67,AWAS Army men,Australia,military,Army,M,,head_breadth,Head Breadth,mm,161.00,5.60,1861,152.00,161.00,170.00,A,Report code M41; unweighted sample statistics,A,awas|AWAS Army men,1
awas,reports/awas/DSTO-TR-3006.pdf,67,AWAS Army women,Australia,military,Army,F,,head_breadth,Head Breadth,mm,155.00,5.40,276,145.00,154.00,163.00,A,Report code M41; unweighted sample statistics,A,awas|AWAS Army women,1
awas,reports/awas/DSTO-TR-3006.pdf,68,AWAS Army men,Australia,military,Army,M,,head_length,Head Length,mm,209.00,6.50,1860,198.00,209.00,219.00,A,Report code M42; unweighted sample statistics,A,awas|AWAS Army men,1
awas,reports/awas/DSTO-TR-3006.pdf,69,AWAS Army men,Australia,military,Army,M,,menton_sellion_length,Menton-Sellion Length,mm,117.00,4.10,1858,110.00,117.00,124.00,A,Report code M43; unweighted sample statistics,A,awas|AWAS Army men,1
awas,reports/awas/DSTO-TR-3006.pdf,69,AWAS Army women,Australia,military,Army,F,,menton_sellion_length,Menton-Sellion Length,mm,112.00,3.90,276,105.00,112.00,118.00,A,Report code M43; unweighted sample statistics,A,awas|AWAS Army women,1
awas,reports/awas/DSTO-TR-3006.pdf,70,AWAS Army men,Australia,military,Army,M,,other:bitragion_submandibular_arc,Bitragion Submandibular Arc,mm,308.00,16.70,1516,281.00,308.00,336.00,A,Report code M44; unweighted sample statistics,A,awas|AWAS Army men,1
awas,reports/awas/DSTO-TR-3006.pdf,70,AWAS Army women,Australia,military,Army,F,,other:bitragion_submandibular_arc,Bitragion Submandibular Arc,mm,273.00,15.20,236,247.00,272.00,298.00,A,Report code M44; unweighted sample statistics,A,awas|AWAS Army women,1
awas,reports/awas/DSTO-TR-3006.pdf,71,AWAS Army men,Australia,military,Army,M,,neck_circumference,Neck Circumference,mm,393.00,23.00,1519,356.00,393.00,433.00,A,Report code M45; unweighted sample statistics,A,awas|AWAS Army men,1
awas,reports/awas/DSTO-TR-3006.pdf,71,AWAS Army women,Australia,military,Army,F,,neck_circumference,Neck Circumference,mm,329.00,20.00,236,301.00,326.00,362.00,A,Report code M45; unweighted sample statistics,A,awas|AWAS Army women,1
awas,reports/awas/DSTO-TR-3006.pdf,72,AWAS Army men,Australia,military,Army,M,,other:nape_to_bustpoint_thelion_length,Nape to Bustpoint Thelion Length,mm,378.00,22.90,1519,341.00,378.00,418.00,A,Report code M46; unweighted sample statistics,A,awas|AWAS Army men,1
awas,reports/awas/DSTO-TR-3006.pdf,72,AWAS Army women,Australia,military,Army,F,,other:nape_to_bustpoint_thelion_length,Nape to Bustpoint Thelion Length,mm,360.00,24.40,236,321.00,358.00,407.00,A,Report code M46; unweighted sample statistics,A,awas|AWAS Army women,1
awas,reports/awas/DSTO-TR-3006.pdf,73,AWAS Army men,Australia,military,Army,M,,other:nape_to_waist_over_bust,Nape to Waist over Bust,mm,637.00,33.80,1519,585.00,635.00,696.00,A,Report code M47; unweighted sample statistics,A,awas|AWAS Army men,1
awas,reports/awas/DSTO-TR-3006.pdf,73,AWAS Army women,Australia,military,Army,F,,other:nape_to_waist_over_bust,Nape to Waist over Bust,mm,584.00,31.90,236,532.00,582.00,637.00,A,Report code M47; unweighted sample statistics,A,awas|AWAS Army women,1
awas,reports/awas/DSTO-TR-3006.pdf,74,AWAS Army men,Australia,military,Army,M,,other:scye_depth,Scye Depth,mm,213.00,18.20,1860,182.00,213.00,243.00,A,Report code M49; unweighted sample statistics,A,awas|AWAS Army men,1
awas,reports/awas/DSTO-TR-3006.pdf,74,AWAS Army women,Australia,military,Army,F,,other:scye_depth,Scye Depth,mm,188.00,15.40,276,164.00,187.00,215.00,A,Report code M49; unweighted sample statistics,A,awas|AWAS Army women,1
awas,reports/awas/DSTO-TR-3006.pdf,75,AWAS Army men,Australia,military,Army,M,,other:back_width,Back Width,mm,372.00,25.90,1861,330.00,372.00,415.00,A,Report code M50; unweighted sample statistics,A,awas|AWAS Army men,1
awas,reports/awas/DSTO-TR-3006.pdf,75,AWAS Army women,Australia,military,Army,F,,other:back_width,Back Width,mm,322.00,22.60,276,287.00,321.00,359.00,A,Report code M50; unweighted sample statistics,A,awas|AWAS Army women,1
awas,reports/awas/DSTO-TR-3006.pdf,76,AWAS Army men,Australia,military,Army,M,,other:back_length,Back Length,mm,470.00,26.70,1854,428.00,470.00,515.00,A,Report code M51; unweighted sample statistics,A,awas|AWAS Army men,1
awas,reports/awas/DSTO-TR-3006.pdf,76,AWAS Army women,Australia,military,Army,F,,other:back_length,Back Length,mm,435.00,24.10,276,394.00,435.00,475.00,A,Report code M51; unweighted sample statistics,A,awas|AWAS Army women,1
awas,reports/awas/DSTO-TR-3006.pdf,77,AWAS Army men,Australia,military,Army,M,,other:nape_to_waist_centre_back,Nape to Waist Centre Back,mm,531.00,33.90,1519,475.00,531.00,587.00,A,Report code M52; unweighted sample statistics,A,awas|AWAS Army men,1
awas,reports/awas/DSTO-TR-3006.pdf,77,AWAS Army women,Australia,military,Army,F,,other:nape_to_waist_centre_back,Nape to Waist Centre Back,mm,493.00,33.30,236,442.00,492.00,551.00,A,Report code M52; unweighted sample statistics,A,awas|AWAS Army women,1
awas,reports/awas/DSTO-TR-3006.pdf,78,AWAS Army men,Australia,military,Army,M,,other:vertical_trunk_circumference_wide,Vertical Trunk Circumference Wide,mm,1660.00,61.70,1519,1558.00,1657.00,1763.00,A,Report code M53; unweighted sample statistics,A,awas|AWAS Army men,1
awas,reports/awas/DSTO-TR-3006.pdf,78,AWAS Army women,Australia,military,Army,F,,other:vertical_trunk_circumference_wide,Vertical Trunk Circumference Wide,mm,1537.00,52.60,235,1458.00,1535.00,1632.00,A,Report code M53; unweighted sample statistics,A,awas|AWAS Army women,1
awas,reports/awas/DSTO-TR-3006.pdf,79,AWAS Army men,Australia,military,Army,M,,other:crotch_length_omphalion,Crotch Length Omphalion,mm,673.00,14.10,1519,650.00,674.00,697.00,A,Report code M54; unweighted sample statistics,A,awas|AWAS Army men,1
awas,reports/awas/DSTO-TR-3006.pdf,79,AWAS Army women,Australia,military,Army,F,,other:crotch_length_omphalion,Crotch Length Omphalion,mm,633.00,13.20,236,611.00,631.00,653.00,A,Report code M54; unweighted sample statistics,A,awas|AWAS Army women,1
awas,reports/awas/DSTO-TR-3006.pdf,80,AWAS Army men,Australia,military,Army,M,,other:waist_circumference_preferred,Waist Circumference Preferred,mm,924.00,91.20,1519,799.00,910.00,1098.00,A,Report code M55; unweighted sample statistics,A,awas|AWAS Army men,1
awas,reports/awas/DSTO-TR-3006.pdf,80,AWAS Army women,Australia,military,Army,F,,other:waist_circumference_preferred,Waist Circumference Preferred,mm,894.00,85.00,236,768.00,889.00,1056.00,A,Report code M55; unweighted sample statistics,A,awas|AWAS Army women,1
awas,reports/awas/DSTO-TR-3006.pdf,81,AWAS Army men,Australia,military,Army,M,,other:maximum_hip_circumference,Maximum Hip Circumference,mm,997.00,65.20,1856,899.00,991.00,1116.00,A,Report code M56; unweighted sample statistics,A,awas|AWAS Army men,1
awas,reports/awas/DSTO-TR-3006.pdf,81,AWAS Army women,Australia,military,Army,F,,other:maximum_hip_circumference,Maximum Hip Circumference,mm,992.00,65.40,275,891.00,987.00,1109.00,A,Report code M56; unweighted sample statistics,A,awas|AWAS Army women,1
awas,reports/awas/DSTO-TR-3006.pdf,82,AWAS Army men,Australia,military,Army,M,,other:waist_hip_distance,Waist-Hip Distance,mm,127.00,18.20,1855,95.00,128.00,156.00,A,Report code M57; unweighted sample statistics,A,awas|AWAS Army men,1
awas,reports/awas/DSTO-TR-3006.pdf,82,AWAS Army women,Australia,military,Army,F,,other:waist_hip_distance,Waist-Hip Distance,mm,178.00,23.90,275,140.00,179.00,218.00,A,Report code M57; unweighted sample statistics,A,awas|AWAS Army women,1
awas,reports/awas/DSTO-TR-3006.pdf,83,AWAS Army women,Australia,military,Army,F,,other:high_hip,High Hip,mm,973.00,71.10,275,857.00,961.00,1101.00,A,Report code M58; unweighted sample statistics,A,awas|AWAS Army women,1
awas,reports/awas/DSTO-TR-3006.pdf,84,AWAS Army men,Australia,military,Army,M,,other:hip_circumference,Hip Circumference,mm,1023.00,69.40,1850,916.00,1020.00,1147.00,A,Report code M59; unweighted sample statistics,A,awas|AWAS Army men,1
awas,reports/awas/DSTO-TR-3006.pdf,84,AWAS Army women,Australia,military,Army,F,,other:hip_circumference,Hip Circumference,mm,993.00,65.60,243,892.00,985.00,1105.00,A,Report code M59; unweighted sample statistics,A,awas|AWAS Army women,1
awas,reports/awas/DSTO-TR-3006.pdf,85,AWAS Army men,Australia,military,Army,M,,acromion_radiale_length,Acromion-Radiale Length,mm,343.00,19.00,1857,310.00,343.00,375.00,A,Report code M60; unweighted sample statistics,A,awas|AWAS Army men,1
awas,reports/awas/DSTO-TR-3006.pdf,85,AWAS Army women,Australia,military,Army,F,,acromion_radiale_length,Acromion-Radiale Length,mm,312.00,16.70,276,286.00,312.00,345.00,A,Report code M60; unweighted sample statistics,A,awas|AWAS Army women,1
awas,reports/awas/DSTO-TR-3006.pdf,86,AWAS Army men,Australia,military,Army,M,,radiale_stylion_length,Radiale-Stylion Length,mm,265.00,15.20,1861,240.00,264.00,289.00,A,Report code M61; unweighted sample statistics,A,awas|AWAS Army men,1
awas,reports/awas/DSTO-TR-3006.pdf,86,AWAS Army women,Australia,military,Army,F,,radiale_stylion_length,Radiale-Stylion Length,mm,240.00,13.40,276,218.00,240.00,262.00,A,Report code M61; unweighted sample statistics,A,awas|AWAS Army women,1
awas,reports/awas/DSTO-TR-3006.pdf,87,AWAS Army men,Australia,military,Army,M,,sleeve_outseam,Sleeve Outseam,mm,617.00,31.70,1855,566.00,617.00,672.00,A,Report code M62; unweighted sample statistics,A,awas|AWAS Army men,1
awas,reports/awas/DSTO-TR-3006.pdf,87,AWAS Army women,Australia,military,Army,F,,sleeve_outseam,Sleeve Outseam,mm,559.00,27.00,276,519.00,558.00,605.00,A,Report code M62; unweighted sample statistics,A,awas|AWAS Army women,1
awas,reports/awas/DSTO-TR-3006.pdf,88,AWAS Army men,Australia,military,Army,M,,wrist_circumference,Wrist Circumference,mm,186.00,11.20,1859,169.00,185.00,205.00,A,Report code M63; unweighted sample statistics,A,awas|AWAS Army men,1
awas,reports/awas/DSTO-TR-3006.pdf,88,AWAS Army women,Australia,military,Army,F,,wrist_circumference,Wrist Circumference,mm,164.00,9.50,276,151.00,163.00,182.00,A,Report code M63; unweighted sample statistics,A,awas|AWAS Army women,1
awas,reports/awas/DSTO-TR-3006.pdf,89,AWAS Army men,Australia,military,Army,M,,hand_circumference,Hand Circumference,mm,213.00,11.10,1855,195.00,212.00,231.00,A,Report code M64; unweighted sample statistics,A,awas|AWAS Army men,1
awas,reports/awas/DSTO-TR-3006.pdf,89,AWAS Army women,Australia,military,Army,F,,hand_circumference,Hand Circumference,mm,186.00,9.10,275,171.00,186.00,201.00,A,Report code M64; unweighted sample statistics,A,awas|AWAS Army women,1
awas,reports/awas/DSTO-TR-3006.pdf,90,AWAS Army men,Australia,military,Army,M,,hand_breadth,Hand Breadth,mm,89.00,4.40,1860,82.00,89.00,97.00,A,Report code M65; unweighted sample statistics,A,awas|AWAS Army men,1
awas,reports/awas/DSTO-TR-3006.pdf,90,AWAS Army women,Australia,military,Army,F,,hand_breadth,Hand Breadth,mm,78.00,3.70,276,72.00,79.00,85.00,A,Report code M65; unweighted sample statistics,A,awas|AWAS Army women,1
awas,reports/awas/DSTO-TR-3006.pdf,91,AWAS Army men,Australia,military,Army,M,,hand_length,Hand Length,mm,193.00,11.00,1859,176.00,193.00,212.00,A,Report code M66; unweighted sample statistics,A,awas|AWAS Army men,1
awas,reports/awas/DSTO-TR-3006.pdf,91,AWAS Army women,Australia,military,Army,F,,hand_length,Hand Length,mm,176.00,9.80,276,159.00,175.00,193.00,A,Report code M66; unweighted sample statistics,A,awas|AWAS Army women,1
awas,reports/awas/DSTO-TR-3006.pdf,92,AWAS Army men,Australia,military,Army,M,,thigh_circumference,Thigh Circumference,mm,615.00,51.20,1519,536.00,614.00,707.00,A,Report code M67; unweighted sample statistics,A,awas|AWAS Army men,1
awas,reports/awas/DSTO-TR-3006.pdf,92,AWAS Army women,Australia,military,Army,F,,thigh_circumference,Thigh Circumference,mm,612.00,47.70,236,532.00,610.00,695.00,A,Report code M67; unweighted sample statistics,A,awas|AWAS Army women,1
awas,reports/awas/DSTO-TR-3006.pdf,93,AWAS Army men,Australia,military,Army,M,,other:knee_circumference,Knee Circumference,mm,394.00,25.00,1852,356.00,392.00,438.00,A,Report code M68; unweighted sample statistics,A,awas|AWAS Army men,1
awas,reports/awas/DSTO-TR-3006.pdf,93,AWAS Army women,Australia,military,Army,F,,other:knee_circumference,Knee Circumference,mm,377.00,26.70,273,337.00,374.00,429.00,A,Report code M68; unweighted sample statistics,A,awas|AWAS Army women,1
awas,reports/awas/DSTO-TR-3006.pdf,94,AWAS Army men,Australia,military,Army,M,,calf_circumference,Calf Circumference,mm,390.00,27.30,1844,347.00,389.00,439.00,A,Report code M69; unweighted sample statistics,A,awas|AWAS Army men,1
awas,reports/awas/DSTO-TR-3006.pdf,94,AWAS Army women,Australia,military,Army,F,,calf_circumference,Calf Circumference,mm,375.00,27.60,271,336.00,373.00,423.00,A,Report code M69; unweighted sample statistics,A,awas|AWAS Army women,1
awas,reports/awas/DSTO-TR-3006.pdf,95,AWAS Army men,Australia,military,Army,M,,ankle_circumference,Ankle Circumference,mm,230.00,15.00,1858,206.00,230.00,255.00,A,Report code M70; unweighted sample statistics,A,awas|AWAS Army men,1
awas,reports/awas/DSTO-TR-3006.pdf,95,AWAS Army women,Australia,military,Army,F,,ankle_circumference,Ankle Circumference,mm,221.00,14.40,276,198.00,219.00,246.00,A,Report code M70; unweighted sample statistics,A,awas|AWAS Army women,1
awas,reports/awas/DSTO-TR-3006.pdf,96,AWAS Army men,Australia,military,Army,M,,foot_length,Foot Length,mm,269.00,13.20,1857,249.00,269.00,292.00,A,Report code M71; unweighted sample statistics,A,awas|AWAS Army men,1
awas,reports/awas/DSTO-TR-3006.pdf,96,AWAS Army women,Australia,military,Army,F,,foot_length,Foot Length,mm,244.00,11.50,275,224.00,244.00,263.00,A,Report code M71; unweighted sample statistics,A,awas|AWAS Army women,1
awas,reports/awas/DSTO-TR-3006.pdf,97,AWAS Army men,Australia,military,Army,M,,other:ball_of_foot_length,Ball of Foot Length,mm,200.00,11.40,1828,182.00,199.00,219.00,A,Report code M72; unweighted sample statistics,A,awas|AWAS Army men,1
awas,reports/awas/DSTO-TR-3006.pdf,97,AWAS Army women,Australia,military,Army,F,,other:ball_of_foot_length,Ball of Foot Length,mm,181.00,9.50,269,166.00,181.00,197.00,A,Report code M72; unweighted sample statistics,A,awas|AWAS Army women,1
awas,reports/awas/DSTO-TR-3006.pdf,98,AWAS Army men,Australia,military,Army,M,,other:seat_angle,Seat Angle,degrees,21.00,4.10,1858,14.00,22.00,27.00,A,"Report code M73; unweighted sample statistics; angle in degrees, not converted",A,awas|AWAS Army men,1
awas,reports/awas/DSTO-TR-3006.pdf,98,AWAS Army women,Australia,military,Army,F,,other:seat_angle,Seat Angle,degrees,21.00,4.10,276,15.00,21.00,29.00,A,"Report code M73; unweighted sample statistics; angle in degrees, not converted",A,awas|AWAS Army women,1
awas,reports/awas/DSTO-TR-3006.pdf,99,AWAS Army men,Australia,military,Army,M,,other:outside_leg_length,Outside Leg Length,mm,987.00,51.40,1854,903.00,986.00,1074.00,A,Report code M74; unweighted sample statistics,A,awas|AWAS Army men,1
awas,reports/awas/DSTO-TR-3006.pdf,99,AWAS Army women,Australia,military,Army,F,,other:outside_leg_length,Outside Leg Length,mm,926.00,50.20,276,846.00,929.00,1012.00,A,Report code M74; unweighted sample statistics,A,awas|AWAS Army women,1
awas,reports/awas/DSTO-TR-3006.pdf,101,AWAS Army men,Australia,military,Army,M,,other:waist_level_centre_front,Waist Level Centre Front,mm,987.00,50.90,1861,903.00,985.00,1073.00,A,Report code M77; unweighted sample statistics,A,awas|AWAS Army men,1
awas,reports/awas/DSTO-TR-3006.pdf,101,AWAS Army women,Australia,military,Army,F,,other:waist_level_centre_front,Waist Level Centre Front,mm,926.00,48.60,276,851.00,928.00,1013.00,A,Report code M77; unweighted sample statistics,A,awas|AWAS Army women,1
awas,reports/awas/DSTO-TR-3006.pdf,103,AWAS Army men,Australia,military,Army,M,,other:waist_level_centre_back,Waist Level Centre Back,mm,1031.00,50.10,1861,949.00,1029.00,1115.00,A,Report code M79; unweighted sample statistics,A,awas|AWAS Army men,1
awas,reports/awas/DSTO-TR-3006.pdf,103,AWAS Army women,Australia,military,Army,F,,other:waist_level_centre_back,Waist Level Centre Back,mm,964.00,45.20,276,899.00,964.00,1040.00,A,Report code M79; unweighted sample statistics,A,awas|AWAS Army women,1
awas,reports/awas/DSTO-TR-3006.pdf,104,AWAS Army men,Australia,military,Army,M,,other:seat_level,Seat Level,mm,908.00,46.40,1861,831.00,907.00,984.00,A,Report code M80; unweighted sample statistics,A,awas|AWAS Army men,1
awas,reports/awas/DSTO-TR-3006.pdf,104,AWAS Army women,Australia,military,Army,F,,other:seat_level,Seat Level,mm,837.00,42.80,276,770.00,838.00,913.00,A,Report code M80; unweighted sample statistics,A,awas|AWAS Army women,1
awas,reports/awas/DSTO-TR-3006.pdf,105,AWAS Army men,Australia,military,Army,M,,trochanterion_height,Trochanteric Height,mm,932.00,50.10,1508,852.00,931.00,1016.00,A,Report code M81; unweighted sample statistics,A,awas|AWAS Army men,1
awas,reports/awas/DSTO-TR-3006.pdf,105,AWAS Army women,Australia,military,Army,F,,trochanterion_height,Trochanteric Height,mm,859.00,43.40,236,798.00,855.00,934.00,A,Report code M81; unweighted sample statistics,A,awas|AWAS Army women,1
awas,reports/awas/DSTO-TR-3006.pdf,106,AWAS Army men,Australia,military,Army,M,,other:knee_level,Knee Level,mm,503.00,27.30,1861,461.00,503.00,549.00,A,Report code M83; unweighted sample statistics,A,awas|AWAS Army men,1
awas,reports/awas/DSTO-TR-3006.pdf,106,AWAS Army women,Australia,military,Army,F,,other:knee_level,Knee Level,mm,458.00,26.00,276,415.00,456.00,506.00,A,Report code M83; unweighted sample statistics,A,awas|AWAS Army women,1
awas,reports/awas/DSTO-TR-3006.pdf,107,AWAS Army men,Australia,military,Army,M,,other:ankle_height,Ankle Height,mm,74.00,7.80,1859,62.00,73.00,87.00,A,Report code M84; unweighted sample statistics,A,awas|AWAS Army men,1
awas,reports/awas/DSTO-TR-3006.pdf,107,AWAS Army women,Australia,military,Army,F,,other:ankle_height,Ankle Height,mm,67.00,7.50,276,54.00,67.00,79.00,A,Report code M84; unweighted sample statistics,A,awas|AWAS Army women,1
awas,reports/awas/DSTO-TR-3006.pdf,108,AWAS Army men,Australia,military,Army,M,,other:front_length,Front Length,mm,332.00,20.80,1861,323.00,362.00,403.00,A,Report code M85; unweighted sample statistics; derived dimension (M04 minus M07); no coefficient of variation printed,A,awas|AWAS Army men,1
awas,reports/awas/DSTO-TR-3006.pdf,108,AWAS Army women,Australia,military,Army,F,,other:front_length,Front Length,mm,362.00,24.00,277,297.00,332.00,368.00,A,Report code M85; unweighted sample statistics; derived dimension (M04 minus M07); no coefficient of variation printed,A,awas|AWAS Army women,1
nzdfas,reports/nzdfas/56.pdf,95,NZDFAS all services men,New Zealand,military,Tri-service,M,2016,abdominal_depth_sitting,Abdominal extension depth sitting,mm,273.00,35.00,790,227.00,267.00,340.00,A,Post-processed measurement; percentiles P5/P50/P95 as printed; 3D-scan/physical measurement per NZDFAS protocol; pooled Army+Navy+Air Force,A,nzdfas|NZDFAS all services men,1
nzdfas,reports/nzdfas/56.pdf,95,NZDFAS Air Force men,New Zealand,military,Air Force,M,2016,abdominal_depth_sitting,Abdominal extension depth sitting,mm,271.00,38.00,216,223.00,265.00,340.00,A,Post-processed measurement; percentiles P5/P50/P95 as printed; 3D-scan/physical measurement per NZDFAS protocol,A,nzdfas|NZDFAS Air Force men,1
nzdfas,reports/nzdfas/56.pdf,95,NZDFAS Army men,New Zealand,military,Army,M,2016,abdominal_depth_sitting,Abdominal extension depth sitting,mm,272.00,33.00,486,227.00,268.00,335.00,A,Post-processed measurement; percentiles P5/P50/P95 as printed; 3D-scan/physical measurement per NZDFAS protocol,A,nzdfas|NZDFAS Army men,1
nzdfas,reports/nzdfas/56.pdf,95,NZDFAS Navy men,New Zealand,military,Navy,M,2016,abdominal_depth_sitting,Abdominal extension depth sitting,mm,281.00,41.00,88,233.00,271.00,359.00,A,Post-processed measurement; percentiles P5/P50/P95 as printed; 3D-scan/physical measurement per NZDFAS protocol,A,nzdfas|NZDFAS Navy men,1
nzdfas,reports/nzdfas/56.pdf,95,NZDFAS Air Force women,New Zealand,military,Air Force,F,2016,abdominal_depth_sitting,Abdominal extension depth sitting,mm,236.00,34.00,72,193.00,231.00,293.00,A,Post-processed measurement; percentiles P5/P50/P95 as printed; 3D-scan/physical measurement per NZDFAS protocol,A,nzdfas|NZDFAS Air Force women,1
nzdfas,reports/nzdfas/56.pdf,95,NZDFAS Army women,New Zealand,military,Army,F,2016,abdominal_depth_sitting,Abdominal extension depth sitting,mm,250.00,33.00,97,210.00,242.00,320.00,A,Post-processed measurement; percentiles P5/P50/P95 as printed; 3D-scan/physical measurement per NZDFAS protocol,A,nzdfas|NZDFAS Army women,1
nzdfas,reports/nzdfas/56.pdf,95,NZDFAS Navy women,New Zealand,military,Navy,F,2016,abdominal_depth_sitting,Abdominal extension depth sitting,mm,254.00,37.00,43,208.00,252.00,329.00,A,Post-processed measurement; percentiles P5/P50/P95 as printed; 3D-scan/physical measurement per NZDFAS protocol,A,nzdfas|NZDFAS Navy women,1
nzdfas,reports/nzdfas/56.pdf,95,NZDFAS all services women,New Zealand,military,Tri-service,F,2016,abdominal_depth_sitting,Abdominal extension depth sitting,mm,246.00,35.00,212,201.00,240.00,312.00,A,Post-processed measurement; percentiles P5/P50/P95 as printed; 3D-scan/physical measurement per NZDFAS protocol; pooled Army+Navy+Air Force,A,nzdfas|NZDFAS all services women,1
nzdfas,reports/nzdfas/56.pdf,97,NZDFAS all services men,New Zealand,military,Tri-service,M,2016,acromion_height_sitting,Acromiale height sitting,mm,623.00,30.00,790,574.00,622.00,673.00,A,Post-processed measurement; percentiles P5/P50/P95 as printed; 3D-scan/physical measurement per NZDFAS protocol; pooled Army+Navy+Air Force,A,nzdfas|NZDFAS all services men,1
nzdfas,reports/nzdfas/56.pdf,97,NZDFAS Air Force men,New Zealand,military,Air Force,M,2016,acromion_height_sitting,Acromiale height sitting,mm,625.00,28.00,216,576.00,625.00,676.00,A,Post-processed measurement; percentiles P5/P50/P95 as printed; 3D-scan/physical measurement per NZDFAS protocol,A,nzdfas|NZDFAS Air Force men,1
nzdfas,reports/nzdfas/56.pdf,97,NZDFAS Army men,New Zealand,military,Army,M,2016,acromion_height_sitting,Acromiale height sitting,mm,623.00,30.00,486,572.00,624.00,674.00,A,Post-processed measurement; percentiles P5/P50/P95 as printed; 3D-scan/physical measurement per NZDFAS protocol,A,nzdfas|NZDFAS Army men,1
nzdfas,reports/nzdfas/56.pdf,97,NZDFAS Navy men,New Zealand,military,Navy,M,2016,acromion_height_sitting,Acromiale height sitting,mm,616.00,28.00,88,568.00,614.00,662.00,A,Post-processed measurement; percentiles P5/P50/P95 as printed; 3D-scan/physical measurement per NZDFAS protocol,A,nzdfas|NZDFAS Navy men,1
nzdfas,reports/nzdfas/56.pdf,97,NZDFAS Air Force women,New Zealand,military,Air Force,F,2016,acromion_height_sitting,Acromiale height sitting,mm,593.00,29.00,72,553.00,594.00,633.00,A,Post-processed measurement; percentiles P5/P50/P95 as printed; 3D-scan/physical measurement per NZDFAS protocol,A,nzdfas|NZDFAS Air Force women,1
nzdfas,reports/nzdfas/56.pdf,97,NZDFAS Army women,New Zealand,military,Army,F,2016,acromion_height_sitting,Acromiale height sitting,mm,600.00,29.00,97,562.00,600.00,645.00,A,Post-processed measurement; percentiles P5/P50/P95 as printed; 3D-scan/physical measurement per NZDFAS protocol,A,nzdfas|NZDFAS Army women,1
nzdfas,reports/nzdfas/56.pdf,97,NZDFAS Navy women,New Zealand,military,Navy,F,2016,acromion_height_sitting,Acromiale height sitting,mm,589.00,25.00,43,548.00,595.00,627.00,A,Post-processed measurement; percentiles P5/P50/P95 as printed; 3D-scan/physical measurement per NZDFAS protocol,A,nzdfas|NZDFAS Navy women,1
nzdfas,reports/nzdfas/56.pdf,97,NZDFAS all services women,New Zealand,military,Tri-service,F,2016,acromion_height_sitting,Acromiale height sitting,mm,595.00,29.00,212,552.00,596.00,640.00,A,Post-processed measurement; percentiles P5/P50/P95 as printed; 3D-scan/physical measurement per NZDFAS protocol; pooled Army+Navy+Air Force,A,nzdfas|NZDFAS all services women,1
nzdfas,reports/nzdfas/56.pdf,99,NZDFAS all services men,New Zealand,military,Tri-service,M,2016,acromion_height,Acromiale height,mm,1466.00,60.00,790,1371.00,1467.00,1565.00,A,Post-processed measurement; percentiles P5/P50/P95 as printed; 3D-scan/physical measurement per NZDFAS protocol; pooled Army+Navy+Air Force,A,nzdfas|NZDFAS all services men,1
nzdfas,reports/nzdfas/56.pdf,99,NZDFAS Air Force men,New Zealand,military,Air Force,M,2016,acromion_height,Acromiale height,mm,1473.00,62.00,216,1381.00,1472.00,1590.00,A,Post-processed measurement; percentiles P5/P50/P95 as printed; 3D-scan/physical measurement per NZDFAS protocol,A,nzdfas|NZDFAS Air Force men,1
nzdfas,reports/nzdfas/56.pdf,99,NZDFAS Army men,New Zealand,military,Army,M,2016,acromion_height,Acromiale height,mm,1463.00,60.00,486,1365.00,1464.00,1564.00,A,Post-processed measurement; percentiles P5/P50/P95 as printed; 3D-scan/physical measurement per NZDFAS protocol,A,nzdfas|NZDFAS Army men,1
nzdfas,reports/nzdfas/56.pdf,99,NZDFAS Navy men,New Zealand,military,Navy,M,2016,acromion_height,Acromiale height,mm,1467.00,52.00,88,1388.00,1466.00,1553.00,A,Post-processed measurement; percentiles P5/P50/P95 as printed; 3D-scan/physical measurement per NZDFAS protocol,A,nzdfas|NZDFAS Navy men,1
nzdfas,reports/nzdfas/56.pdf,99,NZDFAS Air Force women,New Zealand,military,Air Force,F,2016,acromion_height,Acromiale height,mm,1363.00,50.00,72,1292.00,1362.00,1447.00,A,Post-processed measurement; percentiles P5/P50/P95 as printed; 3D-scan/physical measurement per NZDFAS protocol,A,nzdfas|NZDFAS Air Force women,1
nzdfas,reports/nzdfas/56.pdf,99,NZDFAS Army women,New Zealand,military,Army,F,2016,acromion_height,Acromiale height,mm,1371.00,50.00,97,1290.00,1372.00,1452.00,A,Post-processed measurement; percentiles P5/P50/P95 as printed; 3D-scan/physical measurement per NZDFAS protocol,A,nzdfas|NZDFAS Army women,1
nzdfas,reports/nzdfas/56.pdf,99,NZDFAS Navy women,New Zealand,military,Navy,F,2016,acromion_height,Acromiale height,mm,1359.00,47.00,43,1274.00,1360.00,1431.00,A,Post-processed measurement; percentiles P5/P50/P95 as printed; 3D-scan/physical measurement per NZDFAS protocol,A,nzdfas|NZDFAS Navy women,1
nzdfas,reports/nzdfas/56.pdf,99,NZDFAS all services women,New Zealand,military,Tri-service,F,2016,acromion_height,Acromiale height,mm,1366.00,50.00,212,1287.00,1366.00,1445.00,A,Post-processed measurement; percentiles P5/P50/P95 as printed; 3D-scan/physical measurement per NZDFAS protocol; pooled Army+Navy+Air Force,A,nzdfas|NZDFAS all services women,1
nzdfas,reports/nzdfas/56.pdf,101,NZDFAS all services men,New Zealand,military,Tri-service,M,2016,acromion_radiale_length,Acromiale-radiale length,mm,346.00,19.00,790,317.00,346.00,377.00,A,Post-processed measurement; percentiles P5/P50/P95 as printed; 3D-scan/physical measurement per NZDFAS protocol; pooled Army+Navy+Air Force,A,nzdfas|NZDFAS all services men,1
nzdfas,reports/nzdfas/56.pdf,101,NZDFAS Air Force men,New Zealand,military,Air Force,M,2016,acromion_radiale_length,Acromiale-radiale length,mm,348.00,18.00,216,321.00,348.00,376.00,A,Post-processed measurement; percentiles P5/P50/P95 as printed; 3D-scan/physical measurement per NZDFAS protocol,A,nzdfas|NZDFAS Air Force men,1
nzdfas,reports/nzdfas/56.pdf,101,NZDFAS Army men,New Zealand,military,Army,M,2016,acromion_radiale_length,Acromiale-radiale length,mm,345.00,19.00,486,313.00,346.00,377.00,A,Post-processed measurement; percentiles P5/P50/P95 as printed; 3D-scan/physical measurement per NZDFAS protocol,A,nzdfas|NZDFAS Army men,1
nzdfas,reports/nzdfas/56.pdf,101,NZDFAS Navy men,New Zealand,military,Navy,M,2016,acromion_radiale_length,Acromiale-radiale length,mm,349.00,18.00,88,322.00,350.00,377.00,A,Post-processed measurement; percentiles P5/P50/P95 as printed; 3D-scan/physical measurement per NZDFAS protocol,A,nzdfas|NZDFAS Navy men,1
nzdfas,reports/nzdfas/56.pdf,101,NZDFAS Air Force women,New Zealand,military,Air Force,F,2016,acromion_radiale_length,Acromiale-radiale length,mm,321.00,15.00,72,297.00,323.00,345.00,A,Post-processed measurement; percentiles P5/P50/P95 as printed; 3D-scan/physical measurement per NZDFAS protocol,A,nzdfas|NZDFAS Air Force women,1
nzdfas,reports/nzdfas/56.pdf,101,NZDFAS Army women,New Zealand,military,Army,F,2016,acromion_radiale_length,Acromiale-radiale length,mm,320.00,15.00,97,296.00,319.00,347.00,A,Post-processed measurement; percentiles P5/P50/P95 as printed; 3D-scan/physical measurement per NZDFAS protocol,A,nzdfas|NZDFAS Army women,1
nzdfas,reports/nzdfas/56.pdf,101,NZDFAS Navy women,New Zealand,military,Navy,F,2016,acromion_radiale_length,Acromiale-radiale length,mm,320.00,16.00,43,291.00,321.00,342.00,A,Post-processed measurement; percentiles P5/P50/P95 as printed; 3D-scan/physical measurement per NZDFAS protocol,A,nzdfas|NZDFAS Navy women,1
nzdfas,reports/nzdfas/56.pdf,101,NZDFAS all services women,New Zealand,military,Tri-service,F,2016,acromion_radiale_length,Acromiale-radiale length,mm,320.00,15.00,212,296.00,321.00,345.00,A,Post-processed measurement; percentiles P5/P50/P95 as printed; 3D-scan/physical measurement per NZDFAS protocol; pooled Army+Navy+Air Force,A,nzdfas|NZDFAS all services women,1
nzdfas,reports/nzdfas/56.pdf,103,NZDFAS all services men,New Zealand,military,Tri-service,M,2016,other:ankle_girth,Ankle girth,mm,275.00,19.00,790,245.00,273.00,309.00,A,Automatic measurement; percentiles P5/P50/P95 as printed; 3D-scan/physical measurement per NZDFAS protocol; pooled Army+Navy+Air Force,A,nzdfas|NZDFAS all services men,1
nzdfas,reports/nzdfas/56.pdf,103,NZDFAS Air Force men,New Zealand,military,Air Force,M,2016,other:ankle_girth,Ankle girth,mm,278.00,19.00,216,249.00,276.00,312.00,A,Automatic measurement; percentiles P5/P50/P95 as printed; 3D-scan/physical measurement per NZDFAS protocol,A,nzdfas|NZDFAS Air Force men,1
nzdfas,reports/nzdfas/56.pdf,103,NZDFAS Army men,New Zealand,military,Army,M,2016,other:ankle_girth,Ankle girth,mm,272.00,18.00,486,243.00,271.00,302.00,A,Automatic measurement; percentiles P5/P50/P95 as printed; 3D-scan/physical measurement per NZDFAS protocol,A,nzdfas|NZDFAS Army men,1
nzdfas,reports/nzdfas/56.pdf,103,NZDFAS Navy men,New Zealand,military,Navy,M,2016,other:ankle_girth,Ankle girth,mm,285.00,18.00,88,261.00,283.00,317.00,A,Automatic measurement; percentiles P5/P50/P95 as printed; 3D-scan/physical measurement per NZDFAS protocol,A,nzdfas|NZDFAS Navy men,1
nzdfas,reports/nzdfas/56.pdf,103,NZDFAS Air Force women,New Zealand,military,Air Force,F,2016,other:ankle_girth,Ankle girth,mm,248.00,13.00,72,228.00,248.00,266.00,A,Automatic measurement; percentiles P5/P50/P95 as printed; 3D-scan/physical measurement per NZDFAS protocol,A,nzdfas|NZDFAS Air Force women,1
nzdfas,reports/nzdfas/56.pdf,103,NZDFAS Army women,New Zealand,military,Army,F,2016,other:ankle_girth,Ankle girth,mm,248.00,16.00,97,223.00,248.00,275.00,A,Automatic measurement; percentiles P5/P50/P95 as printed; 3D-scan/physical measurement per NZDFAS protocol,A,nzdfas|NZDFAS Army women,1
nzdfas,reports/nzdfas/56.pdf,103,NZDFAS Navy women,New Zealand,military,Navy,F,2016,other:ankle_girth,Ankle girth,mm,255.00,18.00,43,233.00,253.00,291.00,A,Automatic measurement; percentiles P5/P50/P95 as printed; 3D-scan/physical measurement per NZDFAS protocol,A,nzdfas|NZDFAS Navy women,1
nzdfas,reports/nzdfas/56.pdf,103,NZDFAS all services women,New Zealand,military,Tri-service,F,2016,other:ankle_girth,Ankle girth,mm,249.00,16.00,212,226.00,248.00,276.00,A,Automatic measurement; percentiles P5/P50/P95 as printed; 3D-scan/physical measurement per NZDFAS protocol; pooled Army+Navy+Air Force,A,nzdfas|NZDFAS all services women,1
nzdfas,reports/nzdfas/56.pdf,105,NZDFAS all services men,New Zealand,military,Tri-service,M,2016,span,Arm span,mm,1837.00,75.00,790,1719.00,1837.00,1965.00,A,Physical measurement; percentiles P5/P50/P95 as printed; 3D-scan/physical measurement per NZDFAS protocol; pooled Army+Navy+Air Force,A,nzdfas|NZDFAS all services men,1
nzdfas,reports/nzdfas/56.pdf,105,NZDFAS Air Force men,New Zealand,military,Air Force,M,2016,span,Arm span,mm,1840.00,78.00,216,1720.00,1841.00,1965.00,A,Physical measurement; percentiles P5/P50/P95 as printed; 3D-scan/physical measurement per NZDFAS protocol,A,nzdfas|NZDFAS Air Force men,1
nzdfas,reports/nzdfas/56.pdf,105,NZDFAS Army men,New Zealand,military,Army,M,2016,span,Arm span,mm,1835.00,75.00,486,1718.00,1836.00,1963.00,A,Physical measurement; percentiles P5/P50/P95 as printed; 3D-scan/physical measurement per NZDFAS protocol,A,nzdfas|NZDFAS Army men,1
nzdfas,reports/nzdfas/56.pdf,105,NZDFAS Navy men,New Zealand,military,Navy,M,2016,span,Arm span,mm,1843.00,69.00,88,1741.00,1837.00,1955.00,A,Physical measurement; percentiles P5/P50/P95 as printed; 3D-scan/physical measurement per NZDFAS protocol,A,nzdfas|NZDFAS Navy men,1
nzdfas,reports/nzdfas/56.pdf,105,NZDFAS Air Force women,New Zealand,military,Air Force,F,2016,span,Arm span,mm,1681.00,68.00,72,1576.00,1680.00,1802.00,A,Physical measurement; percentiles P5/P50/P95 as printed; 3D-scan/physical measurement per NZDFAS protocol,A,nzdfas|NZDFAS Air Force women,1
nzdfas,reports/nzdfas/56.pdf,105,NZDFAS Army women,New Zealand,military,Army,F,2016,span,Arm span,mm,1690.00,66.00,97,1591.00,1685.00,1797.00,A,Physical measurement; percentiles P5/P50/P95 as printed; 3D-scan/physical measurement per NZDFAS protocol,A,nzdfas|NZDFAS Army women,1
nzdfas,reports/nzdfas/56.pdf,105,NZDFAS Navy women,New Zealand,military,Navy,F,2016,span,Arm span,mm,1669.00,56.00,43,1548.00,1681.00,1739.00,A,Physical measurement; percentiles P5/P50/P95 as printed; 3D-scan/physical measurement per NZDFAS protocol,A,nzdfas|NZDFAS Navy women,1
nzdfas,reports/nzdfas/56.pdf,105,NZDFAS all services women,New Zealand,military,Tri-service,F,2016,span,Arm span,mm,1683.00,65.00,212,1576.00,1682.00,1795.00,A,Physical measurement; percentiles P5/P50/P95 as printed; 3D-scan/physical measurement per NZDFAS protocol; pooled Army+Navy+Air Force,A,nzdfas|NZDFAS all services women,1
nzdfas,reports/nzdfas/56.pdf,107,NZDFAS all services men,New Zealand,military,Tri-service,M,2016,other:axilla_height,Axilla height,mm,1324.00,55.00,790,1237.00,1327.00,1416.00,A,Post-processed measurement; percentiles P5/P50/P95 as printed; 3D-scan/physical measurement per NZDFAS protocol; pooled Army+Navy+Air Force,A,nzdfas|NZDFAS all services men,1
nzdfas,reports/nzdfas/56.pdf,107,NZDFAS Air Force men,New Zealand,military,Air Force,M,2016,other:axilla_height,Axilla height,mm,1330.00,55.00,216,1244.00,1333.00,1436.00,A,Post-processed measurement; percentiles P5/P50/P95 as printed; 3D-scan/physical measurement per NZDFAS protocol,A,nzdfas|NZDFAS Air Force men,1
nzdfas,reports/nzdfas/56.pdf,107,NZDFAS Army men,New Zealand,military,Army,M,2016,other:axilla_height,Axilla height,mm,1322.00,56.00,486,1234.00,1326.00,1415.00,A,Post-processed measurement; percentiles P5/P50/P95 as printed; 3D-scan/physical measurement per NZDFAS protocol,A,nzdfas|NZDFAS Army men,1
nzdfas,reports/nzdfas/56.pdf,107,NZDFAS Navy men,New Zealand,military,Navy,M,2016,other:axilla_height,Axilla height,mm,1320.00,53.00,88,1241.00,1315.00,1410.00,A,Post-processed measurement; percentiles P5/P50/P95 as printed; 3D-scan/physical measurement per NZDFAS protocol,A,nzdfas|NZDFAS Navy men,1
nzdfas,reports/nzdfas/56.pdf,107,NZDFAS Air Force women,New Zealand,military,Air Force,F,2016,other:axilla_height,Axilla height,mm,1231.00,52.00,72,1150.00,1237.00,1314.00,A,Post-processed measurement; percentiles P5/P50/P95 as printed; 3D-scan/physical measurement per NZDFAS protocol,A,nzdfas|NZDFAS Air Force women,1
nzdfas,reports/nzdfas/56.pdf,107,NZDFAS Army women,New Zealand,military,Army,F,2016,other:axilla_height,Axilla height,mm,1243.00,51.00,97,1158.00,1245.00,1316.00,A,Post-processed measurement; percentiles P5/P50/P95 as printed; 3D-scan/physical measurement per NZDFAS protocol,A,nzdfas|NZDFAS Army women,1
nzdfas,reports/nzdfas/56.pdf,107,NZDFAS Navy women,New Zealand,military,Navy,F,2016,other:axilla_height,Axilla height,mm,1230.00,44.00,43,1152.00,1231.00,1300.00,A,Post-processed measurement; percentiles P5/P50/P95 as printed; 3D-scan/physical measurement per NZDFAS protocol,A,nzdfas|NZDFAS Navy women,1
nzdfas,reports/nzdfas/56.pdf,107,NZDFAS all services women,New Zealand,military,Tri-service,F,2016,other:axilla_height,Axilla height,mm,1236.00,50.00,212,1152.00,1239.00,1312.00,A,Post-processed measurement; percentiles P5/P50/P95 as printed; 3D-scan/physical measurement per NZDFAS protocol; pooled Army+Navy+Air Force,A,nzdfas|NZDFAS all services women,1
nzdfas,reports/nzdfas/56.pdf,109,NZDFAS all services men,New Zealand,military,Tri-service,M,2016,biacromial_breadth,Biacromial breadth,mm,422.00,19.00,790,390.00,422.00,454.00,A,Post-processed measurement; percentiles P5/P50/P95 as printed; 3D-scan/physical measurement per NZDFAS protocol; pooled Army+Navy+Air Force,A,nzdfas|NZDFAS all services men,1
nzdfas,reports/nzdfas/56.pdf,109,NZDFAS Air Force men,New Zealand,military,Air Force,M,2016,biacromial_breadth,Biacromial breadth,mm,421.00,19.00,216,387.00,421.00,451.00,A,Post-processed measurement; percentiles P5/P50/P95 as printed; 3D-scan/physical measurement per NZDFAS protocol,A,nzdfas|NZDFAS Air Force men,1
nzdfas,reports/nzdfas/56.pdf,109,NZDFAS Army men,New Zealand,military,Army,M,2016,biacromial_breadth,Biacromial breadth,mm,423.00,19.00,486,393.00,423.00,454.00,A,Post-processed measurement; percentiles P5/P50/P95 as printed; 3D-scan/physical measurement per NZDFAS protocol,A,nzdfas|NZDFAS Army men,1
nzdfas,reports/nzdfas/56.pdf,109,NZDFAS Navy men,New Zealand,military,Navy,M,2016,biacromial_breadth,Biacromial breadth,mm,423.00,19.00,88,390.00,425.00,453.00,A,Post-processed measurement; percentiles P5/P50/P95 as printed; 3D-scan/physical measurement per NZDFAS protocol,A,nzdfas|NZDFAS Navy men,1
nzdfas,reports/nzdfas/56.pdf,109,NZDFAS Air Force women,New Zealand,military,Air Force,F,2016,biacromial_breadth,Biacromial breadth,mm,376.00,15.00,72,353.00,376.00,398.00,A,Post-processed measurement; percentiles P5/P50/P95 as printed; 3D-scan/physical measurement per NZDFAS protocol,A,nzdfas|NZDFAS Air Force women,1
nzdfas,reports/nzdfas/56.pdf,109,NZDFAS Army women,New Zealand,military,Army,F,2016,biacromial_breadth,Biacromial breadth,mm,378.00,18.00,97,349.00,378.00,405.00,A,Post-processed measurement; percentiles P5/P50/P95 as printed; 3D-scan/physical measurement per NZDFAS protocol,A,nzdfas|NZDFAS Army women,1
nzdfas,reports/nzdfas/56.pdf,109,NZDFAS Navy women,New Zealand,military,Navy,F,2016,biacromial_breadth,Biacromial breadth,mm,377.00,15.00,43,353.00,377.00,398.00,A,Post-processed measurement; percentiles P5/P50/P95 as printed; 3D-scan/physical measurement per NZDFAS protocol,A,nzdfas|NZDFAS Navy women,1
nzdfas,reports/nzdfas/56.pdf,109,NZDFAS all services women,New Zealand,military,Tri-service,F,2016,biacromial_breadth,Biacromial breadth,mm,377.00,16.00,212,351.00,377.00,404.00,A,Post-processed measurement; percentiles P5/P50/P95 as printed; 3D-scan/physical measurement per NZDFAS protocol; pooled Army+Navy+Air Force,A,nzdfas|NZDFAS all services women,1
nzdfas,reports/nzdfas/56.pdf,111,NZDFAS all services men,New Zealand,military,Tri-service,M,2016,biceps_circumference_flexed,Bicep girth flexed,mm,359.00,32.00,790,306.00,359.00,415.00,A,Physical measurement; percentiles P5/P50/P95 as printed; 3D-scan/physical measurement per NZDFAS protocol; pooled Army+Navy+Air Force,A,nzdfas|NZDFAS all services men,1
nzdfas,reports/nzdfas/56.pdf,111,NZDFAS Air Force men,New Zealand,military,Air Force,M,2016,biceps_circumference_flexed,Bicep girth flexed,mm,354.00,31.00,216,304.00,352.00,406.00,A,Physical measurement; percentiles P5/P50/P95 as printed; 3D-scan/physical measurement per NZDFAS protocol,A,nzdfas|NZDFAS Air Force men,1
nzdfas,reports/nzdfas/56.pdf,111,NZDFAS Army men,New Zealand,military,Army,M,2016,biceps_circumference_flexed,Bicep girth flexed,mm,361.00,32.00,486,309.00,361.00,416.00,A,Physical measurement; percentiles P5/P50/P95 as printed; 3D-scan/physical measurement per NZDFAS protocol,A,nzdfas|NZDFAS Army men,1
nzdfas,reports/nzdfas/56.pdf,111,NZDFAS Navy men,New Zealand,military,Navy,M,2016,biceps_circumference_flexed,Bicep girth flexed,mm,364.00,35.00,88,308.00,364.00,431.00,A,Physical measurement; percentiles P5/P50/P95 as printed; 3D-scan/physical measurement per NZDFAS protocol,A,nzdfas|NZDFAS Navy men,1
nzdfas,reports/nzdfas/56.pdf,111,NZDFAS Air Force women,New Zealand,military,Air Force,F,2016,biceps_circumference_flexed,Bicep girth flexed,mm,305.00,30.00,72,266.00,302.00,360.00,A,Physical measurement; percentiles P5/P50/P95 as printed; 3D-scan/physical measurement per NZDFAS protocol,A,nzdfas|NZDFAS Air Force women,1
nzdfas,reports/nzdfas/56.pdf,111,NZDFAS Army women,New Zealand,military,Army,F,2016,biceps_circumference_flexed,Bicep girth flexed,mm,315.00,25.00,97,277.00,314.00,356.00,A,Physical measurement; percentiles P5/P50/P95 as printed; 3D-scan/physical measurement per NZDFAS protocol,A,nzdfas|NZDFAS Army women,1
nzdfas,reports/nzdfas/56.pdf,111,NZDFAS Navy women,New Zealand,military,Navy,F,2016,biceps_circumference_flexed,Bicep girth flexed,mm,310.00,34.00,43,270.00,302.00,379.00,A,Physical measurement; percentiles P5/P50/P95 as printed; 3D-scan/physical measurement per NZDFAS protocol,A,nzdfas|NZDFAS Navy women,1
nzdfas,reports/nzdfas/56.pdf,111,NZDFAS all services women,New Zealand,military,Tri-service,F,2016,biceps_circumference_flexed,Bicep girth flexed,mm,310.00,29.00,212,268.00,307.00,363.00,A,Physical measurement; percentiles P5/P50/P95 as printed; 3D-scan/physical measurement per NZDFAS protocol; pooled Army+Navy+Air Force,A,nzdfas|NZDFAS all services women,1
nzdfas,reports/nzdfas/56.pdf,113,NZDFAS all services men,New Zealand,military,Tri-service,M,2016,bideltoid_breadth,Bideltoid breadth sitting,mm,510.00,29.00,790,464.00,511.00,560.00,A,Post-processed measurement; percentiles P5/P50/P95 as printed; 3D-scan/physical measurement per NZDFAS protocol; pooled Army+Navy+Air Force,A,nzdfas|NZDFAS all services men,1
nzdfas,reports/nzdfas/56.pdf,113,NZDFAS Air Force men,New Zealand,military,Air Force,M,2016,bideltoid_breadth,Bideltoid breadth sitting,mm,504.00,29.00,216,462.00,504.00,557.00,A,Post-processed measurement; percentiles P5/P50/P95 as printed; 3D-scan/physical measurement per NZDFAS protocol,A,nzdfas|NZDFAS Air Force men,1
nzdfas,reports/nzdfas/56.pdf,113,NZDFAS Army men,New Zealand,military,Army,M,2016,bideltoid_breadth,Bideltoid breadth sitting,mm,511.00,28.00,486,465.00,512.00,557.00,A,Post-processed measurement; percentiles P5/P50/P95 as printed; 3D-scan/physical measurement per NZDFAS protocol,A,nzdfas|NZDFAS Army men,1
nzdfas,reports/nzdfas/56.pdf,113,NZDFAS Navy men,New Zealand,military,Navy,M,2016,bideltoid_breadth,Bideltoid breadth sitting,mm,517.00,33.00,88,471.00,516.00,576.00,A,Post-processed measurement; percentiles P5/P50/P95 as printed; 3D-scan/physical measurement per NZDFAS protocol,A,nzdfas|NZDFAS Navy men,1
nzdfas,reports/nzdfas/56.pdf,113,NZDFAS Air Force women,New Zealand,military,Air Force,F,2016,bideltoid_breadth,Bideltoid breadth sitting,mm,448.00,26.00,72,410.00,447.00,488.00,A,Post-processed measurement; percentiles P5/P50/P95 as printed; 3D-scan/physical measurement per NZDFAS protocol,A,nzdfas|NZDFAS Air Force women,1
nzdfas,reports/nzdfas/56.pdf,113,NZDFAS Army women,New Zealand,military,Army,F,2016,bideltoid_breadth,Bideltoid breadth sitting,mm,459.00,31.00,97,414.00,457.00,507.00,A,Post-processed measurement; percentiles P5/P50/P95 as printed; 3D-scan/physical measurement per NZDFAS protocol,A,nzdfas|NZDFAS Army women,1
nzdfas,reports/nzdfas/56.pdf,113,NZDFAS Navy women,New Zealand,military,Navy,F,2016,bideltoid_breadth,Bideltoid breadth sitting,mm,461.00,36.00,43,425.00,453.00,549.00,A,Post-processed measurement; percentiles P5/P50/P95 as printed; 3D-scan/physical measurement per NZDFAS protocol,A,nzdfas|NZDFAS Navy women,1
nzdfas,reports/nzdfas/56.pdf,113,NZDFAS all services women,New Zealand,military,Tri-service,F,2016,bideltoid_breadth,Bideltoid breadth sitting,mm,456.00,31.00,212,412.00,452.00,507.00,A,Post-processed measurement; percentiles P5/P50/P95 as printed; 3D-scan/physical measurement per NZDFAS protocol; pooled Army+Navy+Air Force,A,nzdfas|NZDFAS all services women,1
nzdfas,reports/nzdfas/56.pdf,115,NZDFAS all services men,New Zealand,military,Tri-service,M,2016,other:bitragion_mandibular_arc,Bitragion mandibular arc,mm,305.00,17.00,790,275.00,304.00,333.00,A,Physical measurement; percentiles P5/P50/P95 as printed; 3D-scan/physical measurement per NZDFAS protocol; pooled Army+Navy+Air Force,A,nzdfas|NZDFAS all services men,1
nzdfas,reports/nzdfas/56.pdf,115,NZDFAS Air Force men,New Zealand,military,Air Force,M,2016,other:bitragion_mandibular_arc,Bitragion mandibular arc,mm,303.00,17.00,216,275.00,301.00,330.00,A,Physical measurement; percentiles P5/P50/P95 as printed; 3D-scan/physical measurement per NZDFAS protocol,A,nzdfas|NZDFAS Air Force men,1
nzdfas,reports/nzdfas/56.pdf,115,NZDFAS Army men,New Zealand,military,Army,M,2016,other:bitragion_mandibular_arc,Bitragion mandibular arc,mm,304.00,17.00,486,275.00,304.00,330.00,A,Physical measurement; percentiles P5/P50/P95 as printed; 3D-scan/physical measurement per NZDFAS protocol,A,nzdfas|NZDFAS Army men,1
nzdfas,reports/nzdfas/56.pdf,115,NZDFAS Navy men,New Zealand,military,Navy,M,2016,other:bitragion_mandibular_arc,Bitragion mandibular arc,mm,313.00,18.00,88,286.00,310.00,346.00,A,Physical measurement; percentiles P5/P50/P95 as printed; 3D-scan/physical measurement per NZDFAS protocol,A,nzdfas|NZDFAS Navy men,1
nzdfas,reports/nzdfas/56.pdf,115,NZDFAS Air Force women,New Zealand,military,Air Force,F,2016,other:bitragion_mandibular_arc,Bitragion mandibular arc,mm,270.00,12.00,72,251.00,270.00,290.00,A,Physical measurement; percentiles P5/P50/P95 as printed; 3D-scan/physical measurement per NZDFAS protocol,A,nzdfas|NZDFAS Air Force women,1
nzdfas,reports/nzdfas/56.pdf,115,NZDFAS Army women,New Zealand,military,Army,F,2016,other:bitragion_mandibular_arc,Bitragion mandibular arc,mm,276.00,14.00,97,252.00,275.00,300.00,A,Physical measurement; percentiles P5/P50/P95 as printed; 3D-scan/physical measurement per NZDFAS protocol,A,nzdfas|NZDFAS Army women,1
nzdfas,reports/nzdfas/56.pdf,115,NZDFAS Navy women,New Zealand,military,Navy,F,2016,other:bitragion_mandibular_arc,Bitragion mandibular arc,mm,283.00,15.00,43,259.00,284.00,311.00,A,Physical measurement; percentiles P5/P50/P95 as printed; 3D-scan/physical measurement per NZDFAS protocol,A,nzdfas|NZDFAS Navy women,1
nzdfas,reports/nzdfas/56.pdf,115,NZDFAS all services women,New Zealand,military,Tri-service,F,2016,other:bitragion_mandibular_arc,Bitragion mandibular arc,mm,276.00,14.00,212,252.00,275.00,301.00,A,Physical measurement; percentiles P5/P50/P95 as printed; 3D-scan/physical measurement per NZDFAS protocol; pooled Army+Navy+Air Force,A,nzdfas|NZDFAS all services women,1
nzdfas,reports/nzdfas/56.pdf,117,NZDFAS all services men,New Zealand,military,Tri-service,M,2016,bizygomatic_breadth,Bizygomatic breadth,mm,131.00,8.00,790,120.00,131.00,145.00,A,Physical measurement; percentiles P5/P50/P95 as printed; 3D-scan/physical measurement per NZDFAS protocol; pooled Army+Navy+Air Force,A,nzdfas|NZDFAS all services men,1
nzdfas,reports/nzdfas/56.pdf,117,NZDFAS Air Force men,New Zealand,military,Air Force,M,2016,bizygomatic_breadth,Bizygomatic breadth,mm,134.00,8.00,216,122.00,134.00,148.00,A,Physical measurement; percentiles P5/P50/P95 as printed; 3D-scan/physical measurement per NZDFAS protocol,A,nzdfas|NZDFAS Air Force men,1
nzdfas,reports/nzdfas/56.pdf,117,NZDFAS Army men,New Zealand,military,Army,M,2016,bizygomatic_breadth,Bizygomatic breadth,mm,130.00,8.00,486,118.00,130.00,144.00,A,Physical measurement; percentiles P5/P50/P95 as printed; 3D-scan/physical measurement per NZDFAS protocol,A,nzdfas|NZDFAS Army men,1
nzdfas,reports/nzdfas/56.pdf,117,NZDFAS Navy men,New Zealand,military,Navy,M,2016,bizygomatic_breadth,Bizygomatic breadth,mm,132.00,8.00,88,121.00,132.00,147.00,A,Physical measurement; percentiles P5/P50/P95 as printed; 3D-scan/physical measurement per NZDFAS protocol,A,nzdfas|NZDFAS Navy men,1
nzdfas,reports/nzdfas/56.pdf,117,NZDFAS Air Force women,New Zealand,military,Air Force,F,2016,bizygomatic_breadth,Bizygomatic breadth,mm,127.00,7.00,72,114.00,125.00,138.00,A,Physical measurement; percentiles P5/P50/P95 as printed; 3D-scan/physical measurement per NZDFAS protocol,A,nzdfas|NZDFAS Air Force women,1
nzdfas,reports/nzdfas/56.pdf,117,NZDFAS Army women,New Zealand,military,Army,F,2016,bizygomatic_breadth,Bizygomatic breadth,mm,124.00,7.00,97,114.00,124.00,138.00,A,Physical measurement; percentiles P5/P50/P95 as printed; 3D-scan/physical measurement per NZDFAS protocol,A,nzdfas|NZDFAS Army women,1
nzdfas,reports/nzdfas/56.pdf,117,NZDFAS Navy women,New Zealand,military,Navy,F,2016,bizygomatic_breadth,Bizygomatic breadth,mm,125.00,7.00,43,115.00,125.00,136.00,A,Physical measurement; percentiles P5/P50/P95 as printed; 3D-scan/physical measurement per NZDFAS protocol,A,nzdfas|NZDFAS Navy women,1
nzdfas,reports/nzdfas/56.pdf,117,NZDFAS all services women,New Zealand,military,Tri-service,F,2016,bizygomatic_breadth,Bizygomatic breadth,mm,125.00,7.00,212,114.00,125.00,138.00,A,Physical measurement; percentiles P5/P50/P95 as printed; 3D-scan/physical measurement per NZDFAS protocol; pooled Army+Navy+Air Force,A,nzdfas|NZDFAS all services women,1
nzdfas,reports/nzdfas/56.pdf,119,NZDFAS all services men,New Zealand,military,Tri-service,M,2016,stature,Body height,mm,1786.00,65.00,790,1683.00,1785.00,1897.00,A,Automatic measurement; percentiles P5/P50/P95 as printed; 3D-scan/physical measurement per NZDFAS protocol; pooled Army+Navy+Air Force,A,nzdfas|NZDFAS all services men,1
nzdfas,reports/nzdfas/56.pdf,119,NZDFAS Air Force men,New Zealand,military,Air Force,M,2016,stature,Body height,mm,1794.00,67.00,216,1691.00,1793.00,1918.00,A,Automatic measurement; percentiles P5/P50/P95 as printed; 3D-scan/physical measurement per NZDFAS protocol,A,nzdfas|NZDFAS Air Force men,1
nzdfas,reports/nzdfas/56.pdf,119,NZDFAS Army men,New Zealand,military,Army,M,2016,stature,Body height,mm,1783.00,66.00,486,1676.00,1785.00,1891.00,A,Automatic measurement; percentiles P5/P50/P95 as printed; 3D-scan/physical measurement per NZDFAS protocol,A,nzdfas|NZDFAS Army men,1
nzdfas,reports/nzdfas/56.pdf,119,NZDFAS Navy men,New Zealand,military,Navy,M,2016,stature,Body height,mm,1784.00,56.00,88,1706.00,1782.00,1876.00,A,Automatic measurement; percentiles P5/P50/P95 as printed; 3D-scan/physical measurement per NZDFAS protocol,A,nzdfas|NZDFAS Navy men,1
nzdfas,reports/nzdfas/56.pdf,119,NZDFAS Air Force women,New Zealand,military,Air Force,F,2016,stature,Body height,mm,1671.00,57.00,72,1597.00,1674.00,1789.00,A,Automatic measurement; percentiles P5/P50/P95 as printed; 3D-scan/physical measurement per NZDFAS protocol,A,nzdfas|NZDFAS Air Force women,1
nzdfas,reports/nzdfas/56.pdf,119,NZDFAS Army women,New Zealand,military,Army,F,2016,stature,Body height,mm,1675.00,56.00,97,1592.00,1674.00,1763.00,A,Automatic measurement; percentiles P5/P50/P95 as printed; 3D-scan/physical measurement per NZDFAS protocol,A,nzdfas|NZDFAS Army women,1
nzdfas,reports/nzdfas/56.pdf,119,NZDFAS Navy women,New Zealand,military,Navy,F,2016,stature,Body height,mm,1661.00,53.00,43,1580.00,1666.00,1753.00,A,Automatic measurement; percentiles P5/P50/P95 as printed; 3D-scan/physical measurement per NZDFAS protocol,A,nzdfas|NZDFAS Navy women,1
nzdfas,reports/nzdfas/56.pdf,119,NZDFAS all services women,New Zealand,military,Tri-service,F,2016,stature,Body height,mm,1671.00,55.00,212,1587.00,1674.00,1762.00,A,Automatic measurement; percentiles P5/P50/P95 as printed; 3D-scan/physical measurement per NZDFAS protocol; pooled Army+Navy+Air Force,A,nzdfas|NZDFAS all services women,1
nzdfas,reports/nzdfas/56.pdf,121,NZDFAS all services men,New Zealand,military,Tri-service,M,2016,other:breast_height,Breast height,mm,1303.00,54.00,790,1213.00,1303.00,1393.00,A,Automatic measurement; percentiles P5/P50/P95 as printed; 3D-scan/physical measurement per NZDFAS protocol; pooled Army+Navy+Air Force,A,nzdfas|NZDFAS all services men,1
nzdfas,reports/nzdfas/56.pdf,121,NZDFAS Air Force men,New Zealand,military,Air Force,M,2016,other:breast_height,Breast height,mm,1309.00,55.00,216,1231.00,1310.00,1409.00,A,Automatic measurement; percentiles P5/P50/P95 as printed; 3D-scan/physical measurement per NZDFAS protocol,A,nzdfas|NZDFAS Air Force men,1
nzdfas,reports/nzdfas/56.pdf,121,NZDFAS Army men,New Zealand,military,Army,M,2016,other:breast_height,Breast height,mm,1300.00,55.00,486,1206.00,1300.00,1390.00,A,Automatic measurement; percentiles P5/P50/P95 as printed; 3D-scan/physical measurement per NZDFAS protocol,A,nzdfas|NZDFAS Army men,1
nzdfas,reports/nzdfas/56.pdf,121,NZDFAS Navy men,New Zealand,military,Navy,M,2016,other:breast_height,Breast height,mm,1302.00,50.00,88,1227.00,1298.00,1384.00,A,Automatic measurement; percentiles P5/P50/P95 as printed; 3D-scan/physical measurement per NZDFAS protocol,A,nzdfas|NZDFAS Navy men,1
nzdfas,reports/nzdfas/56.pdf,121,NZDFAS Air Force women,New Zealand,military,Air Force,F,2016,other:breast_height,Breast height,mm,1203.00,48.00,72,1131.00,1205.00,1290.00,A,Automatic measurement; percentiles P5/P50/P95 as printed; 3D-scan/physical measurement per NZDFAS protocol,A,nzdfas|NZDFAS Air Force women,1
nzdfas,reports/nzdfas/56.pdf,121,NZDFAS Army women,New Zealand,military,Army,F,2016,other:breast_height,Breast height,mm,1212.00,50.00,97,1137.00,1209.00,1299.00,A,Automatic measurement; percentiles P5/P50/P95 as printed; 3D-scan/physical measurement per NZDFAS protocol,A,nzdfas|NZDFAS Army women,1
nzdfas,reports/nzdfas/56.pdf,121,NZDFAS Navy women,New Zealand,military,Navy,F,2016,other:breast_height,Breast height,mm,1192.00,48.00,43,1123.00,1195.00,1266.00,A,Automatic measurement; percentiles P5/P50/P95 as printed; 3D-scan/physical measurement per NZDFAS protocol,A,nzdfas|NZDFAS Navy women,1
nzdfas,reports/nzdfas/56.pdf,121,NZDFAS all services women,New Zealand,military,Tri-service,F,2016,other:breast_height,Breast height,mm,1205.00,49.00,212,1130.00,1206.00,1294.00,A,Automatic measurement; percentiles P5/P50/P95 as printed; 3D-scan/physical measurement per NZDFAS protocol; pooled Army+Navy+Air Force,A,nzdfas|NZDFAS all services women,1
nzdfas,reports/nzdfas/56.pdf,123,NZDFAS all services men,New Zealand,military,Tri-service,M,2016,chest_circumference,Bust chest girth,mm,1054.00,83.00,790,925.00,1048.00,1196.00,A,Automatic measurement; percentiles P5/P50/P95 as printed; 3D-scan/physical measurement per NZDFAS protocol; pooled Army+Navy+Air Force,A,nzdfas|NZDFAS all services men,1
nzdfas,reports/nzdfas/56.pdf,123,NZDFAS Air Force men,New Zealand,military,Air Force,M,2016,chest_circumference,Bust chest girth,mm,1049.00,91.00,216,920.00,1038.00,1203.00,A,Automatic measurement; percentiles P5/P50/P95 as printed; 3D-scan/physical measurement per NZDFAS protocol,A,nzdfas|NZDFAS Air Force men,1
nzdfas,reports/nzdfas/56.pdf,123,NZDFAS Army men,New Zealand,military,Army,M,2016,chest_circumference,Bust chest girth,mm,1053.00,79.00,486,928.00,1048.00,1180.00,A,Automatic measurement; percentiles P5/P50/P95 as printed; 3D-scan/physical measurement per NZDFAS protocol,A,nzdfas|NZDFAS Army men,1
nzdfas,reports/nzdfas/56.pdf,123,NZDFAS Navy men,New Zealand,military,Navy,M,2016,chest_circumference,Bust chest girth,mm,1075.00,89.00,88,948.00,1070.00,1228.00,A,Automatic measurement; percentiles P5/P50/P95 as printed; 3D-scan/physical measurement per NZDFAS protocol,A,nzdfas|NZDFAS Navy men,1
nzdfas,reports/nzdfas/56.pdf,123,NZDFAS Air Force women,New Zealand,military,Air Force,F,2016,chest_circumference,Bust chest girth,mm,947.00,79.00,72,848.00,928.00,1085.00,A,Automatic measurement; percentiles P5/P50/P95 as printed; 3D-scan/physical measurement per NZDFAS protocol,A,nzdfas|NZDFAS Air Force women,1
nzdfas,reports/nzdfas/56.pdf,123,NZDFAS Army women,New Zealand,military,Army,F,2016,chest_circumference,Bust chest girth,mm,964.00,73.00,97,853.00,963.00,1071.00,A,Automatic measurement; percentiles P5/P50/P95 as printed; 3D-scan/physical measurement per NZDFAS protocol,A,nzdfas|NZDFAS Army women,1
nzdfas,reports/nzdfas/56.pdf,123,NZDFAS Navy women,New Zealand,military,Navy,F,2016,chest_circumference,Bust chest girth,mm,967.00,86.00,43,857.00,958.00,1095.00,A,Automatic measurement; percentiles P5/P50/P95 as printed; 3D-scan/physical measurement per NZDFAS protocol,A,nzdfas|NZDFAS Navy women,1
nzdfas,reports/nzdfas/56.pdf,123,NZDFAS all services women,New Zealand,military,Tri-service,F,2016,chest_circumference,Bust chest girth,mm,959.00,78.00,212,850.00,954.00,1085.00,A,Automatic measurement; percentiles P5/P50/P95 as printed; 3D-scan/physical measurement per NZDFAS protocol; pooled Army+Navy+Air Force,A,nzdfas|NZDFAS all services women,1
nzdfas,reports/nzdfas/56.pdf,125,NZDFAS all services men,New Zealand,military,Tri-service,M,2016,other:buttock_depth,Buttock depth,mm,284.00,25.00,790,247.00,281.00,326.00,A,Post-processed measurement; percentiles P5/P50/P95 as printed; 3D-scan/physical measurement per NZDFAS protocol; pooled Army+Navy+Air Force,A,nzdfas|NZDFAS all services men,1
nzdfas,reports/nzdfas/56.pdf,125,NZDFAS Air Force men,New Zealand,military,Air Force,M,2016,other:buttock_depth,Buttock depth,mm,284.00,27.00,216,248.00,279.00,330.00,A,Post-processed measurement; percentiles P5/P50/P95 as printed; 3D-scan/physical measurement per NZDFAS protocol,A,nzdfas|NZDFAS Air Force men,1
nzdfas,reports/nzdfas/56.pdf,125,NZDFAS Army men,New Zealand,military,Army,M,2016,other:buttock_depth,Buttock depth,mm,284.00,24.00,486,248.00,282.00,322.00,A,Post-processed measurement; percentiles P5/P50/P95 as printed; 3D-scan/physical measurement per NZDFAS protocol,A,nzdfas|NZDFAS Army men,1
nzdfas,reports/nzdfas/56.pdf,125,NZDFAS Navy men,New Zealand,military,Navy,M,2016,other:buttock_depth,Buttock depth,mm,284.00,28.00,88,244.00,280.00,340.00,A,Post-processed measurement; percentiles P5/P50/P95 as printed; 3D-scan/physical measurement per NZDFAS protocol,A,nzdfas|NZDFAS Navy men,1
nzdfas,reports/nzdfas/56.pdf,125,NZDFAS Air Force women,New Zealand,military,Air Force,F,2016,other:buttock_depth,Buttock depth,mm,264.00,23.00,72,230.00,262.00,305.00,A,Post-processed measurement; percentiles P5/P50/P95 as printed; 3D-scan/physical measurement per NZDFAS protocol,A,nzdfas|NZDFAS Air Force women,1
nzdfas,reports/nzdfas/56.pdf,125,NZDFAS Army women,New Zealand,military,Army,F,2016,other:buttock_depth,Buttock depth,mm,267.00,23.00,97,233.00,265.00,309.00,A,Post-processed measurement; percentiles P5/P50/P95 as printed; 3D-scan/physical measurement per NZDFAS protocol,A,nzdfas|NZDFAS Army women,1
nzdfas,reports/nzdfas/56.pdf,125,NZDFAS Navy women,New Zealand,military,Navy,F,2016,other:buttock_depth,Buttock depth,mm,262.00,27.00,43,230.00,257.00,313.00,A,Post-processed measurement; percentiles P5/P50/P95 as printed; 3D-scan/physical measurement per NZDFAS protocol,A,nzdfas|NZDFAS Navy women,1
nzdfas,reports/nzdfas/56.pdf,125,NZDFAS all services women,New Zealand,military,Tri-service,F,2016,other:buttock_depth,Buttock depth,mm,265.00,24.00,212,231.00,263.00,309.00,A,Post-processed measurement; percentiles P5/P50/P95 as printed; 3D-scan/physical measurement per NZDFAS protocol; pooled Army+Navy+Air Force,A,nzdfas|NZDFAS all services women,1
nzdfas,reports/nzdfas/56.pdf,127,NZDFAS all services men,New Zealand,military,Tri-service,M,2016,buttock_circumference,Buttocks girth,mm,1051.00,72.00,790,948.00,1045.00,1175.00,A,Automatic measurement; percentiles P5/P50/P95 as printed; 3D-scan/physical measurement per NZDFAS protocol; pooled Army+Navy+Air Force,A,nzdfas|NZDFAS all services men,1
nzdfas,reports/nzdfas/56.pdf,127,NZDFAS Air Force men,New Zealand,military,Air Force,M,2016,buttock_circumference,Buttocks girth,mm,1043.00,74.00,216,945.00,1031.00,1155.00,A,Automatic measurement; percentiles P5/P50/P95 as printed; 3D-scan/physical measurement per NZDFAS protocol,A,nzdfas|NZDFAS Air Force men,1
nzdfas,reports/nzdfas/56.pdf,127,NZDFAS Army men,New Zealand,military,Army,M,2016,buttock_circumference,Buttocks girth,mm,1054.00,70.00,486,949.00,1050.00,1178.00,A,Automatic measurement; percentiles P5/P50/P95 as printed; 3D-scan/physical measurement per NZDFAS protocol,A,nzdfas|NZDFAS Army men,1
nzdfas,reports/nzdfas/56.pdf,127,NZDFAS Navy men,New Zealand,military,Navy,M,2016,buttock_circumference,Buttocks girth,mm,1052.00,77.00,88,949.00,1033.00,1188.00,A,Automatic measurement; percentiles P5/P50/P95 as printed; 3D-scan/physical measurement per NZDFAS protocol,A,nzdfas|NZDFAS Navy men,1
nzdfas,reports/nzdfas/56.pdf,127,NZDFAS Air Force women,New Zealand,military,Air Force,F,2016,buttock_circumference,Buttocks girth,mm,1037.00,73.00,72,928.00,1023.00,1176.00,A,Automatic measurement; percentiles P5/P50/P95 as printed; 3D-scan/physical measurement per NZDFAS protocol,A,nzdfas|NZDFAS Air Force women,1
nzdfas,reports/nzdfas/56.pdf,127,NZDFAS Army women,New Zealand,military,Army,F,2016,buttock_circumference,Buttocks girth,mm,1050.00,62.00,97,960.00,1042.00,1162.00,A,Automatic measurement; percentiles P5/P50/P95 as printed; 3D-scan/physical measurement per NZDFAS protocol,A,nzdfas|NZDFAS Army women,1
nzdfas,reports/nzdfas/56.pdf,127,NZDFAS Navy women,New Zealand,military,Navy,F,2016,buttock_circumference,Buttocks girth,mm,1044.00,75.00,43,954.00,1022.00,1186.00,A,Automatic measurement; percentiles P5/P50/P95 as printed; 3D-scan/physical measurement per NZDFAS protocol,A,nzdfas|NZDFAS Navy women,1
nzdfas,reports/nzdfas/56.pdf,127,NZDFAS all services women,New Zealand,military,Tri-service,F,2016,buttock_circumference,Buttocks girth,mm,1045.00,69.00,212,948.00,1035.00,1174.00,A,Automatic measurement; percentiles P5/P50/P95 as printed; 3D-scan/physical measurement per NZDFAS protocol; pooled Army+Navy+Air Force,A,nzdfas|NZDFAS all services women,1
nzdfas,reports/nzdfas/56.pdf,129,NZDFAS all services men,New Zealand,military,Tri-service,M,2016,other:buttock_heel_length,Buttock-heel length,mm,1069.00,49.00,790,992.00,1069.00,1149.00,A,Physical measurement; percentiles P5/P50/P95 as printed; 3D-scan/physical measurement per NZDFAS protocol; pooled Army+Navy+Air Force,A,nzdfas|NZDFAS all services men,1
nzdfas,reports/nzdfas/56.pdf,129,NZDFAS Air Force men,New Zealand,military,Air Force,M,2016,other:buttock_heel_length,Buttock-heel length,mm,1076.00,51.00,216,998.00,1071.00,1170.00,A,Physical measurement; percentiles P5/P50/P95 as printed; 3D-scan/physical measurement per NZDFAS protocol,A,nzdfas|NZDFAS Air Force men,1
nzdfas,reports/nzdfas/56.pdf,129,NZDFAS Army men,New Zealand,military,Army,M,2016,other:buttock_heel_length,Buttock-heel length,mm,1066.00,48.00,486,990.00,1067.00,1142.00,A,Physical measurement; percentiles P5/P50/P95 as printed; 3D-scan/physical measurement per NZDFAS protocol,A,nzdfas|NZDFAS Army men,1
nzdfas,reports/nzdfas/56.pdf,129,NZDFAS Navy men,New Zealand,military,Navy,M,2016,other:buttock_heel_length,Buttock-heel length,mm,1071.00,48.00,88,1001.00,1073.00,1159.00,A,Physical measurement; percentiles P5/P50/P95 as printed; 3D-scan/physical measurement per NZDFAS protocol,A,nzdfas|NZDFAS Navy men,1
nzdfas,reports/nzdfas/56.pdf,129,NZDFAS Air Force women,New Zealand,military,Air Force,F,2016,other:buttock_heel_length,Buttock-heel length,mm,1000.00,39.00,72,940.00,1001.00,1064.00,A,Physical measurement; percentiles P5/P50/P95 as printed; 3D-scan/physical measurement per NZDFAS protocol,A,nzdfas|NZDFAS Air Force women,1
nzdfas,reports/nzdfas/56.pdf,129,NZDFAS Army women,New Zealand,military,Army,F,2016,other:buttock_heel_length,Buttock-heel length,mm,1005.00,46.00,97,926.00,1010.00,1084.00,A,Physical measurement; percentiles P5/P50/P95 as printed; 3D-scan/physical measurement per NZDFAS protocol,A,nzdfas|NZDFAS Army women,1
nzdfas,reports/nzdfas/56.pdf,129,NZDFAS Navy women,New Zealand,military,Navy,F,2016,other:buttock_heel_length,Buttock-heel length,mm,995.00,40.00,43,926.00,998.00,1056.00,A,Physical measurement; percentiles P5/P50/P95 as printed; 3D-scan/physical measurement per NZDFAS protocol,A,nzdfas|NZDFAS Navy women,1
nzdfas,reports/nzdfas/56.pdf,129,NZDFAS all services women,New Zealand,military,Tri-service,F,2016,other:buttock_heel_length,Buttock-heel length,mm,1001.00,43.00,212,927.00,1002.00,1074.00,A,Physical measurement; percentiles P5/P50/P95 as printed; 3D-scan/physical measurement per NZDFAS protocol; pooled Army+Navy+Air Force,A,nzdfas|NZDFAS all services women,1
nzdfas,reports/nzdfas/56.pdf,131,NZDFAS all services men,New Zealand,military,Tri-service,M,2016,other:buttock_height,Buttock height,mm,904.00,46.00,790,831.00,904.00,982.00,A,Automatic measurement; percentiles P5/P50/P95 as printed; 3D-scan/physical measurement per NZDFAS protocol; pooled Army+Navy+Air Force,A,nzdfas|NZDFAS all services men,1
nzdfas,reports/nzdfas/56.pdf,131,NZDFAS Air Force men,New Zealand,military,Air Force,M,2016,other:buttock_height,Buttock height,mm,910.00,47.00,216,838.00,907.00,990.00,A,Automatic measurement; percentiles P5/P50/P95 as printed; 3D-scan/physical measurement per NZDFAS protocol,A,nzdfas|NZDFAS Air Force men,1
nzdfas,reports/nzdfas/56.pdf,131,NZDFAS Army men,New Zealand,military,Army,M,2016,other:buttock_height,Buttock height,mm,900.00,46.00,486,828.00,898.00,976.00,A,Automatic measurement; percentiles P5/P50/P95 as printed; 3D-scan/physical measurement per NZDFAS protocol,A,nzdfas|NZDFAS Army men,1
nzdfas,reports/nzdfas/56.pdf,131,NZDFAS Navy men,New Zealand,military,Navy,M,2016,other:buttock_height,Buttock height,mm,909.00,44.00,88,849.00,908.00,983.00,A,Automatic measurement; percentiles P5/P50/P95 as printed; 3D-scan/physical measurement per NZDFAS protocol,A,nzdfas|NZDFAS Navy men,1
nzdfas,reports/nzdfas/56.pdf,131,NZDFAS Air Force women,New Zealand,military,Air Force,F,2016,other:buttock_height,Buttock height,mm,840.00,36.00,72,788.00,838.00,906.00,A,Automatic measurement; percentiles P5/P50/P95 as printed; 3D-scan/physical measurement per NZDFAS protocol,A,nzdfas|NZDFAS Air Force women,1
nzdfas,reports/nzdfas/56.pdf,131,NZDFAS Army women,New Zealand,military,Army,F,2016,other:buttock_height,Buttock height,mm,841.00,39.00,97,777.00,842.00,913.00,A,Automatic measurement; percentiles P5/P50/P95 as printed; 3D-scan/physical measurement per NZDFAS protocol,A,nzdfas|NZDFAS Army women,1
nzdfas,reports/nzdfas/56.pdf,131,NZDFAS Navy women,New Zealand,military,Navy,F,2016,other:buttock_height,Buttock height,mm,832.00,33.00,43,783.00,832.00,884.00,A,Automatic measurement; percentiles P5/P50/P95 as printed; 3D-scan/physical measurement per NZDFAS protocol,A,nzdfas|NZDFAS Navy women,1
nzdfas,reports/nzdfas/56.pdf,131,NZDFAS all services women,New Zealand,military,Tri-service,F,2016,other:buttock_height,Buttock height,mm,839.00,37.00,212,781.00,838.00,909.00,A,Automatic measurement; percentiles P5/P50/P95 as printed; 3D-scan/physical measurement per NZDFAS protocol; pooled Army+Navy+Air Force,A,nzdfas|NZDFAS all services women,1
nzdfas,reports/nzdfas/56.pdf,133,NZDFAS all services men,New Zealand,military,Tri-service,M,2016,buttock_knee_length,Buttock-knee length sitting,mm,626.00,30.00,790,580.00,627.00,674.00,A,Post-processed measurement; percentiles P5/P50/P95 as printed; 3D-scan/physical measurement per NZDFAS protocol; pooled Army+Navy+Air Force,A,nzdfas|NZDFAS all services men,1
nzdfas,reports/nzdfas/56.pdf,133,NZDFAS Air Force men,New Zealand,military,Air Force,M,2016,buttock_knee_length,Buttock-knee length sitting,mm,629.00,32.00,216,579.00,631.00,680.00,A,Post-processed measurement; percentiles P5/P50/P95 as printed; 3D-scan/physical measurement per NZDFAS protocol,A,nzdfas|NZDFAS Air Force men,1
nzdfas,reports/nzdfas/56.pdf,133,NZDFAS Army men,New Zealand,military,Army,M,2016,buttock_knee_length,Buttock-knee length sitting,mm,624.00,29.00,486,578.00,626.00,672.00,A,Post-processed measurement; percentiles P5/P50/P95 as printed; 3D-scan/physical measurement per NZDFAS protocol,A,nzdfas|NZDFAS Army men,1
nzdfas,reports/nzdfas/56.pdf,133,NZDFAS Navy men,New Zealand,military,Navy,M,2016,buttock_knee_length,Buttock-knee length sitting,mm,631.00,29.00,88,588.00,629.00,672.00,A,Post-processed measurement; percentiles P5/P50/P95 as printed; 3D-scan/physical measurement per NZDFAS protocol,A,nzdfas|NZDFAS Navy men,1
nzdfas,reports/nzdfas/56.pdf,133,NZDFAS Air Force women,New Zealand,military,Air Force,F,2016,buttock_knee_length,Buttock-knee length sitting,mm,599.00,23.00,72,565.00,598.00,638.00,A,Post-processed measurement; percentiles P5/P50/P95 as printed; 3D-scan/physical measurement per NZDFAS protocol,A,nzdfas|NZDFAS Air Force women,1
nzdfas,reports/nzdfas/56.pdf,133,NZDFAS Army women,New Zealand,military,Army,F,2016,buttock_knee_length,Buttock-knee length sitting,mm,598.00,26.00,97,550.00,599.00,637.00,A,Post-processed measurement; percentiles P5/P50/P95 as printed; 3D-scan/physical measurement per NZDFAS protocol,A,nzdfas|NZDFAS Army women,1
nzdfas,reports/nzdfas/56.pdf,133,NZDFAS Navy women,New Zealand,military,Navy,F,2016,buttock_knee_length,Buttock-knee length sitting,mm,602.00,24.00,43,567.00,604.00,637.00,A,Post-processed measurement; percentiles P5/P50/P95 as printed; 3D-scan/physical measurement per NZDFAS protocol,A,nzdfas|NZDFAS Navy women,1
nzdfas,reports/nzdfas/56.pdf,133,NZDFAS all services women,New Zealand,military,Tri-service,F,2016,buttock_knee_length,Buttock-knee length sitting,mm,599.00,25.00,212,556.00,599.00,637.00,A,Post-processed measurement; percentiles P5/P50/P95 as printed; 3D-scan/physical measurement per NZDFAS protocol; pooled Army+Navy+Air Force,A,nzdfas|NZDFAS all services women,1
nzdfas,reports/nzdfas/56.pdf,135,NZDFAS all services men,New Zealand,military,Tri-service,M,2016,buttock_popliteal_length,Buttock-popliteal length sitting,mm,522.00,26.00,790,480.00,521.00,566.00,A,Post-processed measurement; percentiles P5/P50/P95 as printed; 3D-scan/physical measurement per NZDFAS protocol; pooled Army+Navy+Air Force,A,nzdfas|NZDFAS all services men,1
nzdfas,reports/nzdfas/56.pdf,135,NZDFAS Air Force men,New Zealand,military,Air Force,M,2016,buttock_popliteal_length,Buttock-popliteal length sitting,mm,524.00,27.00,216,481.00,522.00,575.00,A,Post-processed measurement; percentiles P5/P50/P95 as printed; 3D-scan/physical measurement per NZDFAS protocol,A,nzdfas|NZDFAS Air Force men,1
nzdfas,reports/nzdfas/56.pdf,135,NZDFAS Army men,New Zealand,military,Army,M,2016,buttock_popliteal_length,Buttock-popliteal length sitting,mm,519.00,25.00,486,480.00,518.00,560.00,A,Post-processed measurement; percentiles P5/P50/P95 as printed; 3D-scan/physical measurement per NZDFAS protocol,A,nzdfas|NZDFAS Army men,1
nzdfas,reports/nzdfas/56.pdf,135,NZDFAS Navy men,New Zealand,military,Navy,M,2016,buttock_popliteal_length,Buttock-popliteal length sitting,mm,533.00,24.00,88,497.00,532.00,576.00,A,Post-processed measurement; percentiles P5/P50/P95 as printed; 3D-scan/physical measurement per NZDFAS protocol,A,nzdfas|NZDFAS Navy men,1
nzdfas,reports/nzdfas/56.pdf,135,NZDFAS Air Force women,New Zealand,military,Air Force,F,2016,buttock_popliteal_length,Buttock-popliteal length sitting,mm,502.00,28.00,72,456.00,505.00,543.00,A,Post-processed measurement; percentiles P5/P50/P95 as printed; 3D-scan/physical measurement per NZDFAS protocol,A,nzdfas|NZDFAS Air Force women,1
nzdfas,reports/nzdfas/56.pdf,135,NZDFAS Army women,New Zealand,military,Army,F,2016,buttock_popliteal_length,Buttock-popliteal length sitting,mm,501.00,23.00,97,462.00,505.00,538.00,A,Post-processed measurement; percentiles P5/P50/P95 as printed; 3D-scan/physical measurement per NZDFAS protocol,A,nzdfas|NZDFAS Army women,1
nzdfas,reports/nzdfas/56.pdf,135,NZDFAS Navy women,New Zealand,military,Navy,F,2016,buttock_popliteal_length,Buttock-popliteal length sitting,mm,516.00,24.00,43,477.00,516.00,555.00,A,Post-processed measurement; percentiles P5/P50/P95 as printed; 3D-scan/physical measurement per NZDFAS protocol,A,nzdfas|NZDFAS Navy women,1
nzdfas,reports/nzdfas/56.pdf,135,NZDFAS all services women,New Zealand,military,Tri-service,F,2016,buttock_popliteal_length,Buttock-popliteal length sitting,mm,504.00,25.00,212,463.00,507.00,544.00,A,Post-processed measurement; percentiles P5/P50/P95 as printed; 3D-scan/physical measurement per NZDFAS protocol; pooled Army+Navy+Air Force,A,nzdfas|NZDFAS all services women,1
nzdfas,reports/nzdfas/56.pdf,137,NZDFAS all services men,New Zealand,military,Tri-service,M,2016,calf_circumference,Calf girth,mm,391.00,27.00,790,350.00,390.00,438.00,A,Automatic measurement; percentiles P5/P50/P95 as printed; 3D-scan/physical measurement per NZDFAS protocol; pooled Army+Navy+Air Force,A,nzdfas|NZDFAS all services men,1
nzdfas,reports/nzdfas/56.pdf,137,NZDFAS Air Force men,New Zealand,military,Air Force,M,2016,calf_circumference,Calf girth,mm,389.00,27.00,216,349.00,388.00,439.00,A,Automatic measurement; percentiles P5/P50/P95 as printed; 3D-scan/physical measurement per NZDFAS protocol,A,nzdfas|NZDFAS Air Force men,1
nzdfas,reports/nzdfas/56.pdf,137,NZDFAS Army men,New Zealand,military,Army,M,2016,calf_circumference,Calf girth,mm,391.00,26.00,486,349.00,390.00,437.00,A,Automatic measurement; percentiles P5/P50/P95 as printed; 3D-scan/physical measurement per NZDFAS protocol,A,nzdfas|NZDFAS Army men,1
nzdfas,reports/nzdfas/56.pdf,137,NZDFAS Navy men,New Zealand,military,Navy,M,2016,calf_circumference,Calf girth,mm,398.00,25.00,88,359.00,395.00,437.00,A,Automatic measurement; percentiles P5/P50/P95 as printed; 3D-scan/physical measurement per NZDFAS protocol,A,nzdfas|NZDFAS Navy men,1
nzdfas,reports/nzdfas/56.pdf,137,NZDFAS Air Force women,New Zealand,military,Air Force,F,2016,calf_circumference,Calf girth,mm,374.00,23.00,72,339.00,371.00,416.00,A,Automatic measurement; percentiles P5/P50/P95 as printed; 3D-scan/physical measurement per NZDFAS protocol,A,nzdfas|NZDFAS Air Force women,1
nzdfas,reports/nzdfas/56.pdf,137,NZDFAS Army women,New Zealand,military,Army,F,2016,calf_circumference,Calf girth,mm,377.00,25.00,97,338.00,374.00,424.00,A,Automatic measurement; percentiles P5/P50/P95 as printed; 3D-scan/physical measurement per NZDFAS protocol,A,nzdfas|NZDFAS Army women,1
nzdfas,reports/nzdfas/56.pdf,137,NZDFAS Navy women,New Zealand,military,Navy,F,2016,calf_circumference,Calf girth,mm,380.00,25.00,43,335.00,381.00,415.00,A,Automatic measurement; percentiles P5/P50/P95 as printed; 3D-scan/physical measurement per NZDFAS protocol,A,nzdfas|NZDFAS Navy women,1
nzdfas,reports/nzdfas/56.pdf,137,NZDFAS all services women,New Zealand,military,Tri-service,F,2016,calf_circumference,Calf girth,mm,377.00,24.00,212,338.00,375.00,418.00,A,Automatic measurement; percentiles P5/P50/P95 as printed; 3D-scan/physical measurement per NZDFAS protocol; pooled Army+Navy+Air Force,A,nzdfas|NZDFAS all services women,1
nzdfas,reports/nzdfas/56.pdf,139,NZDFAS all services men,New Zealand,military,Tri-service,M,2016,other:cervicale_height_sitting,Cervicale height sitting,mm,690.00,29.00,790,644.00,690.00,738.00,A,Post-processed measurement; percentiles P5/P50/P95 as printed; 3D-scan/physical measurement per NZDFAS protocol; pooled Army+Navy+Air Force,A,nzdfas|NZDFAS all services men,1
nzdfas,reports/nzdfas/56.pdf,139,NZDFAS Air Force men,New Zealand,military,Air Force,M,2016,other:cervicale_height_sitting,Cervicale height sitting,mm,693.00,29.00,216,646.00,693.00,745.00,A,Post-processed measurement; percentiles P5/P50/P95 as printed; 3D-scan/physical measurement per NZDFAS protocol,A,nzdfas|NZDFAS Air Force men,1
nzdfas,reports/nzdfas/56.pdf,139,NZDFAS Army men,New Zealand,military,Army,M,2016,other:cervicale_height_sitting,Cervicale height sitting,mm,689.00,29.00,486,642.00,689.00,737.00,A,Post-processed measurement; percentiles P5/P50/P95 as printed; 3D-scan/physical measurement per NZDFAS protocol,A,nzdfas|NZDFAS Army men,1
nzdfas,reports/nzdfas/56.pdf,139,NZDFAS Navy men,New Zealand,military,Navy,M,2016,other:cervicale_height_sitting,Cervicale height sitting,mm,687.00,24.00,88,644.00,688.00,726.00,A,Post-processed measurement; percentiles P5/P50/P95 as printed; 3D-scan/physical measurement per NZDFAS protocol,A,nzdfas|NZDFAS Navy men,1
nzdfas,reports/nzdfas/56.pdf,139,NZDFAS Air Force women,New Zealand,military,Air Force,F,2016,other:cervicale_height_sitting,Cervicale height sitting,mm,653.00,30.00,72,611.00,658.00,702.00,A,Post-processed measurement; percentiles P5/P50/P95 as printed; 3D-scan/physical measurement per NZDFAS protocol,A,nzdfas|NZDFAS Air Force women,1
nzdfas,reports/nzdfas/56.pdf,139,NZDFAS Army women,New Zealand,military,Army,F,2016,other:cervicale_height_sitting,Cervicale height sitting,mm,655.00,28.00,97,609.00,652.00,694.00,A,Post-processed measurement; percentiles P5/P50/P95 as printed; 3D-scan/physical measurement per NZDFAS protocol,A,nzdfas|NZDFAS Army women,1
nzdfas,reports/nzdfas/56.pdf,139,NZDFAS Navy women,New Zealand,military,Navy,F,2016,other:cervicale_height_sitting,Cervicale height sitting,mm,652.00,26.00,43,609.00,650.00,691.00,A,Post-processed measurement; percentiles P5/P50/P95 as printed; 3D-scan/physical measurement per NZDFAS protocol,A,nzdfas|NZDFAS Navy women,1
nzdfas,reports/nzdfas/56.pdf,139,NZDFAS all services women,New Zealand,military,Tri-service,F,2016,other:cervicale_height_sitting,Cervicale height sitting,mm,653.00,28.00,212,609.00,653.00,698.00,A,Post-processed measurement; percentiles P5/P50/P95 as printed; 3D-scan/physical measurement per NZDFAS protocol; pooled Army+Navy+Air Force,A,nzdfas|NZDFAS all services women,1
nzdfas,reports/nzdfas/56.pdf,141,NZDFAS all services men,New Zealand,military,Tri-service,M,2016,chest_breadth,Chest breadth,mm,366.00,29.00,790,324.00,363.00,420.00,A,Post-processed measurement; percentiles P5/P50/P95 as printed; 3D-scan/physical measurement per NZDFAS protocol; pooled Army+Navy+Air Force,A,nzdfas|NZDFAS all services men,1
nzdfas,reports/nzdfas/56.pdf,141,NZDFAS Air Force men,New Zealand,military,Air Force,M,2016,chest_breadth,Chest breadth,mm,364.00,30.00,216,321.00,361.00,422.00,A,Post-processed measurement; percentiles P5/P50/P95 as printed; 3D-scan/physical measurement per NZDFAS protocol,A,nzdfas|NZDFAS Air Force men,1
nzdfas,reports/nzdfas/56.pdf,141,NZDFAS Army men,New Zealand,military,Army,M,2016,chest_breadth,Chest breadth,mm,365.00,28.00,486,324.00,363.00,415.00,A,Post-processed measurement; percentiles P5/P50/P95 as printed; 3D-scan/physical measurement per NZDFAS protocol,A,nzdfas|NZDFAS Army men,1
nzdfas,reports/nzdfas/56.pdf,141,NZDFAS Navy men,New Zealand,military,Navy,M,2016,chest_breadth,Chest breadth,mm,374.00,32.00,88,328.00,370.00,435.00,A,Post-processed measurement; percentiles P5/P50/P95 as printed; 3D-scan/physical measurement per NZDFAS protocol,A,nzdfas|NZDFAS Navy men,1
nzdfas,reports/nzdfas/56.pdf,141,NZDFAS Air Force women,New Zealand,military,Air Force,F,2016,chest_breadth,Chest breadth,mm,315.00,25.00,72,282.00,310.00,361.00,A,Post-processed measurement; percentiles P5/P50/P95 as printed; 3D-scan/physical measurement per NZDFAS protocol,A,nzdfas|NZDFAS Air Force women,1
nzdfas,reports/nzdfas/56.pdf,141,NZDFAS Army women,New Zealand,military,Army,F,2016,chest_breadth,Chest breadth,mm,321.00,26.00,97,285.00,322.00,376.00,A,Post-processed measurement; percentiles P5/P50/P95 as printed; 3D-scan/physical measurement per NZDFAS protocol,A,nzdfas|NZDFAS Army women,1
nzdfas,reports/nzdfas/56.pdf,141,NZDFAS Navy women,New Zealand,military,Navy,F,2016,chest_breadth,Chest breadth,mm,321.00,31.00,43,278.00,318.00,382.00,A,Post-processed measurement; percentiles P5/P50/P95 as printed; 3D-scan/physical measurement per NZDFAS protocol,A,nzdfas|NZDFAS Navy women,1
nzdfas,reports/nzdfas/56.pdf,141,NZDFAS all services women,New Zealand,military,Tri-service,F,2016,chest_breadth,Chest breadth,mm,319.00,27.00,212,282.00,317.00,375.00,A,Post-processed measurement; percentiles P5/P50/P95 as printed; 3D-scan/physical measurement per NZDFAS protocol; pooled Army+Navy+Air Force,A,nzdfas|NZDFAS all services women,1
nzdfas,reports/nzdfas/56.pdf,143,NZDFAS all services men,New Zealand,military,Tri-service,M,2016,chest_depth,Chest depth,mm,250.00,24.00,790,215.00,248.00,292.00,A,Post-processed measurement; percentiles P5/P50/P95 as printed; 3D-scan/physical measurement per NZDFAS protocol; pooled Army+Navy+Air Force,A,nzdfas|NZDFAS all services men,1
nzdfas,reports/nzdfas/56.pdf,143,NZDFAS Air Force men,New Zealand,military,Air Force,M,2016,chest_depth,Chest depth,mm,249.00,26.00,216,215.00,246.00,297.00,A,Post-processed measurement; percentiles P5/P50/P95 as printed; 3D-scan/physical measurement per NZDFAS protocol,A,nzdfas|NZDFAS Air Force men,1
nzdfas,reports/nzdfas/56.pdf,143,NZDFAS Army men,New Zealand,military,Army,M,2016,chest_depth,Chest depth,mm,250.00,23.00,486,214.00,249.00,289.00,A,Post-processed measurement; percentiles P5/P50/P95 as printed; 3D-scan/physical measurement per NZDFAS protocol,A,nzdfas|NZDFAS Army men,1
nzdfas,reports/nzdfas/56.pdf,143,NZDFAS Navy men,New Zealand,military,Navy,M,2016,chest_depth,Chest depth,mm,254.00,26.00,88,221.00,251.00,304.00,A,Post-processed measurement; percentiles P5/P50/P95 as printed; 3D-scan/physical measurement per NZDFAS protocol,A,nzdfas|NZDFAS Navy men,1
nzdfas,reports/nzdfas/56.pdf,143,NZDFAS Air Force women,New Zealand,military,Air Force,F,2016,chest_depth,Chest depth,mm,247.00,24.00,72,215.00,241.00,287.00,A,Post-processed measurement; percentiles P5/P50/P95 as printed; 3D-scan/physical measurement per NZDFAS protocol,A,nzdfas|NZDFAS Air Force women,1
nzdfas,reports/nzdfas/56.pdf,143,NZDFAS Army women,New Zealand,military,Army,F,2016,chest_depth,Chest depth,mm,250.00,26.00,97,210.00,250.00,301.00,A,Post-processed measurement; percentiles P5/P50/P95 as printed; 3D-scan/physical measurement per NZDFAS protocol,A,nzdfas|NZDFAS Army women,1
nzdfas,reports/nzdfas/56.pdf,143,NZDFAS Navy women,New Zealand,military,Navy,F,2016,chest_depth,Chest depth,mm,253.00,24.00,43,219.00,255.00,297.00,A,Post-processed measurement; percentiles P5/P50/P95 as printed; 3D-scan/physical measurement per NZDFAS protocol,A,nzdfas|NZDFAS Navy women,1
nzdfas,reports/nzdfas/56.pdf,143,NZDFAS all services women,New Zealand,military,Tri-service,F,2016,chest_depth,Chest depth,mm,250.00,25.00,212,213.00,247.00,297.00,A,Post-processed measurement; percentiles P5/P50/P95 as printed; 3D-scan/physical measurement per NZDFAS protocol; pooled Army+Navy+Air Force,A,nzdfas|NZDFAS all services women,1
nzdfas,reports/nzdfas/56.pdf,145,NZDFAS all services men,New Zealand,military,Tri-service,M,2016,other:chest_height_sitting,Chest height sitting,mm,448.00,26.00,790,406.00,449.00,491.00,A,Post-processed measurement; percentiles P5/P50/P95 as printed; 3D-scan/physical measurement per NZDFAS protocol; pooled Army+Navy+Air Force,A,nzdfas|NZDFAS all services men,1
nzdfas,reports/nzdfas/56.pdf,145,NZDFAS Air Force men,New Zealand,military,Air Force,M,2016,other:chest_height_sitting,Chest height sitting,mm,450.00,28.00,216,408.00,452.00,492.00,A,Post-processed measurement; percentiles P5/P50/P95 as printed; 3D-scan/physical measurement per NZDFAS protocol,A,nzdfas|NZDFAS Air Force men,1
nzdfas,reports/nzdfas/56.pdf,145,NZDFAS Army men,New Zealand,military,Army,M,2016,other:chest_height_sitting,Chest height sitting,mm,449.00,25.00,486,407.00,449.00,491.00,A,Post-processed measurement; percentiles P5/P50/P95 as printed; 3D-scan/physical measurement per NZDFAS protocol,A,nzdfas|NZDFAS Army men,1
nzdfas,reports/nzdfas/56.pdf,145,NZDFAS Navy men,New Zealand,military,Navy,M,2016,other:chest_height_sitting,Chest height sitting,mm,441.00,27.00,88,394.00,443.00,481.00,A,Post-processed measurement; percentiles P5/P50/P95 as printed; 3D-scan/physical measurement per NZDFAS protocol,A,nzdfas|NZDFAS Navy men,1
nzdfas,reports/nzdfas/56.pdf,145,NZDFAS Air Force women,New Zealand,military,Air Force,F,2016,other:chest_height_sitting,Chest height sitting,mm,431.00,27.00,72,390.00,429.00,480.00,A,Post-processed measurement; percentiles P5/P50/P95 as printed; 3D-scan/physical measurement per NZDFAS protocol,A,nzdfas|NZDFAS Air Force women,1
nzdfas,reports/nzdfas/56.pdf,145,NZDFAS Army women,New Zealand,military,Army,F,2016,other:chest_height_sitting,Chest height sitting,mm,433.00,25.00,97,392.00,432.00,474.00,A,Post-processed measurement; percentiles P5/P50/P95 as printed; 3D-scan/physical measurement per NZDFAS protocol,A,nzdfas|NZDFAS Army women,1
nzdfas,reports/nzdfas/56.pdf,145,NZDFAS Navy women,New Zealand,military,Navy,F,2016,other:chest_height_sitting,Chest height sitting,mm,420.00,28.00,43,369.00,425.00,462.00,A,Post-processed measurement; percentiles P5/P50/P95 as printed; 3D-scan/physical measurement per NZDFAS protocol,A,nzdfas|NZDFAS Navy women,1
nzdfas,reports/nzdfas/56.pdf,145,NZDFAS all services women,New Zealand,military,Tri-service,F,2016,other:chest_height_sitting,Chest height sitting,mm,430.00,27.00,212,387.00,428.00,473.00,A,Post-processed measurement; percentiles P5/P50/P95 as printed; 3D-scan/physical measurement per NZDFAS protocol; pooled Army+Navy+Air Force,A,nzdfas|NZDFAS all services women,1
nzdfas,reports/nzdfas/56.pdf,147,NZDFAS all services men,New Zealand,military,Tri-service,M,2016,crotch_height,Crotch height,mm,790.00,42.00,790,726.00,788.00,860.00,A,Post-processed measurement; percentiles P5/P50/P95 as printed; 3D-scan/physical measurement per NZDFAS protocol; pooled Army+Navy+Air Force,A,nzdfas|NZDFAS all services men,1
nzdfas,reports/nzdfas/56.pdf,147,NZDFAS Air Force men,New Zealand,military,Air Force,M,2016,crotch_height,Crotch height,mm,795.00,44.00,216,727.00,793.00,868.00,A,Post-processed measurement; percentiles P5/P50/P95 as printed; 3D-scan/physical measurement per NZDFAS protocol,A,nzdfas|NZDFAS Air Force men,1
nzdfas,reports/nzdfas/56.pdf,147,NZDFAS Army men,New Zealand,military,Army,M,2016,crotch_height,Crotch height,mm,788.00,41.00,486,725.00,787.00,856.00,A,Post-processed measurement; percentiles P5/P50/P95 as printed; 3D-scan/physical measurement per NZDFAS protocol,A,nzdfas|NZDFAS Army men,1
nzdfas,reports/nzdfas/56.pdf,147,NZDFAS Navy men,New Zealand,military,Navy,M,2016,crotch_height,Crotch height,mm,791.00,43.00,88,729.00,787.00,858.00,A,Post-processed measurement; percentiles P5/P50/P95 as printed; 3D-scan/physical measurement per NZDFAS protocol,A,nzdfas|NZDFAS Navy men,1
nzdfas,reports/nzdfas/56.pdf,147,NZDFAS Air Force women,New Zealand,military,Air Force,F,2016,crotch_height,Crotch height,mm,767.00,31.00,72,720.00,770.00,819.00,A,Post-processed measurement; percentiles P5/P50/P95 as printed; 3D-scan/physical measurement per NZDFAS protocol,A,nzdfas|NZDFAS Air Force women,1
nzdfas,reports/nzdfas/56.pdf,147,NZDFAS Army women,New Zealand,military,Army,F,2016,crotch_height,Crotch height,mm,767.00,34.00,97,714.00,768.00,831.00,A,Post-processed measurement; percentiles P5/P50/P95 as printed; 3D-scan/physical measurement per NZDFAS protocol,A,nzdfas|NZDFAS Army women,1
nzdfas,reports/nzdfas/56.pdf,147,NZDFAS Navy women,New Zealand,military,Navy,F,2016,crotch_height,Crotch height,mm,767.00,34.00,43,726.00,769.00,827.00,A,Post-processed measurement; percentiles P5/P50/P95 as printed; 3D-scan/physical measurement per NZDFAS protocol,A,nzdfas|NZDFAS Navy women,1
nzdfas,reports/nzdfas/56.pdf,147,NZDFAS all services women,New Zealand,military,Tri-service,F,2016,crotch_height,Crotch height,mm,767.00,33.00,212,714.00,769.00,829.00,A,Post-processed measurement; percentiles P5/P50/P95 as printed; 3D-scan/physical measurement per NZDFAS protocol; pooled Army+Navy+Air Force,A,nzdfas|NZDFAS all services women,1
nzdfas,reports/nzdfas/56.pdf,149,NZDFAS all services men,New Zealand,military,Tri-service,M,2016,other:crotch_length,Crotch length,mm,893.00,59.00,790,808.00,886.00,1003.00,A,Automatic measurement; percentiles P5/P50/P95 as printed; 3D-scan/physical measurement per NZDFAS protocol; pooled Army+Navy+Air Force,A,nzdfas|NZDFAS all services men,1
nzdfas,reports/nzdfas/56.pdf,149,NZDFAS Air Force men,New Zealand,military,Air Force,M,2016,other:crotch_length,Crotch length,mm,891.00,66.00,216,806.00,878.00,1020.00,A,Automatic measurement; percentiles P5/P50/P95 as printed; 3D-scan/physical measurement per NZDFAS protocol,A,nzdfas|NZDFAS Air Force men,1
nzdfas,reports/nzdfas/56.pdf,149,NZDFAS Army men,New Zealand,military,Army,M,2016,other:crotch_length,Crotch length,mm,896.00,57.00,486,816.00,891.00,1005.00,A,Automatic measurement; percentiles P5/P50/P95 as printed; 3D-scan/physical measurement per NZDFAS protocol,A,nzdfas|NZDFAS Army men,1
nzdfas,reports/nzdfas/56.pdf,149,NZDFAS Navy men,New Zealand,military,Navy,M,2016,other:crotch_length,Crotch length,mm,881.00,50.00,88,804.00,874.00,978.00,A,Automatic measurement; percentiles P5/P50/P95 as printed; 3D-scan/physical measurement per NZDFAS protocol,A,nzdfas|NZDFAS Navy men,1
nzdfas,reports/nzdfas/56.pdf,149,NZDFAS Air Force women,New Zealand,military,Air Force,F,2016,other:crotch_length,Crotch length,mm,786.00,49.00,72,706.00,785.00,856.00,A,Automatic measurement; percentiles P5/P50/P95 as printed; 3D-scan/physical measurement per NZDFAS protocol,A,nzdfas|NZDFAS Air Force women,1
nzdfas,reports/nzdfas/56.pdf,149,NZDFAS Army women,New Zealand,military,Army,F,2016,other:crotch_length,Crotch length,mm,799.00,54.00,97,720.00,794.00,897.00,A,Automatic measurement; percentiles P5/P50/P95 as printed; 3D-scan/physical measurement per NZDFAS protocol,A,nzdfas|NZDFAS Army women,1
nzdfas,reports/nzdfas/56.pdf,149,NZDFAS Navy women,New Zealand,military,Navy,F,2016,other:crotch_length,Crotch length,mm,785.00,53.00,43,716.00,777.00,885.00,A,Automatic measurement; percentiles P5/P50/P95 as printed; 3D-scan/physical measurement per NZDFAS protocol,A,nzdfas|NZDFAS Navy women,1
nzdfas,reports/nzdfas/56.pdf,149,NZDFAS all services women,New Zealand,military,Tri-service,F,2016,other:crotch_length,Crotch length,mm,792.00,52.00,212,712.00,790.00,887.00,A,Automatic measurement; percentiles P5/P50/P95 as printed; 3D-scan/physical measurement per NZDFAS protocol; pooled Army+Navy+Air Force,A,nzdfas|NZDFAS all services women,1
nzdfas,reports/nzdfas/56.pdf,151,NZDFAS all services men,New Zealand,military,Tri-service,M,2016,other:crotch_waist_preferred_anterior,Crotch waist preferred anterior,mm,291.00,32.00,790,240.00,290.00,348.00,A,Post-processed measurement; percentiles P5/P50/P95 as printed; 3D-scan/physical measurement per NZDFAS protocol; pooled Army+Navy+Air Force,A,nzdfas|NZDFAS all services men,1
nzdfas,reports/nzdfas/56.pdf,151,NZDFAS Air Force men,New Zealand,military,Air Force,M,2016,other:crotch_waist_preferred_anterior,Crotch waist preferred anterior,mm,294.00,30.00,216,250.00,291.00,347.00,A,Post-processed measurement; percentiles P5/P50/P95 as printed; 3D-scan/physical measurement per NZDFAS protocol,A,nzdfas|NZDFAS Air Force men,1
nzdfas,reports/nzdfas/56.pdf,151,NZDFAS Army men,New Zealand,military,Army,M,2016,other:crotch_waist_preferred_anterior,Crotch waist preferred anterior,mm,292.00,32.00,486,241.00,290.00,351.00,A,Post-processed measurement; percentiles P5/P50/P95 as printed; 3D-scan/physical measurement per NZDFAS protocol,A,nzdfas|NZDFAS Army men,1
nzdfas,reports/nzdfas/56.pdf,151,NZDFAS Navy men,New Zealand,military,Navy,M,2016,other:crotch_waist_preferred_anterior,Crotch waist preferred anterior,mm,281.00,37.00,88,223.00,279.00,345.00,A,Post-processed measurement; percentiles P5/P50/P95 as printed; 3D-scan/physical measurement per NZDFAS protocol,A,nzdfas|NZDFAS Navy men,1
nzdfas,reports/nzdfas/56.pdf,151,NZDFAS Air Force women,New Zealand,military,Air Force,F,2016,other:crotch_waist_preferred_anterior,Crotch waist preferred anterior,mm,254.00,36.00,72,194.00,252.00,324.00,A,Post-processed measurement; percentiles P5/P50/P95 as printed; 3D-scan/physical measurement per NZDFAS protocol,A,nzdfas|NZDFAS Air Force women,1
nzdfas,reports/nzdfas/56.pdf,151,NZDFAS Army women,New Zealand,military,Army,F,2016,other:crotch_waist_preferred_anterior,Crotch waist preferred anterior,mm,259.00,36.00,97,211.00,258.00,328.00,A,Post-processed measurement; percentiles P5/P50/P95 as printed; 3D-scan/physical measurement per NZDFAS protocol,A,nzdfas|NZDFAS Army women,1
nzdfas,reports/nzdfas/56.pdf,151,NZDFAS Navy women,New Zealand,military,Navy,F,2016,other:crotch_waist_preferred_anterior,Crotch waist preferred anterior,mm,242.00,41.00,43,192.00,237.00,326.00,A,Post-processed measurement; percentiles P5/P50/P95 as printed; 3D-scan/physical measurement per NZDFAS protocol,A,nzdfas|NZDFAS Navy women,1
nzdfas,reports/nzdfas/56.pdf,151,NZDFAS all services women,New Zealand,military,Tri-service,F,2016,other:crotch_waist_preferred_anterior,Crotch waist preferred anterior,mm,254.00,38.00,212,195.00,252.00,327.00,A,Post-processed measurement; percentiles P5/P50/P95 as printed; 3D-scan/physical measurement per NZDFAS protocol; pooled Army+Navy+Air Force,A,nzdfas|NZDFAS all services women,1
nzdfas,reports/nzdfas/56.pdf,153,NZDFAS Navy men,New Zealand,military,Navy,M,2016,other:crotch_waist_preferred_posterior,Crotch waist preferred posterior,mm,548.00,37.00,88,438.00,558.00,558.00,A,Post-processed measurement; percentiles P5/P50/P95 as printed; 3D-scan/physical measurement per NZDFAS protocol,A,nzdfas|NZDFAS Navy men,1
nzdfas,reports/nzdfas/56.pdf,153,NZDFAS Navy women,New Zealand,military,Navy,F,2016,other:crotch_waist_preferred_posterior,Crotch waist preferred posterior,mm,543.00,50.00,43,403.00,558.00,558.00,A,Post-processed measurement; percentiles P5/P50/P95 as printed; 3D-scan/physical measurement per NZDFAS protocol,A,nzdfas|NZDFAS Navy women,1
nzdfas,reports/nzdfas/56.pdf,155,NZDFAS all services men,New Zealand,military,Tri-service,M,2016,other:elbow_girth,Elbow girth,mm,287.00,20.00,790,256.00,287.00,324.00,A,Automatic measurement; percentiles P5/P50/P95 as printed; 3D-scan/physical measurement per NZDFAS protocol; pooled Army+Navy+Air Force,A,nzdfas|NZDFAS all services men,1
nzdfas,reports/nzdfas/56.pdf,155,NZDFAS Air Force men,New Zealand,military,Air Force,M,2016,other:elbow_girth,Elbow girth,mm,283.00,20.00,216,253.00,282.00,316.00,A,Automatic measurement; percentiles P5/P50/P95 as printed; 3D-scan/physical measurement per NZDFAS protocol,A,nzdfas|NZDFAS Air Force men,1
nzdfas,reports/nzdfas/56.pdf,155,NZDFAS Army men,New Zealand,military,Army,M,2016,other:elbow_girth,Elbow girth,mm,289.00,20.00,486,257.00,288.00,324.00,A,Automatic measurement; percentiles P5/P50/P95 as printed; 3D-scan/physical measurement per NZDFAS protocol,A,nzdfas|NZDFAS Army men,1
nzdfas,reports/nzdfas/56.pdf,155,NZDFAS Navy men,New Zealand,military,Navy,M,2016,other:elbow_girth,Elbow girth,mm,291.00,19.00,88,263.00,290.00,329.00,A,Automatic measurement; percentiles P5/P50/P95 as printed; 3D-scan/physical measurement per NZDFAS protocol,A,nzdfas|NZDFAS Navy men,1
nzdfas,reports/nzdfas/56.pdf,155,NZDFAS Air Force women,New Zealand,military,Air Force,F,2016,other:elbow_girth,Elbow girth,mm,249.00,16.00,72,228.00,248.00,282.00,A,Automatic measurement; percentiles P5/P50/P95 as printed; 3D-scan/physical measurement per NZDFAS protocol,A,nzdfas|NZDFAS Air Force women,1
nzdfas,reports/nzdfas/56.pdf,155,NZDFAS Army women,New Zealand,military,Army,F,2016,other:elbow_girth,Elbow girth,mm,257.00,17.00,97,234.00,256.00,289.00,A,Automatic measurement; percentiles P5/P50/P95 as printed; 3D-scan/physical measurement per NZDFAS protocol,A,nzdfas|NZDFAS Army women,1
nzdfas,reports/nzdfas/56.pdf,155,NZDFAS Navy women,New Zealand,military,Navy,F,2016,other:elbow_girth,Elbow girth,mm,252.00,20.00,43,228.00,247.00,291.00,A,Automatic measurement; percentiles P5/P50/P95 as printed; 3D-scan/physical measurement per NZDFAS protocol,A,nzdfas|NZDFAS Navy women,1
nzdfas,reports/nzdfas/56.pdf,155,NZDFAS all services women,New Zealand,military,Tri-service,F,2016,other:elbow_girth,Elbow girth,mm,254.00,18.00,212,230.00,250.00,287.00,A,Automatic measurement; percentiles P5/P50/P95 as printed; 3D-scan/physical measurement per NZDFAS protocol; pooled Army+Navy+Air Force,A,nzdfas|NZDFAS all services women,1
nzdfas,reports/nzdfas/56.pdf,157,NZDFAS all services men,New Zealand,military,Tri-service,M,2016,other:elbow_grip_length,Elbow grip length,mm,358.00,18.00,790,329.00,358.00,387.00,A,Physical measurement; percentiles P5/P50/P95 as printed; 3D-scan/physical measurement per NZDFAS protocol; pooled Army+Navy+Air Force,A,nzdfas|NZDFAS all services men,1
nzdfas,reports/nzdfas/56.pdf,157,NZDFAS Air Force men,New Zealand,military,Air Force,M,2016,other:elbow_grip_length,Elbow grip length,mm,362.00,18.00,216,334.00,362.00,390.00,A,Physical measurement; percentiles P5/P50/P95 as printed; 3D-scan/physical measurement per NZDFAS protocol,A,nzdfas|NZDFAS Air Force men,1
nzdfas,reports/nzdfas/56.pdf,157,NZDFAS Army men,New Zealand,military,Army,M,2016,other:elbow_grip_length,Elbow grip length,mm,357.00,18.00,486,326.00,356.00,385.00,A,Physical measurement; percentiles P5/P50/P95 as printed; 3D-scan/physical measurement per NZDFAS protocol,A,nzdfas|NZDFAS Army men,1
nzdfas,reports/nzdfas/56.pdf,157,NZDFAS Navy men,New Zealand,military,Navy,M,2016,other:elbow_grip_length,Elbow grip length,mm,358.00,18.00,88,333.00,356.00,388.00,A,Physical measurement; percentiles P5/P50/P95 as printed; 3D-scan/physical measurement per NZDFAS protocol,A,nzdfas|NZDFAS Navy men,1
nzdfas,reports/nzdfas/56.pdf,157,NZDFAS Air Force women,New Zealand,military,Air Force,F,2016,other:elbow_grip_length,Elbow grip length,mm,327.00,16.00,72,302.00,327.00,353.00,A,Physical measurement; percentiles P5/P50/P95 as printed; 3D-scan/physical measurement per NZDFAS protocol,A,nzdfas|NZDFAS Air Force women,1
nzdfas,reports/nzdfas/56.pdf,157,NZDFAS Army women,New Zealand,military,Army,F,2016,other:elbow_grip_length,Elbow grip length,mm,326.00,14.00,97,303.00,326.00,349.00,A,Physical measurement; percentiles P5/P50/P95 as printed; 3D-scan/physical measurement per NZDFAS protocol,A,nzdfas|NZDFAS Army women,1
nzdfas,reports/nzdfas/56.pdf,157,NZDFAS Navy women,New Zealand,military,Navy,F,2016,other:elbow_grip_length,Elbow grip length,mm,322.00,12.00,43,305.00,322.00,338.00,A,Physical measurement; percentiles P5/P50/P95 as printed; 3D-scan/physical measurement per NZDFAS protocol,A,nzdfas|NZDFAS Navy women,1
nzdfas,reports/nzdfas/56.pdf,157,NZDFAS all services women,New Zealand,military,Tri-service,F,2016,other:elbow_grip_length,Elbow grip length,mm,325.00,15.00,212,303.00,326.00,350.00,A,Physical measurement; percentiles P5/P50/P95 as printed; 3D-scan/physical measurement per NZDFAS protocol; pooled Army+Navy+Air Force,A,nzdfas|NZDFAS all services women,1
nzdfas,reports/nzdfas/56.pdf,159,NZDFAS all services men,New Zealand,military,Tri-service,M,2016,other:elbow_rest_height_standing,Elbow rest height standing,mm,1059.00,46.00,790,985.00,1057.00,1138.00,A,Physical measurement; percentiles P5/P50/P95 as printed; 3D-scan/physical measurement per NZDFAS protocol; pooled Army+Navy+Air Force,A,nzdfas|NZDFAS all services men,1
nzdfas,reports/nzdfas/56.pdf,159,NZDFAS Air Force men,New Zealand,military,Air Force,M,2016,other:elbow_rest_height_standing,Elbow rest height standing,mm,1065.00,47.00,216,994.00,1062.00,1161.00,A,Physical measurement; percentiles P5/P50/P95 as printed; 3D-scan/physical measurement per NZDFAS protocol,A,nzdfas|NZDFAS Air Force men,1
nzdfas,reports/nzdfas/56.pdf,159,NZDFAS Army men,New Zealand,military,Army,M,2016,other:elbow_rest_height_standing,Elbow rest height standing,mm,1058.00,46.00,486,984.00,1056.00,1137.00,A,Physical measurement; percentiles P5/P50/P95 as printed; 3D-scan/physical measurement per NZDFAS protocol,A,nzdfas|NZDFAS Army men,1
nzdfas,reports/nzdfas/56.pdf,159,NZDFAS Navy men,New Zealand,military,Navy,M,2016,other:elbow_rest_height_standing,Elbow rest height standing,mm,1057.00,43.00,88,990.00,1052.00,1125.00,A,Physical measurement; percentiles P5/P50/P95 as printed; 3D-scan/physical measurement per NZDFAS protocol,A,nzdfas|NZDFAS Navy men,1
nzdfas,reports/nzdfas/56.pdf,159,NZDFAS Air Force women,New Zealand,military,Air Force,F,2016,other:elbow_rest_height_standing,Elbow rest height standing,mm,986.00,39.00,72,925.00,983.00,1050.00,A,Physical measurement; percentiles P5/P50/P95 as printed; 3D-scan/physical measurement per NZDFAS protocol,A,nzdfas|NZDFAS Air Force women,1
nzdfas,reports/nzdfas/56.pdf,159,NZDFAS Army women,New Zealand,military,Army,F,2016,other:elbow_rest_height_standing,Elbow rest height standing,mm,998.00,40.00,97,929.00,999.00,1060.00,A,Physical measurement; percentiles P5/P50/P95 as printed; 3D-scan/physical measurement per NZDFAS protocol,A,nzdfas|NZDFAS Army women,1
nzdfas,reports/nzdfas/56.pdf,159,NZDFAS Navy women,New Zealand,military,Navy,F,2016,other:elbow_rest_height_standing,Elbow rest height standing,mm,988.00,40.00,43,907.00,989.00,1054.00,A,Physical measurement; percentiles P5/P50/P95 as printed; 3D-scan/physical measurement per NZDFAS protocol,A,nzdfas|NZDFAS Navy women,1
nzdfas,reports/nzdfas/56.pdf,159,NZDFAS all services women,New Zealand,military,Tri-service,F,2016,other:elbow_rest_height_standing,Elbow rest height standing,mm,992.00,40.00,212,924.00,992.00,1059.00,A,Physical measurement; percentiles P5/P50/P95 as printed; 3D-scan/physical measurement per NZDFAS protocol; pooled Army+Navy+Air Force,A,nzdfas|NZDFAS all services women,1
nzdfas,reports/nzdfas/56.pdf,161,NZDFAS all services men,New Zealand,military,Tri-service,M,2016,other:eye_height,Eye height,mm,1669.00,64.00,790,1568.00,1667.00,1774.00,A,Post-processed measurement; percentiles P5/P50/P95 as printed; 3D-scan/physical measurement per NZDFAS protocol; pooled Army+Navy+Air Force,A,nzdfas|NZDFAS all services men,1
nzdfas,reports/nzdfas/56.pdf,161,NZDFAS Air Force men,New Zealand,military,Air Force,M,2016,other:eye_height,Eye height,mm,1677.00,65.00,216,1571.00,1679.00,1794.00,A,Post-processed measurement; percentiles P5/P50/P95 as printed; 3D-scan/physical measurement per NZDFAS protocol,A,nzdfas|NZDFAS Air Force men,1
nzdfas,reports/nzdfas/56.pdf,161,NZDFAS Army men,New Zealand,military,Army,M,2016,other:eye_height,Eye height,mm,1664.00,65.00,486,1556.00,1663.00,1768.00,A,Post-processed measurement; percentiles P5/P50/P95 as printed; 3D-scan/physical measurement per NZDFAS protocol,A,nzdfas|NZDFAS Army men,1
nzdfas,reports/nzdfas/56.pdf,161,NZDFAS Navy men,New Zealand,military,Navy,M,2016,other:eye_height,Eye height,mm,1671.00,54.00,88,1592.00,1667.00,1756.00,A,Post-processed measurement; percentiles P5/P50/P95 as printed; 3D-scan/physical measurement per NZDFAS protocol,A,nzdfas|NZDFAS Navy men,1
nzdfas,reports/nzdfas/56.pdf,161,NZDFAS Air Force women,New Zealand,military,Air Force,F,2016,other:eye_height,Eye height,mm,1549.00,54.00,72,1474.00,1551.00,1646.00,A,Post-processed measurement; percentiles P5/P50/P95 as printed; 3D-scan/physical measurement per NZDFAS protocol,A,nzdfas|NZDFAS Air Force women,1
nzdfas,reports/nzdfas/56.pdf,161,NZDFAS Army women,New Zealand,military,Army,F,2016,other:eye_height,Eye height,mm,1552.00,54.00,97,1475.00,1550.00,1643.00,A,Post-processed measurement; percentiles P5/P50/P95 as printed; 3D-scan/physical measurement per NZDFAS protocol,A,nzdfas|NZDFAS Army women,1
nzdfas,reports/nzdfas/56.pdf,161,NZDFAS Navy women,New Zealand,military,Navy,F,2016,other:eye_height,Eye height,mm,1543.00,50.00,43,1464.00,1546.00,1638.00,A,Post-processed measurement; percentiles P5/P50/P95 as printed; 3D-scan/physical measurement per NZDFAS protocol,A,nzdfas|NZDFAS Navy women,1
nzdfas,reports/nzdfas/56.pdf,161,NZDFAS all services women,New Zealand,military,Tri-service,F,2016,other:eye_height,Eye height,mm,1549.00,53.00,212,1471.00,1549.00,1640.00,A,Post-processed measurement; percentiles P5/P50/P95 as printed; 3D-scan/physical measurement per NZDFAS protocol; pooled Army+Navy+Air Force,A,nzdfas|NZDFAS all services women,1
nzdfas,reports/nzdfas/56.pdf,163,NZDFAS all services men,New Zealand,military,Tri-service,M,2016,eye_height_sitting,Eye height sitting,mm,825.00,32.00,790,773.00,824.00,880.00,A,Post-processed measurement; percentiles P5/P50/P95 as printed; 3D-scan/physical measurement per NZDFAS protocol; pooled Army+Navy+Air Force,A,nzdfas|NZDFAS all services men,1
nzdfas,reports/nzdfas/56.pdf,163,NZDFAS Air Force men,New Zealand,military,Air Force,M,2016,eye_height_sitting,Eye height sitting,mm,827.00,31.00,216,776.00,828.00,876.00,A,Post-processed measurement; percentiles P5/P50/P95 as printed; 3D-scan/physical measurement per NZDFAS protocol,A,nzdfas|NZDFAS Air Force men,1
nzdfas,reports/nzdfas/56.pdf,163,NZDFAS Army men,New Zealand,military,Army,M,2016,eye_height_sitting,Eye height sitting,mm,825.00,33.00,486,772.00,823.00,882.00,A,Post-processed measurement; percentiles P5/P50/P95 as printed; 3D-scan/physical measurement per NZDFAS protocol,A,nzdfas|NZDFAS Army men,1
nzdfas,reports/nzdfas/56.pdf,163,NZDFAS Navy men,New Zealand,military,Navy,M,2016,eye_height_sitting,Eye height sitting,mm,819.00,29.00,88,776.00,817.00,873.00,A,Post-processed measurement; percentiles P5/P50/P95 as printed; 3D-scan/physical measurement per NZDFAS protocol,A,nzdfas|NZDFAS Navy men,1
nzdfas,reports/nzdfas/56.pdf,163,NZDFAS Air Force women,New Zealand,military,Air Force,F,2016,eye_height_sitting,Eye height sitting,mm,778.00,31.00,72,732.00,778.00,827.00,A,Post-processed measurement; percentiles P5/P50/P95 as printed; 3D-scan/physical measurement per NZDFAS protocol,A,nzdfas|NZDFAS Air Force women,1
nzdfas,reports/nzdfas/56.pdf,163,NZDFAS Army women,New Zealand,military,Army,F,2016,eye_height_sitting,Eye height sitting,mm,780.00,30.00,97,731.00,782.00,823.00,A,Post-processed measurement; percentiles P5/P50/P95 as printed; 3D-scan/physical measurement per NZDFAS protocol,A,nzdfas|NZDFAS Army women,1
nzdfas,reports/nzdfas/56.pdf,163,NZDFAS Navy women,New Zealand,military,Navy,F,2016,eye_height_sitting,Eye height sitting,mm,772.00,30.00,43,723.00,776.00,820.00,A,Post-processed measurement; percentiles P5/P50/P95 as printed; 3D-scan/physical measurement per NZDFAS protocol,A,nzdfas|NZDFAS Navy women,1
nzdfas,reports/nzdfas/56.pdf,163,NZDFAS all services women,New Zealand,military,Tri-service,F,2016,eye_height_sitting,Eye height sitting,mm,778.00,30.00,212,728.00,778.00,824.00,A,Post-processed measurement; percentiles P5/P50/P95 as printed; 3D-scan/physical measurement per NZDFAS protocol; pooled Army+Navy+Air Force,A,nzdfas|NZDFAS all services women,1
nzdfas,reports/nzdfas/56.pdf,165,NZDFAS all services men,New Zealand,military,Tri-service,M,2016,other:foot_ball_circumference,Foot ball circumference,mm,254.00,14.00,790,231.00,254.00,276.00,A,Physical measurement; percentiles P5/P50/P95 as printed; 3D-scan/physical measurement per NZDFAS protocol; pooled Army+Navy+Air Force,A,nzdfas|NZDFAS all services men,1
nzdfas,reports/nzdfas/56.pdf,165,NZDFAS Air Force men,New Zealand,military,Air Force,M,2016,other:foot_ball_circumference,Foot ball circumference,mm,255.00,13.00,216,235.00,255.00,276.00,A,Physical measurement; percentiles P5/P50/P95 as printed; 3D-scan/physical measurement per NZDFAS protocol,A,nzdfas|NZDFAS Air Force men,1
nzdfas,reports/nzdfas/56.pdf,165,NZDFAS Army men,New Zealand,military,Army,M,2016,other:foot_ball_circumference,Foot ball circumference,mm,254.00,14.00,486,230.00,254.00,275.00,A,Physical measurement; percentiles P5/P50/P95 as printed; 3D-scan/physical measurement per NZDFAS protocol,A,nzdfas|NZDFAS Army men,1
nzdfas,reports/nzdfas/56.pdf,165,NZDFAS Navy men,New Zealand,military,Navy,M,2016,other:foot_ball_circumference,Foot ball circumference,mm,256.00,13.00,88,235.00,256.00,275.00,A,Physical measurement; percentiles P5/P50/P95 as printed; 3D-scan/physical measurement per NZDFAS protocol,A,nzdfas|NZDFAS Navy men,1
nzdfas,reports/nzdfas/56.pdf,165,NZDFAS Air Force women,New Zealand,military,Air Force,F,2016,other:foot_ball_circumference,Foot ball circumference,mm,232.00,12.00,72,214.00,231.00,252.00,A,Physical measurement; percentiles P5/P50/P95 as printed; 3D-scan/physical measurement per NZDFAS protocol,A,nzdfas|NZDFAS Air Force women,1
nzdfas,reports/nzdfas/56.pdf,165,NZDFAS Army women,New Zealand,military,Army,F,2016,other:foot_ball_circumference,Foot ball circumference,mm,230.00,12.00,97,214.00,231.00,248.00,A,Physical measurement; percentiles P5/P50/P95 as printed; 3D-scan/physical measurement per NZDFAS protocol,A,nzdfas|NZDFAS Army women,1
nzdfas,reports/nzdfas/56.pdf,165,NZDFAS Navy women,New Zealand,military,Navy,F,2016,other:foot_ball_circumference,Foot ball circumference,mm,233.00,12.00,43,211.00,232.00,252.00,A,Physical measurement; percentiles P5/P50/P95 as printed; 3D-scan/physical measurement per NZDFAS protocol,A,nzdfas|NZDFAS Navy women,1
nzdfas,reports/nzdfas/56.pdf,165,NZDFAS all services women,New Zealand,military,Tri-service,F,2016,other:foot_ball_circumference,Foot ball circumference,mm,232.00,12.00,212,214.00,231.00,252.00,A,Physical measurement; percentiles P5/P50/P95 as printed; 3D-scan/physical measurement per NZDFAS protocol; pooled Army+Navy+Air Force,A,nzdfas|NZDFAS all services women,1
nzdfas,reports/nzdfas/56.pdf,167,NZDFAS all services men,New Zealand,military,Tri-service,M,2016,other:foot_ball_length,Foot ball length,mm,197.00,10.00,790,181.00,197.00,214.00,A,Physical measurement; percentiles P5/P50/P95 as printed; 3D-scan/physical measurement per NZDFAS protocol; pooled Army+Navy+Air Force,A,nzdfas|NZDFAS all services men,1
nzdfas,reports/nzdfas/56.pdf,167,NZDFAS Air Force men,New Zealand,military,Air Force,M,2016,other:foot_ball_length,Foot ball length,mm,197.00,10.00,216,182.00,197.00,215.00,A,Physical measurement; percentiles P5/P50/P95 as printed; 3D-scan/physical measurement per NZDFAS protocol,A,nzdfas|NZDFAS Air Force men,1
nzdfas,reports/nzdfas/56.pdf,167,NZDFAS Army men,New Zealand,military,Army,M,2016,other:foot_ball_length,Foot ball length,mm,197.00,10.00,486,181.00,198.00,214.00,A,Physical measurement; percentiles P5/P50/P95 as printed; 3D-scan/physical measurement per NZDFAS protocol,A,nzdfas|NZDFAS Army men,1
nzdfas,reports/nzdfas/56.pdf,167,NZDFAS Navy men,New Zealand,military,Navy,M,2016,other:foot_ball_length,Foot ball length,mm,196.00,11.00,88,175.00,196.00,213.00,A,Physical measurement; percentiles P5/P50/P95 as printed; 3D-scan/physical measurement per NZDFAS protocol,A,nzdfas|NZDFAS Navy men,1
nzdfas,reports/nzdfas/56.pdf,167,NZDFAS Air Force women,New Zealand,military,Air Force,F,2016,other:foot_ball_length,Foot ball length,mm,178.00,8.00,72,164.00,178.00,190.00,A,Physical measurement; percentiles P5/P50/P95 as printed; 3D-scan/physical measurement per NZDFAS protocol,A,nzdfas|NZDFAS Air Force women,1
nzdfas,reports/nzdfas/56.pdf,167,NZDFAS Army women,New Zealand,military,Army,F,2016,other:foot_ball_length,Foot ball length,mm,180.00,9.00,97,164.00,180.00,195.00,A,Physical measurement; percentiles P5/P50/P95 as printed; 3D-scan/physical measurement per NZDFAS protocol,A,nzdfas|NZDFAS Army women,1
nzdfas,reports/nzdfas/56.pdf,167,NZDFAS Navy women,New Zealand,military,Navy,F,2016,other:foot_ball_length,Foot ball length,mm,178.00,7.00,43,165.00,179.00,188.00,A,Physical measurement; percentiles P5/P50/P95 as printed; 3D-scan/physical measurement per NZDFAS protocol,A,nzdfas|NZDFAS Navy women,1
nzdfas,reports/nzdfas/56.pdf,167,NZDFAS all services women,New Zealand,military,Tri-service,F,2016,other:foot_ball_length,Foot ball length,mm,179.00,9.00,212,164.00,180.00,192.00,A,Physical measurement; percentiles P5/P50/P95 as printed; 3D-scan/physical measurement per NZDFAS protocol; pooled Army+Navy+Air Force,A,nzdfas|NZDFAS all services women,1
nzdfas,reports/nzdfas/56.pdf,169,NZDFAS all services men,New Zealand,military,Tri-service,M,2016,foot_breadth,Foot breadth,mm,103.00,6.00,790,93.00,103.00,112.00,A,Physical measurement; percentiles P5/P50/P95 as printed; 3D-scan/physical measurement per NZDFAS protocol; pooled Army+Navy+Air Force,A,nzdfas|NZDFAS all services men,1
nzdfas,reports/nzdfas/56.pdf,169,NZDFAS Air Force men,New Zealand,military,Air Force,M,2016,foot_breadth,Foot breadth,mm,102.00,5.00,216,95.00,103.00,112.00,A,Physical measurement; percentiles P5/P50/P95 as printed; 3D-scan/physical measurement per NZDFAS protocol,A,nzdfas|NZDFAS Air Force men,1
nzdfas,reports/nzdfas/56.pdf,169,NZDFAS Army men,New Zealand,military,Army,M,2016,foot_breadth,Foot breadth,mm,103.00,6.00,486,92.00,103.00,113.00,A,Physical measurement; percentiles P5/P50/P95 as printed; 3D-scan/physical measurement per NZDFAS protocol,A,nzdfas|NZDFAS Army men,1
nzdfas,reports/nzdfas/56.pdf,169,NZDFAS Navy men,New Zealand,military,Navy,M,2016,foot_breadth,Foot breadth,mm,103.00,6.00,88,95.00,103.00,112.00,A,Physical measurement; percentiles P5/P50/P95 as printed; 3D-scan/physical measurement per NZDFAS protocol,A,nzdfas|NZDFAS Navy men,1
nzdfas,reports/nzdfas/56.pdf,169,NZDFAS Air Force women,New Zealand,military,Air Force,F,2016,foot_breadth,Foot breadth,mm,94.00,6.00,72,85.00,94.00,103.00,A,Physical measurement; percentiles P5/P50/P95 as printed; 3D-scan/physical measurement per NZDFAS protocol,A,nzdfas|NZDFAS Air Force women,1
nzdfas,reports/nzdfas/56.pdf,169,NZDFAS Army women,New Zealand,military,Army,F,2016,foot_breadth,Foot breadth,mm,94.00,6.00,97,85.00,93.00,104.00,A,Physical measurement; percentiles P5/P50/P95 as printed; 3D-scan/physical measurement per NZDFAS protocol,A,nzdfas|NZDFAS Army women,1
nzdfas,reports/nzdfas/56.pdf,169,NZDFAS Navy women,New Zealand,military,Navy,F,2016,foot_breadth,Foot breadth,mm,93.00,6.00,43,85.00,93.00,104.00,A,Physical measurement; percentiles P5/P50/P95 as printed; 3D-scan/physical measurement per NZDFAS protocol,A,nzdfas|NZDFAS Navy women,1
nzdfas,reports/nzdfas/56.pdf,169,NZDFAS all services women,New Zealand,military,Tri-service,F,2016,foot_breadth,Foot breadth,mm,94.00,6.00,212,85.00,93.00,104.00,A,Physical measurement; percentiles P5/P50/P95 as printed; 3D-scan/physical measurement per NZDFAS protocol; pooled Army+Navy+Air Force,A,nzdfas|NZDFAS all services women,1
nzdfas,reports/nzdfas/56.pdf,171,NZDFAS all services men,New Zealand,military,Tri-service,M,2016,foot_length,Foot length,mm,269.00,12.00,790,250.00,270.00,290.00,A,Physical measurement; percentiles P5/P50/P95 as printed; 3D-scan/physical measurement per NZDFAS protocol; pooled Army+Navy+Air Force,A,nzdfas|NZDFAS all services men,1
nzdfas,reports/nzdfas/56.pdf,171,NZDFAS Air Force men,New Zealand,military,Air Force,M,2016,foot_length,Foot length,mm,270.00,12.00,216,251.00,269.00,292.00,A,Physical measurement; percentiles P5/P50/P95 as printed; 3D-scan/physical measurement per NZDFAS protocol,A,nzdfas|NZDFAS Air Force men,1
nzdfas,reports/nzdfas/56.pdf,171,NZDFAS Army men,New Zealand,military,Army,M,2016,foot_length,Foot length,mm,269.00,13.00,486,250.00,270.00,289.00,A,Physical measurement; percentiles P5/P50/P95 as printed; 3D-scan/physical measurement per NZDFAS protocol,A,nzdfas|NZDFAS Army men,1
nzdfas,reports/nzdfas/56.pdf,171,NZDFAS Navy men,New Zealand,military,Navy,M,2016,foot_length,Foot length,mm,271.00,12.00,88,253.00,270.00,288.00,A,Physical measurement; percentiles P5/P50/P95 as printed; 3D-scan/physical measurement per NZDFAS protocol,A,nzdfas|NZDFAS Navy men,1
nzdfas,reports/nzdfas/56.pdf,171,NZDFAS Air Force women,New Zealand,military,Air Force,F,2016,foot_length,Foot length,mm,244.00,11.00,72,229.00,244.00,264.00,A,Physical measurement; percentiles P5/P50/P95 as printed; 3D-scan/physical measurement per NZDFAS protocol,A,nzdfas|NZDFAS Air Force women,1
nzdfas,reports/nzdfas/56.pdf,171,NZDFAS Army women,New Zealand,military,Army,F,2016,foot_length,Foot length,mm,246.00,11.00,97,230.00,246.00,264.00,A,Physical measurement; percentiles P5/P50/P95 as printed; 3D-scan/physical measurement per NZDFAS protocol,A,nzdfas|NZDFAS Army women,1
nzdfas,reports/nzdfas/56.pdf,171,NZDFAS Navy women,New Zealand,military,Navy,F,2016,foot_length,Foot length,mm,244.00,12.00,43,226.00,244.00,259.00,A,Physical measurement; percentiles P5/P50/P95 as printed; 3D-scan/physical measurement per NZDFAS protocol,A,nzdfas|NZDFAS Navy women,1
nzdfas,reports/nzdfas/56.pdf,171,NZDFAS all services women,New Zealand,military,Tri-service,F,2016,foot_length,Foot length,mm,245.00,11.00,212,227.00,245.00,264.00,A,Physical measurement; percentiles P5/P50/P95 as printed; 3D-scan/physical measurement per NZDFAS protocol; pooled Army+Navy+Air Force,A,nzdfas|NZDFAS all services women,1
nzdfas,reports/nzdfas/56.pdf,173,NZDFAS all services men,New Zealand,military,Tri-service,M,2016,other:forearm_fingertip_length,Forearm-fingertip length,mm,481.00,21.00,790,447.00,481.00,515.00,A,Post-processed measurement; percentiles P5/P50/P95 as printed; 3D-scan/physical measurement per NZDFAS protocol; pooled Army+Navy+Air Force,A,nzdfas|NZDFAS all services men,1
nzdfas,reports/nzdfas/56.pdf,173,NZDFAS Air Force men,New Zealand,military,Air Force,M,2016,other:forearm_fingertip_length,Forearm-fingertip length,mm,482.00,21.00,216,450.00,482.00,518.00,A,Post-processed measurement; percentiles P5/P50/P95 as printed; 3D-scan/physical measurement per NZDFAS protocol,A,nzdfas|NZDFAS Air Force men,1
nzdfas,reports/nzdfas/56.pdf,173,NZDFAS Army men,New Zealand,military,Army,M,2016,other:forearm_fingertip_length,Forearm-fingertip length,mm,480.00,21.00,486,444.00,480.00,515.00,A,Post-processed measurement; percentiles P5/P50/P95 as printed; 3D-scan/physical measurement per NZDFAS protocol,A,nzdfas|NZDFAS Army men,1
nzdfas,reports/nzdfas/56.pdf,173,NZDFAS Navy men,New Zealand,military,Navy,M,2016,other:forearm_fingertip_length,Forearm-fingertip length,mm,483.00,20.00,88,458.00,482.00,513.00,A,Post-processed measurement; percentiles P5/P50/P95 as printed; 3D-scan/physical measurement per NZDFAS protocol,A,nzdfas|NZDFAS Navy men,1
nzdfas,reports/nzdfas/56.pdf,173,NZDFAS Air Force women,New Zealand,military,Air Force,F,2016,other:forearm_fingertip_length,Forearm-fingertip length,mm,436.00,19.00,72,404.00,436.00,466.00,A,Post-processed measurement; percentiles P5/P50/P95 as printed; 3D-scan/physical measurement per NZDFAS protocol,A,nzdfas|NZDFAS Air Force women,1
nzdfas,reports/nzdfas/56.pdf,173,NZDFAS Army women,New Zealand,military,Army,F,2016,other:forearm_fingertip_length,Forearm-fingertip length,mm,439.00,19.00,97,411.00,436.00,472.00,A,Post-processed measurement; percentiles P5/P50/P95 as printed; 3D-scan/physical measurement per NZDFAS protocol,A,nzdfas|NZDFAS Army women,1
nzdfas,reports/nzdfas/56.pdf,173,NZDFAS Navy women,New Zealand,military,Navy,F,2016,other:forearm_fingertip_length,Forearm-fingertip length,mm,435.00,15.00,43,410.00,436.00,460.00,A,Post-processed measurement; percentiles P5/P50/P95 as printed; 3D-scan/physical measurement per NZDFAS protocol,A,nzdfas|NZDFAS Navy women,1
nzdfas,reports/nzdfas/56.pdf,173,NZDFAS all services women,New Zealand,military,Tri-service,F,2016,other:forearm_fingertip_length,Forearm-fingertip length,mm,437.00,18.00,212,406.00,436.00,469.00,A,Post-processed measurement; percentiles P5/P50/P95 as printed; 3D-scan/physical measurement per NZDFAS protocol; pooled Army+Navy+Air Force,A,nzdfas|NZDFAS all services women,1
nzdfas,reports/nzdfas/56.pdf,175,NZDFAS all services men,New Zealand,military,Tri-service,M,2016,forearm_forearm_breadth,Forearm-forearm breadth,mm,544.00,52.00,790,456.00,545.00,629.00,A,Physical measurement; percentiles P5/P50/P95 as printed; 3D-scan/physical measurement per NZDFAS protocol; pooled Army+Navy+Air Force,A,nzdfas|NZDFAS all services men,1
nzdfas,reports/nzdfas/56.pdf,175,NZDFAS Air Force men,New Zealand,military,Air Force,M,2016,forearm_forearm_breadth,Forearm-forearm breadth,mm,544.00,50.00,216,462.00,542.00,630.00,A,Physical measurement; percentiles P5/P50/P95 as printed; 3D-scan/physical measurement per NZDFAS protocol,A,nzdfas|NZDFAS Air Force men,1
nzdfas,reports/nzdfas/56.pdf,175,NZDFAS Army men,New Zealand,military,Army,M,2016,forearm_forearm_breadth,Forearm-forearm breadth,mm,541.00,53.00,486,449.00,544.00,627.00,A,Physical measurement; percentiles P5/P50/P95 as printed; 3D-scan/physical measurement per NZDFAS protocol,A,nzdfas|NZDFAS Army men,1
nzdfas,reports/nzdfas/56.pdf,175,NZDFAS Navy men,New Zealand,military,Navy,M,2016,forearm_forearm_breadth,Forearm-forearm breadth,mm,558.00,51.00,88,481.00,554.00,651.00,A,Physical measurement; percentiles P5/P50/P95 as printed; 3D-scan/physical measurement per NZDFAS protocol,A,nzdfas|NZDFAS Navy men,1
nzdfas,reports/nzdfas/56.pdf,175,NZDFAS Air Force women,New Zealand,military,Air Force,F,2016,forearm_forearm_breadth,Forearm-forearm breadth,mm,470.00,39.00,72,407.00,470.00,527.00,A,Physical measurement; percentiles P5/P50/P95 as printed; 3D-scan/physical measurement per NZDFAS protocol,A,nzdfas|NZDFAS Air Force women,1
nzdfas,reports/nzdfas/56.pdf,175,NZDFAS Army women,New Zealand,military,Army,F,2016,forearm_forearm_breadth,Forearm-forearm breadth,mm,476.00,38.00,97,425.00,472.00,547.00,A,Physical measurement; percentiles P5/P50/P95 as printed; 3D-scan/physical measurement per NZDFAS protocol,A,nzdfas|NZDFAS Army women,1
nzdfas,reports/nzdfas/56.pdf,175,NZDFAS Navy women,New Zealand,military,Navy,F,2016,forearm_forearm_breadth,Forearm-forearm breadth,mm,474.00,42.00,43,419.00,463.00,560.00,A,Physical measurement; percentiles P5/P50/P95 as printed; 3D-scan/physical measurement per NZDFAS protocol,A,nzdfas|NZDFAS Navy women,1
nzdfas,reports/nzdfas/56.pdf,175,NZDFAS all services women,New Zealand,military,Tri-service,F,2016,forearm_forearm_breadth,Forearm-forearm breadth,mm,474.00,39.00,212,414.00,471.00,552.00,A,Physical measurement; percentiles P5/P50/P95 as printed; 3D-scan/physical measurement per NZDFAS protocol; pooled Army+Navy+Air Force,A,nzdfas|NZDFAS all services women,1
nzdfas,reports/nzdfas/56.pdf,177,NZDFAS all services men,New Zealand,military,Tri-service,M,2016,other:grip_reach,Grip reach,mm,768.00,40.00,790,703.00,768.00,831.00,A,Physical measurement; percentiles P5/P50/P95 as printed; 3D-scan/physical measurement per NZDFAS protocol; pooled Army+Navy+Air Force,A,nzdfas|NZDFAS all services men,1
nzdfas,reports/nzdfas/56.pdf,177,NZDFAS Air Force men,New Zealand,military,Air Force,M,2016,other:grip_reach,Grip reach,mm,773.00,39.00,216,712.00,775.00,832.00,A,Physical measurement; percentiles P5/P50/P95 as printed; 3D-scan/physical measurement per NZDFAS protocol,A,nzdfas|NZDFAS Air Force men,1
nzdfas,reports/nzdfas/56.pdf,177,NZDFAS Army men,New Zealand,military,Army,M,2016,other:grip_reach,Grip reach,mm,765.00,40.00,486,696.00,766.00,830.00,A,Physical measurement; percentiles P5/P50/P95 as printed; 3D-scan/physical measurement per NZDFAS protocol,A,nzdfas|NZDFAS Army men,1
nzdfas,reports/nzdfas/56.pdf,177,NZDFAS Navy men,New Zealand,military,Navy,M,2016,other:grip_reach,Grip reach,mm,771.00,39.00,88,716.00,768.00,836.00,A,Physical measurement; percentiles P5/P50/P95 as printed; 3D-scan/physical measurement per NZDFAS protocol,A,nzdfas|NZDFAS Navy men,1
nzdfas,reports/nzdfas/56.pdf,177,NZDFAS Air Force women,New Zealand,military,Air Force,F,2016,other:grip_reach,Grip reach,mm,702.00,35.00,72,655.00,701.00,770.00,A,Physical measurement; percentiles P5/P50/P95 as printed; 3D-scan/physical measurement per NZDFAS protocol,A,nzdfas|NZDFAS Air Force women,1
nzdfas,reports/nzdfas/56.pdf,177,NZDFAS Army women,New Zealand,military,Army,F,2016,other:grip_reach,Grip reach,mm,701.00,34.00,97,649.00,700.00,763.00,A,Physical measurement; percentiles P5/P50/P95 as printed; 3D-scan/physical measurement per NZDFAS protocol,A,nzdfas|NZDFAS Army women,1
nzdfas,reports/nzdfas/56.pdf,177,NZDFAS Navy women,New Zealand,military,Navy,F,2016,other:grip_reach,Grip reach,mm,689.00,29.00,43,639.00,690.00,730.00,A,Physical measurement; percentiles P5/P50/P95 as printed; 3D-scan/physical measurement per NZDFAS protocol,A,nzdfas|NZDFAS Navy women,1
nzdfas,reports/nzdfas/56.pdf,177,NZDFAS all services women,New Zealand,military,Tri-service,F,2016,other:grip_reach,Grip reach,mm,699.00,34.00,212,649.00,698.00,759.00,A,Physical measurement; percentiles P5/P50/P95 as printed; 3D-scan/physical measurement per NZDFAS protocol; pooled Army+Navy+Air Force,A,nzdfas|NZDFAS all services women,1
nzdfas,reports/nzdfas/56.pdf,179,NZDFAS all services men,New Zealand,military,Tri-service,M,2016,hand_breadth,Hand breadth,mm,88.00,4.00,790,81.00,88.00,95.00,A,Physical measurement; percentiles P5/P50/P95 as printed; 3D-scan/physical measurement per NZDFAS protocol; pooled Army+Navy+Air Force,A,nzdfas|NZDFAS all services men,1
nzdfas,reports/nzdfas/56.pdf,179,NZDFAS Air Force men,New Zealand,military,Air Force,M,2016,hand_breadth,Hand breadth,mm,87.00,4.00,216,81.00,87.00,95.00,A,Physical measurement; percentiles P5/P50/P95 as printed; 3D-scan/physical measurement per NZDFAS protocol,A,nzdfas|NZDFAS Air Force men,1
nzdfas,reports/nzdfas/56.pdf,179,NZDFAS Army men,New Zealand,military,Army,M,2016,hand_breadth,Hand breadth,mm,88.00,4.00,486,80.00,88.00,95.00,A,Physical measurement; percentiles P5/P50/P95 as printed; 3D-scan/physical measurement per NZDFAS protocol,A,nzdfas|NZDFAS Army men,1
nzdfas,reports/nzdfas/56.pdf,179,NZDFAS Navy men,New Zealand,military,Navy,M,2016,hand_breadth,Hand breadth,mm,88.00,4.00,88,82.00,89.00,95.00,A,Physical measurement; percentiles P5/P50/P95 as printed; 3D-scan/physical measurement per NZDFAS protocol,A,nzdfas|NZDFAS Navy men,1
nzdfas,reports/nzdfas/56.pdf,179,NZDFAS Air Force women,New Zealand,military,Air Force,F,2016,hand_breadth,Hand breadth,mm,78.00,4.00,72,73.00,78.00,85.00,A,Physical measurement; percentiles P5/P50/P95 as printed; 3D-scan/physical measurement per NZDFAS protocol,A,nzdfas|NZDFAS Air Force women,1
nzdfas,reports/nzdfas/56.pdf,179,NZDFAS Army women,New Zealand,military,Army,F,2016,hand_breadth,Hand breadth,mm,79.00,4.00,97,72.00,79.00,86.00,A,Physical measurement; percentiles P5/P50/P95 as printed; 3D-scan/physical measurement per NZDFAS protocol,A,nzdfas|NZDFAS Army women,1
nzdfas,reports/nzdfas/56.pdf,179,NZDFAS Navy women,New Zealand,military,Navy,F,2016,hand_breadth,Hand breadth,mm,78.00,4.00,43,72.00,79.00,83.00,A,Physical measurement; percentiles P5/P50/P95 as printed; 3D-scan/physical measurement per NZDFAS protocol,A,nzdfas|NZDFAS Navy women,1
nzdfas,reports/nzdfas/56.pdf,179,NZDFAS all services women,New Zealand,military,Tri-service,F,2016,hand_breadth,Hand breadth,mm,78.00,4.00,212,72.00,78.00,85.00,A,Physical measurement; percentiles P5/P50/P95 as printed; 3D-scan/physical measurement per NZDFAS protocol; pooled Army+Navy+Air Force,A,nzdfas|NZDFAS all services women,1
nzdfas,reports/nzdfas/56.pdf,181,NZDFAS all services men,New Zealand,military,Tri-service,M,2016,hand_circumference,Hand circumference,mm,214.00,10.00,790,198.00,214.00,232.00,A,Physical measurement; percentiles P5/P50/P95 as printed; 3D-scan/physical measurement per NZDFAS protocol; pooled Army+Navy+Air Force,A,nzdfas|NZDFAS all services men,1
nzdfas,reports/nzdfas/56.pdf,181,NZDFAS Air Force men,New Zealand,military,Air Force,M,2016,hand_circumference,Hand circumference,mm,215.00,10.00,216,199.00,214.00,233.00,A,Physical measurement; percentiles P5/P50/P95 as printed; 3D-scan/physical measurement per NZDFAS protocol,A,nzdfas|NZDFAS Air Force men,1
nzdfas,reports/nzdfas/56.pdf,181,NZDFAS Army men,New Zealand,military,Army,M,2016,hand_circumference,Hand circumference,mm,214.00,11.00,486,197.00,213.00,232.00,A,Physical measurement; percentiles P5/P50/P95 as printed; 3D-scan/physical measurement per NZDFAS protocol,A,nzdfas|NZDFAS Army men,1
nzdfas,reports/nzdfas/56.pdf,181,NZDFAS Navy men,New Zealand,military,Navy,M,2016,hand_circumference,Hand circumference,mm,215.00,10.00,88,200.00,214.00,230.00,A,Physical measurement; percentiles P5/P50/P95 as printed; 3D-scan/physical measurement per NZDFAS protocol,A,nzdfas|NZDFAS Navy men,1
nzdfas,reports/nzdfas/56.pdf,181,NZDFAS Air Force women,New Zealand,military,Air Force,F,2016,hand_circumference,Hand circumference,mm,191.00,9.00,72,176.00,190.00,206.00,A,Physical measurement; percentiles P5/P50/P95 as printed; 3D-scan/physical measurement per NZDFAS protocol,A,nzdfas|NZDFAS Air Force women,1
nzdfas,reports/nzdfas/56.pdf,181,NZDFAS Army women,New Zealand,military,Army,F,2016,hand_circumference,Hand circumference,mm,191.00,10.00,97,175.00,190.00,207.00,A,Physical measurement; percentiles P5/P50/P95 as printed; 3D-scan/physical measurement per NZDFAS protocol,A,nzdfas|NZDFAS Army women,1
nzdfas,reports/nzdfas/56.pdf,181,NZDFAS Navy women,New Zealand,military,Navy,F,2016,hand_circumference,Hand circumference,mm,188.00,10.00,43,172.00,189.00,203.00,A,Physical measurement; percentiles P5/P50/P95 as printed; 3D-scan/physical measurement per NZDFAS protocol,A,nzdfas|NZDFAS Navy women,1
nzdfas,reports/nzdfas/56.pdf,181,NZDFAS all services women,New Zealand,military,Tri-service,F,2016,hand_circumference,Hand circumference,mm,190.00,10.00,212,175.00,190.00,206.00,A,Physical measurement; percentiles P5/P50/P95 as printed; 3D-scan/physical measurement per NZDFAS protocol; pooled Army+Navy+Air Force,A,nzdfas|NZDFAS all services women,1
nzdfas,reports/nzdfas/56.pdf,183,NZDFAS all services men,New Zealand,military,Tri-service,M,2016,hand_length,Hand length,mm,198.00,11.00,790,180.00,199.00,216.00,A,Physical measurement; percentiles P5/P50/P95 as printed; 3D-scan/physical measurement per NZDFAS protocol; pooled Army+Navy+Air Force,A,nzdfas|NZDFAS all services men,1
nzdfas,reports/nzdfas/56.pdf,183,NZDFAS Air Force men,New Zealand,military,Air Force,M,2016,hand_length,Hand length,mm,201.00,10.00,216,185.00,202.00,220.00,A,Physical measurement; percentiles P5/P50/P95 as printed; 3D-scan/physical measurement per NZDFAS protocol,A,nzdfas|NZDFAS Air Force men,1
nzdfas,reports/nzdfas/56.pdf,183,NZDFAS Army men,New Zealand,military,Army,M,2016,hand_length,Hand length,mm,197.00,12.00,486,176.00,198.00,214.00,A,Physical measurement; percentiles P5/P50/P95 as printed; 3D-scan/physical measurement per NZDFAS protocol,A,nzdfas|NZDFAS Army men,1
nzdfas,reports/nzdfas/56.pdf,183,NZDFAS Navy men,New Zealand,military,Navy,M,2016,hand_length,Hand length,mm,197.00,9.00,88,184.00,196.00,211.00,A,Physical measurement; percentiles P5/P50/P95 as printed; 3D-scan/physical measurement per NZDFAS protocol,A,nzdfas|NZDFAS Navy men,1
nzdfas,reports/nzdfas/56.pdf,183,NZDFAS Air Force women,New Zealand,military,Air Force,F,2016,hand_length,Hand length,mm,185.00,9.00,72,172.00,185.00,201.00,A,Physical measurement; percentiles P5/P50/P95 as printed; 3D-scan/physical measurement per NZDFAS protocol,A,nzdfas|NZDFAS Air Force women,1
nzdfas,reports/nzdfas/56.pdf,183,NZDFAS Army women,New Zealand,military,Army,F,2016,hand_length,Hand length,mm,183.00,10.00,97,166.00,182.00,200.00,A,Physical measurement; percentiles P5/P50/P95 as printed; 3D-scan/physical measurement per NZDFAS protocol,A,nzdfas|NZDFAS Army women,1
nzdfas,reports/nzdfas/56.pdf,183,NZDFAS Navy women,New Zealand,military,Navy,F,2016,hand_length,Hand length,mm,179.00,9.00,43,164.00,180.00,192.00,A,Physical measurement; percentiles P5/P50/P95 as printed; 3D-scan/physical measurement per NZDFAS protocol,A,nzdfas|NZDFAS Navy women,1
nzdfas,reports/nzdfas/56.pdf,183,NZDFAS all services women,New Zealand,military,Tri-service,F,2016,hand_length,Hand length,mm,183.00,10.00,212,166.00,183.00,200.00,A,Physical measurement; percentiles P5/P50/P95 as printed; 3D-scan/physical measurement per NZDFAS protocol; pooled Army+Navy+Air Force,A,nzdfas|NZDFAS all services women,1
nzdfas,reports/nzdfas/56.pdf,185,NZDFAS all services men,New Zealand,military,Tri-service,M,2016,head_breadth,Head breadth,mm,156.00,6.00,790,146.00,155.00,165.00,A,Physical measurement; percentiles P5/P50/P95 as printed; 3D-scan/physical measurement per NZDFAS protocol; pooled Army+Navy+Air Force,A,nzdfas|NZDFAS all services men,1
nzdfas,reports/nzdfas/56.pdf,185,NZDFAS Air Force men,New Zealand,military,Air Force,M,2016,head_breadth,Head breadth,mm,155.00,6.00,216,145.00,155.00,164.00,A,Physical measurement; percentiles P5/P50/P95 as printed; 3D-scan/physical measurement per NZDFAS protocol,A,nzdfas|NZDFAS Air Force men,1
nzdfas,reports/nzdfas/56.pdf,185,NZDFAS Army men,New Zealand,military,Army,M,2016,head_breadth,Head breadth,mm,156.00,6.00,486,146.00,155.00,165.00,A,Physical measurement; percentiles P5/P50/P95 as printed; 3D-scan/physical measurement per NZDFAS protocol,A,nzdfas|NZDFAS Army men,1
nzdfas,reports/nzdfas/56.pdf,185,NZDFAS Navy men,New Zealand,military,Navy,M,2016,head_breadth,Head breadth,mm,157.00,7.00,88,146.00,157.00,166.00,A,Physical measurement; percentiles P5/P50/P95 as printed; 3D-scan/physical measurement per NZDFAS protocol,A,nzdfas|NZDFAS Navy men,1
nzdfas,reports/nzdfas/56.pdf,185,NZDFAS Air Force women,New Zealand,military,Air Force,F,2016,head_breadth,Head breadth,mm,149.00,6.00,72,140.00,149.00,160.00,A,Physical measurement; percentiles P5/P50/P95 as printed; 3D-scan/physical measurement per NZDFAS protocol,A,nzdfas|NZDFAS Air Force women,1
nzdfas,reports/nzdfas/56.pdf,185,NZDFAS Army women,New Zealand,military,Army,F,2016,head_breadth,Head breadth,mm,150.00,7.00,97,137.00,149.00,162.00,A,Physical measurement; percentiles P5/P50/P95 as printed; 3D-scan/physical measurement per NZDFAS protocol,A,nzdfas|NZDFAS Army women,1
nzdfas,reports/nzdfas/56.pdf,185,NZDFAS Navy women,New Zealand,military,Navy,F,2016,head_breadth,Head breadth,mm,147.00,6.00,43,139.00,148.00,156.00,A,Physical measurement; percentiles P5/P50/P95 as printed; 3D-scan/physical measurement per NZDFAS protocol,A,nzdfas|NZDFAS Navy women,1
nzdfas,reports/nzdfas/56.pdf,185,NZDFAS all services women,New Zealand,military,Tri-service,F,2016,head_breadth,Head breadth,mm,149.00,7.00,212,138.00,149.00,160.00,A,Physical measurement; percentiles P5/P50/P95 as printed; 3D-scan/physical measurement per NZDFAS protocol; pooled Army+Navy+Air Force,A,nzdfas|NZDFAS all services women,1
nzdfas,reports/nzdfas/56.pdf,187,NZDFAS all services men,New Zealand,military,Tri-service,M,2016,head_circumference,Head girth,mm,599.00,15.00,790,573.00,599.00,623.00,A,Automatic measurement; percentiles P5/P50/P95 as printed; 3D-scan/physical measurement per NZDFAS protocol; pooled Army+Navy+Air Force,A,nzdfas|NZDFAS all services men,1
nzdfas,reports/nzdfas/56.pdf,187,NZDFAS Air Force men,New Zealand,military,Air Force,M,2016,head_circumference,Head girth,mm,596.00,17.00,216,568.00,596.00,623.00,A,Automatic measurement; percentiles P5/P50/P95 as printed; 3D-scan/physical measurement per NZDFAS protocol,A,nzdfas|NZDFAS Air Force men,1
nzdfas,reports/nzdfas/56.pdf,187,NZDFAS Army men,New Zealand,military,Army,M,2016,head_circumference,Head girth,mm,600.00,15.00,486,576.00,601.00,624.00,A,Automatic measurement; percentiles P5/P50/P95 as printed; 3D-scan/physical measurement per NZDFAS protocol,A,nzdfas|NZDFAS Army men,1
nzdfas,reports/nzdfas/56.pdf,187,NZDFAS Navy men,New Zealand,military,Navy,M,2016,head_circumference,Head girth,mm,595.00,14.00,88,572.00,596.00,621.00,A,Automatic measurement; percentiles P5/P50/P95 as printed; 3D-scan/physical measurement per NZDFAS protocol,A,nzdfas|NZDFAS Navy men,1
nzdfas,reports/nzdfas/56.pdf,187,NZDFAS Air Force women,New Zealand,military,Air Force,F,2016,head_circumference,Head girth,mm,576.00,12.00,72,555.00,577.00,595.00,A,Automatic measurement; percentiles P5/P50/P95 as printed; 3D-scan/physical measurement per NZDFAS protocol,A,nzdfas|NZDFAS Air Force women,1
nzdfas,reports/nzdfas/56.pdf,187,NZDFAS Army women,New Zealand,military,Army,F,2016,head_circumference,Head girth,mm,580.00,12.00,97,560.00,579.00,598.00,A,Automatic measurement; percentiles P5/P50/P95 as printed; 3D-scan/physical measurement per NZDFAS protocol,A,nzdfas|NZDFAS Army women,1
nzdfas,reports/nzdfas/56.pdf,187,NZDFAS Navy women,New Zealand,military,Navy,F,2016,head_circumference,Head girth,mm,575.00,12.00,43,554.00,575.00,596.00,A,Automatic measurement; percentiles P5/P50/P95 as printed; 3D-scan/physical measurement per NZDFAS protocol,A,nzdfas|NZDFAS Navy women,1
nzdfas,reports/nzdfas/56.pdf,187,NZDFAS all services women,New Zealand,military,Tri-service,F,2016,head_circumference,Head girth,mm,578.00,12.00,212,557.00,578.00,597.00,A,Automatic measurement; percentiles P5/P50/P95 as printed; 3D-scan/physical measurement per NZDFAS protocol; pooled Army+Navy+Air Force,A,nzdfas|NZDFAS all services women,1
nzdfas,reports/nzdfas/56.pdf,189,NZDFAS all services men,New Zealand,military,Tri-service,M,2016,head_length,Head length,mm,202.00,7.00,790,192.00,202.00,213.00,A,Physical measurement; percentiles P5/P50/P95 as printed; 3D-scan/physical measurement per NZDFAS protocol; pooled Army+Navy+Air Force,A,nzdfas|NZDFAS all services men,1
nzdfas,reports/nzdfas/56.pdf,189,NZDFAS Air Force men,New Zealand,military,Air Force,M,2016,head_length,Head length,mm,203.00,7.00,216,191.00,203.00,214.00,A,Physical measurement; percentiles P5/P50/P95 as printed; 3D-scan/physical measurement per NZDFAS protocol,A,nzdfas|NZDFAS Air Force men,1
nzdfas,reports/nzdfas/56.pdf,189,NZDFAS Army men,New Zealand,military,Army,M,2016,head_length,Head length,mm,202.00,7.00,486,192.00,202.00,212.00,A,Physical measurement; percentiles P5/P50/P95 as printed; 3D-scan/physical measurement per NZDFAS protocol,A,nzdfas|NZDFAS Army men,1
nzdfas,reports/nzdfas/56.pdf,189,NZDFAS Navy men,New Zealand,military,Navy,M,2016,head_length,Head length,mm,201.00,6.00,88,190.00,202.00,210.00,A,Physical measurement; percentiles P5/P50/P95 as printed; 3D-scan/physical measurement per NZDFAS protocol,A,nzdfas|NZDFAS Navy men,1
nzdfas,reports/nzdfas/56.pdf,189,NZDFAS Air Force women,New Zealand,military,Air Force,F,2016,head_length,Head length,mm,195.00,6.00,72,186.00,195.00,204.00,A,Physical measurement; percentiles P5/P50/P95 as printed; 3D-scan/physical measurement per NZDFAS protocol,A,nzdfas|NZDFAS Air Force women,1
nzdfas,reports/nzdfas/56.pdf,189,NZDFAS Army women,New Zealand,military,Army,F,2016,head_length,Head length,mm,195.00,6.00,97,187.00,194.00,205.00,A,Physical measurement; percentiles P5/P50/P95 as printed; 3D-scan/physical measurement per NZDFAS protocol,A,nzdfas|NZDFAS Army women,1
nzdfas,reports/nzdfas/56.pdf,189,NZDFAS Navy women,New Zealand,military,Navy,F,2016,head_length,Head length,mm,194.00,7.00,43,183.00,193.00,203.00,A,Physical measurement; percentiles P5/P50/P95 as printed; 3D-scan/physical measurement per NZDFAS protocol,A,nzdfas|NZDFAS Navy women,1
nzdfas,reports/nzdfas/56.pdf,189,NZDFAS all services women,New Zealand,military,Tri-service,F,2016,head_length,Head length,mm,195.00,6.00,212,186.00,194.00,204.00,A,Physical measurement; percentiles P5/P50/P95 as printed; 3D-scan/physical measurement per NZDFAS protocol; pooled Army+Navy+Air Force,A,nzdfas|NZDFAS all services women,1
nzdfas,reports/nzdfas/56.pdf,191,NZDFAS all services men,New Zealand,military,Tri-service,M,2016,hip_breadth_sitting,Hip breadth sitting,mm,427.00,32.00,790,377.00,424.00,483.00,A,Post-processed measurement; percentiles P5/P50/P95 as printed; 3D-scan/physical measurement per NZDFAS protocol; pooled Army+Navy+Air Force,A,nzdfas|NZDFAS all services men,1
nzdfas,reports/nzdfas/56.pdf,191,NZDFAS Air Force men,New Zealand,military,Air Force,M,2016,hip_breadth_sitting,Hip breadth sitting,mm,423.00,34.00,216,376.00,419.00,482.00,A,Post-processed measurement; percentiles P5/P50/P95 as printed; 3D-scan/physical measurement per NZDFAS protocol,A,nzdfas|NZDFAS Air Force men,1
nzdfas,reports/nzdfas/56.pdf,191,NZDFAS Army men,New Zealand,military,Army,M,2016,hip_breadth_sitting,Hip breadth sitting,mm,427.00,31.00,486,378.00,425.00,482.00,A,Post-processed measurement; percentiles P5/P50/P95 as printed; 3D-scan/physical measurement per NZDFAS protocol,A,nzdfas|NZDFAS Army men,1
nzdfas,reports/nzdfas/56.pdf,191,NZDFAS Navy men,New Zealand,military,Navy,M,2016,hip_breadth_sitting,Hip breadth sitting,mm,432.00,33.00,88,381.00,426.00,489.00,A,Post-processed measurement; percentiles P5/P50/P95 as printed; 3D-scan/physical measurement per NZDFAS protocol,A,nzdfas|NZDFAS Navy men,1
nzdfas,reports/nzdfas/56.pdf,191,NZDFAS Air Force women,New Zealand,military,Air Force,F,2016,hip_breadth_sitting,Hip breadth sitting,mm,425.00,33.00,72,380.00,418.00,474.00,A,Post-processed measurement; percentiles P5/P50/P95 as printed; 3D-scan/physical measurement per NZDFAS protocol,A,nzdfas|NZDFAS Air Force women,1
nzdfas,reports/nzdfas/56.pdf,191,NZDFAS Army women,New Zealand,military,Army,F,2016,hip_breadth_sitting,Hip breadth sitting,mm,434.00,27.00,97,392.00,430.00,477.00,A,Post-processed measurement; percentiles P5/P50/P95 as printed; 3D-scan/physical measurement per NZDFAS protocol,A,nzdfas|NZDFAS Army women,1
nzdfas,reports/nzdfas/56.pdf,191,NZDFAS Navy women,New Zealand,military,Navy,F,2016,hip_breadth_sitting,Hip breadth sitting,mm,436.00,29.00,43,400.00,436.00,487.00,A,Post-processed measurement; percentiles P5/P50/P95 as printed; 3D-scan/physical measurement per NZDFAS protocol,A,nzdfas|NZDFAS Navy women,1
nzdfas,reports/nzdfas/56.pdf,191,NZDFAS all services women,New Zealand,military,Tri-service,F,2016,hip_breadth_sitting,Hip breadth sitting,mm,431.00,30.00,212,386.00,428.00,482.00,A,Post-processed measurement; percentiles P5/P50/P95 as printed; 3D-scan/physical measurement per NZDFAS protocol; pooled Army+Navy+Air Force,A,nzdfas|NZDFAS all services women,1
nzdfas,reports/nzdfas/56.pdf,193,NZDFAS all services men,New Zealand,military,Tri-service,M,2016,other:hip_breadth_standing,Hip breadth standing,mm,368.00,21.00,790,334.00,368.00,403.00,A,Post-processed measurement; percentiles P5/P50/P95 as printed; 3D-scan/physical measurement per NZDFAS protocol; pooled Army+Navy+Air Force,A,nzdfas|NZDFAS all services men,1
nzdfas,reports/nzdfas/56.pdf,193,NZDFAS Air Force men,New Zealand,military,Air Force,M,2016,other:hip_breadth_standing,Hip breadth standing,mm,367.00,21.00,216,334.00,365.00,403.00,A,Post-processed measurement; percentiles P5/P50/P95 as printed; 3D-scan/physical measurement per NZDFAS protocol,A,nzdfas|NZDFAS Air Force men,1
nzdfas,reports/nzdfas/56.pdf,193,NZDFAS Army men,New Zealand,military,Army,M,2016,other:hip_breadth_standing,Hip breadth standing,mm,369.00,21.00,486,334.00,368.00,403.00,A,Post-processed measurement; percentiles P5/P50/P95 as printed; 3D-scan/physical measurement per NZDFAS protocol,A,nzdfas|NZDFAS Army men,1
nzdfas,reports/nzdfas/56.pdf,193,NZDFAS Navy men,New Zealand,military,Navy,M,2016,other:hip_breadth_standing,Hip breadth standing,mm,369.00,21.00,88,336.00,369.00,406.00,A,Post-processed measurement; percentiles P5/P50/P95 as printed; 3D-scan/physical measurement per NZDFAS protocol,A,nzdfas|NZDFAS Navy men,1
nzdfas,reports/nzdfas/56.pdf,193,NZDFAS Air Force women,New Zealand,military,Air Force,F,2016,other:hip_breadth_standing,Hip breadth standing,mm,372.00,19.00,72,345.00,368.00,403.00,A,Post-processed measurement; percentiles P5/P50/P95 as printed; 3D-scan/physical measurement per NZDFAS protocol,A,nzdfas|NZDFAS Air Force women,1
nzdfas,reports/nzdfas/56.pdf,193,NZDFAS Army women,New Zealand,military,Army,F,2016,other:hip_breadth_standing,Hip breadth standing,mm,376.00,17.00,97,349.00,374.00,404.00,A,Post-processed measurement; percentiles P5/P50/P95 as printed; 3D-scan/physical measurement per NZDFAS protocol,A,nzdfas|NZDFAS Army women,1
nzdfas,reports/nzdfas/56.pdf,193,NZDFAS Navy women,New Zealand,military,Navy,F,2016,other:hip_breadth_standing,Hip breadth standing,mm,376.00,21.00,43,347.00,371.00,404.00,A,Post-processed measurement; percentiles P5/P50/P95 as printed; 3D-scan/physical measurement per NZDFAS protocol,A,nzdfas|NZDFAS Navy women,1
nzdfas,reports/nzdfas/56.pdf,193,NZDFAS all services women,New Zealand,military,Tri-service,F,2016,other:hip_breadth_standing,Hip breadth standing,mm,375.00,19.00,212,346.00,371.00,403.00,A,Post-processed measurement; percentiles P5/P50/P95 as printed; 3D-scan/physical measurement per NZDFAS protocol; pooled Army+Navy+Air Force,A,nzdfas|NZDFAS all services women,1
nzdfas,reports/nzdfas/56.pdf,195,NZDFAS all services men,New Zealand,military,Tri-service,M,2016,other:hip_girth_maximum,Hip girth maximum,mm,1061.00,68.00,790,958.00,1054.00,1177.00,A,Post-processed measurement; percentiles P5/P50/P95 as printed; 3D-scan/physical measurement per NZDFAS protocol; pooled Army+Navy+Air Force,A,nzdfas|NZDFAS all services men,1
nzdfas,reports/nzdfas/56.pdf,195,NZDFAS Air Force men,New Zealand,military,Air Force,M,2016,other:hip_girth_maximum,Hip girth maximum,mm,1056.00,69.00,216,958.00,1044.00,1171.00,A,Post-processed measurement; percentiles P5/P50/P95 as printed; 3D-scan/physical measurement per NZDFAS protocol,A,nzdfas|NZDFAS Air Force men,1
nzdfas,reports/nzdfas/56.pdf,195,NZDFAS Army men,New Zealand,military,Army,M,2016,other:hip_girth_maximum,Hip girth maximum,mm,1064.00,65.00,486,959.00,1059.00,1176.00,A,Post-processed measurement; percentiles P5/P50/P95 as printed; 3D-scan/physical measurement per NZDFAS protocol,A,nzdfas|NZDFAS Army men,1
nzdfas,reports/nzdfas/56.pdf,195,NZDFAS Navy men,New Zealand,military,Navy,M,2016,other:hip_girth_maximum,Hip girth maximum,mm,1060.00,83.00,88,945.00,1052.00,1192.00,A,Post-processed measurement; percentiles P5/P50/P95 as printed; 3D-scan/physical measurement per NZDFAS protocol,A,nzdfas|NZDFAS Navy men,1
nzdfas,reports/nzdfas/56.pdf,195,NZDFAS Air Force women,New Zealand,military,Air Force,F,2016,other:hip_girth_maximum,Hip girth maximum,mm,1046.00,66.00,72,944.00,1036.00,1168.00,A,Post-processed measurement; percentiles P5/P50/P95 as printed; 3D-scan/physical measurement per NZDFAS protocol,A,nzdfas|NZDFAS Air Force women,1
nzdfas,reports/nzdfas/56.pdf,195,NZDFAS Army women,New Zealand,military,Army,F,2016,other:hip_girth_maximum,Hip girth maximum,mm,1057.00,56.00,97,974.00,1050.00,1151.00,A,Post-processed measurement; percentiles P5/P50/P95 as printed; 3D-scan/physical measurement per NZDFAS protocol,A,nzdfas|NZDFAS Army women,1
nzdfas,reports/nzdfas/56.pdf,195,NZDFAS Navy women,New Zealand,military,Navy,F,2016,other:hip_girth_maximum,Hip girth maximum,mm,1057.00,73.00,43,968.00,1042.00,1195.00,A,Post-processed measurement; percentiles P5/P50/P95 as printed; 3D-scan/physical measurement per NZDFAS protocol,A,nzdfas|NZDFAS Navy women,1
nzdfas,reports/nzdfas/56.pdf,195,NZDFAS all services women,New Zealand,military,Tri-service,F,2016,other:hip_girth_maximum,Hip girth maximum,mm,1053.00,63.00,212,960.00,1046.00,1172.00,A,Post-processed measurement; percentiles P5/P50/P95 as printed; 3D-scan/physical measurement per NZDFAS protocol; pooled Army+Navy+Air Force,A,nzdfas|NZDFAS all services women,1
nzdfas,reports/nzdfas/56.pdf,197,NZDFAS all services men,New Zealand,military,Tri-service,M,2016,iliocristale_height,Iliocristale height,mm,1071.00,52.00,790,987.00,1069.00,1160.00,A,Post-processed measurement; percentiles P5/P50/P95 as printed; 3D-scan/physical measurement per NZDFAS protocol; pooled Army+Navy+Air Force,A,nzdfas|NZDFAS all services men,1
nzdfas,reports/nzdfas/56.pdf,197,NZDFAS Air Force men,New Zealand,military,Air Force,M,2016,iliocristale_height,Iliocristale height,mm,1076.00,53.00,216,984.00,1073.00,1173.00,A,Post-processed measurement; percentiles P5/P50/P95 as printed; 3D-scan/physical measurement per NZDFAS protocol,A,nzdfas|NZDFAS Air Force men,1
nzdfas,reports/nzdfas/56.pdf,197,NZDFAS Army men,New Zealand,military,Army,M,2016,iliocristale_height,Iliocristale height,mm,1068.00,51.00,486,987.00,1066.00,1156.00,A,Post-processed measurement; percentiles P5/P50/P95 as printed; 3D-scan/physical measurement per NZDFAS protocol,A,nzdfas|NZDFAS Army men,1
nzdfas,reports/nzdfas/56.pdf,197,NZDFAS Navy men,New Zealand,military,Navy,M,2016,iliocristale_height,Iliocristale height,mm,1077.00,55.00,88,998.00,1073.00,1161.00,A,Post-processed measurement; percentiles P5/P50/P95 as printed; 3D-scan/physical measurement per NZDFAS protocol,A,nzdfas|NZDFAS Navy men,1
nzdfas,reports/nzdfas/56.pdf,197,NZDFAS Air Force women,New Zealand,military,Air Force,F,2016,iliocristale_height,Iliocristale height,mm,996.00,45.00,72,923.00,1002.00,1064.00,A,Post-processed measurement; percentiles P5/P50/P95 as printed; 3D-scan/physical measurement per NZDFAS protocol,A,nzdfas|NZDFAS Air Force women,1
nzdfas,reports/nzdfas/56.pdf,197,NZDFAS Army women,New Zealand,military,Army,F,2016,iliocristale_height,Iliocristale height,mm,999.00,41.00,97,927.00,999.00,1069.00,A,Post-processed measurement; percentiles P5/P50/P95 as printed; 3D-scan/physical measurement per NZDFAS protocol,A,nzdfas|NZDFAS Army women,1
nzdfas,reports/nzdfas/56.pdf,197,NZDFAS Navy women,New Zealand,military,Navy,F,2016,iliocristale_height,Iliocristale height,mm,994.00,40.00,43,924.00,998.00,1058.00,A,Post-processed measurement; percentiles P5/P50/P95 as printed; 3D-scan/physical measurement per NZDFAS protocol,A,nzdfas|NZDFAS Navy women,1
nzdfas,reports/nzdfas/56.pdf,197,NZDFAS all services women,New Zealand,military,Tri-service,F,2016,iliocristale_height,Iliocristale height,mm,997.00,42.00,212,926.00,998.00,1069.00,A,Post-processed measurement; percentiles P5/P50/P95 as printed; 3D-scan/physical measurement per NZDFAS protocol; pooled Army+Navy+Air Force,A,nzdfas|NZDFAS all services women,1
nzdfas,reports/nzdfas/56.pdf,199,NZDFAS all services men,New Zealand,military,Tri-service,M,2016,other:index_finger_breadth_distal,Index finger breadth distal,mm,17.00,1.00,790,15.00,17.00,19.00,A,Physical measurement; percentiles P5/P50/P95 as printed; 3D-scan/physical measurement per NZDFAS protocol; pooled Army+Navy+Air Force,A,nzdfas|NZDFAS all services men,1
nzdfas,reports/nzdfas/56.pdf,199,NZDFAS Air Force men,New Zealand,military,Air Force,M,2016,other:index_finger_breadth_distal,Index finger breadth distal,mm,16.00,1.00,216,14.00,16.00,19.00,A,Physical measurement; percentiles P5/P50/P95 as printed; 3D-scan/physical measurement per NZDFAS protocol,A,nzdfas|NZDFAS Air Force men,1
nzdfas,reports/nzdfas/56.pdf,199,NZDFAS Army men,New Zealand,military,Army,M,2016,other:index_finger_breadth_distal,Index finger breadth distal,mm,17.00,1.00,486,15.00,17.00,19.00,A,Physical measurement; percentiles P5/P50/P95 as printed; 3D-scan/physical measurement per NZDFAS protocol,A,nzdfas|NZDFAS Army men,1
nzdfas,reports/nzdfas/56.pdf,199,NZDFAS Navy men,New Zealand,military,Navy,M,2016,other:index_finger_breadth_distal,Index finger breadth distal,mm,17.00,1.00,88,15.00,17.00,19.00,A,Physical measurement; percentiles P5/P50/P95 as printed; 3D-scan/physical measurement per NZDFAS protocol,A,nzdfas|NZDFAS Navy men,1
nzdfas,reports/nzdfas/56.pdf,199,NZDFAS Air Force women,New Zealand,military,Air Force,F,2016,other:index_finger_breadth_distal,Index finger breadth distal,mm,14.00,1.00,72,12.00,14.00,16.00,A,Physical measurement; percentiles P5/P50/P95 as printed; 3D-scan/physical measurement per NZDFAS protocol,A,nzdfas|NZDFAS Air Force women,1
nzdfas,reports/nzdfas/56.pdf,199,NZDFAS Army women,New Zealand,military,Army,F,2016,other:index_finger_breadth_distal,Index finger breadth distal,mm,15.00,1.00,97,13.00,15.00,16.00,A,Physical measurement; percentiles P5/P50/P95 as printed; 3D-scan/physical measurement per NZDFAS protocol,A,nzdfas|NZDFAS Army women,1
nzdfas,reports/nzdfas/56.pdf,199,NZDFAS Navy women,New Zealand,military,Navy,F,2016,other:index_finger_breadth_distal,Index finger breadth distal,mm,15.00,1.00,43,13.00,15.00,16.00,A,Physical measurement; percentiles P5/P50/P95 as printed; 3D-scan/physical measurement per NZDFAS protocol,A,nzdfas|NZDFAS Navy women,1
nzdfas,reports/nzdfas/56.pdf,199,NZDFAS all services women,New Zealand,military,Tri-service,F,2016,other:index_finger_breadth_distal,Index finger breadth distal,mm,14.00,1.00,212,12.00,15.00,16.00,A,Physical measurement; percentiles P5/P50/P95 as printed; 3D-scan/physical measurement per NZDFAS protocol; pooled Army+Navy+Air Force,A,nzdfas|NZDFAS all services women,1
nzdfas,reports/nzdfas/56.pdf,201,NZDFAS all services men,New Zealand,military,Tri-service,M,2016,other:index_finger_breadth_proximal,Index finger breadth proximal,mm,19.00,1.00,790,17.00,20.00,22.00,A,Physical measurement; percentiles P5/P50/P95 as printed; 3D-scan/physical measurement per NZDFAS protocol; pooled Army+Navy+Air Force,A,nzdfas|NZDFAS all services men,1
nzdfas,reports/nzdfas/56.pdf,201,NZDFAS Air Force men,New Zealand,military,Air Force,M,2016,other:index_finger_breadth_proximal,Index finger breadth proximal,mm,19.00,1.00,216,17.00,19.00,21.00,A,Physical measurement; percentiles P5/P50/P95 as printed; 3D-scan/physical measurement per NZDFAS protocol,A,nzdfas|NZDFAS Air Force men,1
nzdfas,reports/nzdfas/56.pdf,201,NZDFAS Army men,New Zealand,military,Army,M,2016,other:index_finger_breadth_proximal,Index finger breadth proximal,mm,19.00,1.00,486,17.00,19.00,22.00,A,Physical measurement; percentiles P5/P50/P95 as printed; 3D-scan/physical measurement per NZDFAS protocol,A,nzdfas|NZDFAS Army men,1
nzdfas,reports/nzdfas/56.pdf,201,NZDFAS Navy men,New Zealand,military,Navy,M,2016,other:index_finger_breadth_proximal,Index finger breadth proximal,mm,20.00,1.00,88,18.00,20.00,22.00,A,Physical measurement; percentiles P5/P50/P95 as printed; 3D-scan/physical measurement per NZDFAS protocol,A,nzdfas|NZDFAS Navy men,1
nzdfas,reports/nzdfas/56.pdf,201,NZDFAS Air Force women,New Zealand,military,Air Force,F,2016,other:index_finger_breadth_proximal,Index finger breadth proximal,mm,17.00,1.00,72,15.00,17.00,19.00,A,Physical measurement; percentiles P5/P50/P95 as printed; 3D-scan/physical measurement per NZDFAS protocol,A,nzdfas|NZDFAS Air Force women,1
nzdfas,reports/nzdfas/56.pdf,201,NZDFAS Army women,New Zealand,military,Army,F,2016,other:index_finger_breadth_proximal,Index finger breadth proximal,mm,17.00,1.00,97,16.00,17.00,20.00,A,Physical measurement; percentiles P5/P50/P95 as printed; 3D-scan/physical measurement per NZDFAS protocol,A,nzdfas|NZDFAS Army women,1
nzdfas,reports/nzdfas/56.pdf,201,NZDFAS Navy women,New Zealand,military,Navy,F,2016,other:index_finger_breadth_proximal,Index finger breadth proximal,mm,17.00,1.00,43,16.00,17.00,18.00,A,Physical measurement; percentiles P5/P50/P95 as printed; 3D-scan/physical measurement per NZDFAS protocol,A,nzdfas|NZDFAS Navy women,1
nzdfas,reports/nzdfas/56.pdf,201,NZDFAS all services women,New Zealand,military,Tri-service,F,2016,other:index_finger_breadth_proximal,Index finger breadth proximal,mm,17.00,1.00,212,15.00,17.00,19.00,A,Physical measurement; percentiles P5/P50/P95 as printed; 3D-scan/physical measurement per NZDFAS protocol; pooled Army+Navy+Air Force,A,nzdfas|NZDFAS all services women,1
nzdfas,reports/nzdfas/56.pdf,203,NZDFAS all services men,New Zealand,military,Tri-service,M,2016,other:index_finger_reach,Index finger reach,mm,864.00,42.00,790,795.00,864.00,934.00,A,Physical measurement; percentiles P5/P50/P95 as printed; 3D-scan/physical measurement per NZDFAS protocol; pooled Army+Navy+Air Force,A,nzdfas|NZDFAS all services men,1
nzdfas,reports/nzdfas/56.pdf,203,NZDFAS Air Force men,New Zealand,military,Air Force,M,2016,other:index_finger_reach,Index finger reach,mm,869.00,41.00,216,796.00,869.00,938.00,A,Physical measurement; percentiles P5/P50/P95 as printed; 3D-scan/physical measurement per NZDFAS protocol,A,nzdfas|NZDFAS Air Force men,1
nzdfas,reports/nzdfas/56.pdf,203,NZDFAS Army men,New Zealand,military,Army,M,2016,other:index_finger_reach,Index finger reach,mm,861.00,43.00,486,790.00,862.00,934.00,A,Physical measurement; percentiles P5/P50/P95 as printed; 3D-scan/physical measurement per NZDFAS protocol,A,nzdfas|NZDFAS Army men,1
nzdfas,reports/nzdfas/56.pdf,203,NZDFAS Navy men,New Zealand,military,Navy,M,2016,other:index_finger_reach,Index finger reach,mm,869.00,39.00,88,810.00,868.00,933.00,A,Physical measurement; percentiles P5/P50/P95 as printed; 3D-scan/physical measurement per NZDFAS protocol,A,nzdfas|NZDFAS Navy men,1
nzdfas,reports/nzdfas/56.pdf,203,NZDFAS Air Force women,New Zealand,military,Air Force,F,2016,other:index_finger_reach,Index finger reach,mm,791.00,37.00,72,735.00,789.00,857.00,A,Physical measurement; percentiles P5/P50/P95 as printed; 3D-scan/physical measurement per NZDFAS protocol,A,nzdfas|NZDFAS Air Force women,1
nzdfas,reports/nzdfas/56.pdf,203,NZDFAS Army women,New Zealand,military,Army,F,2016,other:index_finger_reach,Index finger reach,mm,795.00,39.00,97,734.00,792.00,873.00,A,Physical measurement; percentiles P5/P50/P95 as printed; 3D-scan/physical measurement per NZDFAS protocol,A,nzdfas|NZDFAS Army women,1
nzdfas,reports/nzdfas/56.pdf,203,NZDFAS Navy women,New Zealand,military,Navy,F,2016,other:index_finger_reach,Index finger reach,mm,781.00,31.00,43,724.00,784.00,822.00,A,Physical measurement; percentiles P5/P50/P95 as printed; 3D-scan/physical measurement per NZDFAS protocol,A,nzdfas|NZDFAS Navy women,1
nzdfas,reports/nzdfas/56.pdf,203,NZDFAS all services women,New Zealand,military,Tri-service,F,2016,other:index_finger_reach,Index finger reach,mm,791.00,37.00,212,733.00,789.00,857.00,A,Physical measurement; percentiles P5/P50/P95 as printed; 3D-scan/physical measurement per NZDFAS protocol; pooled Army+Navy+Air Force,A,nzdfas|NZDFAS all services women,1
nzdfas,reports/nzdfas/56.pdf,205,NZDFAS all services men,New Zealand,military,Tri-service,M,2016,interpupillary_breadth,Interpupillary breadth,mm,61.00,4.00,790,55.00,61.00,67.00,A,Physical measurement; percentiles P5/P50/P95 as printed; 3D-scan/physical measurement per NZDFAS protocol; pooled Army+Navy+Air Force,A,nzdfas|NZDFAS all services men,1
nzdfas,reports/nzdfas/56.pdf,205,NZDFAS Air Force men,New Zealand,military,Air Force,M,2016,interpupillary_breadth,Interpupillary breadth,mm,61.00,4.00,216,55.00,61.00,67.00,A,Physical measurement; percentiles P5/P50/P95 as printed; 3D-scan/physical measurement per NZDFAS protocol,A,nzdfas|NZDFAS Air Force men,1
nzdfas,reports/nzdfas/56.pdf,205,NZDFAS Army men,New Zealand,military,Army,M,2016,interpupillary_breadth,Interpupillary breadth,mm,61.00,4.00,486,55.00,60.00,67.00,A,Physical measurement; percentiles P5/P50/P95 as printed; 3D-scan/physical measurement per NZDFAS protocol,A,nzdfas|NZDFAS Army men,1
nzdfas,reports/nzdfas/56.pdf,205,NZDFAS Navy men,New Zealand,military,Navy,M,2016,interpupillary_breadth,Interpupillary breadth,mm,61.00,5.00,88,52.00,60.00,67.00,A,Physical measurement; percentiles P5/P50/P95 as printed; 3D-scan/physical measurement per NZDFAS protocol,A,nzdfas|NZDFAS Navy men,1
nzdfas,reports/nzdfas/56.pdf,205,NZDFAS Air Force women,New Zealand,military,Air Force,F,2016,interpupillary_breadth,Interpupillary breadth,mm,58.00,4.00,72,54.00,58.00,63.00,A,Physical measurement; percentiles P5/P50/P95 as printed; 3D-scan/physical measurement per NZDFAS protocol,A,nzdfas|NZDFAS Air Force women,1
nzdfas,reports/nzdfas/56.pdf,205,NZDFAS Army women,New Zealand,military,Army,F,2016,interpupillary_breadth,Interpupillary breadth,mm,59.00,3.00,97,53.00,60.00,64.00,A,Physical measurement; percentiles P5/P50/P95 as printed; 3D-scan/physical measurement per NZDFAS protocol,A,nzdfas|NZDFAS Army women,1
nzdfas,reports/nzdfas/56.pdf,205,NZDFAS Navy women,New Zealand,military,Navy,F,2016,interpupillary_breadth,Interpupillary breadth,mm,57.00,4.00,43,50.00,57.00,63.00,A,Physical measurement; percentiles P5/P50/P95 as printed; 3D-scan/physical measurement per NZDFAS protocol,A,nzdfas|NZDFAS Navy women,1
nzdfas,reports/nzdfas/56.pdf,205,NZDFAS all services women,New Zealand,military,Tri-service,F,2016,interpupillary_breadth,Interpupillary breadth,mm,58.00,4.00,212,52.00,59.00,64.00,A,Physical measurement; percentiles P5/P50/P95 as printed; 3D-scan/physical measurement per NZDFAS protocol; pooled Army+Navy+Air Force,A,nzdfas|NZDFAS all services women,1
nzdfas,reports/nzdfas/56.pdf,207,NZDFAS all services men,New Zealand,military,Tri-service,M,2016,other:knee_circumference,Knee circumference,mm,388.00,24.00,790,351.00,387.00,429.00,A,Post-processed measurement; percentiles P5/P50/P95 as printed; 3D-scan/physical measurement per NZDFAS protocol; pooled Army+Navy+Air Force,A,nzdfas|NZDFAS all services men,1
nzdfas,reports/nzdfas/56.pdf,207,NZDFAS Air Force men,New Zealand,military,Air Force,M,2016,other:knee_circumference,Knee circumference,mm,387.00,25.00,216,348.00,385.00,429.00,A,Post-processed measurement; percentiles P5/P50/P95 as printed; 3D-scan/physical measurement per NZDFAS protocol,A,nzdfas|NZDFAS Air Force men,1
nzdfas,reports/nzdfas/56.pdf,207,NZDFAS Army men,New Zealand,military,Army,M,2016,other:knee_circumference,Knee circumference,mm,387.00,24.00,486,353.00,386.00,428.00,A,Post-processed measurement; percentiles P5/P50/P95 as printed; 3D-scan/physical measurement per NZDFAS protocol,A,nzdfas|NZDFAS Army men,1
nzdfas,reports/nzdfas/56.pdf,207,NZDFAS Navy men,New Zealand,military,Navy,M,2016,other:knee_circumference,Knee circumference,mm,392.00,21.00,88,358.00,391.00,428.00,A,Post-processed measurement; percentiles P5/P50/P95 as printed; 3D-scan/physical measurement per NZDFAS protocol,A,nzdfas|NZDFAS Navy men,1
nzdfas,reports/nzdfas/56.pdf,207,NZDFAS Air Force women,New Zealand,military,Air Force,F,2016,other:knee_circumference,Knee circumference,mm,368.00,24.00,72,331.00,371.00,405.00,A,Post-processed measurement; percentiles P5/P50/P95 as printed; 3D-scan/physical measurement per NZDFAS protocol,A,nzdfas|NZDFAS Air Force women,1
nzdfas,reports/nzdfas/56.pdf,207,NZDFAS Army women,New Zealand,military,Army,F,2016,other:knee_circumference,Knee circumference,mm,371.00,21.00,97,339.00,370.00,403.00,A,Post-processed measurement; percentiles P5/P50/P95 as printed; 3D-scan/physical measurement per NZDFAS protocol,A,nzdfas|NZDFAS Army women,1
nzdfas,reports/nzdfas/56.pdf,207,NZDFAS Navy women,New Zealand,military,Navy,F,2016,other:knee_circumference,Knee circumference,mm,378.00,22.00,43,341.00,378.00,409.00,A,Post-processed measurement; percentiles P5/P50/P95 as printed; 3D-scan/physical measurement per NZDFAS protocol,A,nzdfas|NZDFAS Navy women,1
nzdfas,reports/nzdfas/56.pdf,207,NZDFAS all services women,New Zealand,military,Tri-service,F,2016,other:knee_circumference,Knee circumference,mm,372.00,22.00,212,334.00,371.00,408.00,A,Post-processed measurement; percentiles P5/P50/P95 as printed; 3D-scan/physical measurement per NZDFAS protocol; pooled Army+Navy+Air Force,A,nzdfas|NZDFAS all services women,1
nzdfas,reports/nzdfas/56.pdf,209,NZDFAS all services men,New Zealand,military,Tri-service,M,2016,other:knee_height,Knee height,mm,482.00,25.00,790,442.00,482.00,524.00,A,Automatic measurement; percentiles P5/P50/P95 as printed; 3D-scan/physical measurement per NZDFAS protocol; pooled Army+Navy+Air Force,A,nzdfas|NZDFAS all services men,1
nzdfas,reports/nzdfas/56.pdf,209,NZDFAS Air Force men,New Zealand,military,Air Force,M,2016,other:knee_height,Knee height,mm,485.00,25.00,216,447.00,484.00,528.00,A,Automatic measurement; percentiles P5/P50/P95 as printed; 3D-scan/physical measurement per NZDFAS protocol,A,nzdfas|NZDFAS Air Force men,1
nzdfas,reports/nzdfas/56.pdf,209,NZDFAS Army men,New Zealand,military,Army,M,2016,other:knee_height,Knee height,mm,480.00,25.00,486,441.00,479.00,521.00,A,Automatic measurement; percentiles P5/P50/P95 as printed; 3D-scan/physical measurement per NZDFAS protocol,A,nzdfas|NZDFAS Army men,1
nzdfas,reports/nzdfas/56.pdf,209,NZDFAS Navy men,New Zealand,military,Navy,M,2016,other:knee_height,Knee height,mm,485.00,23.00,88,453.00,484.00,524.00,A,Automatic measurement; percentiles P5/P50/P95 as printed; 3D-scan/physical measurement per NZDFAS protocol,A,nzdfas|NZDFAS Navy men,1
nzdfas,reports/nzdfas/56.pdf,209,NZDFAS Air Force women,New Zealand,military,Air Force,F,2016,other:knee_height,Knee height,mm,447.00,20.00,72,417.00,446.00,483.00,A,Automatic measurement; percentiles P5/P50/P95 as printed; 3D-scan/physical measurement per NZDFAS protocol,A,nzdfas|NZDFAS Air Force women,1
nzdfas,reports/nzdfas/56.pdf,209,NZDFAS Army women,New Zealand,military,Army,F,2016,other:knee_height,Knee height,mm,449.00,21.00,97,414.00,449.00,487.00,A,Automatic measurement; percentiles P5/P50/P95 as printed; 3D-scan/physical measurement per NZDFAS protocol,A,nzdfas|NZDFAS Army women,1
nzdfas,reports/nzdfas/56.pdf,209,NZDFAS Navy women,New Zealand,military,Navy,F,2016,other:knee_height,Knee height,mm,444.00,18.00,43,418.00,444.00,472.00,A,Automatic measurement; percentiles P5/P50/P95 as printed; 3D-scan/physical measurement per NZDFAS protocol,A,nzdfas|NZDFAS Navy women,1
nzdfas,reports/nzdfas/56.pdf,209,NZDFAS all services women,New Zealand,military,Tri-service,F,2016,other:knee_height,Knee height,mm,447.00,20.00,212,415.00,447.00,485.00,A,Automatic measurement; percentiles P5/P50/P95 as printed; 3D-scan/physical measurement per NZDFAS protocol; pooled Army+Navy+Air Force,A,nzdfas|NZDFAS all services women,1
nzdfas,reports/nzdfas/56.pdf,211,NZDFAS all services men,New Zealand,military,Tri-service,M,2016,knee_height_sitting,Knee height sitting,mm,556.00,27.00,790,513.00,557.00,599.00,A,Post-processed measurement; percentiles P5/P50/P95 as printed; 3D-scan/physical measurement per NZDFAS protocol; pooled Army+Navy+Air Force,A,nzdfas|NZDFAS all services men,1
nzdfas,reports/nzdfas/56.pdf,211,NZDFAS Air Force men,New Zealand,military,Air Force,M,2016,knee_height_sitting,Knee height sitting,mm,558.00,28.00,216,514.00,557.00,605.00,A,Post-processed measurement; percentiles P5/P50/P95 as printed; 3D-scan/physical measurement per NZDFAS protocol,A,nzdfas|NZDFAS Air Force men,1
nzdfas,reports/nzdfas/56.pdf,211,NZDFAS Army men,New Zealand,military,Army,M,2016,knee_height_sitting,Knee height sitting,mm,554.00,27.00,486,510.00,555.00,595.00,A,Post-processed measurement; percentiles P5/P50/P95 as printed; 3D-scan/physical measurement per NZDFAS protocol,A,nzdfas|NZDFAS Army men,1
nzdfas,reports/nzdfas/56.pdf,211,NZDFAS Navy men,New Zealand,military,Navy,M,2016,knee_height_sitting,Knee height sitting,mm,565.00,27.00,88,523.00,563.00,608.00,A,Post-processed measurement; percentiles P5/P50/P95 as printed; 3D-scan/physical measurement per NZDFAS protocol,A,nzdfas|NZDFAS Navy men,1
nzdfas,reports/nzdfas/56.pdf,211,NZDFAS Air Force women,New Zealand,military,Air Force,F,2016,knee_height_sitting,Knee height sitting,mm,514.00,23.00,72,477.00,514.00,550.00,A,Post-processed measurement; percentiles P5/P50/P95 as printed; 3D-scan/physical measurement per NZDFAS protocol,A,nzdfas|NZDFAS Air Force women,1
nzdfas,reports/nzdfas/56.pdf,211,NZDFAS Army women,New Zealand,military,Army,F,2016,knee_height_sitting,Knee height sitting,mm,513.00,22.00,97,477.00,514.00,549.00,A,Post-processed measurement; percentiles P5/P50/P95 as printed; 3D-scan/physical measurement per NZDFAS protocol,A,nzdfas|NZDFAS Army women,1
nzdfas,reports/nzdfas/56.pdf,211,NZDFAS Navy women,New Zealand,military,Navy,F,2016,knee_height_sitting,Knee height sitting,mm,514.00,21.00,43,481.00,513.00,539.00,A,Post-processed measurement; percentiles P5/P50/P95 as printed; 3D-scan/physical measurement per NZDFAS protocol,A,nzdfas|NZDFAS Navy women,1
nzdfas,reports/nzdfas/56.pdf,211,NZDFAS all services women,New Zealand,military,Tri-service,F,2016,knee_height_sitting,Knee height sitting,mm,514.00,22.00,212,476.00,514.00,550.00,A,Post-processed measurement; percentiles P5/P50/P95 as printed; 3D-scan/physical measurement per NZDFAS protocol; pooled Army+Navy+Air Force,A,nzdfas|NZDFAS all services women,1
nzdfas,reports/nzdfas/56.pdf,213,NZDFAS all services men,New Zealand,military,Tri-service,M,2016,other:medial_malleolus_hallax_length,Medial malleolus-hallax length,mm,210.00,11.00,790,193.00,210.00,229.00,A,Post-processed measurement; percentiles P5/P50/P95 as printed; 3D-scan/physical measurement per NZDFAS protocol; pooled Army+Navy+Air Force,A,nzdfas|NZDFAS all services men,1
nzdfas,reports/nzdfas/56.pdf,213,NZDFAS Air Force men,New Zealand,military,Air Force,M,2016,other:medial_malleolus_hallax_length,Medial malleolus-hallax length,mm,211.00,12.00,216,193.00,210.00,229.00,A,Post-processed measurement; percentiles P5/P50/P95 as printed; 3D-scan/physical measurement per NZDFAS protocol,A,nzdfas|NZDFAS Air Force men,1
nzdfas,reports/nzdfas/56.pdf,213,NZDFAS Army men,New Zealand,military,Army,M,2016,other:medial_malleolus_hallax_length,Medial malleolus-hallax length,mm,210.00,11.00,486,192.00,210.00,227.00,A,Post-processed measurement; percentiles P5/P50/P95 as printed; 3D-scan/physical measurement per NZDFAS protocol,A,nzdfas|NZDFAS Army men,1
nzdfas,reports/nzdfas/56.pdf,213,NZDFAS Navy men,New Zealand,military,Navy,M,2016,other:medial_malleolus_hallax_length,Medial malleolus-hallax length,mm,212.00,11.00,88,194.00,212.00,230.00,A,Post-processed measurement; percentiles P5/P50/P95 as printed; 3D-scan/physical measurement per NZDFAS protocol,A,nzdfas|NZDFAS Navy men,1
nzdfas,reports/nzdfas/56.pdf,213,NZDFAS Air Force women,New Zealand,military,Air Force,F,2016,other:medial_malleolus_hallax_length,Medial malleolus-hallax length,mm,189.00,11.00,72,174.00,189.00,208.00,A,Post-processed measurement; percentiles P5/P50/P95 as printed; 3D-scan/physical measurement per NZDFAS protocol,A,nzdfas|NZDFAS Air Force women,1
nzdfas,reports/nzdfas/56.pdf,213,NZDFAS Army women,New Zealand,military,Army,F,2016,other:medial_malleolus_hallax_length,Medial malleolus-hallax length,mm,192.00,10.00,97,178.00,191.00,211.00,A,Post-processed measurement; percentiles P5/P50/P95 as printed; 3D-scan/physical measurement per NZDFAS protocol,A,nzdfas|NZDFAS Army women,1
nzdfas,reports/nzdfas/56.pdf,213,NZDFAS Navy women,New Zealand,military,Navy,F,2016,other:medial_malleolus_hallax_length,Medial malleolus-hallax length,mm,192.00,11.00,43,174.00,194.00,208.00,A,Post-processed measurement; percentiles P5/P50/P95 as printed; 3D-scan/physical measurement per NZDFAS protocol,A,nzdfas|NZDFAS Navy women,1
nzdfas,reports/nzdfas/56.pdf,213,NZDFAS all services women,New Zealand,military,Tri-service,F,2016,other:medial_malleolus_hallax_length,Medial malleolus-hallax length,mm,191.00,11.00,212,174.00,191.00,208.00,A,Post-processed measurement; percentiles P5/P50/P95 as printed; 3D-scan/physical measurement per NZDFAS protocol; pooled Army+Navy+Air Force,A,nzdfas|NZDFAS all services women,1
nzdfas,reports/nzdfas/56.pdf,215,NZDFAS all services men,New Zealand,military,Tri-service,M,2016,neck_circumference_base,Neck girth base,mm,460.00,32.00,790,415.00,458.00,518.00,A,Automatic measurement; percentiles P5/P50/P95 as printed; 3D-scan/physical measurement per NZDFAS protocol; pooled Army+Navy+Air Force,A,nzdfas|NZDFAS all services men,1
nzdfas,reports/nzdfas/56.pdf,215,NZDFAS Air Force men,New Zealand,military,Air Force,M,2016,neck_circumference_base,Neck girth base,mm,453.00,28.00,216,414.00,452.00,502.00,A,Automatic measurement; percentiles P5/P50/P95 as printed; 3D-scan/physical measurement per NZDFAS protocol,A,nzdfas|NZDFAS Air Force men,1
nzdfas,reports/nzdfas/56.pdf,215,NZDFAS Army men,New Zealand,military,Army,M,2016,neck_circumference_base,Neck girth base,mm,463.00,32.00,486,416.00,461.00,522.00,A,Automatic measurement; percentiles P5/P50/P95 as printed; 3D-scan/physical measurement per NZDFAS protocol,A,nzdfas|NZDFAS Army men,1
nzdfas,reports/nzdfas/56.pdf,215,NZDFAS Navy men,New Zealand,military,Navy,M,2016,neck_circumference_base,Neck girth base,mm,464.00,35.00,88,417.00,463.00,519.00,A,Automatic measurement; percentiles P5/P50/P95 as printed; 3D-scan/physical measurement per NZDFAS protocol,A,nzdfas|NZDFAS Navy men,1
nzdfas,reports/nzdfas/56.pdf,215,NZDFAS Air Force women,New Zealand,military,Air Force,F,2016,neck_circumference_base,Neck girth base,mm,390.00,26.00,72,350.00,390.00,426.00,A,Automatic measurement; percentiles P5/P50/P95 as printed; 3D-scan/physical measurement per NZDFAS protocol,A,nzdfas|NZDFAS Air Force women,1
nzdfas,reports/nzdfas/56.pdf,215,NZDFAS Army women,New Zealand,military,Army,F,2016,neck_circumference_base,Neck girth base,mm,403.00,27.00,97,364.00,396.00,446.00,A,Automatic measurement; percentiles P5/P50/P95 as printed; 3D-scan/physical measurement per NZDFAS protocol,A,nzdfas|NZDFAS Army women,1
nzdfas,reports/nzdfas/56.pdf,215,NZDFAS Navy women,New Zealand,military,Navy,F,2016,neck_circumference_base,Neck girth base,mm,396.00,30.00,43,355.00,388.00,449.00,A,Automatic measurement; percentiles P5/P50/P95 as printed; 3D-scan/physical measurement per NZDFAS protocol,A,nzdfas|NZDFAS Navy women,1
nzdfas,reports/nzdfas/56.pdf,215,NZDFAS all services women,New Zealand,military,Tri-service,F,2016,neck_circumference_base,Neck girth base,mm,397.00,28.00,212,355.00,395.00,443.00,A,Automatic measurement; percentiles P5/P50/P95 as printed; 3D-scan/physical measurement per NZDFAS protocol; pooled Army+Navy+Air Force,A,nzdfas|NZDFAS all services women,1
nzdfas,reports/nzdfas/56.pdf,217,NZDFAS all services men,New Zealand,military,Tri-service,M,2016,other:palm_length,Palm length,mm,114.00,8.00,790,100.00,115.00,126.00,A,Physical measurement; percentiles P5/P50/P95 as printed; 3D-scan/physical measurement per NZDFAS protocol; pooled Army+Navy+Air Force,A,nzdfas|NZDFAS all services men,1
nzdfas,reports/nzdfas/56.pdf,217,NZDFAS Air Force men,New Zealand,military,Air Force,M,2016,other:palm_length,Palm length,mm,116.00,7.00,216,105.00,116.00,127.00,A,Physical measurement; percentiles P5/P50/P95 as printed; 3D-scan/physical measurement per NZDFAS protocol,A,nzdfas|NZDFAS Air Force men,1
nzdfas,reports/nzdfas/56.pdf,217,NZDFAS Army men,New Zealand,military,Army,M,2016,other:palm_length,Palm length,mm,114.00,9.00,486,97.00,114.00,126.00,A,Physical measurement; percentiles P5/P50/P95 as printed; 3D-scan/physical measurement per NZDFAS protocol,A,nzdfas|NZDFAS Army men,1
nzdfas,reports/nzdfas/56.pdf,217,NZDFAS Navy men,New Zealand,military,Navy,M,2016,other:palm_length,Palm length,mm,115.00,7.00,88,105.00,114.00,126.00,A,Physical measurement; percentiles P5/P50/P95 as printed; 3D-scan/physical measurement per NZDFAS protocol,A,nzdfas|NZDFAS Navy men,1
nzdfas,reports/nzdfas/56.pdf,217,NZDFAS Air Force women,New Zealand,military,Air Force,F,2016,other:palm_length,Palm length,mm,107.00,6.00,72,98.00,106.00,116.00,A,Physical measurement; percentiles P5/P50/P95 as printed; 3D-scan/physical measurement per NZDFAS protocol,A,nzdfas|NZDFAS Air Force women,1
nzdfas,reports/nzdfas/56.pdf,217,NZDFAS Army women,New Zealand,military,Army,F,2016,other:palm_length,Palm length,mm,105.00,7.00,97,93.00,105.00,116.00,A,Physical measurement; percentiles P5/P50/P95 as printed; 3D-scan/physical measurement per NZDFAS protocol,A,nzdfas|NZDFAS Army women,1
nzdfas,reports/nzdfas/56.pdf,217,NZDFAS Navy women,New Zealand,military,Navy,F,2016,other:palm_length,Palm length,mm,104.00,6.00,43,94.00,104.00,114.00,A,Physical measurement; percentiles P5/P50/P95 as printed; 3D-scan/physical measurement per NZDFAS protocol,A,nzdfas|NZDFAS Navy women,1
nzdfas,reports/nzdfas/56.pdf,217,NZDFAS all services women,New Zealand,military,Tri-service,F,2016,other:palm_length,Palm length,mm,106.00,6.00,212,96.00,105.00,116.00,A,Physical measurement; percentiles P5/P50/P95 as printed; 3D-scan/physical measurement per NZDFAS protocol; pooled Army+Navy+Air Force,A,nzdfas|NZDFAS all services women,1
nzdfas,reports/nzdfas/56.pdf,219,NZDFAS all services men,New Zealand,military,Tri-service,M,2016,popliteal_height,Popliteal height sitting,mm,450.00,24.00,790,413.00,448.00,490.00,A,Post-processed measurement; percentiles P5/P50/P95 as printed; 3D-scan/physical measurement per NZDFAS protocol; pooled Army+Navy+Air Force,A,nzdfas|NZDFAS all services men,1
nzdfas,reports/nzdfas/56.pdf,219,NZDFAS Air Force men,New Zealand,military,Air Force,M,2016,popliteal_height,Popliteal height sitting,mm,452.00,23.00,216,414.00,450.00,492.00,A,Post-processed measurement; percentiles P5/P50/P95 as printed; 3D-scan/physical measurement per NZDFAS protocol,A,nzdfas|NZDFAS Air Force men,1
nzdfas,reports/nzdfas/56.pdf,219,NZDFAS Army men,New Zealand,military,Army,M,2016,popliteal_height,Popliteal height sitting,mm,447.00,23.00,486,412.00,445.00,486.00,A,Post-processed measurement; percentiles P5/P50/P95 as printed; 3D-scan/physical measurement per NZDFAS protocol,A,nzdfas|NZDFAS Army men,1
nzdfas,reports/nzdfas/56.pdf,219,NZDFAS Navy men,New Zealand,military,Navy,M,2016,popliteal_height,Popliteal height sitting,mm,459.00,25.00,88,417.00,456.00,500.00,A,Post-processed measurement; percentiles P5/P50/P95 as printed; 3D-scan/physical measurement per NZDFAS protocol,A,nzdfas|NZDFAS Navy men,1
nzdfas,reports/nzdfas/56.pdf,219,NZDFAS Air Force women,New Zealand,military,Air Force,F,2016,popliteal_height,Popliteal height sitting,mm,413.00,21.00,72,380.00,411.00,447.00,A,Post-processed measurement; percentiles P5/P50/P95 as printed; 3D-scan/physical measurement per NZDFAS protocol,A,nzdfas|NZDFAS Air Force women,1
nzdfas,reports/nzdfas/56.pdf,219,NZDFAS Army women,New Zealand,military,Army,F,2016,popliteal_height,Popliteal height sitting,mm,412.00,20.00,97,377.00,411.00,443.00,A,Post-processed measurement; percentiles P5/P50/P95 as printed; 3D-scan/physical measurement per NZDFAS protocol,A,nzdfas|NZDFAS Army women,1
nzdfas,reports/nzdfas/56.pdf,219,NZDFAS Navy women,New Zealand,military,Navy,F,2016,popliteal_height,Popliteal height sitting,mm,416.00,16.00,43,388.00,416.00,440.00,A,Post-processed measurement; percentiles P5/P50/P95 as printed; 3D-scan/physical measurement per NZDFAS protocol,A,nzdfas|NZDFAS Navy women,1
nzdfas,reports/nzdfas/56.pdf,219,NZDFAS all services women,New Zealand,military,Tri-service,F,2016,popliteal_height,Popliteal height sitting,mm,413.00,20.00,212,380.00,412.00,445.00,A,Post-processed measurement; percentiles P5/P50/P95 as printed; 3D-scan/physical measurement per NZDFAS protocol; pooled Army+Navy+Air Force,A,nzdfas|NZDFAS all services women,1
nzdfas,reports/nzdfas/56.pdf,221,NZDFAS all services men,New Zealand,military,Tri-service,M,2016,radiale_stylion_length,Radiale-stylion length,mm,267.00,15.00,790,243.00,267.00,291.00,A,Post-processed measurement; percentiles P5/P50/P95 as printed; 3D-scan/physical measurement per NZDFAS protocol; pooled Army+Navy+Air Force,A,nzdfas|NZDFAS all services men,1
nzdfas,reports/nzdfas/56.pdf,221,NZDFAS Air Force men,New Zealand,military,Air Force,M,2016,radiale_stylion_length,Radiale-stylion length,mm,267.00,15.00,216,243.00,268.00,289.00,A,Post-processed measurement; percentiles P5/P50/P95 as printed; 3D-scan/physical measurement per NZDFAS protocol,A,nzdfas|NZDFAS Air Force men,1
nzdfas,reports/nzdfas/56.pdf,221,NZDFAS Army men,New Zealand,military,Army,M,2016,radiale_stylion_length,Radiale-stylion length,mm,267.00,15.00,486,242.00,267.00,292.00,A,Post-processed measurement; percentiles P5/P50/P95 as printed; 3D-scan/physical measurement per NZDFAS protocol,A,nzdfas|NZDFAS Army men,1
nzdfas,reports/nzdfas/56.pdf,221,NZDFAS Navy men,New Zealand,military,Navy,M,2016,radiale_stylion_length,Radiale-stylion length,mm,267.00,15.00,88,245.00,266.00,289.00,A,Post-processed measurement; percentiles P5/P50/P95 as printed; 3D-scan/physical measurement per NZDFAS protocol,A,nzdfas|NZDFAS Navy men,1
nzdfas,reports/nzdfas/56.pdf,221,NZDFAS Air Force women,New Zealand,military,Air Force,F,2016,radiale_stylion_length,Radiale-stylion length,mm,239.00,14.00,72,220.00,239.00,259.00,A,Post-processed measurement; percentiles P5/P50/P95 as printed; 3D-scan/physical measurement per NZDFAS protocol,A,nzdfas|NZDFAS Air Force women,1
nzdfas,reports/nzdfas/56.pdf,221,NZDFAS Army women,New Zealand,military,Army,F,2016,radiale_stylion_length,Radiale-stylion length,mm,243.00,13.00,97,222.00,244.00,261.00,A,Post-processed measurement; percentiles P5/P50/P95 as printed; 3D-scan/physical measurement per NZDFAS protocol,A,nzdfas|NZDFAS Army women,1
nzdfas,reports/nzdfas/56.pdf,221,NZDFAS Navy women,New Zealand,military,Navy,F,2016,radiale_stylion_length,Radiale-stylion length,mm,233.00,12.00,43,210.00,236.00,247.00,A,Post-processed measurement; percentiles P5/P50/P95 as printed; 3D-scan/physical measurement per NZDFAS protocol,A,nzdfas|NZDFAS Navy women,1
nzdfas,reports/nzdfas/56.pdf,221,NZDFAS all services women,New Zealand,military,Tri-service,F,2016,radiale_stylion_length,Radiale-stylion length,mm,240.00,13.00,212,218.00,240.00,260.00,A,Post-processed measurement; percentiles P5/P50/P95 as printed; 3D-scan/physical measurement per NZDFAS protocol; pooled Army+Navy+Air Force,A,nzdfas|NZDFAS all services women,1
nzdfas,reports/nzdfas/56.pdf,223,NZDFAS all services men,New Zealand,military,Tri-service,M,2016,sitting_height,Seated height,mm,943.00,33.00,790,890.00,942.00,998.00,A,Physical measurement; percentiles P5/P50/P95 as printed; 3D-scan/physical measurement per NZDFAS protocol; pooled Army+Navy+Air Force,A,nzdfas|NZDFAS all services men,1
nzdfas,reports/nzdfas/56.pdf,223,NZDFAS Air Force men,New Zealand,military,Air Force,M,2016,sitting_height,Seated height,mm,945.00,30.00,216,898.00,945.00,994.00,A,Physical measurement; percentiles P5/P50/P95 as printed; 3D-scan/physical measurement per NZDFAS protocol,A,nzdfas|NZDFAS Air Force men,1
nzdfas,reports/nzdfas/56.pdf,223,NZDFAS Army men,New Zealand,military,Army,M,2016,sitting_height,Seated height,mm,942.00,35.00,486,886.00,942.00,1002.00,A,Physical measurement; percentiles P5/P50/P95 as printed; 3D-scan/physical measurement per NZDFAS protocol,A,nzdfas|NZDFAS Army men,1
nzdfas,reports/nzdfas/56.pdf,223,NZDFAS Navy men,New Zealand,military,Navy,M,2016,sitting_height,Seated height,mm,940.00,27.00,88,899.00,938.00,985.00,A,Physical measurement; percentiles P5/P50/P95 as printed; 3D-scan/physical measurement per NZDFAS protocol,A,nzdfas|NZDFAS Navy men,1
nzdfas,reports/nzdfas/56.pdf,223,NZDFAS Air Force women,New Zealand,military,Air Force,F,2016,sitting_height,Seated height,mm,891.00,29.00,72,848.00,890.00,932.00,A,Physical measurement; percentiles P5/P50/P95 as printed; 3D-scan/physical measurement per NZDFAS protocol,A,nzdfas|NZDFAS Air Force women,1
nzdfas,reports/nzdfas/56.pdf,223,NZDFAS Army women,New Zealand,military,Army,F,2016,sitting_height,Seated height,mm,892.00,30.00,97,844.00,890.00,941.00,A,Physical measurement; percentiles P5/P50/P95 as printed; 3D-scan/physical measurement per NZDFAS protocol,A,nzdfas|NZDFAS Army women,1
nzdfas,reports/nzdfas/56.pdf,223,NZDFAS Navy women,New Zealand,military,Navy,F,2016,sitting_height,Seated height,mm,888.00,30.00,43,845.00,888.00,929.00,A,Physical measurement; percentiles P5/P50/P95 as printed; 3D-scan/physical measurement per NZDFAS protocol,A,nzdfas|NZDFAS Navy women,1
nzdfas,reports/nzdfas/56.pdf,223,NZDFAS all services women,New Zealand,military,Tri-service,F,2016,sitting_height,Seated height,mm,891.00,30.00,212,845.00,889.00,940.00,A,Physical measurement; percentiles P5/P50/P95 as printed; 3D-scan/physical measurement per NZDFAS protocol; pooled Army+Navy+Air Force,A,nzdfas|NZDFAS all services women,1
nzdfas,reports/nzdfas/56.pdf,225,NZDFAS all services men,New Zealand,military,Tri-service,M,2016,shoulder_elbow_length,Shoulder-elbow length,mm,374.00,19.00,790,344.00,374.00,404.00,A,Post-processed measurement; percentiles P5/P50/P95 as printed; 3D-scan/physical measurement per NZDFAS protocol; pooled Army+Navy+Air Force,A,nzdfas|NZDFAS all services men,1
nzdfas,reports/nzdfas/56.pdf,225,NZDFAS Air Force men,New Zealand,military,Air Force,M,2016,shoulder_elbow_length,Shoulder-elbow length,mm,375.00,18.00,216,346.00,375.00,403.00,A,Post-processed measurement; percentiles P5/P50/P95 as printed; 3D-scan/physical measurement per NZDFAS protocol,A,nzdfas|NZDFAS Air Force men,1
nzdfas,reports/nzdfas/56.pdf,225,NZDFAS Army men,New Zealand,military,Army,M,2016,shoulder_elbow_length,Shoulder-elbow length,mm,373.00,19.00,486,342.00,373.00,404.00,A,Post-processed measurement; percentiles P5/P50/P95 as printed; 3D-scan/physical measurement per NZDFAS protocol,A,nzdfas|NZDFAS Army men,1
nzdfas,reports/nzdfas/56.pdf,225,NZDFAS Navy men,New Zealand,military,Navy,M,2016,shoulder_elbow_length,Shoulder-elbow length,mm,374.00,17.00,88,348.00,374.00,403.00,A,Post-processed measurement; percentiles P5/P50/P95 as printed; 3D-scan/physical measurement per NZDFAS protocol,A,nzdfas|NZDFAS Navy men,1
nzdfas,reports/nzdfas/56.pdf,225,NZDFAS Air Force women,New Zealand,military,Air Force,F,2016,shoulder_elbow_length,Shoulder-elbow length,mm,345.00,15.00,72,322.00,347.00,370.00,A,Post-processed measurement; percentiles P5/P50/P95 as printed; 3D-scan/physical measurement per NZDFAS protocol,A,nzdfas|NZDFAS Air Force women,1
nzdfas,reports/nzdfas/56.pdf,225,NZDFAS Army women,New Zealand,military,Army,F,2016,shoulder_elbow_length,Shoulder-elbow length,mm,347.00,15.00,97,321.00,346.00,370.00,A,Post-processed measurement; percentiles P5/P50/P95 as printed; 3D-scan/physical measurement per NZDFAS protocol,A,nzdfas|NZDFAS Army women,1
nzdfas,reports/nzdfas/56.pdf,225,NZDFAS Navy women,New Zealand,military,Navy,F,2016,shoulder_elbow_length,Shoulder-elbow length,mm,341.00,15.00,43,320.00,340.00,365.00,A,Post-processed measurement; percentiles P5/P50/P95 as printed; 3D-scan/physical measurement per NZDFAS protocol,A,nzdfas|NZDFAS Navy women,1
nzdfas,reports/nzdfas/56.pdf,225,NZDFAS all services women,New Zealand,military,Tri-service,F,2016,shoulder_elbow_length,Shoulder-elbow length,mm,345.00,15.00,212,320.00,345.00,370.00,A,Post-processed measurement; percentiles P5/P50/P95 as printed; 3D-scan/physical measurement per NZDFAS protocol; pooled Army+Navy+Air Force,A,nzdfas|NZDFAS all services women,1
nzdfas,reports/nzdfas/56.pdf,227,NZDFAS all services men,New Zealand,military,Tri-service,M,2016,elbow_rest_height,Sitting elbow rest height sitting,mm,254.00,26.00,790,209.00,254.00,298.00,A,Post-processed measurement; percentiles P5/P50/P95 as printed; 3D-scan/physical measurement per NZDFAS protocol; pooled Army+Navy+Air Force,A,nzdfas|NZDFAS all services men,1
nzdfas,reports/nzdfas/56.pdf,227,NZDFAS Air Force men,New Zealand,military,Air Force,M,2016,elbow_rest_height,Sitting elbow rest height sitting,mm,256.00,24.00,216,217.00,257.00,297.00,A,Post-processed measurement; percentiles P5/P50/P95 as printed; 3D-scan/physical measurement per NZDFAS protocol,A,nzdfas|NZDFAS Air Force men,1
nzdfas,reports/nzdfas/56.pdf,227,NZDFAS Army men,New Zealand,military,Army,M,2016,elbow_rest_height,Sitting elbow rest height sitting,mm,255.00,27.00,486,209.00,255.00,299.00,A,Post-processed measurement; percentiles P5/P50/P95 as printed; 3D-scan/physical measurement per NZDFAS protocol,A,nzdfas|NZDFAS Army men,1
nzdfas,reports/nzdfas/56.pdf,227,NZDFAS Navy men,New Zealand,military,Navy,M,2016,elbow_rest_height,Sitting elbow rest height sitting,mm,246.00,25.00,88,204.00,243.00,285.00,A,Post-processed measurement; percentiles P5/P50/P95 as printed; 3D-scan/physical measurement per NZDFAS protocol,A,nzdfas|NZDFAS Navy men,1
nzdfas,reports/nzdfas/56.pdf,227,NZDFAS Air Force women,New Zealand,military,Air Force,F,2016,elbow_rest_height,Sitting elbow rest height sitting,mm,251.00,24.00,72,208.00,258.00,289.00,A,Post-processed measurement; percentiles P5/P50/P95 as printed; 3D-scan/physical measurement per NZDFAS protocol,A,nzdfas|NZDFAS Air Force women,1
nzdfas,reports/nzdfas/56.pdf,227,NZDFAS Army women,New Zealand,military,Army,F,2016,elbow_rest_height,Sitting elbow rest height sitting,mm,258.00,26.00,97,215.00,257.00,302.00,A,Post-processed measurement; percentiles P5/P50/P95 as printed; 3D-scan/physical measurement per NZDFAS protocol,A,nzdfas|NZDFAS Army women,1
nzdfas,reports/nzdfas/56.pdf,227,NZDFAS Navy women,New Zealand,military,Navy,F,2016,elbow_rest_height,Sitting elbow rest height sitting,mm,252.00,22.00,43,219.00,253.00,291.00,A,Post-processed measurement; percentiles P5/P50/P95 as printed; 3D-scan/physical measurement per NZDFAS protocol,A,nzdfas|NZDFAS Navy women,1
nzdfas,reports/nzdfas/56.pdf,227,NZDFAS all services women,New Zealand,military,Tri-service,F,2016,elbow_rest_height,Sitting elbow rest height sitting,mm,254.00,25.00,212,211.00,256.00,298.00,A,Post-processed measurement; percentiles P5/P50/P95 as printed; 3D-scan/physical measurement per NZDFAS protocol; pooled Army+Navy+Air Force,A,nzdfas|NZDFAS all services women,1
nzdfas,reports/nzdfas/56.pdf,229,NZDFAS all services men,New Zealand,military,Tri-service,M,2016,other:sleeve_outseam,Sleeve outseam,mm,619.00,30.00,790,573.00,620.00,669.00,A,Post-processed measurement; percentiles P5/P50/P95 as printed; 3D-scan/physical measurement per NZDFAS protocol; pooled Army+Navy+Air Force,A,nzdfas|NZDFAS all services men,1
nzdfas,reports/nzdfas/56.pdf,229,NZDFAS Air Force men,New Zealand,military,Air Force,M,2016,other:sleeve_outseam,Sleeve outseam,mm,621.00,30.00,216,574.00,622.00,668.00,A,Post-processed measurement; percentiles P5/P50/P95 as printed; 3D-scan/physical measurement per NZDFAS protocol,A,nzdfas|NZDFAS Air Force men,1
nzdfas,reports/nzdfas/56.pdf,229,NZDFAS Army men,New Zealand,military,Army,M,2016,other:sleeve_outseam,Sleeve outseam,mm,618.00,30.00,486,571.00,619.00,671.00,A,Post-processed measurement; percentiles P5/P50/P95 as printed; 3D-scan/physical measurement per NZDFAS protocol,A,nzdfas|NZDFAS Army men,1
nzdfas,reports/nzdfas/56.pdf,229,NZDFAS Navy men,New Zealand,military,Navy,M,2016,other:sleeve_outseam,Sleeve outseam,mm,620.00,27.00,88,581.00,619.00,662.00,A,Post-processed measurement; percentiles P5/P50/P95 as printed; 3D-scan/physical measurement per NZDFAS protocol,A,nzdfas|NZDFAS Navy men,1
nzdfas,reports/nzdfas/56.pdf,229,NZDFAS Air Force women,New Zealand,military,Air Force,F,2016,other:sleeve_outseam,Sleeve outseam,mm,566.00,24.00,72,530.00,568.00,604.00,A,Post-processed measurement; percentiles P5/P50/P95 as printed; 3D-scan/physical measurement per NZDFAS protocol,A,nzdfas|NZDFAS Air Force women,1
nzdfas,reports/nzdfas/56.pdf,229,NZDFAS Army women,New Zealand,military,Army,F,2016,other:sleeve_outseam,Sleeve outseam,mm,569.00,25.00,97,531.00,568.00,608.00,A,Post-processed measurement; percentiles P5/P50/P95 as printed; 3D-scan/physical measurement per NZDFAS protocol,A,nzdfas|NZDFAS Army women,1
nzdfas,reports/nzdfas/56.pdf,229,NZDFAS Navy women,New Zealand,military,Navy,F,2016,other:sleeve_outseam,Sleeve outseam,mm,558.00,23.00,43,517.00,563.00,595.00,A,Post-processed measurement; percentiles P5/P50/P95 as printed; 3D-scan/physical measurement per NZDFAS protocol,A,nzdfas|NZDFAS Navy women,1
nzdfas,reports/nzdfas/56.pdf,229,NZDFAS all services women,New Zealand,military,Tri-service,F,2016,other:sleeve_outseam,Sleeve outseam,mm,566.00,24.00,212,526.00,567.00,606.00,A,Post-processed measurement; percentiles P5/P50/P95 as printed; 3D-scan/physical measurement per NZDFAS protocol; pooled Army+Navy+Air Force,A,nzdfas|NZDFAS all services women,1
nzdfas,reports/nzdfas/56.pdf,231,NZDFAS all services men,New Zealand,military,Tri-service,M,2016,suprasternale_height,Suprasternale height,mm,1469.00,61.00,790,1373.00,1467.00,1567.00,A,Automatic measurement; percentiles P5/P50/P95 as printed; 3D-scan/physical measurement per NZDFAS protocol; pooled Army+Navy+Air Force,A,nzdfas|NZDFAS all services men,1
nzdfas,reports/nzdfas/56.pdf,231,NZDFAS Air Force men,New Zealand,military,Air Force,M,2016,suprasternale_height,Suprasternale height,mm,1478.00,62.00,216,1383.00,1475.00,1579.00,A,Automatic measurement; percentiles P5/P50/P95 as printed; 3D-scan/physical measurement per NZDFAS protocol,A,nzdfas|NZDFAS Air Force men,1
nzdfas,reports/nzdfas/56.pdf,231,NZDFAS Army men,New Zealand,military,Army,M,2016,suprasternale_height,Suprasternale height,mm,1465.00,61.00,486,1366.00,1464.00,1562.00,A,Automatic measurement; percentiles P5/P50/P95 as printed; 3D-scan/physical measurement per NZDFAS protocol,A,nzdfas|NZDFAS Army men,1
nzdfas,reports/nzdfas/56.pdf,231,NZDFAS Navy men,New Zealand,military,Navy,M,2016,suprasternale_height,Suprasternale height,mm,1470.00,53.00,88,1392.00,1460.00,1554.00,A,Automatic measurement; percentiles P5/P50/P95 as printed; 3D-scan/physical measurement per NZDFAS protocol,A,nzdfas|NZDFAS Navy men,1
nzdfas,reports/nzdfas/56.pdf,231,NZDFAS Air Force women,New Zealand,military,Air Force,F,2016,suprasternale_height,Suprasternale height,mm,1372.00,52.00,72,1296.00,1373.00,1472.00,A,Automatic measurement; percentiles P5/P50/P95 as printed; 3D-scan/physical measurement per NZDFAS protocol,A,nzdfas|NZDFAS Air Force women,1
nzdfas,reports/nzdfas/56.pdf,231,NZDFAS Army women,New Zealand,military,Army,F,2016,suprasternale_height,Suprasternale height,mm,1374.00,52.00,97,1295.00,1375.00,1464.00,A,Automatic measurement; percentiles P5/P50/P95 as printed; 3D-scan/physical measurement per NZDFAS protocol,A,nzdfas|NZDFAS Army women,1
nzdfas,reports/nzdfas/56.pdf,231,NZDFAS Navy women,New Zealand,military,Navy,F,2016,suprasternale_height,Suprasternale height,mm,1363.00,47.00,43,1284.00,1366.00,1445.00,A,Automatic measurement; percentiles P5/P50/P95 as printed; 3D-scan/physical measurement per NZDFAS protocol,A,nzdfas|NZDFAS Navy women,1
nzdfas,reports/nzdfas/56.pdf,231,NZDFAS all services women,New Zealand,military,Tri-service,F,2016,suprasternale_height,Suprasternale height,mm,1371.00,51.00,212,1291.00,1373.00,1461.00,A,Automatic measurement; percentiles P5/P50/P95 as printed; 3D-scan/physical measurement per NZDFAS protocol; pooled Army+Navy+Air Force,A,nzdfas|NZDFAS all services women,1
nzdfas,reports/nzdfas/56.pdf,233,NZDFAS all services men,New Zealand,military,Tri-service,M,2016,other:t2_height,T2 height,mm,1505.00,60.00,790,1409.00,1506.00,1604.00,A,Post-processed measurement; percentiles P5/P50/P95 as printed; 3D-scan/physical measurement per NZDFAS protocol; pooled Army+Navy+Air Force,A,nzdfas|NZDFAS all services men,1
nzdfas,reports/nzdfas/56.pdf,233,NZDFAS Air Force men,New Zealand,military,Air Force,M,2016,other:t2_height,T2 height,mm,1509.00,62.00,216,1415.00,1506.00,1613.00,A,Post-processed measurement; percentiles P5/P50/P95 as printed; 3D-scan/physical measurement per NZDFAS protocol,A,nzdfas|NZDFAS Air Force men,1
nzdfas,reports/nzdfas/56.pdf,233,NZDFAS Army men,New Zealand,military,Army,M,2016,other:t2_height,T2 height,mm,1504.00,61.00,486,1405.00,1506.00,1602.00,A,Post-processed measurement; percentiles P5/P50/P95 as printed; 3D-scan/physical measurement per NZDFAS protocol,A,nzdfas|NZDFAS Army men,1
nzdfas,reports/nzdfas/56.pdf,233,NZDFAS Navy men,New Zealand,military,Navy,M,2016,other:t2_height,T2 height,mm,1507.00,51.00,88,1422.00,1509.00,1588.00,A,Post-processed measurement; percentiles P5/P50/P95 as printed; 3D-scan/physical measurement per NZDFAS protocol,A,nzdfas|NZDFAS Navy men,1
nzdfas,reports/nzdfas/56.pdf,233,NZDFAS Air Force women,New Zealand,military,Air Force,F,2016,other:t2_height,T2 height,mm,1390.00,52.00,72,1304.00,1388.00,1474.00,A,Post-processed measurement; percentiles P5/P50/P95 as printed; 3D-scan/physical measurement per NZDFAS protocol,A,nzdfas|NZDFAS Air Force women,1
nzdfas,reports/nzdfas/56.pdf,233,NZDFAS Army women,New Zealand,military,Army,F,2016,other:t2_height,T2 height,mm,1403.00,55.00,97,1319.00,1399.00,1502.00,A,Post-processed measurement; percentiles P5/P50/P95 as printed; 3D-scan/physical measurement per NZDFAS protocol,A,nzdfas|NZDFAS Army women,1
nzdfas,reports/nzdfas/56.pdf,233,NZDFAS Navy women,New Zealand,military,Navy,F,2016,other:t2_height,T2 height,mm,1398.00,48.00,43,1322.00,1400.00,1474.00,A,Post-processed measurement; percentiles P5/P50/P95 as printed; 3D-scan/physical measurement per NZDFAS protocol,A,nzdfas|NZDFAS Navy women,1
nzdfas,reports/nzdfas/56.pdf,233,NZDFAS all services women,New Zealand,military,Tri-service,F,2016,other:t2_height,T2 height,mm,1397.00,53.00,212,1306.00,1396.00,1493.00,A,Post-processed measurement; percentiles P5/P50/P95 as printed; 3D-scan/physical measurement per NZDFAS protocol; pooled Army+Navy+Air Force,A,nzdfas|NZDFAS all services women,1
nzdfas,reports/nzdfas/56.pdf,235,NZDFAS all services men,New Zealand,military,Tri-service,M,2016,other:tenth_rib_height,Tenth rib height,mm,1145.00,52.00,790,1063.00,1144.00,1233.00,A,Post-processed measurement; percentiles P5/P50/P95 as printed; 3D-scan/physical measurement per NZDFAS protocol; pooled Army+Navy+Air Force,A,nzdfas|NZDFAS all services men,1
nzdfas,reports/nzdfas/56.pdf,235,NZDFAS Air Force men,New Zealand,military,Air Force,M,2016,other:tenth_rib_height,Tenth rib height,mm,1153.00,52.00,216,1078.00,1152.00,1243.00,A,Post-processed measurement; percentiles P5/P50/P95 as printed; 3D-scan/physical measurement per NZDFAS protocol,A,nzdfas|NZDFAS Air Force men,1
nzdfas,reports/nzdfas/56.pdf,235,NZDFAS Army men,New Zealand,military,Army,M,2016,other:tenth_rib_height,Tenth rib height,mm,1140.00,51.00,486,1056.00,1141.00,1221.00,A,Post-processed measurement; percentiles P5/P50/P95 as printed; 3D-scan/physical measurement per NZDFAS protocol,A,nzdfas|NZDFAS Army men,1
nzdfas,reports/nzdfas/56.pdf,235,NZDFAS Navy men,New Zealand,military,Navy,M,2016,other:tenth_rib_height,Tenth rib height,mm,1152.00,55.00,88,1071.00,1155.00,1236.00,A,Post-processed measurement; percentiles P5/P50/P95 as printed; 3D-scan/physical measurement per NZDFAS protocol,A,nzdfas|NZDFAS Navy men,1
nzdfas,reports/nzdfas/56.pdf,235,NZDFAS Air Force women,New Zealand,military,Air Force,F,2016,other:tenth_rib_height,Tenth rib height,mm,1059.00,45.00,72,990.00,1070.00,1122.00,A,Post-processed measurement; percentiles P5/P50/P95 as printed; 3D-scan/physical measurement per NZDFAS protocol,A,nzdfas|NZDFAS Air Force women,1
nzdfas,reports/nzdfas/56.pdf,235,NZDFAS Army women,New Zealand,military,Army,F,2016,other:tenth_rib_height,Tenth rib height,mm,1063.00,42.00,97,993.00,1064.00,1132.00,A,Post-processed measurement; percentiles P5/P50/P95 as printed; 3D-scan/physical measurement per NZDFAS protocol,A,nzdfas|NZDFAS Army women,1
nzdfas,reports/nzdfas/56.pdf,235,NZDFAS Navy women,New Zealand,military,Navy,F,2016,other:tenth_rib_height,Tenth rib height,mm,1073.00,45.00,43,1006.00,1074.00,1138.00,A,Post-processed measurement; percentiles P5/P50/P95 as printed; 3D-scan/physical measurement per NZDFAS protocol,A,nzdfas|NZDFAS Navy women,1
nzdfas,reports/nzdfas/56.pdf,235,NZDFAS all services women,New Zealand,military,Tri-service,F,2016,other:tenth_rib_height,Tenth rib height,mm,1064.00,44.00,212,992.00,1066.00,1134.00,A,Post-processed measurement; percentiles P5/P50/P95 as printed; 3D-scan/physical measurement per NZDFAS protocol; pooled Army+Navy+Air Force,A,nzdfas|NZDFAS all services women,1
nzdfas,reports/nzdfas/56.pdf,237,NZDFAS all services men,New Zealand,military,Tri-service,M,2016,thigh_clearance,Thigh clearance,mm,168.00,15.00,790,144.00,168.00,191.00,A,Post-processed measurement; percentiles P5/P50/P95 as printed; 3D-scan/physical measurement per NZDFAS protocol; pooled Army+Navy+Air Force,A,nzdfas|NZDFAS all services men,1
nzdfas,reports/nzdfas/56.pdf,237,NZDFAS Air Force men,New Zealand,military,Air Force,M,2016,thigh_clearance,Thigh clearance,mm,169.00,14.00,216,146.00,168.00,191.00,A,Post-processed measurement; percentiles P5/P50/P95 as printed; 3D-scan/physical measurement per NZDFAS protocol,A,nzdfas|NZDFAS Air Force men,1
nzdfas,reports/nzdfas/56.pdf,237,NZDFAS Army men,New Zealand,military,Army,M,2016,thigh_clearance,Thigh clearance,mm,168.00,15.00,486,141.00,168.00,189.00,A,Post-processed measurement; percentiles P5/P50/P95 as printed; 3D-scan/physical measurement per NZDFAS protocol,A,nzdfas|NZDFAS Army men,1
nzdfas,reports/nzdfas/56.pdf,237,NZDFAS Navy men,New Zealand,military,Navy,M,2016,thigh_clearance,Thigh clearance,mm,171.00,14.00,88,153.00,170.00,193.00,A,Post-processed measurement; percentiles P5/P50/P95 as printed; 3D-scan/physical measurement per NZDFAS protocol,A,nzdfas|NZDFAS Navy men,1
nzdfas,reports/nzdfas/56.pdf,237,NZDFAS Air Force women,New Zealand,military,Air Force,F,2016,thigh_clearance,Thigh clearance,mm,157.00,13.00,72,136.00,156.00,179.00,A,Post-processed measurement; percentiles P5/P50/P95 as printed; 3D-scan/physical measurement per NZDFAS protocol,A,nzdfas|NZDFAS Air Force women,1
nzdfas,reports/nzdfas/56.pdf,237,NZDFAS Army women,New Zealand,military,Army,F,2016,thigh_clearance,Thigh clearance,mm,158.00,14.00,97,140.00,156.00,182.00,A,Post-processed measurement; percentiles P5/P50/P95 as printed; 3D-scan/physical measurement per NZDFAS protocol,A,nzdfas|NZDFAS Army women,1
nzdfas,reports/nzdfas/56.pdf,237,NZDFAS Navy women,New Zealand,military,Navy,F,2016,thigh_clearance,Thigh clearance,mm,159.00,13.00,43,138.00,161.00,175.00,A,Post-processed measurement; percentiles P5/P50/P95 as printed; 3D-scan/physical measurement per NZDFAS protocol,A,nzdfas|NZDFAS Navy women,1
nzdfas,reports/nzdfas/56.pdf,237,NZDFAS all services women,New Zealand,military,Tri-service,F,2016,thigh_clearance,Thigh clearance,mm,158.00,13.00,212,137.00,156.00,181.00,A,Post-processed measurement; percentiles P5/P50/P95 as printed; 3D-scan/physical measurement per NZDFAS protocol; pooled Army+Navy+Air Force,A,nzdfas|NZDFAS all services women,1
nzdfas,reports/nzdfas/56.pdf,239,NZDFAS all services men,New Zealand,military,Tri-service,M,2016,other:thigh_girth,Thigh girth,mm,597.00,51.00,790,512.00,599.00,683.00,A,Automatic measurement; percentiles P5/P50/P95 as printed; 3D-scan/physical measurement per NZDFAS protocol; pooled Army+Navy+Air Force,A,nzdfas|NZDFAS all services men,1
nzdfas,reports/nzdfas/56.pdf,239,NZDFAS Air Force men,New Zealand,military,Air Force,M,2016,other:thigh_girth,Thigh girth,mm,592.00,49.00,216,518.00,589.00,667.00,A,Automatic measurement; percentiles P5/P50/P95 as printed; 3D-scan/physical measurement per NZDFAS protocol,A,nzdfas|NZDFAS Air Force men,1
nzdfas,reports/nzdfas/56.pdf,239,NZDFAS Army men,New Zealand,military,Army,M,2016,other:thigh_girth,Thigh girth,mm,599.00,52.00,486,508.00,602.00,682.00,A,Automatic measurement; percentiles P5/P50/P95 as printed; 3D-scan/physical measurement per NZDFAS protocol,A,nzdfas|NZDFAS Army men,1
nzdfas,reports/nzdfas/56.pdf,239,NZDFAS Navy men,New Zealand,military,Navy,M,2016,other:thigh_girth,Thigh girth,mm,603.00,48.00,88,537.00,596.00,696.00,A,Automatic measurement; percentiles P5/P50/P95 as printed; 3D-scan/physical measurement per NZDFAS protocol,A,nzdfas|NZDFAS Navy men,1
nzdfas,reports/nzdfas/56.pdf,239,NZDFAS Air Force women,New Zealand,military,Air Force,F,2016,other:thigh_girth,Thigh girth,mm,585.00,40.00,72,506.00,590.00,649.00,A,Automatic measurement; percentiles P5/P50/P95 as printed; 3D-scan/physical measurement per NZDFAS protocol,A,nzdfas|NZDFAS Air Force women,1
nzdfas,reports/nzdfas/56.pdf,239,NZDFAS Army women,New Zealand,military,Army,F,2016,other:thigh_girth,Thigh girth,mm,602.00,37.00,97,544.00,597.00,665.00,A,Automatic measurement; percentiles P5/P50/P95 as printed; 3D-scan/physical measurement per NZDFAS protocol,A,nzdfas|NZDFAS Army women,1
nzdfas,reports/nzdfas/56.pdf,239,NZDFAS Navy women,New Zealand,military,Navy,F,2016,other:thigh_girth,Thigh girth,mm,598.00,42.00,43,537.00,605.00,669.00,A,Automatic measurement; percentiles P5/P50/P95 as printed; 3D-scan/physical measurement per NZDFAS protocol,A,nzdfas|NZDFAS Navy women,1
nzdfas,reports/nzdfas/56.pdf,239,NZDFAS all services women,New Zealand,military,Tri-service,F,2016,other:thigh_girth,Thigh girth,mm,595.00,40.00,212,533.00,596.00,665.00,A,Automatic measurement; percentiles P5/P50/P95 as printed; 3D-scan/physical measurement per NZDFAS protocol; pooled Army+Navy+Air Force,A,nzdfas|NZDFAS all services women,1
nzdfas,reports/nzdfas/56.pdf,241,NZDFAS all services men,New Zealand,military,Tri-service,M,2016,thumbtip_reach,Thumb tip reach,mm,825.00,41.00,790,755.00,825.00,891.00,A,Physical measurement; percentiles P5/P50/P95 as printed; 3D-scan/physical measurement per NZDFAS protocol; pooled Army+Navy+Air Force,A,nzdfas|NZDFAS all services men,1
nzdfas,reports/nzdfas/56.pdf,241,NZDFAS Air Force men,New Zealand,military,Air Force,M,2016,thumbtip_reach,Thumb tip reach,mm,830.00,41.00,216,761.00,829.00,888.00,A,Physical measurement; percentiles P5/P50/P95 as printed; 3D-scan/physical measurement per NZDFAS protocol,A,nzdfas|NZDFAS Air Force men,1
nzdfas,reports/nzdfas/56.pdf,241,NZDFAS Army men,New Zealand,military,Army,M,2016,thumbtip_reach,Thumb tip reach,mm,822.00,41.00,486,752.00,823.00,892.00,A,Physical measurement; percentiles P5/P50/P95 as printed; 3D-scan/physical measurement per NZDFAS protocol,A,nzdfas|NZDFAS Army men,1
nzdfas,reports/nzdfas/56.pdf,241,NZDFAS Navy men,New Zealand,military,Navy,M,2016,thumbtip_reach,Thumb tip reach,mm,830.00,38.00,88,773.00,830.00,890.00,A,Physical measurement; percentiles P5/P50/P95 as printed; 3D-scan/physical measurement per NZDFAS protocol,A,nzdfas|NZDFAS Navy men,1
nzdfas,reports/nzdfas/56.pdf,241,NZDFAS Air Force women,New Zealand,military,Air Force,F,2016,thumbtip_reach,Thumb tip reach,mm,757.00,36.00,72,703.00,757.00,825.00,A,Physical measurement; percentiles P5/P50/P95 as printed; 3D-scan/physical measurement per NZDFAS protocol,A,nzdfas|NZDFAS Air Force women,1
nzdfas,reports/nzdfas/56.pdf,241,NZDFAS Army women,New Zealand,military,Army,F,2016,thumbtip_reach,Thumb tip reach,mm,759.00,39.00,97,702.00,758.00,836.00,A,Physical measurement; percentiles P5/P50/P95 as printed; 3D-scan/physical measurement per NZDFAS protocol,A,nzdfas|NZDFAS Army women,1
nzdfas,reports/nzdfas/56.pdf,241,NZDFAS Navy women,New Zealand,military,Navy,F,2016,thumbtip_reach,Thumb tip reach,mm,747.00,29.00,43,695.00,750.00,787.00,A,Physical measurement; percentiles P5/P50/P95 as printed; 3D-scan/physical measurement per NZDFAS protocol,A,nzdfas|NZDFAS Navy women,1
nzdfas,reports/nzdfas/56.pdf,241,NZDFAS all services women,New Zealand,military,Tri-service,F,2016,thumbtip_reach,Thumb tip reach,mm,756.00,36.00,212,700.00,755.00,820.00,A,Physical measurement; percentiles P5/P50/P95 as printed; 3D-scan/physical measurement per NZDFAS protocol; pooled Army+Navy+Air Force,A,nzdfas|NZDFAS all services women,1
nzdfas,reports/nzdfas/56.pdf,243,NZDFAS all services men,New Zealand,military,Tri-service,M,2016,other:tibiale_laterale_height,Tibiale laterale height,mm,481.00,27.00,790,439.00,480.00,530.00,A,Post-processed measurement; percentiles P5/P50/P95 as printed; 3D-scan/physical measurement per NZDFAS protocol; pooled Army+Navy+Air Force,A,nzdfas|NZDFAS all services men,1
nzdfas,reports/nzdfas/56.pdf,243,NZDFAS Air Force men,New Zealand,military,Air Force,M,2016,other:tibiale_laterale_height,Tibiale laterale height,mm,483.00,25.00,216,446.00,482.00,532.00,A,Post-processed measurement; percentiles P5/P50/P95 as printed; 3D-scan/physical measurement per NZDFAS protocol,A,nzdfas|NZDFAS Air Force men,1
nzdfas,reports/nzdfas/56.pdf,243,NZDFAS Army men,New Zealand,military,Army,M,2016,other:tibiale_laterale_height,Tibiale laterale height,mm,480.00,27.00,486,439.00,479.00,527.00,A,Post-processed measurement; percentiles P5/P50/P95 as printed; 3D-scan/physical measurement per NZDFAS protocol,A,nzdfas|NZDFAS Army men,1
nzdfas,reports/nzdfas/56.pdf,243,NZDFAS Navy men,New Zealand,military,Navy,M,2016,other:tibiale_laterale_height,Tibiale laterale height,mm,479.00,30.00,88,435.00,476.00,533.00,A,Post-processed measurement; percentiles P5/P50/P95 as printed; 3D-scan/physical measurement per NZDFAS protocol,A,nzdfas|NZDFAS Navy men,1
nzdfas,reports/nzdfas/56.pdf,243,NZDFAS Air Force women,New Zealand,military,Air Force,F,2016,other:tibiale_laterale_height,Tibiale laterale height,mm,442.00,24.00,72,407.00,443.00,480.00,A,Post-processed measurement; percentiles P5/P50/P95 as printed; 3D-scan/physical measurement per NZDFAS protocol,A,nzdfas|NZDFAS Air Force women,1
nzdfas,reports/nzdfas/56.pdf,243,NZDFAS Army women,New Zealand,military,Army,F,2016,other:tibiale_laterale_height,Tibiale laterale height,mm,441.00,19.00,97,409.00,442.00,475.00,A,Post-processed measurement; percentiles P5/P50/P95 as printed; 3D-scan/physical measurement per NZDFAS protocol,A,nzdfas|NZDFAS Army women,1
nzdfas,reports/nzdfas/56.pdf,243,NZDFAS Navy women,New Zealand,military,Navy,F,2016,other:tibiale_laterale_height,Tibiale laterale height,mm,431.00,16.00,43,410.00,429.00,457.00,A,Post-processed measurement; percentiles P5/P50/P95 as printed; 3D-scan/physical measurement per NZDFAS protocol,A,nzdfas|NZDFAS Navy women,1
nzdfas,reports/nzdfas/56.pdf,243,NZDFAS all services women,New Zealand,military,Tri-service,F,2016,other:tibiale_laterale_height,Tibiale laterale height,mm,439.00,21.00,212,409.00,438.00,477.00,A,Post-processed measurement; percentiles P5/P50/P95 as printed; 3D-scan/physical measurement per NZDFAS protocol; pooled Army+Navy+Air Force,A,nzdfas|NZDFAS all services women,1
nzdfas,reports/nzdfas/56.pdf,245,NZDFAS all services men,New Zealand,military,Tri-service,M,2016,trochanterion_height,Trochanterion height,mm,932.00,48.00,790,852.00,932.00,1016.00,A,Post-processed measurement; percentiles P5/P50/P95 as printed; 3D-scan/physical measurement per NZDFAS protocol; pooled Army+Navy+Air Force,A,nzdfas|NZDFAS all services men,1
nzdfas,reports/nzdfas/56.pdf,245,NZDFAS Air Force men,New Zealand,military,Air Force,M,2016,trochanterion_height,Trochanterion height,mm,938.00,49.00,216,864.00,938.00,1029.00,A,Post-processed measurement; percentiles P5/P50/P95 as printed; 3D-scan/physical measurement per NZDFAS protocol,A,nzdfas|NZDFAS Air Force men,1
nzdfas,reports/nzdfas/56.pdf,245,NZDFAS Army men,New Zealand,military,Army,M,2016,trochanterion_height,Trochanterion height,mm,931.00,48.00,486,852.00,931.00,1013.00,A,Post-processed measurement; percentiles P5/P50/P95 as printed; 3D-scan/physical measurement per NZDFAS protocol,A,nzdfas|NZDFAS Army men,1
nzdfas,reports/nzdfas/56.pdf,245,NZDFAS Navy men,New Zealand,military,Navy,M,2016,trochanterion_height,Trochanterion height,mm,924.00,47.00,88,843.00,929.00,1000.00,A,Post-processed measurement; percentiles P5/P50/P95 as printed; 3D-scan/physical measurement per NZDFAS protocol,A,nzdfas|NZDFAS Navy men,1
nzdfas,reports/nzdfas/56.pdf,245,NZDFAS Air Force women,New Zealand,military,Air Force,F,2016,trochanterion_height,Trochanterion height,mm,855.00,49.00,72,775.00,861.00,933.00,A,Post-processed measurement; percentiles P5/P50/P95 as printed; 3D-scan/physical measurement per NZDFAS protocol,A,nzdfas|NZDFAS Air Force women,1
nzdfas,reports/nzdfas/56.pdf,245,NZDFAS Army women,New Zealand,military,Army,F,2016,trochanterion_height,Trochanterion height,mm,863.00,43.00,97,791.00,873.00,932.00,A,Post-processed measurement; percentiles P5/P50/P95 as printed; 3D-scan/physical measurement per NZDFAS protocol,A,nzdfas|NZDFAS Army women,1
nzdfas,reports/nzdfas/56.pdf,245,NZDFAS Navy women,New Zealand,military,Navy,F,2016,trochanterion_height,Trochanterion height,mm,847.00,37.00,43,794.00,842.00,903.00,A,Post-processed measurement; percentiles P5/P50/P95 as printed; 3D-scan/physical measurement per NZDFAS protocol,A,nzdfas|NZDFAS Navy women,1
nzdfas,reports/nzdfas/56.pdf,245,NZDFAS all services women,New Zealand,military,Tri-service,F,2016,trochanterion_height,Trochanterion height,mm,857.00,44.00,212,782.00,862.00,931.00,A,Post-processed measurement; percentiles P5/P50/P95 as printed; 3D-scan/physical measurement per NZDFAS protocol; pooled Army+Navy+Air Force,A,nzdfas|NZDFAS all services women,1
nzdfas,reports/nzdfas/56.pdf,247,NZDFAS all services men,New Zealand,military,Tri-service,M,2016,vertical_trunk_circumference,Vertical trunk circumference,mm,1794.00,79.00,790,1672.00,1790.00,1929.00,A,Post-processed measurement; percentiles P5/P50/P95 as printed; 3D-scan/physical measurement per NZDFAS protocol; pooled Army+Navy+Air Force,A,nzdfas|NZDFAS all services men,1
nzdfas,reports/nzdfas/56.pdf,247,NZDFAS Air Force men,New Zealand,military,Air Force,M,2016,vertical_trunk_circumference,Vertical trunk circumference,mm,1790.00,86.00,216,1657.00,1785.00,1934.00,A,Post-processed measurement; percentiles P5/P50/P95 as printed; 3D-scan/physical measurement per NZDFAS protocol,A,nzdfas|NZDFAS Air Force men,1
nzdfas,reports/nzdfas/56.pdf,247,NZDFAS Army men,New Zealand,military,Army,M,2016,vertical_trunk_circumference,Vertical trunk circumference,mm,1796.00,77.00,486,1673.00,1794.00,1926.00,A,Post-processed measurement; percentiles P5/P50/P95 as printed; 3D-scan/physical measurement per NZDFAS protocol,A,nzdfas|NZDFAS Army men,1
nzdfas,reports/nzdfas/56.pdf,247,NZDFAS Navy men,New Zealand,military,Navy,M,2016,vertical_trunk_circumference,Vertical trunk circumference,mm,1795.00,74.00,88,1689.00,1780.00,1930.00,A,Post-processed measurement; percentiles P5/P50/P95 as printed; 3D-scan/physical measurement per NZDFAS protocol,A,nzdfas|NZDFAS Navy men,1
nzdfas,reports/nzdfas/56.pdf,247,NZDFAS Air Force women,New Zealand,military,Air Force,F,2016,vertical_trunk_circumference,Vertical trunk circumference,mm,1623.00,65.00,72,1530.00,1623.00,1730.00,A,Post-processed measurement; percentiles P5/P50/P95 as printed; 3D-scan/physical measurement per NZDFAS protocol,A,nzdfas|NZDFAS Air Force women,1
nzdfas,reports/nzdfas/56.pdf,247,NZDFAS Army women,New Zealand,military,Army,F,2016,vertical_trunk_circumference,Vertical trunk circumference,mm,1649.00,73.00,97,1539.00,1644.00,1778.00,A,Post-processed measurement; percentiles P5/P50/P95 as printed; 3D-scan/physical measurement per NZDFAS protocol,A,nzdfas|NZDFAS Army women,1
nzdfas,reports/nzdfas/56.pdf,247,NZDFAS Navy women,New Zealand,military,Navy,F,2016,vertical_trunk_circumference,Vertical trunk circumference,mm,1634.00,79.00,43,1513.00,1623.00,1795.00,A,Post-processed measurement; percentiles P5/P50/P95 as printed; 3D-scan/physical measurement per NZDFAS protocol,A,nzdfas|NZDFAS Navy women,1
nzdfas,reports/nzdfas/56.pdf,247,NZDFAS all services women,New Zealand,military,Tri-service,F,2016,vertical_trunk_circumference,Vertical trunk circumference,mm,1637.00,72.00,212,1530.00,1631.00,1765.00,A,Post-processed measurement; percentiles P5/P50/P95 as printed; 3D-scan/physical measurement per NZDFAS protocol; pooled Army+Navy+Air Force,A,nzdfas|NZDFAS all services women,1
nzdfas,reports/nzdfas/56.pdf,249,NZDFAS all services men,New Zealand,military,Tri-service,M,2016,other:waist_breadth,Waist breadth,mm,334.00,31.00,790,291.00,331.00,386.00,A,Post-processed measurement; percentiles P5/P50/P95 as printed; 3D-scan/physical measurement per NZDFAS protocol; pooled Army+Navy+Air Force,A,nzdfas|NZDFAS all services men,1
nzdfas,reports/nzdfas/56.pdf,249,NZDFAS Air Force men,New Zealand,military,Air Force,M,2016,other:waist_breadth,Waist breadth,mm,334.00,32.00,216,291.00,328.00,392.00,A,Post-processed measurement; percentiles P5/P50/P95 as printed; 3D-scan/physical measurement per NZDFAS protocol,A,nzdfas|NZDFAS Air Force men,1
nzdfas,reports/nzdfas/56.pdf,249,NZDFAS Army men,New Zealand,military,Army,M,2016,other:waist_breadth,Waist breadth,mm,334.00,30.00,486,290.00,331.00,385.00,A,Post-processed measurement; percentiles P5/P50/P95 as printed; 3D-scan/physical measurement per NZDFAS protocol,A,nzdfas|NZDFAS Army men,1
nzdfas,reports/nzdfas/56.pdf,249,NZDFAS Navy men,New Zealand,military,Navy,M,2016,other:waist_breadth,Waist breadth,mm,338.00,34.00,88,295.00,334.00,402.00,A,Post-processed measurement; percentiles P5/P50/P95 as printed; 3D-scan/physical measurement per NZDFAS protocol,A,nzdfas|NZDFAS Navy men,1
nzdfas,reports/nzdfas/56.pdf,249,NZDFAS Air Force women,New Zealand,military,Air Force,F,2016,other:waist_breadth,Waist breadth,mm,318.00,31.00,72,280.00,314.00,378.00,A,Post-processed measurement; percentiles P5/P50/P95 as printed; 3D-scan/physical measurement per NZDFAS protocol,A,nzdfas|NZDFAS Air Force women,1
nzdfas,reports/nzdfas/56.pdf,249,NZDFAS Army women,New Zealand,military,Army,F,2016,other:waist_breadth,Waist breadth,mm,326.00,30.00,97,285.00,321.00,375.00,A,Post-processed measurement; percentiles P5/P50/P95 as printed; 3D-scan/physical measurement per NZDFAS protocol,A,nzdfas|NZDFAS Army women,1
nzdfas,reports/nzdfas/56.pdf,249,NZDFAS Navy women,New Zealand,military,Navy,F,2016,other:waist_breadth,Waist breadth,mm,324.00,34.00,43,281.00,316.00,388.00,A,Post-processed measurement; percentiles P5/P50/P95 as printed; 3D-scan/physical measurement per NZDFAS protocol,A,nzdfas|NZDFAS Navy women,1
nzdfas,reports/nzdfas/56.pdf,249,NZDFAS all services women,New Zealand,military,Tri-service,F,2016,other:waist_breadth,Waist breadth,mm,323.00,31.00,212,281.00,318.00,380.00,A,Post-processed measurement; percentiles P5/P50/P95 as printed; 3D-scan/physical measurement per NZDFAS protocol; pooled Army+Navy+Air Force,A,nzdfas|NZDFAS all services women,1
nzdfas,reports/nzdfas/56.pdf,251,NZDFAS all services men,New Zealand,military,Tri-service,M,2016,other:waist_circumference_preferred,Waist circumference preferred,mm,935.00,102.00,790,794.00,920.00,1121.00,A,Post-processed measurement; percentiles P5/P50/P95 as printed; 3D-scan/physical measurement per NZDFAS protocol; pooled Army+Navy+Air Force,A,nzdfas|NZDFAS all services men,1
nzdfas,reports/nzdfas/56.pdf,251,NZDFAS Air Force men,New Zealand,military,Air Force,M,2016,other:waist_circumference_preferred,Waist circumference preferred,mm,935.00,106.00,216,800.00,912.00,1131.00,A,Post-processed measurement; percentiles P5/P50/P95 as printed; 3D-scan/physical measurement per NZDFAS protocol,A,nzdfas|NZDFAS Air Force men,1
nzdfas,reports/nzdfas/56.pdf,251,NZDFAS Army men,New Zealand,military,Army,M,2016,other:waist_circumference_preferred,Waist circumference preferred,mm,933.00,98.00,486,792.00,919.00,1113.00,A,Post-processed measurement; percentiles P5/P50/P95 as printed; 3D-scan/physical measurement per NZDFAS protocol,A,nzdfas|NZDFAS Army men,1
nzdfas,reports/nzdfas/56.pdf,251,NZDFAS Navy men,New Zealand,military,Navy,M,2016,other:waist_circumference_preferred,Waist circumference preferred,mm,952.00,109.00,88,819.00,928.00,1160.00,A,Post-processed measurement; percentiles P5/P50/P95 as printed; 3D-scan/physical measurement per NZDFAS protocol,A,nzdfas|NZDFAS Navy men,1
nzdfas,reports/nzdfas/56.pdf,251,NZDFAS Air Force women,New Zealand,military,Air Force,F,2016,other:waist_circumference_preferred,Waist circumference preferred,mm,862.00,76.00,72,768.00,846.00,987.00,A,Post-processed measurement; percentiles P5/P50/P95 as printed; 3D-scan/physical measurement per NZDFAS protocol,A,nzdfas|NZDFAS Air Force women,1
nzdfas,reports/nzdfas/56.pdf,251,NZDFAS Army women,New Zealand,military,Army,F,2016,other:waist_circumference_preferred,Waist circumference preferred,mm,878.00,95.00,97,745.00,867.00,1039.00,A,Post-processed measurement; percentiles P5/P50/P95 as printed; 3D-scan/physical measurement per NZDFAS protocol,A,nzdfas|NZDFAS Army women,1
nzdfas,reports/nzdfas/56.pdf,251,NZDFAS Navy women,New Zealand,military,Navy,F,2016,other:waist_circumference_preferred,Waist circumference preferred,mm,875.00,120.00,43,720.00,850.00,1138.00,A,Post-processed measurement; percentiles P5/P50/P95 as printed; 3D-scan/physical measurement per NZDFAS protocol,A,nzdfas|NZDFAS Navy women,1
nzdfas,reports/nzdfas/56.pdf,251,NZDFAS all services women,New Zealand,military,Tri-service,F,2016,other:waist_circumference_preferred,Waist circumference preferred,mm,872.00,95.00,212,747.00,855.00,1033.00,A,Post-processed measurement; percentiles P5/P50/P95 as printed; 3D-scan/physical measurement per NZDFAS protocol; pooled Army+Navy+Air Force,A,nzdfas|NZDFAS all services women,1
nzdfas,reports/nzdfas/56.pdf,253,NZDFAS all services men,New Zealand,military,Tri-service,M,2016,other:waist_depth_standing,Waist depth standing,mm,256.00,35.00,790,209.00,250.00,326.00,A,Post-processed measurement; percentiles P5/P50/P95 as printed; 3D-scan/physical measurement per NZDFAS protocol; pooled Army+Navy+Air Force,A,nzdfas|NZDFAS all services men,1
nzdfas,reports/nzdfas/56.pdf,253,NZDFAS Air Force men,New Zealand,military,Air Force,M,2016,other:waist_depth_standing,Waist depth standing,mm,256.00,36.00,216,209.00,250.00,326.00,A,Post-processed measurement; percentiles P5/P50/P95 as printed; 3D-scan/physical measurement per NZDFAS protocol,A,nzdfas|NZDFAS Air Force men,1
nzdfas,reports/nzdfas/56.pdf,253,NZDFAS Army men,New Zealand,military,Army,M,2016,other:waist_depth_standing,Waist depth standing,mm,255.00,34.00,486,208.00,249.00,320.00,A,Post-processed measurement; percentiles P5/P50/P95 as printed; 3D-scan/physical measurement per NZDFAS protocol,A,nzdfas|NZDFAS Army men,1
nzdfas,reports/nzdfas/56.pdf,253,NZDFAS Navy men,New Zealand,military,Navy,M,2016,other:waist_depth_standing,Waist depth standing,mm,264.00,37.00,88,212.00,256.00,330.00,A,Post-processed measurement; percentiles P5/P50/P95 as printed; 3D-scan/physical measurement per NZDFAS protocol,A,nzdfas|NZDFAS Navy men,1
nzdfas,reports/nzdfas/56.pdf,253,NZDFAS Air Force women,New Zealand,military,Air Force,F,2016,other:waist_depth_standing,Waist depth standing,mm,228.00,34.00,72,188.00,221.00,294.00,A,Post-processed measurement; percentiles P5/P50/P95 as printed; 3D-scan/physical measurement per NZDFAS protocol,A,nzdfas|NZDFAS Air Force women,1
nzdfas,reports/nzdfas/56.pdf,253,NZDFAS Army women,New Zealand,military,Army,F,2016,other:waist_depth_standing,Waist depth standing,mm,239.00,35.00,97,196.00,230.00,315.00,A,Post-processed measurement; percentiles P5/P50/P95 as printed; 3D-scan/physical measurement per NZDFAS protocol,A,nzdfas|NZDFAS Army women,1
nzdfas,reports/nzdfas/56.pdf,253,NZDFAS Navy women,New Zealand,military,Navy,F,2016,other:waist_depth_standing,Waist depth standing,mm,246.00,38.00,43,196.00,238.00,317.00,A,Post-processed measurement; percentiles P5/P50/P95 as printed; 3D-scan/physical measurement per NZDFAS protocol,A,nzdfas|NZDFAS Navy women,1
nzdfas,reports/nzdfas/56.pdf,253,NZDFAS all services women,New Zealand,military,Tri-service,F,2016,other:waist_depth_standing,Waist depth standing,mm,236.00,36.00,212,190.00,230.00,315.00,A,Post-processed measurement; percentiles P5/P50/P95 as printed; 3D-scan/physical measurement per NZDFAS protocol; pooled Army+Navy+Air Force,A,nzdfas|NZDFAS all services women,1
nzdfas,reports/nzdfas/56.pdf,255,NZDFAS all services men,New Zealand,military,Tri-service,M,2016,other:waist_girth,Waist girth,mm,898.00,105.00,790,754.00,884.00,1093.00,A,Automatic measurement; percentiles P5/P50/P95 as printed; 3D-scan/physical measurement per NZDFAS protocol; pooled Army+Navy+Air Force,A,nzdfas|NZDFAS all services men,1
nzdfas,reports/nzdfas/56.pdf,255,NZDFAS Air Force men,New Zealand,military,Air Force,M,2016,other:waist_girth,Waist girth,mm,897.00,108.00,216,751.00,876.00,1092.00,A,Automatic measurement; percentiles P5/P50/P95 as printed; 3D-scan/physical measurement per NZDFAS protocol,A,nzdfas|NZDFAS Air Force men,1
nzdfas,reports/nzdfas/56.pdf,255,NZDFAS Army men,New Zealand,military,Army,M,2016,other:waist_girth,Waist girth,mm,895.00,100.00,486,752.00,882.00,1086.00,A,Automatic measurement; percentiles P5/P50/P95 as printed; 3D-scan/physical measurement per NZDFAS protocol,A,nzdfas|NZDFAS Army men,1
nzdfas,reports/nzdfas/56.pdf,255,NZDFAS Navy men,New Zealand,military,Navy,M,2016,other:waist_girth,Waist girth,mm,917.00,122.00,88,770.00,898.00,1127.00,A,Automatic measurement; percentiles P5/P50/P95 as printed; 3D-scan/physical measurement per NZDFAS protocol,A,nzdfas|NZDFAS Navy men,1
nzdfas,reports/nzdfas/56.pdf,255,NZDFAS Air Force women,New Zealand,military,Air Force,F,2016,other:waist_girth,Waist girth,mm,789.00,91.00,72,671.00,772.00,932.00,A,Automatic measurement; percentiles P5/P50/P95 as printed; 3D-scan/physical measurement per NZDFAS protocol,A,nzdfas|NZDFAS Air Force women,1
nzdfas,reports/nzdfas/56.pdf,255,NZDFAS Army women,New Zealand,military,Army,F,2016,other:waist_girth,Waist girth,mm,815.00,90.00,97,702.00,799.00,1002.00,A,Automatic measurement; percentiles P5/P50/P95 as printed; 3D-scan/physical measurement per NZDFAS protocol,A,nzdfas|NZDFAS Army women,1
nzdfas,reports/nzdfas/56.pdf,255,NZDFAS Navy women,New Zealand,military,Navy,F,2016,other:waist_girth,Waist girth,mm,813.00,110.00,43,685.00,778.00,1050.00,A,Automatic measurement; percentiles P5/P50/P95 as printed; 3D-scan/physical measurement per NZDFAS protocol,A,nzdfas|NZDFAS Navy women,1
nzdfas,reports/nzdfas/56.pdf,255,NZDFAS all services women,New Zealand,military,Tri-service,F,2016,other:waist_girth,Waist girth,mm,806.00,95.00,212,682.00,792.00,1003.00,A,Automatic measurement; percentiles P5/P50/P95 as printed; 3D-scan/physical measurement per NZDFAS protocol; pooled Army+Navy+Air Force,A,nzdfas|NZDFAS all services women,1
nzdfas,reports/nzdfas/56.pdf,257,NZDFAS all services men,New Zealand,military,Tri-service,M,2016,other:waist_height_preferred,Waist height preferred,mm,1048.00,47.00,790,978.00,1045.00,1129.00,A,Post-processed measurement; percentiles P5/P50/P95 as printed; 3D-scan/physical measurement per NZDFAS protocol; pooled Army+Navy+Air Force,A,nzdfas|NZDFAS all services men,1
nzdfas,reports/nzdfas/56.pdf,257,NZDFAS Air Force men,New Zealand,military,Air Force,M,2016,other:waist_height_preferred,Waist height preferred,mm,1052.00,47.00,216,988.00,1049.00,1139.00,A,Post-processed measurement; percentiles P5/P50/P95 as printed; 3D-scan/physical measurement per NZDFAS protocol,A,nzdfas|NZDFAS Air Force men,1
nzdfas,reports/nzdfas/56.pdf,257,NZDFAS Army men,New Zealand,military,Army,M,2016,other:waist_height_preferred,Waist height preferred,mm,1046.00,47.00,486,976.00,1043.00,1124.00,A,Post-processed measurement; percentiles P5/P50/P95 as printed; 3D-scan/physical measurement per NZDFAS protocol,A,nzdfas|NZDFAS Army men,1
nzdfas,reports/nzdfas/56.pdf,257,NZDFAS Navy men,New Zealand,military,Navy,M,2016,other:waist_height_preferred,Waist height preferred,mm,1052.00,46.00,88,990.00,1042.00,1126.00,A,Post-processed measurement; percentiles P5/P50/P95 as printed; 3D-scan/physical measurement per NZDFAS protocol,A,nzdfas|NZDFAS Navy men,1
nzdfas,reports/nzdfas/56.pdf,257,NZDFAS Air Force women,New Zealand,military,Air Force,F,2016,other:waist_height_preferred,Waist height preferred,mm,998.00,54.00,72,912.00,1000.00,1078.00,A,Post-processed measurement; percentiles P5/P50/P95 as printed; 3D-scan/physical measurement per NZDFAS protocol,A,nzdfas|NZDFAS Air Force women,1
nzdfas,reports/nzdfas/56.pdf,257,NZDFAS Army women,New Zealand,military,Army,F,2016,other:waist_height_preferred,Waist height preferred,mm,999.00,48.00,97,918.00,999.00,1077.00,A,Post-processed measurement; percentiles P5/P50/P95 as printed; 3D-scan/physical measurement per NZDFAS protocol,A,nzdfas|NZDFAS Army women,1
nzdfas,reports/nzdfas/56.pdf,257,NZDFAS Navy women,New Zealand,military,Navy,F,2016,other:waist_height_preferred,Waist height preferred,mm,992.00,42.00,43,930.00,988.00,1056.00,A,Post-processed measurement; percentiles P5/P50/P95 as printed; 3D-scan/physical measurement per NZDFAS protocol,A,nzdfas|NZDFAS Navy women,1
nzdfas,reports/nzdfas/56.pdf,257,NZDFAS all services women,New Zealand,military,Tri-service,F,2016,other:waist_height_preferred,Waist height preferred,mm,997.00,49.00,212,918.00,997.00,1077.00,A,Post-processed measurement; percentiles P5/P50/P95 as printed; 3D-scan/physical measurement per NZDFAS protocol; pooled Army+Navy+Air Force,A,nzdfas|NZDFAS all services women,1
nzdfas,reports/nzdfas/56.pdf,259,NZDFAS all services men,New Zealand,military,Tri-service,M,2016,mass,Weight body mass,kg,86.00,13.00,790,67.00,85.00,108.00,A,Automatic measurement; percentiles P5/P50/P95 as printed; 3D-scan/physical measurement per NZDFAS protocol; pooled Army+Navy+Air Force,A,nzdfas|NZDFAS all services men,1
nzdfas,reports/nzdfas/56.pdf,259,NZDFAS Air Force men,New Zealand,military,Air Force,M,2016,mass,Weight body mass,kg,85.00,14.00,216,67.00,84.00,112.00,A,Automatic measurement; percentiles P5/P50/P95 as printed; 3D-scan/physical measurement per NZDFAS protocol,A,nzdfas|NZDFAS Air Force men,1
nzdfas,reports/nzdfas/56.pdf,259,NZDFAS Army men,New Zealand,military,Army,M,2016,mass,Weight body mass,kg,86.00,12.00,486,66.00,85.00,106.00,A,Automatic measurement; percentiles P5/P50/P95 as printed; 3D-scan/physical measurement per NZDFAS protocol,A,nzdfas|NZDFAS Army men,1
nzdfas,reports/nzdfas/56.pdf,259,NZDFAS Navy men,New Zealand,military,Navy,M,2016,mass,Weight body mass,kg,88.00,13.00,88,69.00,85.00,107.00,A,Automatic measurement; percentiles P5/P50/P95 as printed; 3D-scan/physical measurement per NZDFAS protocol,A,nzdfas|NZDFAS Navy men,1
nzdfas,reports/nzdfas/56.pdf,259,NZDFAS Air Force women,New Zealand,military,Air Force,F,2016,mass,Weight body mass,kg,68.00,10.00,72,55.00,67.00,85.00,A,Automatic measurement; percentiles P5/P50/P95 as printed; 3D-scan/physical measurement per NZDFAS protocol,A,nzdfas|NZDFAS Air Force women,1
nzdfas,reports/nzdfas/56.pdf,259,NZDFAS Army women,New Zealand,military,Army,F,2016,mass,Weight body mass,kg,72.00,11.00,97,58.00,71.00,90.00,A,Automatic measurement; percentiles P5/P50/P95 as printed; 3D-scan/physical measurement per NZDFAS protocol,A,nzdfas|NZDFAS Army women,1
nzdfas,reports/nzdfas/56.pdf,259,NZDFAS Navy women,New Zealand,military,Navy,F,2016,mass,Weight body mass,kg,71.00,14.00,43,55.00,69.00,98.00,A,Automatic measurement; percentiles P5/P50/P95 as printed; 3D-scan/physical measurement per NZDFAS protocol,A,nzdfas|NZDFAS Navy women,1
nzdfas,reports/nzdfas/56.pdf,259,NZDFAS all services women,New Zealand,military,Tri-service,F,2016,mass,Weight body mass,kg,70.00,11.00,212,56.00,69.00,89.00,A,Automatic measurement; percentiles P5/P50/P95 as printed; 3D-scan/physical measurement per NZDFAS protocol; pooled Army+Navy+Air Force,A,nzdfas|NZDFAS all services women,1
nzdfas,reports/nzdfas/56.pdf,261,NZDFAS all services men,New Zealand,military,Tri-service,M,2016,wrist_circumference,Wrist girth,mm,181.00,11.00,790,165.00,180.00,201.00,A,Automatic measurement; percentiles P5/P50/P95 as printed; 3D-scan/physical measurement per NZDFAS protocol; pooled Army+Navy+Air Force,A,nzdfas|NZDFAS all services men,1
nzdfas,reports/nzdfas/56.pdf,261,NZDFAS Air Force men,New Zealand,military,Air Force,M,2016,wrist_circumference,Wrist girth,mm,180.00,10.00,216,164.00,180.00,200.00,A,Automatic measurement; percentiles P5/P50/P95 as printed; 3D-scan/physical measurement per NZDFAS protocol,A,nzdfas|NZDFAS Air Force men,1
nzdfas,reports/nzdfas/56.pdf,261,NZDFAS Army men,New Zealand,military,Army,M,2016,wrist_circumference,Wrist girth,mm,181.00,11.00,486,165.00,180.00,201.00,A,Automatic measurement; percentiles P5/P50/P95 as printed; 3D-scan/physical measurement per NZDFAS protocol,A,nzdfas|NZDFAS Army men,1
nzdfas,reports/nzdfas/56.pdf,261,NZDFAS Navy men,New Zealand,military,Navy,M,2016,wrist_circumference,Wrist girth,mm,183.00,10.00,88,167.00,184.00,201.00,A,Automatic measurement; percentiles P5/P50/P95 as printed; 3D-scan/physical measurement per NZDFAS protocol,A,nzdfas|NZDFAS Navy men,1
nzdfas,reports/nzdfas/56.pdf,261,NZDFAS Air Force women,New Zealand,military,Air Force,F,2016,wrist_circumference,Wrist girth,mm,160.00,8.00,72,150.00,159.00,172.00,A,Automatic measurement; percentiles P5/P50/P95 as printed; 3D-scan/physical measurement per NZDFAS protocol,A,nzdfas|NZDFAS Air Force women,1
nzdfas,reports/nzdfas/56.pdf,261,NZDFAS Army women,New Zealand,military,Army,F,2016,wrist_circumference,Wrist girth,mm,163.00,10.00,97,148.00,163.00,181.00,A,Automatic measurement; percentiles P5/P50/P95 as printed; 3D-scan/physical measurement per NZDFAS protocol,A,nzdfas|NZDFAS Army women,1
nzdfas,reports/nzdfas/56.pdf,261,NZDFAS Navy women,New Zealand,military,Navy,F,2016,wrist_circumference,Wrist girth,mm,163.00,11.00,43,147.00,163.00,186.00,A,Automatic measurement; percentiles P5/P50/P95 as printed; 3D-scan/physical measurement per NZDFAS protocol,A,nzdfas|NZDFAS Navy women,1
nzdfas,reports/nzdfas/56.pdf,261,NZDFAS all services women,New Zealand,military,Tri-service,F,2016,wrist_circumference,Wrist girth,mm,162.00,10.00,212,148.00,161.00,181.00,A,Automatic measurement; percentiles P5/P50/P95 as printed; 3D-scan/physical measurement per NZDFAS protocol; pooled Army+Navy+Air Force,A,nzdfas|NZDFAS all services women,1
thai-1964,reports/additional/AD0450836.pdf,48,Royal Thai Army 1962-63,Thailand,military,Army,M,1962,stature,Stature,cm,1629.0,53.0,2010,,,,B,Table 4.8; OCR of rotated scan; SD/mean matches printed CV.  Survey Oct 1962-Mar 1963 (report 1964).,B,thai-1964|Royal Thai Army 1962-63,1
thai-1964,reports/additional/AD0450836.pdf,48,Royal Thai Marine Corps 1962-63,Thailand,military,Marine Corps,M,1962,stature,Stature,cm,1639.0,51.0,610,,,,B,Table 4.8; OCR of rotated scan; SD/mean matches printed CV.  Survey Oct 1962-Mar 1963 (report 1964).,B,thai-1964|Royal Thai Marine Corps 1962-63,1
thai-1964,reports/additional/AD0450836.pdf,48,Royal Thai Air Force 1962-63,Thailand,military,Air Force,M,1962,stature,Stature,cm,1654.0,51.0,330,,,,B,Table 4.8; OCR of rotated scan; SD/mean matches printed CV.  Survey Oct 1962-Mar 1963 (report 1964).,B,thai-1964|Royal Thai Air Force 1962-63,1
thai-1964,reports/additional/AD0450836.pdf,48,Royal Thai Armed Forces total series 1962-63 (Army+Marine Corps+Air Force),Thailand,military,Tri-service,M,1962,stature,Stature,cm,1634.0,53.0,2950,,,,B,Table 4.8; OCR of rotated scan; SD/mean matches printed CV.  Survey Oct 1962-Mar 1963 (report 1964).,B,thai-1964|Royal Thai Armed Forces total series 1962-63 (Army+Marine Corps+Air Force),1
thai-1964,reports/additional/AD0450836.pdf,48,Royal Thai Army 1962-63,Thailand,military,Army,M,1962,other:shoulder_height,Shoulder height,cm,1343.0,47.0,2010,,,,B,Table 4.8; OCR of rotated scan; SD/mean matches printed CV.  Survey Oct 1962-Mar 1963 (report 1964).,B,thai-1964|Royal Thai Army 1962-63,1
thai-1964,reports/additional/AD0450836.pdf,48,Royal Thai Marine Corps 1962-63,Thailand,military,Marine Corps,M,1962,other:shoulder_height,Shoulder height,cm,1345.0,48.0,610,,,,B,Table 4.8; OCR of rotated scan; SD/mean matches printed CV.  Survey Oct 1962-Mar 1963 (report 1964).,B,thai-1964|Royal Thai Marine Corps 1962-63,1
thai-1964,reports/additional/AD0450836.pdf,48,Royal Thai Air Force 1962-63,Thailand,military,Air Force,M,1962,other:shoulder_height,Shoulder height,cm,1338.0,50.0,330,,,,B,Table 4.8; OCR of rotated scan; SD/mean matches printed CV.  Survey Oct 1962-Mar 1963 (report 1964).,B,thai-1964|Royal Thai Air Force 1962-63,1
thai-1964,reports/additional/AD0450836.pdf,48,Royal Thai Armed Forces total series 1962-63 (Army+Marine Corps+Air Force),Thailand,military,Tri-service,M,1962,other:shoulder_height,Shoulder height,cm,1343.0,48.0,2950,,,,B,Table 4.8; OCR of rotated scan; SD/mean matches printed CV.  Survey Oct 1962-Mar 1963 (report 1964).,B,thai-1964|Royal Thai Armed Forces total series 1962-63 (Army+Marine Corps+Air Force),1
thai-1964,reports/additional/AD0450836.pdf,48,Royal Thai Army 1962-63,Thailand,military,Army,M,1962,other:waist_height,Waist height,cm,985.0,43.0,2010,,,,B,Table 4.8; OCR of rotated scan; SD/mean matches printed CV.  Survey Oct 1962-Mar 1963 (report 1964).,B,thai-1964|Royal Thai Army 1962-63,1
thai-1964,reports/additional/AD0450836.pdf,48,Royal Thai Marine Corps 1962-63,Thailand,military,Marine Corps,M,1962,other:waist_height,Waist height,cm,999.0,40.0,610,,,,B,Table 4.8; OCR of rotated scan; SD/mean matches printed CV.  Survey Oct 1962-Mar 1963 (report 1964).,B,thai-1964|Royal Thai Marine Corps 1962-63,1
thai-1964,reports/additional/AD0450836.pdf,48,Royal Thai Air Force 1962-63,Thailand,military,Air Force,M,1962,other:waist_height,Waist height,cm,1005.0,46.0,330,,,,B,Table 4.8; OCR of rotated scan; SD/mean matches printed CV.  Survey Oct 1962-Mar 1963 (report 1964).,B,thai-1964|Royal Thai Air Force 1962-63,1
thai-1964,reports/additional/AD0450836.pdf,48,Royal Thai Armed Forces total series 1962-63 (Army+Marine Corps+Air Force),Thailand,military,Tri-service,M,1962,other:waist_height,Waist height,cm,990.0,44.0,2950,,,,B,Table 4.8; OCR of rotated scan; SD/mean matches printed CV.  Survey Oct 1962-Mar 1963 (report 1964).,B,thai-1964|Royal Thai Armed Forces total series 1962-63 (Army+Marine Corps+Air Force),1
thai-1964,reports/additional/AD0450836.pdf,48,Royal Thai Army 1962-63,Thailand,military,Army,M,1962,crotch_height,Crotch height,cm,748.0,38.0,2010,,,,B,Table 4.8; OCR of rotated scan; SD/mean matches printed CV.  Survey Oct 1962-Mar 1963 (report 1964).,B,thai-1964|Royal Thai Army 1962-63,1
thai-1964,reports/additional/AD0450836.pdf,48,Royal Thai Marine Corps 1962-63,Thailand,military,Marine Corps,M,1962,crotch_height,Crotch height,cm,767.0,37.0,610,,,,B,Table 4.8; OCR of rotated scan; SD/mean matches printed CV.  Survey Oct 1962-Mar 1963 (report 1964).,B,thai-1964|Royal Thai Marine Corps 1962-63,1
thai-1964,reports/additional/AD0450836.pdf,48,Royal Thai Air Force 1962-63,Thailand,military,Air Force,M,1962,crotch_height,Crotch height,cm,754.0,39.0,330,,,,B,Table 4.8; OCR of rotated scan; SD/mean matches printed CV.  Survey Oct 1962-Mar 1963 (report 1964).,B,thai-1964|Royal Thai Air Force 1962-63,1
thai-1964,reports/additional/AD0450836.pdf,48,Royal Thai Armed Forces total series 1962-63 (Army+Marine Corps+Air Force),Thailand,military,Tri-service,M,1962,crotch_height,Crotch height,cm,753.0,39.0,2950,,,,B,Table 4.8; OCR of rotated scan; SD/mean matches printed CV.  Survey Oct 1962-Mar 1963 (report 1964).,B,thai-1964|Royal Thai Armed Forces total series 1962-63 (Army+Marine Corps+Air Force),1
thai-1964,reports/additional/AD0450836.pdf,48,Royal Thai Army 1962-63,Thailand,military,Army,M,1962,other:kneecap_height,Kneecap height,cm,495.0,26.0,2010,,,,B,Table 4.8; OCR of rotated scan; SD/mean matches printed CV.  Survey Oct 1962-Mar 1963 (report 1964).,B,thai-1964|Royal Thai Army 1962-63,1
thai-1964,reports/additional/AD0450836.pdf,48,Royal Thai Marine Corps 1962-63,Thailand,military,Marine Corps,M,1962,other:kneecap_height,Kneecap height,cm,496.0,24.0,610,,,,B,Table 4.8; OCR of rotated scan; SD/mean matches printed CV.  Survey Oct 1962-Mar 1963 (report 1964).,B,thai-1964|Royal Thai Marine Corps 1962-63,1
thai-1964,reports/additional/AD0450836.pdf,48,Royal Thai Air Force 1962-63,Thailand,military,Air Force,M,1962,other:kneecap_height,Kneecap height,cm,500.0,29.0,330,,,,B,Table 4.8; OCR of rotated scan; SD/mean matches printed CV.  Survey Oct 1962-Mar 1963 (report 1964).,B,thai-1964|Royal Thai Air Force 1962-63,1
thai-1964,reports/additional/AD0450836.pdf,48,Royal Thai Armed Forces total series 1962-63 (Army+Marine Corps+Air Force),Thailand,military,Tri-service,M,1962,other:kneecap_height,Kneecap height,cm,495.0,26.0,2950,,,,B,Table 4.8; OCR of rotated scan; SD/mean matches printed CV.  Survey Oct 1962-Mar 1963 (report 1964).,B,thai-1964|Royal Thai Armed Forces total series 1962-63 (Army+Marine Corps+Air Force),1
thai-1964,reports/additional/AD0450836.pdf,48,Royal Thai Army 1962-63,Thailand,military,Army,M,1962,other:coat_length,Coat length,cm,639.0,40.0,2010,,,,B,Table 4.8; OCR of rotated scan; SD/mean matches printed CV.  Survey Oct 1962-Mar 1963 (report 1964).,B,thai-1964|Royal Thai Army 1962-63,1
thai-1964,reports/additional/AD0450836.pdf,48,Royal Thai Marine Corps 1962-63,Thailand,military,Marine Corps,M,1962,other:coat_length,Coat length,cm,666.0,42.0,610,,,,B,Table 4.8; OCR of rotated scan; SD/mean matches printed CV.  Survey Oct 1962-Mar 1963 (report 1964).,B,thai-1964|Royal Thai Marine Corps 1962-63,1
thai-1964,reports/additional/AD0450836.pdf,48,Royal Thai Air Force 1962-63,Thailand,military,Air Force,M,1962,other:coat_length,Coat length,cm,668.0,37.0,330,,,,B,Table 4.8; OCR of rotated scan; SD/mean matches printed CV.  Survey Oct 1962-Mar 1963 (report 1964).,B,thai-1964|Royal Thai Air Force 1962-63,1
thai-1964,reports/additional/AD0450836.pdf,48,Royal Thai Armed Forces total series 1962-63 (Army+Marine Corps+Air Force),Thailand,military,Tri-service,M,1962,other:coat_length,Coat length,cm,648.0,42.0,2950,,,,B,Table 4.8; OCR of rotated scan; SD/mean matches printed CV.  Survey Oct 1962-Mar 1963 (report 1964).,B,thai-1964|Royal Thai Armed Forces total series 1962-63 (Army+Marine Corps+Air Force),1
thai-1964,reports/additional/AD0450836.pdf,48,Royal Thai Army 1962-63,Thailand,military,Army,M,1962,other:hip_breadth_standing,"Hip breadth, standing",cm,299.0,15.0,2010,,,,B,Table 4.8; OCR of rotated scan; SD/mean matches printed CV.  Survey Oct 1962-Mar 1963 (report 1964).,B,thai-1964|Royal Thai Army 1962-63,1
thai-1964,reports/additional/AD0450836.pdf,48,Royal Thai Marine Corps 1962-63,Thailand,military,Marine Corps,M,1962,other:hip_breadth_standing,"Hip breadth, standing",cm,297.0,14.0,610,,,,B,Table 4.8; OCR of rotated scan; SD/mean matches printed CV.  Survey Oct 1962-Mar 1963 (report 1964).,B,thai-1964|Royal Thai Marine Corps 1962-63,1
thai-1964,reports/additional/AD0450836.pdf,48,Royal Thai Air Force 1962-63,Thailand,military,Air Force,M,1962,other:hip_breadth_standing,"Hip breadth, standing",cm,308.0,15.0,330,,,,B,Table 4.8; OCR of rotated scan; SD/mean matches printed CV.  Survey Oct 1962-Mar 1963 (report 1964).,B,thai-1964|Royal Thai Air Force 1962-63,1
thai-1964,reports/additional/AD0450836.pdf,48,Royal Thai Armed Forces total series 1962-63 (Army+Marine Corps+Air Force),Thailand,military,Tri-service,M,1962,other:hip_breadth_standing,"Hip breadth, standing",cm,300.0,15.0,2950,,,,B,Table 4.8; OCR of rotated scan; SD/mean matches printed CV.  Survey Oct 1962-Mar 1963 (report 1964).,B,thai-1964|Royal Thai Armed Forces total series 1962-63 (Army+Marine Corps+Air Force),1
thai-1964,reports/additional/AD0450836.pdf,48,Royal Thai Army 1962-63,Thailand,military,Army,M,1962,sitting_height,Sitting height,cm,861.0,32.0,2010,,,,B,Table 4.8; OCR of rotated scan; SD/mean matches printed CV.  Survey Oct 1962-Mar 1963 (report 1964).,B,thai-1964|Royal Thai Army 1962-63,1
thai-1964,reports/additional/AD0450836.pdf,48,Royal Thai Marine Corps 1962-63,Thailand,military,Marine Corps,M,1962,sitting_height,Sitting height,cm,867.0,28.0,610,,,,B,Table 4.8; OCR of rotated scan; SD/mean matches printed CV.  Survey Oct 1962-Mar 1963 (report 1964).,B,thai-1964|Royal Thai Marine Corps 1962-63,1
thai-1964,reports/additional/AD0450836.pdf,48,Royal Thai Air Force 1962-63,Thailand,military,Air Force,M,1962,sitting_height,Sitting height,cm,874.0,27.0,330,,,,B,Table 4.8; OCR of rotated scan; SD/mean matches printed CV.  Survey Oct 1962-Mar 1963 (report 1964).,B,thai-1964|Royal Thai Air Force 1962-63,1
thai-1964,reports/additional/AD0450836.pdf,48,Royal Thai Armed Forces total series 1962-63 (Army+Marine Corps+Air Force),Thailand,military,Tri-service,M,1962,sitting_height,Sitting height,cm,864.0,31.0,2950,,,,B,Table 4.8; OCR of rotated scan; SD/mean matches printed CV.  Survey Oct 1962-Mar 1963 (report 1964).,B,thai-1964|Royal Thai Armed Forces total series 1962-63 (Army+Marine Corps+Air Force),1
thai-1964,reports/additional/AD0450836.pdf,48,Royal Thai Army 1962-63,Thailand,military,Army,M,1962,eye_height_sitting,"Eye height, sitting",cm,745.0,33.0,2010,,,,B,Table 4.8; OCR of rotated scan; SD/mean matches printed CV.  Survey Oct 1962-Mar 1963 (report 1964).,B,thai-1964|Royal Thai Army 1962-63,1
thai-1964,reports/additional/AD0450836.pdf,48,Royal Thai Marine Corps 1962-63,Thailand,military,Marine Corps,M,1962,eye_height_sitting,"Eye height, sitting",cm,747.0,28.0,610,,,,B,Table 4.8; OCR of rotated scan; SD/mean matches printed CV.  Survey Oct 1962-Mar 1963 (report 1964).,B,thai-1964|Royal Thai Marine Corps 1962-63,1
thai-1964,reports/additional/AD0450836.pdf,48,Royal Thai Air Force 1962-63,Thailand,military,Air Force,M,1962,eye_height_sitting,"Eye height, sitting",cm,758.0,26.0,330,,,,B,Table 4.8; OCR of rotated scan; SD/mean matches printed CV.  Survey Oct 1962-Mar 1963 (report 1964).,B,thai-1964|Royal Thai Air Force 1962-63,1
thai-1964,reports/additional/AD0450836.pdf,48,Royal Thai Armed Forces total series 1962-63 (Army+Marine Corps+Air Force),Thailand,military,Tri-service,M,1962,eye_height_sitting,"Eye height, sitting",cm,747.0,32.0,2950,,,,B,Table 4.8; OCR of rotated scan; SD/mean matches printed CV.  Survey Oct 1962-Mar 1963 (report 1964).,B,thai-1964|Royal Thai Armed Forces total series 1962-63 (Army+Marine Corps+Air Force),1
thai-1964,reports/additional/AD0450836.pdf,48,Royal Thai Army 1962-63,Thailand,military,Army,M,1962,other:shoulder_height_sitting,"Shoulder height, sitting",cm,574.0,27.0,2010,,,,B,Table 4.8; OCR of rotated scan; SD/mean matches printed CV.  Survey Oct 1962-Mar 1963 (report 1964).,B,thai-1964|Royal Thai Army 1962-63,1
thai-1964,reports/additional/AD0450836.pdf,48,Royal Thai Marine Corps 1962-63,Thailand,military,Marine Corps,M,1962,other:shoulder_height_sitting,"Shoulder height, sitting",cm,570.0,24.0,610,,,,B,Table 4.8; OCR of rotated scan; SD/mean matches printed CV.  Survey Oct 1962-Mar 1963 (report 1964).,B,thai-1964|Royal Thai Marine Corps 1962-63,1
thai-1964,reports/additional/AD0450836.pdf,48,Royal Thai Air Force 1962-63,Thailand,military,Air Force,M,1962,other:shoulder_height_sitting,"Shoulder height, sitting",cm,564.0,24.0,330,,,,B,Table 4.8; OCR of rotated scan; SD/mean matches printed CV.  Survey Oct 1962-Mar 1963 (report 1964).,B,thai-1964|Royal Thai Air Force 1962-63,1
thai-1964,reports/additional/AD0450836.pdf,48,Royal Thai Armed Forces total series 1962-63 (Army+Marine Corps+Air Force),Thailand,military,Tri-service,M,1962,other:shoulder_height_sitting,"Shoulder height, sitting",cm,572.0,27.0,2950,,,,B,Table 4.8; OCR of rotated scan; SD/mean matches printed CV.  Survey Oct 1962-Mar 1963 (report 1964).,B,thai-1964|Royal Thai Armed Forces total series 1962-63 (Army+Marine Corps+Air Force),1
thai-1964,reports/additional/AD0450836.pdf,48,Royal Thai Army 1962-63,Thailand,military,Army,M,1962,shoulder_elbow_length,Shoulder-elbow length,cm,348.0,17.0,2010,,,,B,Table 4.8; OCR of rotated scan; SD/mean matches printed CV.  Survey Oct 1962-Mar 1963 (report 1964).,B,thai-1964|Royal Thai Army 1962-63,1
thai-1964,reports/additional/AD0450836.pdf,48,Royal Thai Marine Corps 1962-63,Thailand,military,Marine Corps,M,1962,shoulder_elbow_length,Shoulder-elbow length,cm,350.0,17.0,610,,,,B,Table 4.8; OCR of rotated scan; SD/mean matches printed CV.  Survey Oct 1962-Mar 1963 (report 1964).,B,thai-1964|Royal Thai Marine Corps 1962-63,1
thai-1964,reports/additional/AD0450836.pdf,48,Royal Thai Air Force 1962-63,Thailand,military,Air Force,M,1962,shoulder_elbow_length,Shoulder-elbow length,cm,351.0,19.0,330,,,,B,Table 4.8; OCR of rotated scan; SD/mean matches printed CV.  Survey Oct 1962-Mar 1963 (report 1964).,B,thai-1964|Royal Thai Air Force 1962-63,1
thai-1964,reports/additional/AD0450836.pdf,48,Royal Thai Armed Forces total series 1962-63 (Army+Marine Corps+Air Force),Thailand,military,Tri-service,M,1962,shoulder_elbow_length,Shoulder-elbow length,cm,349.0,18.0,2950,,,,B,Table 4.8; OCR of rotated scan; SD/mean matches printed CV.  Survey Oct 1962-Mar 1963 (report 1964).,B,thai-1964|Royal Thai Armed Forces total series 1962-63 (Army+Marine Corps+Air Force),1
thai-1964,reports/additional/AD0450836.pdf,48,Royal Thai Army 1962-63,Thailand,military,Army,M,1962,other:forearm_hand_length,Forearm-hand length,cm,456.0,20.0,2010,,,,B,Table 4.8; OCR of rotated scan; SD/mean matches printed CV.  Survey Oct 1962-Mar 1963 (report 1964).,B,thai-1964|Royal Thai Army 1962-63,1
thai-1964,reports/additional/AD0450836.pdf,48,Royal Thai Marine Corps 1962-63,Thailand,military,Marine Corps,M,1962,other:forearm_hand_length,Forearm-hand length,cm,461.0,20.0,610,,,,B,Table 4.8; OCR of rotated scan; SD/mean matches printed CV.  Survey Oct 1962-Mar 1963 (report 1964).,B,thai-1964|Royal Thai Marine Corps 1962-63,1
thai-1964,reports/additional/AD0450836.pdf,48,Royal Thai Air Force 1962-63,Thailand,military,Air Force,M,1962,other:forearm_hand_length,Forearm-hand length,cm,455.0,18.0,330,,,,B,Table 4.8; OCR of rotated scan; SD/mean matches printed CV.  Survey Oct 1962-Mar 1963 (report 1964).,B,thai-1964|Royal Thai Air Force 1962-63,1
thai-1964,reports/additional/AD0450836.pdf,48,Royal Thai Armed Forces total series 1962-63 (Army+Marine Corps+Air Force),Thailand,military,Tri-service,M,1962,other:forearm_hand_length,Forearm-hand length,cm,457.0,20.0,2950,,,,B,Table 4.8; OCR of rotated scan; SD/mean matches printed CV.  Survey Oct 1962-Mar 1963 (report 1964).,B,thai-1964|Royal Thai Armed Forces total series 1962-63 (Army+Marine Corps+Air Force),1
thai-1964,reports/additional/AD0450836.pdf,48,Royal Thai Army 1962-63,Thailand,military,Army,M,1962,buttock_knee_length,Buttock-knee length,cm,535.0,25.0,2010,,,,B,Table 4.8; OCR of rotated scan; SD/mean matches printed CV.  Survey Oct 1962-Mar 1963 (report 1964).,B,thai-1964|Royal Thai Army 1962-63,1
thai-1964,reports/additional/AD0450836.pdf,48,Royal Thai Marine Corps 1962-63,Thailand,military,Marine Corps,M,1962,buttock_knee_length,Buttock-knee length,cm,547.0,23.0,610,,,,B,Table 4.8; OCR of rotated scan; SD/mean matches printed CV.  Survey Oct 1962-Mar 1963 (report 1964).,B,thai-1964|Royal Thai Marine Corps 1962-63,1
thai-1964,reports/additional/AD0450836.pdf,48,Royal Thai Air Force 1962-63,Thailand,military,Air Force,M,1962,buttock_knee_length,Buttock-knee length,cm,543.0,24.0,330,,,,B,Table 4.8; OCR of rotated scan; SD/mean matches printed CV.  Survey Oct 1962-Mar 1963 (report 1964).,B,thai-1964|Royal Thai Air Force 1962-63,1
thai-1964,reports/additional/AD0450836.pdf,48,Royal Thai Armed Forces total series 1962-63 (Army+Marine Corps+Air Force),Thailand,military,Tri-service,M,1962,buttock_knee_length,Buttock-knee length,cm,538.0,25.0,2950,,,,B,Table 4.8; OCR of rotated scan; SD/mean matches printed CV.  Survey Oct 1962-Mar 1963 (report 1964).,B,thai-1964|Royal Thai Armed Forces total series 1962-63 (Army+Marine Corps+Air Force),1
thai-1964,reports/additional/AD0450836.pdf,48,Royal Thai Army 1962-63,Thailand,military,Army,M,1962,buttock_popliteal_length,Buttock-popliteal length,cm,443.0,24.0,2010,,,,B,Table 4.8; OCR of rotated scan; SD/mean matches printed CV.  Survey Oct 1962-Mar 1963 (report 1964).,B,thai-1964|Royal Thai Army 1962-63,1
thai-1964,reports/additional/AD0450836.pdf,48,Royal Thai Marine Corps 1962-63,Thailand,military,Marine Corps,M,1962,buttock_popliteal_length,Buttock-popliteal length,cm,449.0,24.0,610,,,,B,Table 4.8; OCR of rotated scan; SD/mean matches printed CV.  Survey Oct 1962-Mar 1963 (report 1964).,B,thai-1964|Royal Thai Marine Corps 1962-63,1
thai-1964,reports/additional/AD0450836.pdf,48,Royal Thai Air Force 1962-63,Thailand,military,Air Force,M,1962,buttock_popliteal_length,Buttock-popliteal length,cm,452.0,25.0,330,,,,B,Table 4.8; OCR of rotated scan; SD/mean matches printed CV.  Survey Oct 1962-Mar 1963 (report 1964).,B,thai-1964|Royal Thai Air Force 1962-63,1
thai-1964,reports/additional/AD0450836.pdf,48,Royal Thai Armed Forces total series 1962-63 (Army+Marine Corps+Air Force),Thailand,military,Tri-service,M,1962,buttock_popliteal_length,Buttock-popliteal length,cm,445.0,24.0,2950,,,,B,Table 4.8; OCR of rotated scan; SD/mean matches printed CV.  Survey Oct 1962-Mar 1963 (report 1964).,B,thai-1964|Royal Thai Armed Forces total series 1962-63 (Army+Marine Corps+Air Force),1
thai-1964,reports/additional/AD0450836.pdf,48,Royal Thai Army 1962-63,Thailand,military,Army,M,1962,knee_height_sitting,"Knee height, sitting",cm,507.0,21.0,2010,,,,B,Table 4.8; OCR of rotated scan; SD/mean matches printed CV.  Survey Oct 1962-Mar 1963 (report 1964).,B,thai-1964|Royal Thai Army 1962-63,1
thai-1964,reports/additional/AD0450836.pdf,48,Royal Thai Marine Corps 1962-63,Thailand,military,Marine Corps,M,1962,knee_height_sitting,"Knee height, sitting",cm,512.0,20.0,610,,,,B,Table 4.8; OCR of rotated scan; SD/mean matches printed CV.  Survey Oct 1962-Mar 1963 (report 1964).,B,thai-1964|Royal Thai Marine Corps 1962-63,1
thai-1964,reports/additional/AD0450836.pdf,48,Royal Thai Air Force 1962-63,Thailand,military,Air Force,M,1962,knee_height_sitting,"Knee height, sitting",cm,511.0,26.0,330,,,,B,Table 4.8; OCR of rotated scan; SD/mean matches printed CV.  Survey Oct 1962-Mar 1963 (report 1964).,B,thai-1964|Royal Thai Air Force 1962-63,1
thai-1964,reports/additional/AD0450836.pdf,48,Royal Thai Armed Forces total series 1962-63 (Army+Marine Corps+Air Force),Thailand,military,Tri-service,M,1962,knee_height_sitting,"Knee height, sitting",cm,508.0,22.0,2950,,,,B,Table 4.8; OCR of rotated scan; SD/mean matches printed CV.  Survey Oct 1962-Mar 1963 (report 1964).,B,thai-1964|Royal Thai Armed Forces total series 1962-63 (Army+Marine Corps+Air Force),1
thai-1964,reports/additional/AD0450836.pdf,48,Royal Thai Army 1962-63,Thailand,military,Army,M,1962,popliteal_height,Popliteal height,cm,422.0,18.0,2010,,,,B,Table 4.8; OCR of rotated scan; SD/mean matches printed CV.  Survey Oct 1962-Mar 1963 (report 1964).,B,thai-1964|Royal Thai Army 1962-63,1
thai-1964,reports/additional/AD0450836.pdf,48,Royal Thai Marine Corps 1962-63,Thailand,military,Marine Corps,M,1962,popliteal_height,Popliteal height,cm,429.0,16.0,610,,,,B,Table 4.8; OCR of rotated scan; SD/mean matches printed CV.  Survey Oct 1962-Mar 1963 (report 1964).,B,thai-1964|Royal Thai Marine Corps 1962-63,1
thai-1964,reports/additional/AD0450836.pdf,48,Royal Thai Air Force 1962-63,Thailand,military,Air Force,M,1962,popliteal_height,Popliteal height,cm,437.0,18.0,330,,,,B,Table 4.8; OCR of rotated scan; SD/mean matches printed CV.  Survey Oct 1962-Mar 1963 (report 1964).,B,thai-1964|Royal Thai Air Force 1962-63,1
thai-1964,reports/additional/AD0450836.pdf,48,Royal Thai Armed Forces total series 1962-63 (Army+Marine Corps+Air Force),Thailand,military,Tri-service,M,1962,popliteal_height,Popliteal height,cm,425.0,18.0,2950,,,,B,Table 4.8; OCR of rotated scan; SD/mean matches printed CV.  Survey Oct 1962-Mar 1963 (report 1964).,B,thai-1964|Royal Thai Armed Forces total series 1962-63 (Army+Marine Corps+Air Force),1
thai-1964,reports/additional/AD0450836.pdf,48,Royal Thai Army 1962-63,Thailand,military,Army,M,1962,other:shoulder_breadth,Shoulder breadth,cm,413.0,20.0,2010,,,,B,Table 4.8; OCR of rotated scan; SD/mean matches printed CV.  Survey Oct 1962-Mar 1963 (report 1964).,B,thai-1964|Royal Thai Army 1962-63,1
thai-1964,reports/additional/AD0450836.pdf,48,Royal Thai Marine Corps 1962-63,Thailand,military,Marine Corps,M,1962,other:shoulder_breadth,Shoulder breadth,cm,425.0,19.0,610,,,,B,Table 4.8; OCR of rotated scan; SD/mean matches printed CV.  Survey Oct 1962-Mar 1963 (report 1964).,B,thai-1964|Royal Thai Marine Corps 1962-63,1
thai-1964,reports/additional/AD0450836.pdf,48,Royal Thai Air Force 1962-63,Thailand,military,Air Force,M,1962,other:shoulder_breadth,Shoulder breadth,cm,417.0,19.0,330,,,,B,Table 4.8; OCR of rotated scan; SD/mean matches printed CV.  Survey Oct 1962-Mar 1963 (report 1964).,B,thai-1964|Royal Thai Air Force 1962-63,1
thai-1964,reports/additional/AD0450836.pdf,48,Royal Thai Armed Forces total series 1962-63 (Army+Marine Corps+Air Force),Thailand,military,Tri-service,M,1962,other:shoulder_breadth,Shoulder breadth,cm,416.0,20.0,2950,,,,B,Table 4.8; OCR of rotated scan; SD/mean matches printed CV.  Survey Oct 1962-Mar 1963 (report 1964).,B,thai-1964|Royal Thai Armed Forces total series 1962-63 (Army+Marine Corps+Air Force),1
thai-1964,reports/additional/AD0450836.pdf,48,Royal Thai Army 1962-63,Thailand,military,Army,M,1962,hip_breadth_sitting,"Hip breadth, sitting",cm,320.0,20.0,2010,,,,B,Table 4.8; OCR of rotated scan; SD/mean matches printed CV.  Survey Oct 1962-Mar 1963 (report 1964).,B,thai-1964|Royal Thai Army 1962-63,1
thai-1964,reports/additional/AD0450836.pdf,48,Royal Thai Marine Corps 1962-63,Thailand,military,Marine Corps,M,1962,hip_breadth_sitting,"Hip breadth, sitting",cm,306.0,22.0,610,,,,B,Table 4.8; OCR of rotated scan; SD/mean matches printed CV.  Survey Oct 1962-Mar 1963 (report 1964).,B,thai-1964|Royal Thai Marine Corps 1962-63,1
thai-1964,reports/additional/AD0450836.pdf,48,Royal Thai Air Force 1962-63,Thailand,military,Air Force,M,1962,hip_breadth_sitting,"Hip breadth, sitting",cm,333.0,20.0,330,,,,B,Table 4.8; OCR of rotated scan; SD/mean matches printed CV.  Survey Oct 1962-Mar 1963 (report 1964).,B,thai-1964|Royal Thai Air Force 1962-63,1
thai-1964,reports/additional/AD0450836.pdf,48,Royal Thai Armed Forces total series 1962-63 (Army+Marine Corps+Air Force),Thailand,military,Tri-service,M,1962,hip_breadth_sitting,"Hip breadth, sitting",cm,318.0,22.0,2950,,,,B,Table 4.8; OCR of rotated scan; SD/mean matches printed CV.  Survey Oct 1962-Mar 1963 (report 1964).,B,thai-1964|Royal Thai Armed Forces total series 1962-63 (Army+Marine Corps+Air Force),1
thai-1964,reports/additional/AD0450836.pdf,48,Royal Thai Army 1962-63,Thailand,military,Army,M,1962,other:arm_reach_upward,"Arm reach, upward",cm,1310.0,48.0,2010,,,,B,Table 4.8; OCR of rotated scan; SD/mean matches printed CV.  Survey Oct 1962-Mar 1963 (report 1964).,B,thai-1964|Royal Thai Army 1962-63,1
thai-1964,reports/additional/AD0450836.pdf,48,Royal Thai Marine Corps 1962-63,Thailand,military,Marine Corps,M,1962,other:arm_reach_upward,"Arm reach, upward",cm,1324.0,46.0,610,,,,B,Table 4.8; OCR of rotated scan; SD/mean matches printed CV.  Survey Oct 1962-Mar 1963 (report 1964).,B,thai-1964|Royal Thai Marine Corps 1962-63,1
thai-1964,reports/additional/AD0450836.pdf,48,Royal Thai Air Force 1962-63,Thailand,military,Air Force,M,1962,other:arm_reach_upward,"Arm reach, upward",cm,1304.0,45.0,330,,,,B,Table 4.8; OCR of rotated scan; SD/mean matches printed CV.  Survey Oct 1962-Mar 1963 (report 1964).,B,thai-1964|Royal Thai Air Force 1962-63,1
thai-1964,reports/additional/AD0450836.pdf,48,Royal Thai Armed Forces total series 1962-63 (Army+Marine Corps+Air Force),Thailand,military,Tri-service,M,1962,other:arm_reach_upward,"Arm reach, upward",cm,1312.0,47.0,2950,,,,B,Table 4.8; OCR of rotated scan; SD/mean matches printed CV.  Survey Oct 1962-Mar 1963 (report 1964).,B,thai-1964|Royal Thai Armed Forces total series 1962-63 (Army+Marine Corps+Air Force),1
thai-1964,reports/additional/AD0450836.pdf,48,Royal Thai Army 1962-63,Thailand,military,Army,M,1962,other:arm_reach_forward,"Arm reach, forward",cm,818.0,41.0,2010,,,,B,Table 4.8; OCR of rotated scan; SD/mean matches printed CV.  Survey Oct 1962-Mar 1963 (report 1964).,B,thai-1964|Royal Thai Army 1962-63,1
thai-1964,reports/additional/AD0450836.pdf,48,Royal Thai Marine Corps 1962-63,Thailand,military,Marine Corps,M,1962,other:arm_reach_forward,"Arm reach, forward",cm,833.0,35.0,610,,,,B,Table 4.8; OCR of rotated scan; SD/mean matches printed CV.  Survey Oct 1962-Mar 1963 (report 1964).,B,thai-1964|Royal Thai Marine Corps 1962-63,1
thai-1964,reports/additional/AD0450836.pdf,48,Royal Thai Air Force 1962-63,Thailand,military,Air Force,M,1962,other:arm_reach_forward,"Arm reach, forward",cm,779.0,42.0,330,,,,B,Table 4.8; OCR of rotated scan; SD/mean matches printed CV.  Survey Oct 1962-Mar 1963 (report 1964).,B,thai-1964|Royal Thai Air Force 1962-63,1
thai-1964,reports/additional/AD0450836.pdf,48,Royal Thai Armed Forces total series 1962-63 (Army+Marine Corps+Air Force),Thailand,military,Tri-service,M,1962,other:arm_reach_forward,"Arm reach, forward",cm,817.0,43.0,2950,,,,B,Table 4.8; OCR of rotated scan; SD/mean matches printed CV.  Survey Oct 1962-Mar 1963 (report 1964).,B,thai-1964|Royal Thai Armed Forces total series 1962-63 (Army+Marine Corps+Air Force),1
thai-1964,reports/additional/AD0450836.pdf,49,Royal Thai Army 1962-63,Thailand,military,Army,M,1962,neck_circumference,Neck circumference,cm,337.0,16.0,2010,,,,B,Table 4.9; OCR of rotated scan; SD/mean matches printed CV. definition per source survey (neck level not verified) Survey Oct 1962-Mar 1963 (report 1964).,B,thai-1964|Royal Thai Army 1962-63,1
thai-1964,reports/additional/AD0450836.pdf,49,Royal Thai Marine Corps 1962-63,Thailand,military,Marine Corps,M,1962,neck_circumference,Neck circumference,cm,341.0,15.0,610,,,,B,Table 4.9; OCR of rotated scan; SD/mean matches printed CV. definition per source survey (neck level not verified) Survey Oct 1962-Mar 1963 (report 1964).,B,thai-1964|Royal Thai Marine Corps 1962-63,1
thai-1964,reports/additional/AD0450836.pdf,49,Royal Thai Air Force 1962-63,Thailand,military,Air Force,M,1962,neck_circumference,Neck circumference,cm,338.0,16.0,330,,,,B,Table 4.9; OCR of rotated scan; SD/mean matches printed CV. definition per source survey (neck level not verified) Survey Oct 1962-Mar 1963 (report 1964).,B,thai-1964|Royal Thai Air Force 1962-63,1
thai-1964,reports/additional/AD0450836.pdf,49,Royal Thai Armed Forces total series 1962-63 (Army+Marine Corps+Air Force),Thailand,military,Tri-service,M,1962,neck_circumference,Neck circumference,cm,338.0,16.0,2950,,,,B,Table 4.9; OCR of rotated scan; SD/mean matches printed CV. definition per source survey (neck level not verified) Survey Oct 1962-Mar 1963 (report 1964).,B,thai-1964|Royal Thai Armed Forces total series 1962-63 (Army+Marine Corps+Air Force),1
thai-1964,reports/additional/AD0450836.pdf,49,Royal Thai Army 1962-63,Thailand,military,Army,M,1962,shoulder_circumference,Shoulder circumference,cm,1044.0,44.0,2010,,,,B,Table 4.9; OCR of rotated scan; SD/mean matches printed CV.  Survey Oct 1962-Mar 1963 (report 1964).,B,thai-1964|Royal Thai Army 1962-63,1
thai-1964,reports/additional/AD0450836.pdf,49,Royal Thai Marine Corps 1962-63,Thailand,military,Marine Corps,M,1962,shoulder_circumference,Shoulder circumference,cm,1049.0,43.0,610,,,,B,Table 4.9; OCR of rotated scan; SD/mean matches printed CV.  Survey Oct 1962-Mar 1963 (report 1964).,B,thai-1964|Royal Thai Marine Corps 1962-63,1
thai-1964,reports/additional/AD0450836.pdf,49,Royal Thai Air Force 1962-63,Thailand,military,Air Force,M,1962,shoulder_circumference,Shoulder circumference,cm,1047.0,47.0,330,,,,B,Table 4.9; OCR of rotated scan; SD/mean matches printed CV.  Survey Oct 1962-Mar 1963 (report 1964).,B,thai-1964|Royal Thai Air Force 1962-63,1
thai-1964,reports/additional/AD0450836.pdf,49,Royal Thai Armed Forces total series 1962-63 (Army+Marine Corps+Air Force),Thailand,military,Tri-service,M,1962,shoulder_circumference,Shoulder circumference,cm,1045.0,44.0,2950,,,,B,Table 4.9; OCR of rotated scan; SD/mean matches printed CV.  Survey Oct 1962-Mar 1963 (report 1964).,B,thai-1964|Royal Thai Armed Forces total series 1962-63 (Army+Marine Corps+Air Force),1
thai-1964,reports/additional/AD0450836.pdf,49,Royal Thai Army 1962-63,Thailand,military,Army,M,1962,chest_circumference,Chest circumference,cm,849.0,41.0,2010,,,,B,Table 4.9; OCR of rotated scan; SD/mean matches printed CV.  Survey Oct 1962-Mar 1963 (report 1964).,B,thai-1964|Royal Thai Army 1962-63,1
thai-1964,reports/additional/AD0450836.pdf,49,Royal Thai Marine Corps 1962-63,Thailand,military,Marine Corps,M,1962,chest_circumference,Chest circumference,cm,849.0,37.0,610,,,,B,Table 4.9; OCR of rotated scan; SD/mean matches printed CV.  Survey Oct 1962-Mar 1963 (report 1964).,B,thai-1964|Royal Thai Marine Corps 1962-63,1
thai-1964,reports/additional/AD0450836.pdf,49,Royal Thai Air Force 1962-63,Thailand,military,Air Force,M,1962,chest_circumference,Chest circumference,cm,861.0,45.0,330,,,,B,Table 4.9; OCR of rotated scan; SD/mean matches printed CV.  Survey Oct 1962-Mar 1963 (report 1964).,B,thai-1964|Royal Thai Air Force 1962-63,1
thai-1964,reports/additional/AD0450836.pdf,49,Royal Thai Armed Forces total series 1962-63 (Army+Marine Corps+Air Force),Thailand,military,Tri-service,M,1962,chest_circumference,Chest circumference,cm,850.0,41.0,2950,,,,B,Table 4.9; OCR of rotated scan; SD/mean matches printed CV.  Survey Oct 1962-Mar 1963 (report 1964).,B,thai-1964|Royal Thai Armed Forces total series 1962-63 (Army+Marine Corps+Air Force),1
thai-1964,reports/additional/AD0450836.pdf,49,Royal Thai Army 1962-63,Thailand,military,Army,M,1962,waist_circumference,Waist circumference,cm,697.0,50.0,2010,,,,B,Table 4.9; OCR of rotated scan; SD/mean matches printed CV. waist landmark per source survey Survey Oct 1962-Mar 1963 (report 1964).,B,thai-1964|Royal Thai Army 1962-63,1
thai-1964,reports/additional/AD0450836.pdf,49,Royal Thai Marine Corps 1962-63,Thailand,military,Marine Corps,M,1962,waist_circumference,Waist circumference,cm,699.0,42.0,610,,,,B,Table 4.9; OCR of rotated scan; SD/mean matches printed CV. waist landmark per source survey Survey Oct 1962-Mar 1963 (report 1964).,B,thai-1964|Royal Thai Marine Corps 1962-63,1
thai-1964,reports/additional/AD0450836.pdf,49,Royal Thai Air Force 1962-63,Thailand,military,Air Force,M,1962,waist_circumference,Waist circumference,cm,695.0,59.0,330,,,,B,Table 4.9; OCR of rotated scan; SD/mean matches printed CV. waist landmark per source survey Survey Oct 1962-Mar 1963 (report 1964).,B,thai-1964|Royal Thai Air Force 1962-63,1
thai-1964,reports/additional/AD0450836.pdf,49,Royal Thai Armed Forces total series 1962-63 (Army+Marine Corps+Air Force),Thailand,military,Tri-service,M,1962,waist_circumference,Waist circumference,cm,697.0,50.0,2950,,,,B,Table 4.9; OCR of rotated scan; SD/mean matches printed CV. waist landmark per source survey Survey Oct 1962-Mar 1963 (report 1964).,B,thai-1964|Royal Thai Armed Forces total series 1962-63 (Army+Marine Corps+Air Force),1
thai-1964,reports/additional/AD0450836.pdf,49,Royal Thai Army 1962-63,Thailand,military,Army,M,1962,other:hip_circumference,Hip circumference,cm,860.0,41.0,2010,,,,B,Table 4.9; OCR of rotated scan; SD/mean matches printed CV.  Survey Oct 1962-Mar 1963 (report 1964).,B,thai-1964|Royal Thai Army 1962-63,1
thai-1964,reports/additional/AD0450836.pdf,49,Royal Thai Marine Corps 1962-63,Thailand,military,Marine Corps,M,1962,other:hip_circumference,Hip circumference,cm,866.0,35.0,610,,,,B,Table 4.9; OCR of rotated scan; SD/mean matches printed CV.  Survey Oct 1962-Mar 1963 (report 1964).,B,thai-1964|Royal Thai Marine Corps 1962-63,1
thai-1964,reports/additional/AD0450836.pdf,49,Royal Thai Air Force 1962-63,Thailand,military,Air Force,M,1962,other:hip_circumference,Hip circumference,cm,874.0,44.0,330,,,,B,Table 4.9; OCR of rotated scan; SD/mean matches printed CV.  Survey Oct 1962-Mar 1963 (report 1964).,B,thai-1964|Royal Thai Air Force 1962-63,1
thai-1964,reports/additional/AD0450836.pdf,49,Royal Thai Armed Forces total series 1962-63 (Army+Marine Corps+Air Force),Thailand,military,Tri-service,M,1962,other:hip_circumference,Hip circumference,cm,863.0,41.0,2950,,,,B,Table 4.9; OCR of rotated scan; SD/mean matches printed CV.  Survey Oct 1962-Mar 1963 (report 1964).,B,thai-1964|Royal Thai Armed Forces total series 1962-63 (Army+Marine Corps+Air Force),1
thai-1964,reports/additional/AD0450836.pdf,49,Royal Thai Army 1962-63,Thailand,military,Army,M,1962,other:upper_arm_circumference,Upper arm circumference,cm,258.0,21.0,2010,,,,B,Table 4.9; OCR of rotated scan; SD/mean matches printed CV.  Survey Oct 1962-Mar 1963 (report 1964).,B,thai-1964|Royal Thai Army 1962-63,1
thai-1964,reports/additional/AD0450836.pdf,49,Royal Thai Marine Corps 1962-63,Thailand,military,Marine Corps,M,1962,other:upper_arm_circumference,Upper arm circumference,cm,266.0,19.0,610,,,,B,Table 4.9; OCR of rotated scan; SD/mean matches printed CV.  Survey Oct 1962-Mar 1963 (report 1964).,B,thai-1964|Royal Thai Marine Corps 1962-63,1
thai-1964,reports/additional/AD0450836.pdf,49,Royal Thai Air Force 1962-63,Thailand,military,Air Force,M,1962,other:upper_arm_circumference,Upper arm circumference,cm,264.0,22.0,330,,,,B,Table 4.9; OCR of rotated scan; SD/mean matches printed CV.  Survey Oct 1962-Mar 1963 (report 1964).,B,thai-1964|Royal Thai Air Force 1962-63,1
thai-1964,reports/additional/AD0450836.pdf,49,Royal Thai Armed Forces total series 1962-63 (Army+Marine Corps+Air Force),Thailand,military,Tri-service,M,1962,other:upper_arm_circumference,Upper arm circumference,cm,260.0,21.0,2950,,,,B,Table 4.9; OCR of rotated scan; SD/mean matches printed CV.  Survey Oct 1962-Mar 1963 (report 1964).,B,thai-1964|Royal Thai Armed Forces total series 1962-63 (Army+Marine Corps+Air Force),1
thai-1964,reports/additional/AD0450836.pdf,49,Royal Thai Army 1962-63,Thailand,military,Army,M,1962,wrist_circumference,Wrist circumference,cm,156.0,9.0,2010,,,,B,Table 4.9; OCR of rotated scan; SD/mean matches printed CV.  Survey Oct 1962-Mar 1963 (report 1964).,B,thai-1964|Royal Thai Army 1962-63,1
thai-1964,reports/additional/AD0450836.pdf,49,Royal Thai Marine Corps 1962-63,Thailand,military,Marine Corps,M,1962,wrist_circumference,Wrist circumference,cm,159.0,8.0,610,,,,B,Table 4.9; OCR of rotated scan; SD/mean matches printed CV.  Survey Oct 1962-Mar 1963 (report 1964).,B,thai-1964|Royal Thai Marine Corps 1962-63,1
thai-1964,reports/additional/AD0450836.pdf,49,Royal Thai Air Force 1962-63,Thailand,military,Air Force,M,1962,wrist_circumference,Wrist circumference,cm,155.0,8.0,330,,,,B,Table 4.9; OCR of rotated scan; SD/mean matches printed CV.  Survey Oct 1962-Mar 1963 (report 1964).,B,thai-1964|Royal Thai Air Force 1962-63,1
thai-1964,reports/additional/AD0450836.pdf,49,Royal Thai Armed Forces total series 1962-63 (Army+Marine Corps+Air Force),Thailand,military,Tri-service,M,1962,wrist_circumference,Wrist circumference,cm,157.0,9.0,2950,,,,B,Table 4.9; OCR of rotated scan; SD/mean matches printed CV.  Survey Oct 1962-Mar 1963 (report 1964).,B,thai-1964|Royal Thai Armed Forces total series 1962-63 (Army+Marine Corps+Air Force),1
thai-1964,reports/additional/AD0450836.pdf,49,Royal Thai Army 1962-63,Thailand,military,Army,M,1962,other:crotch_thigh_circumference,Crotch thigh circumference,cm,493.0,37.0,2010,,,,B,Table 4.9; OCR of rotated scan; SD/mean matches printed CV.  Survey Oct 1962-Mar 1963 (report 1964).,B,thai-1964|Royal Thai Army 1962-63,1
thai-1964,reports/additional/AD0450836.pdf,49,Royal Thai Marine Corps 1962-63,Thailand,military,Marine Corps,M,1962,other:crotch_thigh_circumference,Crotch thigh circumference,cm,496.0,31.0,610,,,,B,Table 4.9; OCR of rotated scan; SD/mean matches printed CV.  Survey Oct 1962-Mar 1963 (report 1964).,B,thai-1964|Royal Thai Marine Corps 1962-63,1
thai-1964,reports/additional/AD0450836.pdf,49,Royal Thai Air Force 1962-63,Thailand,military,Air Force,M,1962,other:crotch_thigh_circumference,Crotch thigh circumference,cm,508.0,42.0,330,,,,B,Table 4.9; OCR of rotated scan; SD/mean matches printed CV.  Survey Oct 1962-Mar 1963 (report 1964).,B,thai-1964|Royal Thai Air Force 1962-63,1
thai-1964,reports/additional/AD0450836.pdf,49,Royal Thai Armed Forces total series 1962-63 (Army+Marine Corps+Air Force),Thailand,military,Tri-service,M,1962,other:crotch_thigh_circumference,Crotch thigh circumference,cm,495.0,37.0,2950,,,,B,Table 4.9; OCR of rotated scan; SD/mean matches printed CV.  Survey Oct 1962-Mar 1963 (report 1964).,B,thai-1964|Royal Thai Armed Forces total series 1962-63 (Army+Marine Corps+Air Force),1
thai-1964,reports/additional/AD0450836.pdf,49,Royal Thai Army 1962-63,Thailand,military,Army,M,1962,other:lower_thigh_circumference,Lower thigh circumference,cm,376.0,36.0,2010,,,,B,Table 4.9; OCR of rotated scan; SD/mean matches printed CV.  Survey Oct 1962-Mar 1963 (report 1964).,B,thai-1964|Royal Thai Army 1962-63,1
thai-1964,reports/additional/AD0450836.pdf,49,Royal Thai Marine Corps 1962-63,Thailand,military,Marine Corps,M,1962,other:lower_thigh_circumference,Lower thigh circumference,cm,397.0,30.0,610,,,,B,Table 4.9; OCR of rotated scan; SD/mean matches printed CV.  Survey Oct 1962-Mar 1963 (report 1964).,B,thai-1964|Royal Thai Marine Corps 1962-63,1
thai-1964,reports/additional/AD0450836.pdf,49,Royal Thai Air Force 1962-63,Thailand,military,Air Force,M,1962,other:lower_thigh_circumference,Lower thigh circumference,cm,385.0,37.0,330,,,,B,Table 4.9; OCR of rotated scan; SD/mean matches printed CV.  Survey Oct 1962-Mar 1963 (report 1964).,B,thai-1964|Royal Thai Air Force 1962-63,1
thai-1964,reports/additional/AD0450836.pdf,49,Royal Thai Armed Forces total series 1962-63 (Army+Marine Corps+Air Force),Thailand,military,Tri-service,M,1962,other:lower_thigh_circumference,Lower thigh circumference,cm,381.0,36.0,2950,,,,B,Table 4.9; OCR of rotated scan; SD/mean matches printed CV.  Survey Oct 1962-Mar 1963 (report 1964).,B,thai-1964|Royal Thai Armed Forces total series 1962-63 (Army+Marine Corps+Air Force),1
thai-1964,reports/additional/AD0450836.pdf,49,Royal Thai Army 1962-63,Thailand,military,Army,M,1962,calf_circumference,Calf circumference,cm,340.0,23.0,2010,,,,B,Table 4.9; OCR of rotated scan; SD/mean matches printed CV.  Survey Oct 1962-Mar 1963 (report 1964).,B,thai-1964|Royal Thai Army 1962-63,1
thai-1964,reports/additional/AD0450836.pdf,49,Royal Thai Marine Corps 1962-63,Thailand,military,Marine Corps,M,1962,calf_circumference,Calf circumference,cm,350.0,21.0,610,,,,B,Table 4.9; OCR of rotated scan; SD/mean matches printed CV.  Survey Oct 1962-Mar 1963 (report 1964).,B,thai-1964|Royal Thai Marine Corps 1962-63,1
thai-1964,reports/additional/AD0450836.pdf,49,Royal Thai Air Force 1962-63,Thailand,military,Air Force,M,1962,calf_circumference,Calf circumference,cm,341.0,23.0,330,,,,B,Table 4.9; OCR of rotated scan; SD/mean matches printed CV.  Survey Oct 1962-Mar 1963 (report 1964).,B,thai-1964|Royal Thai Air Force 1962-63,1
thai-1964,reports/additional/AD0450836.pdf,49,Royal Thai Armed Forces total series 1962-63 (Army+Marine Corps+Air Force),Thailand,military,Tri-service,M,1962,calf_circumference,Calf circumference,cm,342.0,23.0,2950,,,,B,Table 4.9; OCR of rotated scan; SD/mean matches printed CV.  Survey Oct 1962-Mar 1963 (report 1964).,B,thai-1964|Royal Thai Armed Forces total series 1962-63 (Army+Marine Corps+Air Force),1
thai-1964,reports/additional/AD0450836.pdf,49,Royal Thai Army 1962-63,Thailand,military,Army,M,1962,ankle_circumference,Ankle circumference,cm,208.0,11.0,2010,,,,B,Table 4.9; OCR of rotated scan; SD/mean matches printed CV.  Survey Oct 1962-Mar 1963 (report 1964).,B,thai-1964|Royal Thai Army 1962-63,1
thai-1964,reports/additional/AD0450836.pdf,49,Royal Thai Marine Corps 1962-63,Thailand,military,Marine Corps,M,1962,ankle_circumference,Ankle circumference,cm,213.0,11.0,610,,,,B,Table 4.9; OCR of rotated scan; SD/mean matches printed CV.  Survey Oct 1962-Mar 1963 (report 1964).,B,thai-1964|Royal Thai Marine Corps 1962-63,1
thai-1964,reports/additional/AD0450836.pdf,49,Royal Thai Air Force 1962-63,Thailand,military,Air Force,M,1962,ankle_circumference,Ankle circumference,cm,213.0,12.0,330,,,,B,Table 4.9; OCR of rotated scan; SD/mean matches printed CV.  Survey Oct 1962-Mar 1963 (report 1964).,B,thai-1964|Royal Thai Air Force 1962-63,1
thai-1964,reports/additional/AD0450836.pdf,49,Royal Thai Armed Forces total series 1962-63 (Army+Marine Corps+Air Force),Thailand,military,Tri-service,M,1962,ankle_circumference,Ankle circumference,cm,210.0,12.0,2950,,,,B,Table 4.9; OCR of rotated scan; SD/mean matches printed CV.  Survey Oct 1962-Mar 1963 (report 1964).,B,thai-1964|Royal Thai Armed Forces total series 1962-63 (Army+Marine Corps+Air Force),1
thai-1964,reports/additional/AD0450836.pdf,49,Royal Thai Army 1962-63,Thailand,military,Army,M,1962,other:back_waist_length,Back waist length,cm,429.0,25.0,2010,,,,B,Table 4.9; OCR of rotated scan; SD/mean matches printed CV.  Survey Oct 1962-Mar 1963 (report 1964).,B,thai-1964|Royal Thai Army 1962-63,1
thai-1964,reports/additional/AD0450836.pdf,49,Royal Thai Marine Corps 1962-63,Thailand,military,Marine Corps,M,1962,other:back_waist_length,Back waist length,cm,427.0,30.0,610,,,,B,Table 4.9; OCR of rotated scan; SD/mean matches printed CV.  Survey Oct 1962-Mar 1963 (report 1964).,B,thai-1964|Royal Thai Marine Corps 1962-63,1
thai-1964,reports/additional/AD0450836.pdf,49,Royal Thai Air Force 1962-63,Thailand,military,Air Force,M,1962,other:back_waist_length,Back waist length,cm,456.0,26.0,330,,,,B,Table 4.9; OCR of rotated scan; SD/mean matches printed CV.  Survey Oct 1962-Mar 1963 (report 1964).,B,thai-1964|Royal Thai Air Force 1962-63,1
thai-1964,reports/additional/AD0450836.pdf,49,Royal Thai Armed Forces total series 1962-63 (Army+Marine Corps+Air Force),Thailand,military,Tri-service,M,1962,other:back_waist_length,Back waist length,cm,432.0,28.0,2950,,,,B,Table 4.9; OCR of rotated scan; SD/mean matches printed CV.  Survey Oct 1962-Mar 1963 (report 1964).,B,thai-1964|Royal Thai Armed Forces total series 1962-63 (Army+Marine Corps+Air Force),1
thai-1964,reports/additional/AD0450836.pdf,49,Royal Thai Army 1962-63,Thailand,military,Army,M,1962,other:interscye_breadth,Interscye breadth,cm,352.0,25.0,2010,,,,B,Table 4.9; OCR of rotated scan; SD/mean matches printed CV.  Survey Oct 1962-Mar 1963 (report 1964).,B,thai-1964|Royal Thai Army 1962-63,1
thai-1964,reports/additional/AD0450836.pdf,49,Royal Thai Marine Corps 1962-63,Thailand,military,Marine Corps,M,1962,other:interscye_breadth,Interscye breadth,cm,353.0,26.0,610,,,,B,Table 4.9; OCR of rotated scan; SD/mean matches printed CV.  Survey Oct 1962-Mar 1963 (report 1964).,B,thai-1964|Royal Thai Marine Corps 1962-63,1
thai-1964,reports/additional/AD0450836.pdf,49,Royal Thai Air Force 1962-63,Thailand,military,Air Force,M,1962,other:interscye_breadth,Interscye breadth,cm,362.0,24.0,330,,,,B,Table 4.9; OCR of rotated scan; SD/mean matches printed CV.  Survey Oct 1962-Mar 1963 (report 1964).,B,thai-1964|Royal Thai Air Force 1962-63,1
thai-1964,reports/additional/AD0450836.pdf,49,Royal Thai Armed Forces total series 1962-63 (Army+Marine Corps+Air Force),Thailand,military,Tri-service,M,1962,other:interscye_breadth,Interscye breadth,cm,353.0,26.0,2950,,,,B,Table 4.9; OCR of rotated scan; SD/mean matches printed CV.  Survey Oct 1962-Mar 1963 (report 1964).,B,thai-1964|Royal Thai Armed Forces total series 1962-63 (Army+Marine Corps+Air Force),1
thai-1964,reports/additional/AD0450836.pdf,49,Royal Thai Army 1962-63,Thailand,military,Army,M,1962,other:sleeve_inseam,Sleeve inseam,cm,466.0,27.0,2010,,,,B,Table 4.9; OCR of rotated scan; SD/mean matches printed CV.  Survey Oct 1962-Mar 1963 (report 1964).,B,thai-1964|Royal Thai Army 1962-63,1
thai-1964,reports/additional/AD0450836.pdf,49,Royal Thai Marine Corps 1962-63,Thailand,military,Marine Corps,M,1962,other:sleeve_inseam,Sleeve inseam,cm,471.0,24.0,610,,,,B,Table 4.9; OCR of rotated scan; SD/mean matches printed CV.  Survey Oct 1962-Mar 1963 (report 1964).,B,thai-1964|Royal Thai Marine Corps 1962-63,1
thai-1964,reports/additional/AD0450836.pdf,49,Royal Thai Air Force 1962-63,Thailand,military,Air Force,M,1962,other:sleeve_inseam,Sleeve inseam,cm,475.0,26.0,330,,,,B,Table 4.9; OCR of rotated scan; SD/mean matches printed CV.  Survey Oct 1962-Mar 1963 (report 1964).,B,thai-1964|Royal Thai Air Force 1962-63,1
thai-1964,reports/additional/AD0450836.pdf,49,Royal Thai Armed Forces total series 1962-63 (Army+Marine Corps+Air Force),Thailand,military,Tri-service,M,1962,other:sleeve_inseam,Sleeve inseam,cm,468.0,27.0,2950,,,,B,Table 4.9; OCR of rotated scan; SD/mean matches printed CV.  Survey Oct 1962-Mar 1963 (report 1964).,B,thai-1964|Royal Thai Armed Forces total series 1962-63 (Army+Marine Corps+Air Force),1
thai-1964,reports/additional/AD0450836.pdf,49,Royal Thai Army 1962-63,Thailand,military,Army,M,1962,other:sleeve_length,Sleeve length,cm,780.0,36.0,2010,,,,B,Table 4.9; OCR of rotated scan; SD/mean matches printed CV.  Survey Oct 1962-Mar 1963 (report 1964).,B,thai-1964|Royal Thai Army 1962-63,1
thai-1964,reports/additional/AD0450836.pdf,49,Royal Thai Marine Corps 1962-63,Thailand,military,Marine Corps,M,1962,other:sleeve_length,Sleeve length,cm,783.0,36.0,610,,,,B,Table 4.9; OCR of rotated scan; SD/mean matches printed CV.  Survey Oct 1962-Mar 1963 (report 1964).,B,thai-1964|Royal Thai Marine Corps 1962-63,1
thai-1964,reports/additional/AD0450836.pdf,49,Royal Thai Air Force 1962-63,Thailand,military,Air Force,M,1962,other:sleeve_length,Sleeve length,cm,786.0,36.0,330,,,,B,Table 4.9; OCR of rotated scan; SD/mean matches printed CV.  Survey Oct 1962-Mar 1963 (report 1964).,B,thai-1964|Royal Thai Air Force 1962-63,1
thai-1964,reports/additional/AD0450836.pdf,49,Royal Thai Armed Forces total series 1962-63 (Army+Marine Corps+Air Force),Thailand,military,Tri-service,M,1962,other:sleeve_length,Sleeve length,cm,781.0,36.0,2950,,,,B,Table 4.9; OCR of rotated scan; SD/mean matches printed CV.  Survey Oct 1962-Mar 1963 (report 1964).,B,thai-1964|Royal Thai Armed Forces total series 1962-63 (Army+Marine Corps+Air Force),1
thai-1964,reports/additional/AD0450836.pdf,50,Royal Thai Army 1962-63,Thailand,military,Army,M,1962,head_length,Head length,cm,179.0,6.0,2010,,,,B,Table 4.10; OCR of rotated scan; SD/mean matches printed CV.  Survey Oct 1962-Mar 1963 (report 1964).,B,thai-1964|Royal Thai Army 1962-63,1
thai-1964,reports/additional/AD0450836.pdf,50,Royal Thai Marine Corps 1962-63,Thailand,military,Marine Corps,M,1962,head_length,Head length,cm,178.0,6.0,610,,,,B,Table 4.10; OCR of rotated scan; SD/mean matches printed CV.  Survey Oct 1962-Mar 1963 (report 1964).,B,thai-1964|Royal Thai Marine Corps 1962-63,1
thai-1964,reports/additional/AD0450836.pdf,50,Royal Thai Air Force 1962-63,Thailand,military,Air Force,M,1962,head_length,Head length,cm,179.0,6.0,330,,,,B,Table 4.10; OCR of rotated scan; SD/mean matches printed CV.  Survey Oct 1962-Mar 1963 (report 1964).,B,thai-1964|Royal Thai Air Force 1962-63,1
thai-1964,reports/additional/AD0450836.pdf,50,Royal Thai Armed Forces total series 1962-63 (Army+Marine Corps+Air Force),Thailand,military,Tri-service,M,1962,head_length,Head length,cm,179.0,6.0,2950,,,,B,Table 4.10; OCR of rotated scan; SD/mean matches printed CV.  Survey Oct 1962-Mar 1963 (report 1964).,B,thai-1964|Royal Thai Armed Forces total series 1962-63 (Army+Marine Corps+Air Force),1
thai-1964,reports/additional/AD0450836.pdf,50,Royal Thai Army 1962-63,Thailand,military,Army,M,1962,other:head_height,Head height,cm,130.0,9.0,2010,,,,B,Table 4.10; OCR of rotated scan; SD/mean matches printed CV.  Survey Oct 1962-Mar 1963 (report 1964).,B,thai-1964|Royal Thai Army 1962-63,1
thai-1964,reports/additional/AD0450836.pdf,50,Royal Thai Marine Corps 1962-63,Thailand,military,Marine Corps,M,1962,other:head_height,Head height,cm,124.0,8.0,610,,,,B,Table 4.10; OCR of rotated scan; SD/mean matches printed CV.  Survey Oct 1962-Mar 1963 (report 1964).,B,thai-1964|Royal Thai Marine Corps 1962-63,1
thai-1964,reports/additional/AD0450836.pdf,50,Royal Thai Air Force 1962-63,Thailand,military,Air Force,M,1962,other:head_height,Head height,cm,123.0,11.0,330,,,,B,Table 4.10; OCR of rotated scan; SD/mean matches printed CV.  Survey Oct 1962-Mar 1963 (report 1964).,B,thai-1964|Royal Thai Air Force 1962-63,1
thai-1964,reports/additional/AD0450836.pdf,50,Royal Thai Armed Forces total series 1962-63 (Army+Marine Corps+Air Force),Thailand,military,Tri-service,M,1962,other:head_height,Head height,cm,128.0,10.0,2950,,,,B,Table 4.10; OCR of rotated scan; SD/mean matches printed CV.  Survey Oct 1962-Mar 1963 (report 1964).,B,thai-1964|Royal Thai Armed Forces total series 1962-63 (Army+Marine Corps+Air Force),1
thai-1964,reports/additional/AD0450836.pdf,50,Royal Thai Army 1962-63,Thailand,military,Army,M,1962,other:face_length,Face length,cm,113.0,6.0,2010,,,,B,Table 4.10; OCR of rotated scan; SD/mean matches printed CV.  Survey Oct 1962-Mar 1963 (report 1964).,B,thai-1964|Royal Thai Army 1962-63,1
thai-1964,reports/additional/AD0450836.pdf,50,Royal Thai Marine Corps 1962-63,Thailand,military,Marine Corps,M,1962,other:face_length,Face length,cm,113.0,6.0,610,,,,B,Table 4.10; OCR of rotated scan; SD/mean matches printed CV.  Survey Oct 1962-Mar 1963 (report 1964).,B,thai-1964|Royal Thai Marine Corps 1962-63,1
thai-1964,reports/additional/AD0450836.pdf,50,Royal Thai Air Force 1962-63,Thailand,military,Air Force,M,1962,other:face_length,Face length,cm,117.0,6.0,330,,,,B,Table 4.10; OCR of rotated scan; SD/mean matches printed CV.  Survey Oct 1962-Mar 1963 (report 1964).,B,thai-1964|Royal Thai Air Force 1962-63,1
thai-1964,reports/additional/AD0450836.pdf,50,Royal Thai Armed Forces total series 1962-63 (Army+Marine Corps+Air Force),Thailand,military,Tri-service,M,1962,other:face_length,Face length,cm,114.0,6.0,2950,,,,B,Table 4.10; OCR of rotated scan; SD/mean matches printed CV.  Survey Oct 1962-Mar 1963 (report 1964).,B,thai-1964|Royal Thai Armed Forces total series 1962-63 (Army+Marine Corps+Air Force),1
thai-1964,reports/additional/AD0450836.pdf,50,Royal Thai Army 1962-63,Thailand,military,Army,M,1962,head_breadth,Head breadth,cm,152.0,7.0,2010,,,,B,Table 4.10; OCR of rotated scan; SD/mean matches printed CV.  Survey Oct 1962-Mar 1963 (report 1964).,B,thai-1964|Royal Thai Army 1962-63,1
thai-1964,reports/additional/AD0450836.pdf,50,Royal Thai Marine Corps 1962-63,Thailand,military,Marine Corps,M,1962,head_breadth,Head breadth,cm,151.0,6.0,610,,,,B,Table 4.10; OCR of rotated scan; SD/mean matches printed CV.  Survey Oct 1962-Mar 1963 (report 1964).,B,thai-1964|Royal Thai Marine Corps 1962-63,1
thai-1964,reports/additional/AD0450836.pdf,50,Royal Thai Air Force 1962-63,Thailand,military,Air Force,M,1962,head_breadth,Head breadth,cm,154.0,5.0,330,,,,B,Table 4.10; OCR of rotated scan; SD/mean matches printed CV.  Survey Oct 1962-Mar 1963 (report 1964).,B,thai-1964|Royal Thai Air Force 1962-63,1
thai-1964,reports/additional/AD0450836.pdf,50,Royal Thai Armed Forces total series 1962-63 (Army+Marine Corps+Air Force),Thailand,military,Tri-service,M,1962,head_breadth,Head breadth,cm,152.0,7.0,2950,,,,B,Table 4.10; OCR of rotated scan; SD/mean matches printed CV.  Survey Oct 1962-Mar 1963 (report 1964).,B,thai-1964|Royal Thai Armed Forces total series 1962-63 (Army+Marine Corps+Air Force),1
thai-1964,reports/additional/AD0450836.pdf,50,Royal Thai Army 1962-63,Thailand,military,Army,M,1962,head_circumference,Head circumference,cm,540.0,14.0,2010,,,,B,Table 4.10; OCR of rotated scan; SD/mean matches printed CV.  Survey Oct 1962-Mar 1963 (report 1964).,B,thai-1964|Royal Thai Army 1962-63,1
thai-1964,reports/additional/AD0450836.pdf,50,Royal Thai Marine Corps 1962-63,Thailand,military,Marine Corps,M,1962,head_circumference,Head circumference,cm,539.0,14.0,610,,,,B,Table 4.10; OCR of rotated scan; SD/mean matches printed CV.  Survey Oct 1962-Mar 1963 (report 1964).,B,thai-1964|Royal Thai Marine Corps 1962-63,1
thai-1964,reports/additional/AD0450836.pdf,50,Royal Thai Air Force 1962-63,Thailand,military,Air Force,M,1962,head_circumference,Head circumference,cm,543.0,14.0,330,,,,B,Table 4.10; OCR of rotated scan; SD/mean matches printed CV.  Survey Oct 1962-Mar 1963 (report 1964).,B,thai-1964|Royal Thai Air Force 1962-63,1
thai-1964,reports/additional/AD0450836.pdf,50,Royal Thai Armed Forces total series 1962-63 (Army+Marine Corps+Air Force),Thailand,military,Tri-service,M,1962,head_circumference,Head circumference,cm,540.0,14.0,2950,,,,B,Table 4.10; OCR of rotated scan; SD/mean matches printed CV.  Survey Oct 1962-Mar 1963 (report 1964).,B,thai-1964|Royal Thai Armed Forces total series 1962-63 (Army+Marine Corps+Air Force),1
thai-1964,reports/additional/AD0450836.pdf,50,Royal Thai Army 1962-63,Thailand,military,Army,M,1962,interpupillary_breadth,Interpupillary distance,cm,63.0,4.0,2010,,,,B,Table 4.10; OCR of rotated scan; SD/mean matches printed CV.  Survey Oct 1962-Mar 1963 (report 1964).,B,thai-1964|Royal Thai Army 1962-63,1
thai-1964,reports/additional/AD0450836.pdf,50,Royal Thai Marine Corps 1962-63,Thailand,military,Marine Corps,M,1962,interpupillary_breadth,Interpupillary distance,cm,67.0,4.0,610,,,,B,Table 4.10; OCR of rotated scan; SD/mean matches printed CV.  Survey Oct 1962-Mar 1963 (report 1964).,B,thai-1964|Royal Thai Marine Corps 1962-63,1
thai-1964,reports/additional/AD0450836.pdf,50,Royal Thai Air Force 1962-63,Thailand,military,Air Force,M,1962,interpupillary_breadth,Interpupillary distance,cm,64.0,3.0,330,,,,B,Table 4.10; OCR of rotated scan; SD/mean matches printed CV.  Survey Oct 1962-Mar 1963 (report 1964).,B,thai-1964|Royal Thai Air Force 1962-63,1
thai-1964,reports/additional/AD0450836.pdf,50,Royal Thai Armed Forces total series 1962-63 (Army+Marine Corps+Air Force),Thailand,military,Tri-service,M,1962,interpupillary_breadth,Interpupillary distance,cm,64.0,4.0,2950,,,,B,Table 4.10; OCR of rotated scan; SD/mean matches printed CV.  Survey Oct 1962-Mar 1963 (report 1964).,B,thai-1964|Royal Thai Armed Forces total series 1962-63 (Army+Marine Corps+Air Force),1
thai-1964,reports/additional/AD0450836.pdf,50,Royal Thai Army 1962-63,Thailand,military,Army,M,1962,other:face_breadth,Face breadth,cm,132.0,7.0,2010,,,,B,Table 4.10; OCR of rotated scan; SD/mean matches printed CV.  Survey Oct 1962-Mar 1963 (report 1964).,B,thai-1964|Royal Thai Army 1962-63,1
thai-1964,reports/additional/AD0450836.pdf,50,Royal Thai Marine Corps 1962-63,Thailand,military,Marine Corps,M,1962,other:face_breadth,Face breadth,cm,128.0,6.0,610,,,,B,Table 4.10; OCR of rotated scan; SD/mean matches printed CV.  Survey Oct 1962-Mar 1963 (report 1964).,B,thai-1964|Royal Thai Marine Corps 1962-63,1
thai-1964,reports/additional/AD0450836.pdf,50,Royal Thai Air Force 1962-63,Thailand,military,Air Force,M,1962,other:face_breadth,Face breadth,cm,134.0,7.0,330,,,,B,Table 4.10; OCR of rotated scan; SD/mean matches printed CV.  Survey Oct 1962-Mar 1963 (report 1964).,B,thai-1964|Royal Thai Air Force 1962-63,1
thai-1964,reports/additional/AD0450836.pdf,50,Royal Thai Armed Forces total series 1962-63 (Army+Marine Corps+Air Force),Thailand,military,Tri-service,M,1962,other:face_breadth,Face breadth,cm,131.0,7.0,2950,,,,B,Table 4.10; OCR of rotated scan; SD/mean matches printed CV.  Survey Oct 1962-Mar 1963 (report 1964).,B,thai-1964|Royal Thai Armed Forces total series 1962-63 (Army+Marine Corps+Air Force),1
thai-1964,reports/additional/AD0450836.pdf,50,Royal Thai Army 1962-63,Thailand,military,Army,M,1962,hand_length,Hand length,cm,180.0,8.0,2010,,,,B,Table 4.10; OCR of rotated scan; SD/mean matches printed CV.  Survey Oct 1962-Mar 1963 (report 1964).,B,thai-1964|Royal Thai Army 1962-63,1
thai-1964,reports/additional/AD0450836.pdf,50,Royal Thai Marine Corps 1962-63,Thailand,military,Marine Corps,M,1962,hand_length,Hand length,cm,180.0,8.0,610,,,,B,Table 4.10; OCR of rotated scan; SD/mean matches printed CV.  Survey Oct 1962-Mar 1963 (report 1964).,B,thai-1964|Royal Thai Marine Corps 1962-63,1
thai-1964,reports/additional/AD0450836.pdf,50,Royal Thai Air Force 1962-63,Thailand,military,Air Force,M,1962,hand_length,Hand length,cm,181.0,8.0,330,,,,B,Table 4.10; OCR of rotated scan; SD/mean matches printed CV.  Survey Oct 1962-Mar 1963 (report 1964).,B,thai-1964|Royal Thai Air Force 1962-63,1
thai-1964,reports/additional/AD0450836.pdf,50,Royal Thai Armed Forces total series 1962-63 (Army+Marine Corps+Air Force),Thailand,military,Tri-service,M,1962,hand_length,Hand length,cm,180.0,8.0,2950,,,,B,Table 4.10; OCR of rotated scan; SD/mean matches printed CV.  Survey Oct 1962-Mar 1963 (report 1964).,B,thai-1964|Royal Thai Armed Forces total series 1962-63 (Army+Marine Corps+Air Force),1
thai-1964,reports/additional/AD0450836.pdf,50,Royal Thai Army 1962-63,Thailand,military,Army,M,1962,other:palm_length,Palm length,cm,103.0,5.0,2010,,,,B,Table 4.10; OCR of rotated scan; SD/mean matches printed CV.  Survey Oct 1962-Mar 1963 (report 1964).,B,thai-1964|Royal Thai Army 1962-63,1
thai-1964,reports/additional/AD0450836.pdf,50,Royal Thai Marine Corps 1962-63,Thailand,military,Marine Corps,M,1962,other:palm_length,Palm length,cm,105.0,5.0,610,,,,B,Table 4.10; OCR of rotated scan; SD/mean matches printed CV.  Survey Oct 1962-Mar 1963 (report 1964).,B,thai-1964|Royal Thai Marine Corps 1962-63,1
thai-1964,reports/additional/AD0450836.pdf,50,Royal Thai Air Force 1962-63,Thailand,military,Air Force,M,1962,other:palm_length,Palm length,cm,105.0,5.0,330,,,,B,Table 4.10; OCR of rotated scan; SD/mean matches printed CV.  Survey Oct 1962-Mar 1963 (report 1964).,B,thai-1964|Royal Thai Air Force 1962-63,1
thai-1964,reports/additional/AD0450836.pdf,50,Royal Thai Armed Forces total series 1962-63 (Army+Marine Corps+Air Force),Thailand,military,Tri-service,M,1962,other:palm_length,Palm length,cm,104.0,5.0,2950,,,,B,Table 4.10; OCR of rotated scan; SD/mean matches printed CV.  Survey Oct 1962-Mar 1963 (report 1964).,B,thai-1964|Royal Thai Armed Forces total series 1962-63 (Army+Marine Corps+Air Force),1
thai-1964,reports/additional/AD0450836.pdf,50,Royal Thai Army 1962-63,Thailand,military,Army,M,1962,hand_breadth,Hand breadth,cm,85.0,4.0,2010,,,,B,Table 4.10; OCR of rotated scan; SD/mean matches printed CV.  Survey Oct 1962-Mar 1963 (report 1964).,B,thai-1964|Royal Thai Army 1962-63,1
thai-1964,reports/additional/AD0450836.pdf,50,Royal Thai Marine Corps 1962-63,Thailand,military,Marine Corps,M,1962,hand_breadth,Hand breadth,cm,85.0,5.0,610,,,,B,Table 4.10; OCR of rotated scan; SD/mean matches printed CV.  Survey Oct 1962-Mar 1963 (report 1964).,B,thai-1964|Royal Thai Marine Corps 1962-63,1
thai-1964,reports/additional/AD0450836.pdf,50,Royal Thai Air Force 1962-63,Thailand,military,Air Force,M,1962,hand_breadth,Hand breadth,cm,85.0,5.0,330,,,,B,Table 4.10; OCR of rotated scan; SD/mean matches printed CV.  Survey Oct 1962-Mar 1963 (report 1964).,B,thai-1964|Royal Thai Air Force 1962-63,1
thai-1964,reports/additional/AD0450836.pdf,50,Royal Thai Armed Forces total series 1962-63 (Army+Marine Corps+Air Force),Thailand,military,Tri-service,M,1962,hand_breadth,Hand breadth,cm,85.0,4.0,2950,,,,B,Table 4.10; OCR of rotated scan; SD/mean matches printed CV.  Survey Oct 1962-Mar 1963 (report 1964).,B,thai-1964|Royal Thai Armed Forces total series 1962-63 (Army+Marine Corps+Air Force),1
thai-1964,reports/additional/AD0450836.pdf,50,Royal Thai Army 1962-63,Thailand,military,Army,M,1962,foot_length,Foot length,cm,246.0,11.0,2010,,,,B,Table 4.10; OCR of rotated scan; SD/mean matches printed CV.  Survey Oct 1962-Mar 1963 (report 1964).,B,thai-1964|Royal Thai Army 1962-63,1
thai-1964,reports/additional/AD0450836.pdf,50,Royal Thai Marine Corps 1962-63,Thailand,military,Marine Corps,M,1962,foot_length,Foot length,cm,248.0,10.0,610,,,,B,Table 4.10; OCR of rotated scan; SD/mean matches printed CV.  Survey Oct 1962-Mar 1963 (report 1964).,B,thai-1964|Royal Thai Marine Corps 1962-63,1
thai-1964,reports/additional/AD0450836.pdf,50,Royal Thai Air Force 1962-63,Thailand,military,Air Force,M,1962,foot_length,Foot length,cm,246.0,10.0,330,,,,B,Table 4.10; OCR of rotated scan; SD/mean matches printed CV.  Survey Oct 1962-Mar 1963 (report 1964).,B,thai-1964|Royal Thai Air Force 1962-63,1
thai-1964,reports/additional/AD0450836.pdf,50,Royal Thai Armed Forces total series 1962-63 (Army+Marine Corps+Air Force),Thailand,military,Tri-service,M,1962,foot_length,Foot length,cm,246.0,11.0,2950,,,,B,Table 4.10; OCR of rotated scan; SD/mean matches printed CV.  Survey Oct 1962-Mar 1963 (report 1964).,B,thai-1964|Royal Thai Armed Forces total series 1962-63 (Army+Marine Corps+Air Force),1
thai-1964,reports/additional/AD0450836.pdf,50,Royal Thai Army 1962-63,Thailand,military,Army,M,1962,other:instep_length,Instep length,cm,179.0,10.0,2010,,,,B,Table 4.10; OCR of rotated scan; SD/mean matches printed CV.  Survey Oct 1962-Mar 1963 (report 1964).,B,thai-1964|Royal Thai Army 1962-63,1
thai-1964,reports/additional/AD0450836.pdf,50,Royal Thai Marine Corps 1962-63,Thailand,military,Marine Corps,M,1962,other:instep_length,Instep length,cm,182.0,9.0,610,,,,B,Table 4.10; OCR of rotated scan; SD/mean matches printed CV.  Survey Oct 1962-Mar 1963 (report 1964).,B,thai-1964|Royal Thai Marine Corps 1962-63,1
thai-1964,reports/additional/AD0450836.pdf,50,Royal Thai Air Force 1962-63,Thailand,military,Air Force,M,1962,other:instep_length,Instep length,cm,178.0,9.0,330,,,,B,Table 4.10; OCR of rotated scan; SD/mean matches printed CV.  Survey Oct 1962-Mar 1963 (report 1964).,B,thai-1964|Royal Thai Air Force 1962-63,1
thai-1964,reports/additional/AD0450836.pdf,50,Royal Thai Armed Forces total series 1962-63 (Army+Marine Corps+Air Force),Thailand,military,Tri-service,M,1962,other:instep_length,Instep length,cm,179.0,10.0,2950,,,,B,Table 4.10; OCR of rotated scan; SD/mean matches printed CV.  Survey Oct 1962-Mar 1963 (report 1964).,B,thai-1964|Royal Thai Armed Forces total series 1962-63 (Army+Marine Corps+Air Force),1
thai-1964,reports/additional/AD0450836.pdf,50,Royal Thai Army 1962-63,Thailand,military,Army,M,1962,foot_breadth,Foot breadth,cm,100.0,6.0,2010,,,,B,Table 4.10; OCR of rotated scan; SD/mean matches printed CV.  Survey Oct 1962-Mar 1963 (report 1964).,B,thai-1964|Royal Thai Army 1962-63,1
thai-1964,reports/additional/AD0450836.pdf,50,Royal Thai Marine Corps 1962-63,Thailand,military,Marine Corps,M,1962,foot_breadth,Foot breadth,cm,100.0,7.0,610,,,,B,Table 4.10; OCR of rotated scan; SD/mean matches printed CV.  Survey Oct 1962-Mar 1963 (report 1964).,B,thai-1964|Royal Thai Marine Corps 1962-63,1
thai-1964,reports/additional/AD0450836.pdf,50,Royal Thai Air Force 1962-63,Thailand,military,Air Force,M,1962,foot_breadth,Foot breadth,cm,96.0,5.0,330,,,,B,Table 4.10; OCR of rotated scan; SD/mean matches printed CV.  Survey Oct 1962-Mar 1963 (report 1964).,B,thai-1964|Royal Thai Air Force 1962-63,1
thai-1964,reports/additional/AD0450836.pdf,50,Royal Thai Armed Forces total series 1962-63 (Army+Marine Corps+Air Force),Thailand,military,Tri-service,M,1962,foot_breadth,Foot breadth,cm,100.0,6.0,2950,,,,B,Table 4.10; OCR of rotated scan; SD/mean matches printed CV.  Survey Oct 1962-Mar 1963 (report 1964).,B,thai-1964|Royal Thai Armed Forces total series 1962-63 (Army+Marine Corps+Air Force),1
thai-1964,reports/additional/AD0450836.pdf,50,Royal Thai Army 1962-63,Thailand,military,Army,M,1962,other:ball_foot_circumference,Ball foot circumference,cm,248.0,14.0,2010,,,,B,Table 4.10; OCR of rotated scan; SD/mean matches printed CV.  Survey Oct 1962-Mar 1963 (report 1964).,B,thai-1964|Royal Thai Army 1962-63,1
thai-1964,reports/additional/AD0450836.pdf,50,Royal Thai Marine Corps 1962-63,Thailand,military,Marine Corps,M,1962,other:ball_foot_circumference,Ball foot circumference,cm,252.0,13.0,610,,,,B,Table 4.10; OCR of rotated scan; SD/mean matches printed CV.  Survey Oct 1962-Mar 1963 (report 1964).,B,thai-1964|Royal Thai Marine Corps 1962-63,1
thai-1964,reports/additional/AD0450836.pdf,50,Royal Thai Air Force 1962-63,Thailand,military,Air Force,M,1962,other:ball_foot_circumference,Ball foot circumference,cm,242.0,12.0,330,,,,B,Table 4.10; OCR of rotated scan; SD/mean matches printed CV.  Survey Oct 1962-Mar 1963 (report 1964).,B,thai-1964|Royal Thai Air Force 1962-63,1
thai-1964,reports/additional/AD0450836.pdf,50,Royal Thai Armed Forces total series 1962-63 (Army+Marine Corps+Air Force),Thailand,military,Tri-service,M,1962,other:ball_foot_circumference,Ball foot circumference,cm,248.0,14.0,2950,,,,B,Table 4.10; OCR of rotated scan; SD/mean matches printed CV.  Survey Oct 1962-Mar 1963 (report 1964).,B,thai-1964|Royal Thai Armed Forces total series 1962-63 (Army+Marine Corps+Air Force),1
thai-1964,reports/additional/AD0450836.pdf,50,Royal Thai Army 1962-63,Thailand,military,Army,M,1962,other:heel_breadth,Heel breadth,cm,64.0,4.0,2010,,,,B,Table 4.10; OCR of rotated scan; SD/mean matches printed CV.  Survey Oct 1962-Mar 1963 (report 1964).,B,thai-1964|Royal Thai Army 1962-63,1
thai-1964,reports/additional/AD0450836.pdf,50,Royal Thai Marine Corps 1962-63,Thailand,military,Marine Corps,M,1962,other:heel_breadth,Heel breadth,cm,66.0,4.0,610,,,,B,Table 4.10; OCR of rotated scan; SD/mean matches printed CV.  Survey Oct 1962-Mar 1963 (report 1964).,B,thai-1964|Royal Thai Marine Corps 1962-63,1
thai-1964,reports/additional/AD0450836.pdf,50,Royal Thai Air Force 1962-63,Thailand,military,Air Force,M,1962,other:heel_breadth,Heel breadth,cm,64.0,4.0,330,,,,B,Table 4.10; OCR of rotated scan; SD/mean matches printed CV.  Survey Oct 1962-Mar 1963 (report 1964).,B,thai-1964|Royal Thai Air Force 1962-63,1
thai-1964,reports/additional/AD0450836.pdf,50,Royal Thai Armed Forces total series 1962-63 (Army+Marine Corps+Air Force),Thailand,military,Tri-service,M,1962,other:heel_breadth,Heel breadth,cm,65.0,4.0,2950,,,,B,Table 4.10; OCR of rotated scan; SD/mean matches printed CV.  Survey Oct 1962-Mar 1963 (report 1964).,B,thai-1964|Royal Thai Armed Forces total series 1962-63 (Army+Marine Corps+Air Force),1
thai-1964,reports/additional/AD0450836.pdf,50,Royal Thai Army 1962-63,Thailand,military,Army,M,1962,other:heel_ankle_circumference,Heel-ankle circumference,cm,320.0,15.0,2010,,,,B,Table 4.10; OCR of rotated scan; SD/mean matches printed CV.  Survey Oct 1962-Mar 1963 (report 1964).,B,thai-1964|Royal Thai Army 1962-63,1
thai-1964,reports/additional/AD0450836.pdf,50,Royal Thai Marine Corps 1962-63,Thailand,military,Marine Corps,M,1962,other:heel_ankle_circumference,Heel-ankle circumference,cm,326.0,16.0,610,,,,B,Table 4.10; OCR of rotated scan; SD/mean matches printed CV.  Survey Oct 1962-Mar 1963 (report 1964).,B,thai-1964|Royal Thai Marine Corps 1962-63,1
thai-1964,reports/additional/AD0450836.pdf,50,Royal Thai Air Force 1962-63,Thailand,military,Air Force,M,1962,other:heel_ankle_circumference,Heel-ankle circumference,cm,324.0,15.0,330,,,,B,Table 4.10; OCR of rotated scan; SD/mean matches printed CV.  Survey Oct 1962-Mar 1963 (report 1964).,B,thai-1964|Royal Thai Air Force 1962-63,1
thai-1964,reports/additional/AD0450836.pdf,50,Royal Thai Armed Forces total series 1962-63 (Army+Marine Corps+Air Force),Thailand,military,Tri-service,M,1962,other:heel_ankle_circumference,Heel-ankle circumference,cm,322.0,15.0,2950,,,,B,Table 4.10; OCR of rotated scan; SD/mean matches printed CV.  Survey Oct 1962-Mar 1963 (report 1964).,B,thai-1964|Royal Thai Armed Forces total series 1962-63 (Army+Marine Corps+Air Force),1
thai-1964,reports/additional/AD0450836.pdf,50,Royal Thai Army 1962-63,Thailand,military,Army,M,1962,mass,Weight,kg,56.3,5.8,2010,,,,B,Table 4.10; OCR of rotated scan; SD/mean matches printed CV.  Survey Oct 1962-Mar 1963 (report 1964).,B,thai-1964|Royal Thai Army 1962-63,1
thai-1964,reports/additional/AD0450836.pdf,50,Royal Thai Marine Corps 1962-63,Thailand,military,Marine Corps,M,1962,mass,Weight,kg,55.6,5.4,610,,,,B,Table 4.10; OCR of rotated scan; SD/mean matches printed CV.  Survey Oct 1962-Mar 1963 (report 1964).,B,thai-1964|Royal Thai Marine Corps 1962-63,1
thai-1964,reports/additional/AD0450836.pdf,50,Royal Thai Air Force 1962-63,Thailand,military,Air Force,M,1962,mass,Weight,kg,57.6,6.2,330,,,,B,Table 4.10; OCR of rotated scan; SD/mean matches printed CV.  Survey Oct 1962-Mar 1963 (report 1964).,B,thai-1964|Royal Thai Air Force 1962-63,1
thai-1964,reports/additional/AD0450836.pdf,50,Royal Thai Armed Forces total series 1962-63 (Army+Marine Corps+Air Force),Thailand,military,Tri-service,M,1962,mass,Weight,kg,56.3,5.8,2950,,,,B,Table 4.10; OCR of rotated scan; SD/mean matches printed CV.  Survey Oct 1962-Mar 1963 (report 1964).,B,thai-1964|Royal Thai Armed Forces total series 1962-63 (Army+Marine Corps+Air Force),1
thai-1964,reports/additional/AD0450836.pdf,51,Royal Thai Army 1962-63,Thailand,military,Army,M,1962,age,Age (years),years,24.2,4.2,2010,,,,B,Table 5.1 (text layer); CV 17.4/8.2/16.4 checked. Survey Oct 1962-Mar 1963 (report 1964).,B,thai-1964|Royal Thai Army 1962-63,1
thai-1964,reports/additional/AD0450836.pdf,51,Royal Thai Marine Corps 1962-63,Thailand,military,Marine Corps,M,1962,age,Age (years),years,22.0,1.8,610,,,,B,Table 5.1 (text layer); CV 17.4/8.2/16.4 checked. Survey Oct 1962-Mar 1963 (report 1964).,B,thai-1964|Royal Thai Marine Corps 1962-63,1
thai-1964,reports/additional/AD0450836.pdf,51,Royal Thai Air Force 1962-63,Thailand,military,Air Force,M,1962,age,Age (years),years,26.8,4.4,330,,,,B,Table 5.1 (text layer); CV 17.4/8.2/16.4 checked. Survey Oct 1962-Mar 1963 (report 1964).,B,thai-1964|Royal Thai Air Force 1962-63,1
latin-american-armed-forces,reports/latin-american-armed-forces/AD0759949.pdf,15,Latin-American trainees - Bolivia (country of longest residence),Bolivia,military,Recruits/trainees,M,1965,age,Age in years,years,26.0,5.8,135,,,,B,"Table II (text layer, clean); trainees at USAF Inter-American Air Forces Academy (airmen) and US Army School of the Americas (mostly airmen), Canal Zone, Sep 1965-Feb 1970; sex not stated, assumed male; SD/mean sane. Country grouping by country of longest residence; Argentina, Costa Rica, Mexico omitted by report (n<10).",B,latin-american-armed-forces|Latin-American trainees - Bolivia (country of longest residence),1
latin-american-armed-forces,reports/latin-american-armed-forces/AD0759949.pdf,15,Latin-American trainees - Brazil (country of longest residence),Brazil,military,Recruits/trainees,M,1965,age,Age in years,years,21.5,3.3,94,,,,B,"Table II (text layer, clean); trainees at USAF Inter-American Air Forces Academy (airmen) and US Army School of the Americas (mostly airmen), Canal Zone, Sep 1965-Feb 1970; sex not stated, assumed male; SD/mean sane. Country grouping by country of longest residence; Argentina, Costa Rica, Mexico omitted by report (n<10).",B,latin-american-armed-forces|Latin-American trainees - Brazil (country of longest residence),1
latin-american-armed-forces,reports/latin-american-armed-forces/AD0759949.pdf,15,Latin-American trainees - Colombia (country of longest residence),Colombia,military,Recruits/trainees,M,1965,age,Age in years,years,19.7,1.5,207,,,,B,"Table II (text layer, clean); trainees at USAF Inter-American Air Forces Academy (airmen) and US Army School of the Americas (mostly airmen), Canal Zone, Sep 1965-Feb 1970; sex not stated, assumed male; SD/mean sane. Country grouping by country of longest residence; Argentina, Costa Rica, Mexico omitted by report (n<10).",B,latin-american-armed-forces|Latin-American trainees - Colombia (country of longest residence),1
latin-american-armed-forces,reports/latin-american-armed-forces/AD0759949.pdf,15,Latin-American trainees - Chile (country of longest residence),Chile,military,Recruits/trainees,M,1965,age,Age in years,years,18.9,2.6,411,,,,B,"Table II (text layer, clean); trainees at USAF Inter-American Air Forces Academy (airmen) and US Army School of the Americas (mostly airmen), Canal Zone, Sep 1965-Feb 1970; sex not stated, assumed male; SD/mean sane. Country grouping by country of longest residence; Argentina, Costa Rica, Mexico omitted by report (n<10).",B,latin-american-armed-forces|Latin-American trainees - Chile (country of longest residence),1
latin-american-armed-forces,reports/latin-american-armed-forces/AD0759949.pdf,15,Latin-American trainees - Dominican Republic (country of longest residence),Dominican Republic,military,Recruits/trainees,M,1965,age,Age in years,years,26.3,5.3,84,,,,B,"Table II (text layer, clean); trainees at USAF Inter-American Air Forces Academy (airmen) and US Army School of the Americas (mostly airmen), Canal Zone, Sep 1965-Feb 1970; sex not stated, assumed male; SD/mean sane. Country grouping by country of longest residence; Argentina, Costa Rica, Mexico omitted by report (n<10).",B,latin-american-armed-forces|Latin-American trainees - Dominican Republic (country of longest residence),1
latin-american-armed-forces,reports/latin-american-armed-forces/AD0759949.pdf,15,Latin-American trainees - Ecuador (country of longest residence),Ecuador,military,Recruits/trainees,M,1965,age,Age in years,years,25.6,5.5,210,,,,B,"Table II (text layer, clean); trainees at USAF Inter-American Air Forces Academy (airmen) and US Army School of the Americas (mostly airmen), Canal Zone, Sep 1965-Feb 1970; sex not stated, assumed male; SD/mean sane. Country grouping by country of longest residence; Argentina, Costa Rica, Mexico omitted by report (n<10).",B,latin-american-armed-forces|Latin-American trainees - Ecuador (country of longest residence),1
latin-american-armed-forces,reports/latin-american-armed-forces/AD0759949.pdf,15,Latin-American trainees - El Salvador (country of longest residence),El Salvador,military,Recruits/trainees,M,1965,age,Age in years,years,24.1,6.3,47,,,,B,"Table II (text layer, clean); trainees at USAF Inter-American Air Forces Academy (airmen) and US Army School of the Americas (mostly airmen), Canal Zone, Sep 1965-Feb 1970; sex not stated, assumed male; SD/mean sane. Country grouping by country of longest residence; Argentina, Costa Rica, Mexico omitted by report (n<10).",B,latin-american-armed-forces|Latin-American trainees - El Salvador (country of longest residence),1
latin-american-armed-forces,reports/latin-american-armed-forces/AD0759949.pdf,15,Latin-American trainees - Guatemala (country of longest residence),Guatemala,military,Recruits/trainees,M,1965,age,Age in years,years,22.9,4.7,62,,,,B,"Table II (text layer, clean); trainees at USAF Inter-American Air Forces Academy (airmen) and US Army School of the Americas (mostly airmen), Canal Zone, Sep 1965-Feb 1970; sex not stated, assumed male; SD/mean sane. Country grouping by country of longest residence; Argentina, Costa Rica, Mexico omitted by report (n<10).",B,latin-american-armed-forces|Latin-American trainees - Guatemala (country of longest residence),1
latin-american-armed-forces,reports/latin-american-armed-forces/AD0759949.pdf,15,Latin-American trainees - Honduras (country of longest residence),Honduras,military,Recruits/trainees,M,1965,age,Age in years,years,24.2,5.1,91,,,,B,"Table II (text layer, clean); trainees at USAF Inter-American Air Forces Academy (airmen) and US Army School of the Americas (mostly airmen), Canal Zone, Sep 1965-Feb 1970; sex not stated, assumed male; SD/mean sane. Country grouping by country of longest residence; Argentina, Costa Rica, Mexico omitted by report (n<10).",B,latin-american-armed-forces|Latin-American trainees - Honduras (country of longest residence),1
latin-american-armed-forces,reports/latin-american-armed-forces/AD0759949.pdf,15,Latin-American trainees - Nicaragua (country of longest residence),Nicaragua,military,Recruits/trainees,M,1965,age,Age in years,years,22.5,7.5,84,,,,B,"Table II (text layer, clean); trainees at USAF Inter-American Air Forces Academy (airmen) and US Army School of the Americas (mostly airmen), Canal Zone, Sep 1965-Feb 1970; sex not stated, assumed male; SD/mean sane. Country grouping by country of longest residence; Argentina, Costa Rica, Mexico omitted by report (n<10).",B,latin-american-armed-forces|Latin-American trainees - Nicaragua (country of longest residence),1
latin-american-armed-forces,reports/latin-american-armed-forces/AD0759949.pdf,15,Latin-American trainees - Panama (country of longest residence),Panama,military,Recruits/trainees,M,1965,age,Age in years,years,27.7,6.2,131,,,,B,"Table II (text layer, clean); trainees at USAF Inter-American Air Forces Academy (airmen) and US Army School of the Americas (mostly airmen), Canal Zone, Sep 1965-Feb 1970; sex not stated, assumed male; SD/mean sane. Country grouping by country of longest residence; Argentina, Costa Rica, Mexico omitted by report (n<10).",B,latin-american-armed-forces|Latin-American trainees - Panama (country of longest residence),1
latin-american-armed-forces,reports/latin-american-armed-forces/AD0759949.pdf,15,Latin-American trainees - Paraguay (country of longest residence),Paraguay,military,Recruits/trainees,M,1965,age,Age in years,years,24.3,5.4,61,,,,B,"Table II (text layer, clean); trainees at USAF Inter-American Air Forces Academy (airmen) and US Army School of the Americas (mostly airmen), Canal Zone, Sep 1965-Feb 1970; sex not stated, assumed male; SD/mean sane. Country grouping by country of longest residence; Argentina, Costa Rica, Mexico omitted by report (n<10).",B,latin-american-armed-forces|Latin-American trainees - Paraguay (country of longest residence),1
latin-american-armed-forces,reports/latin-american-armed-forces/AD0759949.pdf,15,Latin-American trainees - Peru (country of longest residence),Peru,military,Recruits/trainees,M,1965,age,Age in years,years,21.7,3.5,161,,,,B,"Table II (text layer, clean); trainees at USAF Inter-American Air Forces Academy (airmen) and US Army School of the Americas (mostly airmen), Canal Zone, Sep 1965-Feb 1970; sex not stated, assumed male; SD/mean sane. Country grouping by country of longest residence; Argentina, Costa Rica, Mexico omitted by report (n<10).",B,latin-american-armed-forces|Latin-American trainees - Peru (country of longest residence),1
latin-american-armed-forces,reports/latin-american-armed-forces/AD0759949.pdf,15,Latin-American trainees - Uruguay (country of longest residence),Uruguay,military,Recruits/trainees,M,1965,age,Age in years,years,23.6,3.4,43,,,,B,"Table II (text layer, clean); trainees at USAF Inter-American Air Forces Academy (airmen) and US Army School of the Americas (mostly airmen), Canal Zone, Sep 1965-Feb 1970; sex not stated, assumed male; SD/mean sane. Country grouping by country of longest residence; Argentina, Costa Rica, Mexico omitted by report (n<10).",B,latin-american-armed-forces|Latin-American trainees - Uruguay (country of longest residence),1
latin-american-armed-forces,reports/latin-american-armed-forces/AD0759949.pdf,15,Latin-American trainees - Venezuela (country of longest residence),Venezuela,military,Recruits/trainees,M,1965,age,Age in years,years,26.9,7.5,139,,,,B,"Table II (text layer, clean); trainees at USAF Inter-American Air Forces Academy (airmen) and US Army School of the Americas (mostly airmen), Canal Zone, Sep 1965-Feb 1970; sex not stated, assumed male; SD/mean sane. Country grouping by country of longest residence; Argentina, Costa Rica, Mexico omitted by report (n<10).",B,latin-american-armed-forces|Latin-American trainees - Venezuela (country of longest residence),1
latin-american-armed-forces,reports/latin-american-armed-forces/AD0759949.pdf,15,"Latin-American trainees, 15 countries pooled (weighted total)","Multiple: Bolivia, Brazil, Colombia, Chile, Dominican Republic, Ecuador, El Salvador, Guatemala, Honduras, Nicaragua, Panama, Paraguay, Peru, Uruguay, Venezuela",military,Recruits/trainees,M,1965,age,Age in years,years,22.9,5.7,1960,,,,B,"Table II (text layer, clean); trainees at USAF Inter-American Air Forces Academy (airmen) and US Army School of the Americas (mostly airmen), Canal Zone, Sep 1965-Feb 1970; sex not stated, assumed male; SD/mean sane. Table total is weighted over the 15 countries shown (n=1960 of 1985 measured).",B,"latin-american-armed-forces|Latin-American trainees, 15 countries pooled (weighted total)",1
latin-american-armed-forces,reports/latin-american-armed-forces/AD0759949.pdf,16,Latin-American trainees - Bolivia (country of longest residence),Bolivia,military,Recruits/trainees,M,1965,stature,Height in inches,in,1651.0,53.85,135,,,,B,"Table III (text layer, clean); trainees at USAF Inter-American Air Forces Academy (airmen) and US Army School of the Americas (mostly airmen), Canal Zone, Sep 1965-Feb 1970; sex not stated, assumed male; SD/mean sane. Country grouping by country of longest residence; Argentina, Costa Rica, Mexico omitted by report (n<10).",B,latin-american-armed-forces|Latin-American trainees - Bolivia (country of longest residence),1
latin-american-armed-forces,reports/latin-american-armed-forces/AD0759949.pdf,16,Latin-American trainees - Brazil (country of longest residence),Brazil,military,Recruits/trainees,M,1965,stature,Height in inches,in,1699.26,60.71,94,,,,B,"Table III (text layer, clean); trainees at USAF Inter-American Air Forces Academy (airmen) and US Army School of the Americas (mostly airmen), Canal Zone, Sep 1965-Feb 1970; sex not stated, assumed male; SD/mean sane. Country grouping by country of longest residence; Argentina, Costa Rica, Mexico omitted by report (n<10).",B,latin-american-armed-forces|Latin-American trainees - Brazil (country of longest residence),1
latin-american-armed-forces,reports/latin-american-armed-forces/AD0759949.pdf,16,Latin-American trainees - Colombia (country of longest residence),Colombia,military,Recruits/trainees,M,1965,stature,Height in inches,in,1656.08,52.32,207,,,,B,"Table III (text layer, clean); trainees at USAF Inter-American Air Forces Academy (airmen) and US Army School of the Americas (mostly airmen), Canal Zone, Sep 1965-Feb 1970; sex not stated, assumed male; SD/mean sane. Country grouping by country of longest residence; Argentina, Costa Rica, Mexico omitted by report (n<10).",B,latin-american-armed-forces|Latin-American trainees - Colombia (country of longest residence),1
latin-american-armed-forces,reports/latin-american-armed-forces/AD0759949.pdf,16,Latin-American trainees - Chile (country of longest residence),Chile,military,Recruits/trainees,M,1965,stature,Height in inches,in,1676.4,58.17,411,,,,B,"Table III (text layer, clean); trainees at USAF Inter-American Air Forces Academy (airmen) and US Army School of the Americas (mostly airmen), Canal Zone, Sep 1965-Feb 1970; sex not stated, assumed male; SD/mean sane. Country grouping by country of longest residence; Argentina, Costa Rica, Mexico omitted by report (n<10).",B,latin-american-armed-forces|Latin-American trainees - Chile (country of longest residence),1
latin-american-armed-forces,reports/latin-american-armed-forces/AD0759949.pdf,16,Latin-American trainees - Dominican Republic (country of longest residence),Dominican Republic,military,Recruits/trainees,M,1965,stature,Height in inches,in,1681.48,61.21,84,,,,B,"Table III (text layer, clean); trainees at USAF Inter-American Air Forces Academy (airmen) and US Army School of the Americas (mostly airmen), Canal Zone, Sep 1965-Feb 1970; sex not stated, assumed male; SD/mean sane. Country grouping by country of longest residence; Argentina, Costa Rica, Mexico omitted by report (n<10).",B,latin-american-armed-forces|Latin-American trainees - Dominican Republic (country of longest residence),1
latin-american-armed-forces,reports/latin-american-armed-forces/AD0759949.pdf,16,Latin-American trainees - Ecuador (country of longest residence),Ecuador,military,Recruits/trainees,M,1965,stature,Height in inches,in,1638.3,54.36,210,,,,B,"Table III (text layer, clean); trainees at USAF Inter-American Air Forces Academy (airmen) and US Army School of the Americas (mostly airmen), Canal Zone, Sep 1965-Feb 1970; sex not stated, assumed male; SD/mean sane. Country grouping by country of longest residence; Argentina, Costa Rica, Mexico omitted by report (n<10).",B,latin-american-armed-forces|Latin-American trainees - Ecuador (country of longest residence),1
latin-american-armed-forces,reports/latin-american-armed-forces/AD0759949.pdf,16,Latin-American trainees - El Salvador (country of longest residence),El Salvador,military,Recruits/trainees,M,1965,stature,Height in inches,in,1635.76,52.83,47,,,,B,"Table III (text layer, clean); trainees at USAF Inter-American Air Forces Academy (airmen) and US Army School of the Americas (mostly airmen), Canal Zone, Sep 1965-Feb 1970; sex not stated, assumed male; SD/mean sane. Country grouping by country of longest residence; Argentina, Costa Rica, Mexico omitted by report (n<10).",B,latin-american-armed-forces|Latin-American trainees - El Salvador (country of longest residence),1
latin-american-armed-forces,reports/latin-american-armed-forces/AD0759949.pdf,16,Latin-American trainees - Guatemala (country of longest residence),Guatemala,military,Recruits/trainees,M,1965,stature,Height in inches,in,1640.84,66.29,62,,,,B,"Table III (text layer, clean); trainees at USAF Inter-American Air Forces Academy (airmen) and US Army School of the Americas (mostly airmen), Canal Zone, Sep 1965-Feb 1970; sex not stated, assumed male; SD/mean sane. Country grouping by country of longest residence; Argentina, Costa Rica, Mexico omitted by report (n<10).",B,latin-american-armed-forces|Latin-American trainees - Guatemala (country of longest residence),1
latin-american-armed-forces,reports/latin-american-armed-forces/AD0759949.pdf,16,Latin-American trainees - Honduras (country of longest residence),Honduras,military,Recruits/trainees,M,1965,stature,Height in inches,in,1653.54,55.12,91,,,,B,"Table III (text layer, clean); trainees at USAF Inter-American Air Forces Academy (airmen) and US Army School of the Americas (mostly airmen), Canal Zone, Sep 1965-Feb 1970; sex not stated, assumed male; SD/mean sane. Country grouping by country of longest residence; Argentina, Costa Rica, Mexico omitted by report (n<10).",B,latin-american-armed-forces|Latin-American trainees - Honduras (country of longest residence),1
latin-american-armed-forces,reports/latin-american-armed-forces/AD0759949.pdf,16,Latin-American trainees - Nicaragua (country of longest residence),Nicaragua,military,Recruits/trainees,M,1965,stature,Height in inches,in,1656.08,61.21,84,,,,B,"Table III (text layer, clean); trainees at USAF Inter-American Air Forces Academy (airmen) and US Army School of the Americas (mostly airmen), Canal Zone, Sep 1965-Feb 1970; sex not stated, assumed male; SD/mean sane. Country grouping by country of longest residence; Argentina, Costa Rica, Mexico omitted by report (n<10).",B,latin-american-armed-forces|Latin-American trainees - Nicaragua (country of longest residence),1
latin-american-armed-forces,reports/latin-american-armed-forces/AD0759949.pdf,16,Latin-American trainees - Panama (country of longest residence),Panama,military,Recruits/trainees,M,1965,stature,Height in inches,in,1678.94,65.02,131,,,,B,"Table III (text layer, clean); trainees at USAF Inter-American Air Forces Academy (airmen) and US Army School of the Americas (mostly airmen), Canal Zone, Sep 1965-Feb 1970; sex not stated, assumed male; SD/mean sane. Country grouping by country of longest residence; Argentina, Costa Rica, Mexico omitted by report (n<10).",B,latin-american-armed-forces|Latin-American trainees - Panama (country of longest residence),1
latin-american-armed-forces,reports/latin-american-armed-forces/AD0759949.pdf,16,Latin-American trainees - Paraguay (country of longest residence),Paraguay,military,Recruits/trainees,M,1965,stature,Height in inches,in,1678.94,53.85,61,,,,B,"Table III (text layer, clean); trainees at USAF Inter-American Air Forces Academy (airmen) and US Army School of the Americas (mostly airmen), Canal Zone, Sep 1965-Feb 1970; sex not stated, assumed male; SD/mean sane. Country grouping by country of longest residence; Argentina, Costa Rica, Mexico omitted by report (n<10).",B,latin-american-armed-forces|Latin-American trainees - Paraguay (country of longest residence),1
latin-american-armed-forces,reports/latin-american-armed-forces/AD0759949.pdf,16,Latin-American trainees - Peru (country of longest residence),Peru,military,Recruits/trainees,M,1965,stature,Height in inches,in,1645.92,46.99,161,,,,B,"Table III (text layer, clean); trainees at USAF Inter-American Air Forces Academy (airmen) and US Army School of the Americas (mostly airmen), Canal Zone, Sep 1965-Feb 1970; sex not stated, assumed male; SD/mean sane. Country grouping by country of longest residence; Argentina, Costa Rica, Mexico omitted by report (n<10).",B,latin-american-armed-forces|Latin-American trainees - Peru (country of longest residence),1
latin-american-armed-forces,reports/latin-american-armed-forces/AD0759949.pdf,16,Latin-American trainees - Uruguay (country of longest residence),Uruguay,military,Recruits/trainees,M,1965,stature,Height in inches,in,1694.18,62.48,43,,,,B,"Table III (text layer, clean); trainees at USAF Inter-American Air Forces Academy (airmen) and US Army School of the Americas (mostly airmen), Canal Zone, Sep 1965-Feb 1970; sex not stated, assumed male; SD/mean sane. Country grouping by country of longest residence; Argentina, Costa Rica, Mexico omitted by report (n<10).",B,latin-american-armed-forces|Latin-American trainees - Uruguay (country of longest residence),1
latin-american-armed-forces,reports/latin-american-armed-forces/AD0759949.pdf,16,Latin-American trainees - Venezuela (country of longest residence),Venezuela,military,Recruits/trainees,M,1965,stature,Height in inches,in,1671.32,45.47,139,,,,B,"Table III (text layer, clean); trainees at USAF Inter-American Air Forces Academy (airmen) and US Army School of the Americas (mostly airmen), Canal Zone, Sep 1965-Feb 1970; sex not stated, assumed male; SD/mean sane. Country grouping by country of longest residence; Argentina, Costa Rica, Mexico omitted by report (n<10).",B,latin-american-armed-forces|Latin-American trainees - Venezuela (country of longest residence),1
latin-american-armed-forces,reports/latin-american-armed-forces/AD0759949.pdf,16,"Latin-American trainees, 15 countries pooled (weighted total)","Multiple: Bolivia, Brazil, Colombia, Chile, Dominican Republic, Ecuador, El Salvador, Guatemala, Honduras, Nicaragua, Panama, Paraguay, Peru, Uruguay, Venezuela",military,Recruits/trainees,M,1965,stature,Height in inches,in,1663.7,55.63,1960,,,,B,"Table III (text layer, clean); trainees at USAF Inter-American Air Forces Academy (airmen) and US Army School of the Americas (mostly airmen), Canal Zone, Sep 1965-Feb 1970; sex not stated, assumed male; SD/mean sane. Table total is weighted over the 15 countries shown (n=1960 of 1985 measured).",B,"latin-american-armed-forces|Latin-American trainees, 15 countries pooled (weighted total)",1
latin-american-armed-forces,reports/latin-american-armed-forces/AD0759949.pdf,17,Latin-American trainees - Bolivia (country of longest residence),Bolivia,military,Recruits/trainees,M,1965,mass,Weight in pounds,lb,62.91,7.62,135,,,,B,"Table IV (text layer, clean); trainees at USAF Inter-American Air Forces Academy (airmen) and US Army School of the Americas (mostly airmen), Canal Zone, Sep 1965-Feb 1970; sex not stated, assumed male; SD/mean sane. Country grouping by country of longest residence; Argentina, Costa Rica, Mexico omitted by report (n<10).",B,latin-american-armed-forces|Latin-American trainees - Bolivia (country of longest residence),1
latin-american-armed-forces,reports/latin-american-armed-forces/AD0759949.pdf,17,Latin-American trainees - Brazil (country of longest residence),Brazil,military,Recruits/trainees,M,1965,mass,Weight in pounds,lb,65.41,7.89,94,,,,B,"Table IV (text layer, clean); trainees at USAF Inter-American Air Forces Academy (airmen) and US Army School of the Americas (mostly airmen), Canal Zone, Sep 1965-Feb 1970; sex not stated, assumed male; SD/mean sane. Country grouping by country of longest residence; Argentina, Costa Rica, Mexico omitted by report (n<10).",B,latin-american-armed-forces|Latin-American trainees - Brazil (country of longest residence),1
latin-american-armed-forces,reports/latin-american-armed-forces/AD0759949.pdf,17,Latin-American trainees - Colombia (country of longest residence),Colombia,military,Recruits/trainees,M,1965,mass,Weight in pounds,lb,61.51,5.99,207,,,,B,"Table IV (text layer, clean); trainees at USAF Inter-American Air Forces Academy (airmen) and US Army School of the Americas (mostly airmen), Canal Zone, Sep 1965-Feb 1970; sex not stated, assumed male; SD/mean sane. Country grouping by country of longest residence; Argentina, Costa Rica, Mexico omitted by report (n<10).",B,latin-american-armed-forces|Latin-American trainees - Colombia (country of longest residence),1
latin-american-armed-forces,reports/latin-american-armed-forces/AD0759949.pdf,17,Latin-American trainees - Chile (country of longest residence),Chile,military,Recruits/trainees,M,1965,mass,Weight in pounds,lb,63.28,7.08,411,,,,B,"Table IV (text layer, clean); trainees at USAF Inter-American Air Forces Academy (airmen) and US Army School of the Americas (mostly airmen), Canal Zone, Sep 1965-Feb 1970; sex not stated, assumed male; SD/mean sane. Country grouping by country of longest residence; Argentina, Costa Rica, Mexico omitted by report (n<10).",B,latin-american-armed-forces|Latin-American trainees - Chile (country of longest residence),1
latin-american-armed-forces,reports/latin-american-armed-forces/AD0759949.pdf,17,Latin-American trainees - Dominican Republic (country of longest residence),Dominican Republic,military,Recruits/trainees,M,1965,mass,Weight in pounds,lb,64.86,10.8,84,,,,B,"Table IV (text layer, clean); trainees at USAF Inter-American Air Forces Academy (airmen) and US Army School of the Americas (mostly airmen), Canal Zone, Sep 1965-Feb 1970; sex not stated, assumed male; SD/mean sane. Country grouping by country of longest residence; Argentina, Costa Rica, Mexico omitted by report (n<10).",B,latin-american-armed-forces|Latin-American trainees - Dominican Republic (country of longest residence),1
latin-american-armed-forces,reports/latin-american-armed-forces/AD0759949.pdf,17,Latin-American trainees - Ecuador (country of longest residence),Ecuador,military,Recruits/trainees,M,1965,mass,Weight in pounds,lb,61.73,6.62,210,,,,B,"Table IV (text layer, clean); trainees at USAF Inter-American Air Forces Academy (airmen) and US Army School of the Americas (mostly airmen), Canal Zone, Sep 1965-Feb 1970; sex not stated, assumed male; SD/mean sane. Country grouping by country of longest residence; Argentina, Costa Rica, Mexico omitted by report (n<10).",B,latin-american-armed-forces|Latin-American trainees - Ecuador (country of longest residence),1
latin-american-armed-forces,reports/latin-american-armed-forces/AD0759949.pdf,17,Latin-American trainees - El Salvador (country of longest residence),El Salvador,military,Recruits/trainees,M,1965,mass,Weight in pounds,lb,62.91,10.61,47,,,,B,"Table IV (text layer, clean); trainees at USAF Inter-American Air Forces Academy (airmen) and US Army School of the Americas (mostly airmen), Canal Zone, Sep 1965-Feb 1970; sex not stated, assumed male; SD/mean sane. Country grouping by country of longest residence; Argentina, Costa Rica, Mexico omitted by report (n<10).",B,latin-american-armed-forces|Latin-American trainees - El Salvador (country of longest residence),1
latin-american-armed-forces,reports/latin-american-armed-forces/AD0759949.pdf,17,Latin-American trainees - Guatemala (country of longest residence),Guatemala,military,Recruits/trainees,M,1965,mass,Weight in pounds,lb,63.28,10.98,62,,,,B,"Table IV (text layer, clean); trainees at USAF Inter-American Air Forces Academy (airmen) and US Army School of the Americas (mostly airmen), Canal Zone, Sep 1965-Feb 1970; sex not stated, assumed male; SD/mean sane. Country grouping by country of longest residence; Argentina, Costa Rica, Mexico omitted by report (n<10).",B,latin-american-armed-forces|Latin-American trainees - Guatemala (country of longest residence),1
latin-american-armed-forces,reports/latin-american-armed-forces/AD0759949.pdf,17,Latin-American trainees - Honduras (country of longest residence),Honduras,military,Recruits/trainees,M,1965,mass,Weight in pounds,lb,62.23,8.44,91,,,,B,"Table IV (text layer, clean); trainees at USAF Inter-American Air Forces Academy (airmen) and US Army School of the Americas (mostly airmen), Canal Zone, Sep 1965-Feb 1970; sex not stated, assumed male; SD/mean sane. Country grouping by country of longest residence; Argentina, Costa Rica, Mexico omitted by report (n<10).",B,latin-american-armed-forces|Latin-American trainees - Honduras (country of longest residence),1
latin-american-armed-forces,reports/latin-american-armed-forces/AD0759949.pdf,17,Latin-American trainees - Nicaragua (country of longest residence),Nicaragua,military,Recruits/trainees,M,1965,mass,Weight in pounds,lb,63.32,10.43,84,,,,B,"Table IV (text layer, clean); trainees at USAF Inter-American Air Forces Academy (airmen) and US Army School of the Americas (mostly airmen), Canal Zone, Sep 1965-Feb 1970; sex not stated, assumed male; SD/mean sane. Country grouping by country of longest residence; Argentina, Costa Rica, Mexico omitted by report (n<10).",B,latin-american-armed-forces|Latin-American trainees - Nicaragua (country of longest residence),1
latin-american-armed-forces,reports/latin-american-armed-forces/AD0759949.pdf,17,Latin-American trainees - Panama (country of longest residence),Panama,military,Recruits/trainees,M,1965,mass,Weight in pounds,lb,65.82,9.53,131,,,,B,"Table IV (text layer, clean); trainees at USAF Inter-American Air Forces Academy (airmen) and US Army School of the Americas (mostly airmen), Canal Zone, Sep 1965-Feb 1970; sex not stated, assumed male; SD/mean sane. Country grouping by country of longest residence; Argentina, Costa Rica, Mexico omitted by report (n<10).",B,latin-american-armed-forces|Latin-American trainees - Panama (country of longest residence),1
latin-american-armed-forces,reports/latin-american-armed-forces/AD0759949.pdf,17,Latin-American trainees - Paraguay (country of longest residence),Paraguay,military,Recruits/trainees,M,1965,mass,Weight in pounds,lb,67.18,8.3,61,,,,B,"Table IV (text layer, clean); trainees at USAF Inter-American Air Forces Academy (airmen) and US Army School of the Americas (mostly airmen), Canal Zone, Sep 1965-Feb 1970; sex not stated, assumed male; SD/mean sane. Country grouping by country of longest residence; Argentina, Costa Rica, Mexico omitted by report (n<10).",B,latin-american-armed-forces|Latin-American trainees - Paraguay (country of longest residence),1
latin-american-armed-forces,reports/latin-american-armed-forces/AD0759949.pdf,17,Latin-American trainees - Peru (country of longest residence),Peru,military,Recruits/trainees,M,1965,mass,Weight in pounds,lb,63.55,5.85,161,,,,B,"Table IV (text layer, clean); trainees at USAF Inter-American Air Forces Academy (airmen) and US Army School of the Americas (mostly airmen), Canal Zone, Sep 1965-Feb 1970; sex not stated, assumed male; SD/mean sane. Country grouping by country of longest residence; Argentina, Costa Rica, Mexico omitted by report (n<10).",B,latin-american-armed-forces|Latin-American trainees - Peru (country of longest residence),1
latin-american-armed-forces,reports/latin-american-armed-forces/AD0759949.pdf,17,Latin-American trainees - Uruguay (country of longest residence),Uruguay,military,Recruits/trainees,M,1965,mass,Weight in pounds,lb,67.63,9.34,43,,,,B,"Table IV (text layer, clean); trainees at USAF Inter-American Air Forces Academy (airmen) and US Army School of the Americas (mostly airmen), Canal Zone, Sep 1965-Feb 1970; sex not stated, assumed male; SD/mean sane. Country grouping by country of longest residence; Argentina, Costa Rica, Mexico omitted by report (n<10).",B,latin-american-armed-forces|Latin-American trainees - Uruguay (country of longest residence),1
latin-american-armed-forces,reports/latin-american-armed-forces/AD0759949.pdf,17,Latin-American trainees - Venezuela (country of longest residence),Venezuela,military,Recruits/trainees,M,1965,mass,Weight in pounds,lb,68.04,8.07,139,,,,B,"Table IV (text layer, clean); trainees at USAF Inter-American Air Forces Academy (airmen) and US Army School of the Americas (mostly airmen), Canal Zone, Sep 1965-Feb 1970; sex not stated, assumed male; SD/mean sane. Country grouping by country of longest residence; Argentina, Costa Rica, Mexico omitted by report (n<10).",B,latin-american-armed-forces|Latin-American trainees - Venezuela (country of longest residence),1
latin-american-armed-forces,reports/latin-american-armed-forces/AD0759949.pdf,17,"Latin-American trainees, 15 countries pooled (weighted total)","Multiple: Bolivia, Brazil, Colombia, Chile, Dominican Republic, Ecuador, El Salvador, Guatemala, Honduras, Nicaragua, Panama, Paraguay, Peru, Uruguay, Venezuela",military,Recruits/trainees,M,1965,mass,Weight in pounds,lb,63.78,8.21,1960,,,,B,"Table IV (text layer, clean); trainees at USAF Inter-American Air Forces Academy (airmen) and US Army School of the Americas (mostly airmen), Canal Zone, Sep 1965-Feb 1970; sex not stated, assumed male; SD/mean sane. Table total is weighted over the 15 countries shown (n=1960 of 1985 measured).",B,"latin-american-armed-forces|Latin-American trainees, 15 countries pooled (weighted total)",1
korea,reports/korea/AD0661625.pdf,22,"ROK Armed Forces total sample 1965 (Army, Air Force, Navy, Marine)",South Korea,military,Tri-service,M,1965,stature,Stature,cm,1652.0,49.0,3747,,,,B,Table 1-6 pooled statistics; SD/mean matches printed CV; hand annotations on scan ignored (printed values used). ,B,"korea|ROK Armed Forces total sample 1965 (Army, Air Force, Navy, Marine)",1
korea,reports/korea/AD0661625.pdf,47,ROK Navy 1965,South Korea,military,Navy,M,1965,stature,Stature,cm,1663.0,,141,,,,B,Table 1-30 mean by branch (SD not given by branch); accepted because consistent with pooled Table 1-6 (checked vs implied Army mean / branch SE). Navy sample has many senior officers (mean age 27). ,B,korea|ROK Navy 1965,1
korea,reports/korea/AD0661625.pdf,47,ROK Marines 1965,South Korea,military,Marine Corps,M,1965,stature,Stature,cm,1639.0,,167,,,,B,Table 1-30 mean by branch (SD not given by branch); accepted because consistent with pooled Table 1-6 (checked vs implied Army mean / branch SE). Navy sample has many senior officers (mean age 27). ,B,korea|ROK Marines 1965,1
korea,reports/korea/AD0661625.pdf,47,ROK Air Force 1965,South Korea,military,Air Force,M,1965,stature,Stature,cm,1659.0,,190,,,,B,Table 1-30 mean by branch (SD not given by branch); accepted because consistent with pooled Table 1-6 (checked vs implied Army mean / branch SE). Navy sample has many senior officers (mean age 27). ,B,korea|ROK Air Force 1965,1
korea,reports/korea/AD0661625.pdf,22,"ROK Armed Forces total sample 1965 (Army, Air Force, Navy, Marine)",South Korea,military,Tri-service,M,1965,other:shoulder_height,Shoulder height,cm,1341.0,47.0,3747,,,,B,Table 1-6 pooled statistics; SD/mean matches printed CV; hand annotations on scan ignored (printed values used). ,B,"korea|ROK Armed Forces total sample 1965 (Army, Air Force, Navy, Marine)",1
korea,reports/korea/AD0661625.pdf,47,ROK Navy 1965,South Korea,military,Navy,M,1965,other:shoulder_height,Shoulder height,cm,1342.0,,141,,,,B,Table 1-30 mean by branch (SD not given by branch); accepted because consistent with pooled Table 1-6 (checked vs implied Army mean / branch SE). Navy sample has many senior officers (mean age 27). ,B,korea|ROK Navy 1965,1
korea,reports/korea/AD0661625.pdf,47,ROK Marines 1965,South Korea,military,Marine Corps,M,1965,other:shoulder_height,Shoulder height,cm,1343.0,,167,,,,B,Table 1-30 mean by branch (SD not given by branch); accepted because consistent with pooled Table 1-6 (checked vs implied Army mean / branch SE). Navy sample has many senior officers (mean age 27). ,B,korea|ROK Marines 1965,1
korea,reports/korea/AD0661625.pdf,47,ROK Air Force 1965,South Korea,military,Air Force,M,1965,other:shoulder_height,Shoulder height,cm,1345.0,,190,,,,B,Table 1-30 mean by branch (SD not given by branch); accepted because consistent with pooled Table 1-6 (checked vs implied Army mean / branch SE). Navy sample has many senior officers (mean age 27). ,B,korea|ROK Air Force 1965,1
korea,reports/korea/AD0661625.pdf,22,"ROK Armed Forces total sample 1965 (Army, Air Force, Navy, Marine)",South Korea,military,Tri-service,M,1965,other:waist_height,Waist height,cm,988.0,42.0,3747,,,,B,Table 1-6 pooled statistics; SD/mean matches printed CV; hand annotations on scan ignored (printed values used). ,B,"korea|ROK Armed Forces total sample 1965 (Army, Air Force, Navy, Marine)",1
korea,reports/korea/AD0661625.pdf,47,ROK Army 1965,South Korea,military,Army,M,1965,other:waist_height,Waist height,cm,988.0,,3249,,,,B,Table 1-30 mean by branch (SD not given by branch); accepted because consistent with pooled Table 1-6 (checked vs implied Army mean / branch SE). Navy sample has many senior officers (mean age 27). ,B,korea|ROK Army 1965,1
korea,reports/korea/AD0661625.pdf,22,"ROK Armed Forces total sample 1965 (Army, Air Force, Navy, Marine)",South Korea,military,Tri-service,M,1965,crotch_height,Crotch height,cm,750.0,38.0,3747,,,,B,Table 1-6 pooled statistics; SD/mean matches printed CV; hand annotations on scan ignored (printed values used). ,B,"korea|ROK Armed Forces total sample 1965 (Army, Air Force, Navy, Marine)",1
korea,reports/korea/AD0661625.pdf,47,ROK Navy 1965,South Korea,military,Navy,M,1965,crotch_height,Crotch height,cm,750.0,,141,,,,B,Table 1-30 mean by branch (SD not given by branch); accepted because consistent with pooled Table 1-6 (checked vs implied Army mean / branch SE). Navy sample has many senior officers (mean age 27). ,B,korea|ROK Navy 1965,1
korea,reports/korea/AD0661625.pdf,47,ROK Air Force 1965,South Korea,military,Air Force,M,1965,crotch_height,Crotch height,cm,758.0,,190,,,,B,Table 1-30 mean by branch (SD not given by branch); accepted because consistent with pooled Table 1-6 (checked vs implied Army mean / branch SE). Navy sample has many senior officers (mean age 27). ,B,korea|ROK Air Force 1965,1
korea,reports/korea/AD0661625.pdf,22,"ROK Armed Forces total sample 1965 (Army, Air Force, Navy, Marine)",South Korea,military,Tri-service,M,1965,other:kneecap_height,Kneecap height,cm,467.0,26.0,3747,,,,B,Table 1-6 pooled statistics; SD/mean matches printed CV; hand annotations on scan ignored (printed values used). ,B,"korea|ROK Armed Forces total sample 1965 (Army, Air Force, Navy, Marine)",1
korea,reports/korea/AD0661625.pdf,47,ROK Navy 1965,South Korea,military,Navy,M,1965,other:kneecap_height,Kneecap height,cm,472.0,,141,,,,B,Table 1-30 mean by branch (SD not given by branch); accepted because consistent with pooled Table 1-6 (checked vs implied Army mean / branch SE). Navy sample has many senior officers (mean age 27). ,B,korea|ROK Navy 1965,1
korea,reports/korea/AD0661625.pdf,47,ROK Marines 1965,South Korea,military,Marine Corps,M,1965,other:kneecap_height,Kneecap height,cm,458.0,,167,,,,B,Table 1-30 mean by branch (SD not given by branch); accepted because consistent with pooled Table 1-6 (checked vs implied Army mean / branch SE). Navy sample has many senior officers (mean age 27). ,B,korea|ROK Marines 1965,1
korea,reports/korea/AD0661625.pdf,47,ROK Air Force 1965,South Korea,military,Air Force,M,1965,other:kneecap_height,Kneecap height,cm,473.0,,190,,,,B,Table 1-30 mean by branch (SD not given by branch); accepted because consistent with pooled Table 1-6 (checked vs implied Army mean / branch SE). Navy sample has many senior officers (mean age 27). ,B,korea|ROK Air Force 1965,1
korea,reports/korea/AD0661625.pdf,22,"ROK Armed Forces total sample 1965 (Army, Air Force, Navy, Marine)",South Korea,military,Tri-service,M,1965,chest_depth,Chest depth,cm,218.0,12.0,3747,,,,B,Table 1-6 pooled statistics; SD/mean matches printed CV; hand annotations on scan ignored (printed values used). standing,B,"korea|ROK Armed Forces total sample 1965 (Army, Air Force, Navy, Marine)",1
korea,reports/korea/AD0661625.pdf,47,ROK Army 1965,South Korea,military,Army,M,1965,chest_depth,Chest depth,cm,217.0,,3249,,,,B,Table 1-30 mean by branch (SD not given by branch); accepted because consistent with pooled Table 1-6 (checked vs implied Army mean / branch SE). Navy sample has many senior officers (mean age 27). standing,B,korea|ROK Army 1965,1
korea,reports/korea/AD0661625.pdf,47,ROK Navy 1965,South Korea,military,Navy,M,1965,chest_depth,Chest depth,cm,221.0,,141,,,,B,Table 1-30 mean by branch (SD not given by branch); accepted because consistent with pooled Table 1-6 (checked vs implied Army mean / branch SE). Navy sample has many senior officers (mean age 27). standing,B,korea|ROK Navy 1965,1
korea,reports/korea/AD0661625.pdf,47,ROK Air Force 1965,South Korea,military,Air Force,M,1965,chest_depth,Chest depth,cm,220.0,,190,,,,B,Table 1-30 mean by branch (SD not given by branch); accepted because consistent with pooled Table 1-6 (checked vs implied Army mean / branch SE). Navy sample has many senior officers (mean age 27). standing,B,korea|ROK Air Force 1965,1
korea,reports/korea/AD0661625.pdf,22,"ROK Armed Forces total sample 1965 (Army, Air Force, Navy, Marine)",South Korea,military,Tri-service,M,1965,chest_breadth,Chest breadth,cm,290.0,19.0,3747,,,,B,Table 1-6 pooled statistics; SD/mean matches printed CV; hand annotations on scan ignored (printed values used). standing,B,"korea|ROK Armed Forces total sample 1965 (Army, Air Force, Navy, Marine)",1
korea,reports/korea/AD0661625.pdf,47,ROK Army 1965,South Korea,military,Army,M,1965,chest_breadth,Chest breadth,cm,288.0,,3249,,,,B,Table 1-30 mean by branch (SD not given by branch); accepted because consistent with pooled Table 1-6 (checked vs implied Army mean / branch SE). Navy sample has many senior officers (mean age 27). standing,B,korea|ROK Army 1965,1
korea,reports/korea/AD0661625.pdf,47,ROK Navy 1965,South Korea,military,Navy,M,1965,chest_breadth,Chest breadth,cm,294.0,,141,,,,B,Table 1-30 mean by branch (SD not given by branch); accepted because consistent with pooled Table 1-6 (checked vs implied Army mean / branch SE). Navy sample has many senior officers (mean age 27). standing,B,korea|ROK Navy 1965,1
korea,reports/korea/AD0661625.pdf,47,ROK Air Force 1965,South Korea,military,Air Force,M,1965,chest_breadth,Chest breadth,cm,295.0,,190,,,,B,Table 1-30 mean by branch (SD not given by branch); accepted because consistent with pooled Table 1-6 (checked vs implied Army mean / branch SE). Navy sample has many senior officers (mean age 27). standing,B,korea|ROK Air Force 1965,1
korea,reports/korea/AD0661625.pdf,22,"ROK Armed Forces total sample 1965 (Army, Air Force, Navy, Marine)",South Korea,military,Tri-service,M,1965,other:hip_breadth_standing,"Hip breadth, standing",cm,305.0,16.0,3747,,,,B,Table 1-6 pooled statistics; SD/mean matches printed CV; hand annotations on scan ignored (printed values used). ,B,"korea|ROK Armed Forces total sample 1965 (Army, Air Force, Navy, Marine)",1
korea,reports/korea/AD0661625.pdf,47,ROK Army 1965,South Korea,military,Army,M,1965,other:hip_breadth_standing,"Hip breadth, standing",cm,303.0,,3249,,,,B,Table 1-30 mean by branch (SD not given by branch); accepted because consistent with pooled Table 1-6 (checked vs implied Army mean / branch SE). Navy sample has many senior officers (mean age 27). ,B,korea|ROK Army 1965,1
korea,reports/korea/AD0661625.pdf,47,ROK Marines 1965,South Korea,military,Marine Corps,M,1965,other:hip_breadth_standing,"Hip breadth, standing",cm,309.0,,167,,,,B,Table 1-30 mean by branch (SD not given by branch); accepted because consistent with pooled Table 1-6 (checked vs implied Army mean / branch SE). Navy sample has many senior officers (mean age 27). ,B,korea|ROK Marines 1965,1
korea,reports/korea/AD0661625.pdf,47,ROK Air Force 1965,South Korea,military,Air Force,M,1965,other:hip_breadth_standing,"Hip breadth, standing",cm,309.0,,190,,,,B,Table 1-30 mean by branch (SD not given by branch); accepted because consistent with pooled Table 1-6 (checked vs implied Army mean / branch SE). Navy sample has many senior officers (mean age 27). ,B,korea|ROK Air Force 1965,1
korea,reports/korea/AD0661625.pdf,23,"ROK Armed Forces total sample 1965 (Army, Air Force, Navy, Marine)",South Korea,military,Tri-service,M,1965,eye_height_sitting,Eye height,cm,751.0,31.0,3747,,,,B,Table 1-7 pooled statistics; SD/mean matches printed CV; hand annotations on scan ignored (printed values used). printed as Eye height in sitting block,B,"korea|ROK Armed Forces total sample 1965 (Army, Air Force, Navy, Marine)",1
korea,reports/korea/AD0661625.pdf,23,"ROK Armed Forces total sample 1965 (Army, Air Force, Navy, Marine)",South Korea,military,Tri-service,M,1965,other:shoulder_height_sitting,"Shoulder height, sitting",cm,582.0,31.0,3747,,,,B,Table 1-7 pooled statistics; SD/mean matches printed CV; hand annotations on scan ignored (printed values used). ,B,"korea|ROK Armed Forces total sample 1965 (Army, Air Force, Navy, Marine)",1
korea,reports/korea/AD0661625.pdf,47,ROK Navy 1965,South Korea,military,Navy,M,1965,other:shoulder_height_sitting,"Shoulder height, sitting",cm,583.0,,141,,,,B,Table 1-30 mean by branch (SD not given by branch); accepted because consistent with pooled Table 1-7 (checked vs implied Army mean / branch SE). Navy sample has many senior officers (mean age 27). ,B,korea|ROK Navy 1965,1
korea,reports/korea/AD0661625.pdf,47,ROK Marines 1965,South Korea,military,Marine Corps,M,1965,other:shoulder_height_sitting,"Shoulder height, sitting",cm,572.0,,167,,,,B,Table 1-30 mean by branch (SD not given by branch); accepted because consistent with pooled Table 1-7 (checked vs implied Army mean / branch SE). Navy sample has many senior officers (mean age 27). ,B,korea|ROK Marines 1965,1
korea,reports/korea/AD0661625.pdf,47,ROK Air Force 1965,South Korea,military,Air Force,M,1965,other:shoulder_height_sitting,"Shoulder height, sitting",cm,573.0,,190,,,,B,Table 1-30 mean by branch (SD not given by branch); accepted because consistent with pooled Table 1-7 (checked vs implied Army mean / branch SE). Navy sample has many senior officers (mean age 27). ,B,korea|ROK Air Force 1965,1
korea,reports/korea/AD0661625.pdf,23,"ROK Armed Forces total sample 1965 (Army, Air Force, Navy, Marine)",South Korea,military,Tri-service,M,1965,shoulder_elbow_length,Shoulder-elbow length,cm,335.0,19.0,3747,,,,B,Table 1-7 pooled statistics; SD/mean matches printed CV; hand annotations on scan ignored (printed values used). ,B,"korea|ROK Armed Forces total sample 1965 (Army, Air Force, Navy, Marine)",1
korea,reports/korea/AD0661625.pdf,47,ROK Army 1965,South Korea,military,Army,M,1965,shoulder_elbow_length,Shoulder-elbow length,cm,336.0,,3249,,,,B,Table 1-30 mean by branch (SD not given by branch); accepted because consistent with pooled Table 1-7 (checked vs implied Army mean / branch SE). Navy sample has many senior officers (mean age 27). ,B,korea|ROK Army 1965,1
korea,reports/korea/AD0661625.pdf,47,ROK Navy 1965,South Korea,military,Navy,M,1965,shoulder_elbow_length,Shoulder-elbow length,cm,341.0,,141,,,,B,Table 1-30 mean by branch (SD not given by branch); accepted because consistent with pooled Table 1-7 (checked vs implied Army mean / branch SE). Navy sample has many senior officers (mean age 27). ,B,korea|ROK Navy 1965,1
korea,reports/korea/AD0661625.pdf,47,ROK Marines 1965,South Korea,military,Marine Corps,M,1965,shoulder_elbow_length,Shoulder-elbow length,cm,339.0,,167,,,,B,Table 1-30 mean by branch (SD not given by branch); accepted because consistent with pooled Table 1-7 (checked vs implied Army mean / branch SE). Navy sample has many senior officers (mean age 27). ,B,korea|ROK Marines 1965,1
korea,reports/korea/AD0661625.pdf,23,"ROK Armed Forces total sample 1965 (Army, Air Force, Navy, Marine)",South Korea,military,Tri-service,M,1965,other:forearm_hand_length,Forearm-hand length,cm,440.0,20.0,3747,,,,B,Table 1-7 pooled statistics; SD/mean matches printed CV; hand annotations on scan ignored (printed values used). ,B,"korea|ROK Armed Forces total sample 1965 (Army, Air Force, Navy, Marine)",1
korea,reports/korea/AD0661625.pdf,47,ROK Navy 1965,South Korea,military,Navy,M,1965,other:forearm_hand_length,Forearm-hand length,cm,443.0,,141,,,,B,Table 1-30 mean by branch (SD not given by branch); accepted because consistent with pooled Table 1-7 (checked vs implied Army mean / branch SE). Navy sample has many senior officers (mean age 27). ,B,korea|ROK Navy 1965,1
korea,reports/korea/AD0661625.pdf,47,ROK Marines 1965,South Korea,military,Marine Corps,M,1965,other:forearm_hand_length,Forearm-hand length,cm,439.0,,167,,,,B,Table 1-30 mean by branch (SD not given by branch); accepted because consistent with pooled Table 1-7 (checked vs implied Army mean / branch SE). Navy sample has many senior officers (mean age 27). ,B,korea|ROK Marines 1965,1
korea,reports/korea/AD0661625.pdf,23,"ROK Armed Forces total sample 1965 (Army, Air Force, Navy, Marine)",South Korea,military,Tri-service,M,1965,buttock_knee_length,Buttock-knee length,cm,538.0,27.0,3747,,,,B,Table 1-7 pooled statistics; SD/mean matches printed CV; hand annotations on scan ignored (printed values used). ,B,"korea|ROK Armed Forces total sample 1965 (Army, Air Force, Navy, Marine)",1
korea,reports/korea/AD0661625.pdf,23,"ROK Armed Forces total sample 1965 (Army, Air Force, Navy, Marine)",South Korea,military,Tri-service,M,1965,buttock_popliteal_length,Buttock-popliteal length,cm,430.0,26.0,3747,,,,B,Table 1-7 pooled statistics; SD/mean matches printed CV; hand annotations on scan ignored (printed values used). ,B,"korea|ROK Armed Forces total sample 1965 (Army, Air Force, Navy, Marine)",1
korea,reports/korea/AD0661625.pdf,23,"ROK Armed Forces total sample 1965 (Army, Air Force, Navy, Marine)",South Korea,military,Tri-service,M,1965,knee_height_sitting,"Knee height, sitting",cm,487.0,29.0,3747,,,,B,Table 1-7 pooled statistics; SD/mean matches printed CV; hand annotations on scan ignored (printed values used). ,B,"korea|ROK Armed Forces total sample 1965 (Army, Air Force, Navy, Marine)",1
korea,reports/korea/AD0661625.pdf,47,ROK Navy 1965,South Korea,military,Navy,M,1965,knee_height_sitting,"Knee height, sitting",cm,481.0,,141,,,,B,Table 1-30 mean by branch (SD not given by branch); accepted because consistent with pooled Table 1-7 (checked vs implied Army mean / branch SE). Navy sample has many senior officers (mean age 27). ,B,korea|ROK Navy 1965,1
korea,reports/korea/AD0661625.pdf,47,ROK Air Force 1965,South Korea,military,Air Force,M,1965,knee_height_sitting,"Knee height, sitting",cm,479.0,,190,,,,B,Table 1-30 mean by branch (SD not given by branch); accepted because consistent with pooled Table 1-7 (checked vs implied Army mean / branch SE). Navy sample has many senior officers (mean age 27). ,B,korea|ROK Air Force 1965,1
korea,reports/korea/AD0661625.pdf,23,"ROK Armed Forces total sample 1965 (Army, Air Force, Navy, Marine)",South Korea,military,Tri-service,M,1965,popliteal_height,Popliteal height,cm,391.0,24.0,3747,,,,B,Table 1-7 pooled statistics; SD/mean matches printed CV; hand annotations on scan ignored (printed values used). ,B,"korea|ROK Armed Forces total sample 1965 (Army, Air Force, Navy, Marine)",1
korea,reports/korea/AD0661625.pdf,47,ROK Navy 1965,South Korea,military,Navy,M,1965,popliteal_height,Popliteal height,cm,385.0,,141,,,,B,Table 1-30 mean by branch (SD not given by branch); accepted because consistent with pooled Table 1-7 (checked vs implied Army mean / branch SE). Navy sample has many senior officers (mean age 27). ,B,korea|ROK Navy 1965,1
korea,reports/korea/AD0661625.pdf,23,"ROK Armed Forces total sample 1965 (Army, Air Force, Navy, Marine)",South Korea,military,Tri-service,M,1965,other:shoulder_breadth,Shoulder breadth,cm,425.0,19.0,3747,,,,B,Table 1-7 pooled statistics; SD/mean matches printed CV; hand annotations on scan ignored (printed values used). ,B,"korea|ROK Armed Forces total sample 1965 (Army, Air Force, Navy, Marine)",1
korea,reports/korea/AD0661625.pdf,47,ROK Army 1965,South Korea,military,Army,M,1965,other:shoulder_breadth,Shoulder breadth,cm,422.0,,3249,,,,B,Table 1-30 mean by branch (SD not given by branch); accepted because consistent with pooled Table 1-7 (checked vs implied Army mean / branch SE). Navy sample has many senior officers (mean age 27). ,B,korea|ROK Army 1965,1
korea,reports/korea/AD0661625.pdf,47,ROK Marines 1965,South Korea,military,Marine Corps,M,1965,other:shoulder_breadth,Shoulder breadth,cm,429.0,,167,,,,B,Table 1-30 mean by branch (SD not given by branch); accepted because consistent with pooled Table 1-7 (checked vs implied Army mean / branch SE). Navy sample has many senior officers (mean age 27). ,B,korea|ROK Marines 1965,1
korea,reports/korea/AD0661625.pdf,47,ROK Air Force 1965,South Korea,military,Air Force,M,1965,other:shoulder_breadth,Shoulder breadth,cm,420.0,,190,,,,B,Table 1-30 mean by branch (SD not given by branch); accepted because consistent with pooled Table 1-7 (checked vs implied Army mean / branch SE). Navy sample has many senior officers (mean age 27). ,B,korea|ROK Air Force 1965,1
korea,reports/korea/AD0661625.pdf,23,"ROK Armed Forces total sample 1965 (Army, Air Force, Navy, Marine)",South Korea,military,Tri-service,M,1965,other:elbow_to_elbow_breadth,Elbow-to-elbow breadth,cm,402.0,27.0,3747,,,,B,Table 1-7 pooled statistics; SD/mean matches printed CV; hand annotations on scan ignored (printed values used). ,B,"korea|ROK Armed Forces total sample 1965 (Army, Air Force, Navy, Marine)",1
korea,reports/korea/AD0661625.pdf,47,ROK Army 1965,South Korea,military,Army,M,1965,other:elbow_to_elbow_breadth,Elbow-to-elbow breadth,cm,398.0,,3249,,,,B,Table 1-30 mean by branch (SD not given by branch); accepted because consistent with pooled Table 1-7 (checked vs implied Army mean / branch SE). Navy sample has many senior officers (mean age 27). ,B,korea|ROK Army 1965,1
korea,reports/korea/AD0661625.pdf,47,ROK Marines 1965,South Korea,military,Marine Corps,M,1965,other:elbow_to_elbow_breadth,Elbow-to-elbow breadth,cm,411.0,,167,,,,B,Table 1-30 mean by branch (SD not given by branch); accepted because consistent with pooled Table 1-7 (checked vs implied Army mean / branch SE). Navy sample has many senior officers (mean age 27). ,B,korea|ROK Marines 1965,1
korea,reports/korea/AD0661625.pdf,47,ROK Air Force 1965,South Korea,military,Air Force,M,1965,other:elbow_to_elbow_breadth,Elbow-to-elbow breadth,cm,406.0,,190,,,,B,Table 1-30 mean by branch (SD not given by branch); accepted because consistent with pooled Table 1-7 (checked vs implied Army mean / branch SE). Navy sample has many senior officers (mean age 27). ,B,korea|ROK Air Force 1965,1
korea,reports/korea/AD0661625.pdf,23,"ROK Armed Forces total sample 1965 (Army, Air Force, Navy, Marine)",South Korea,military,Tri-service,M,1965,hip_breadth_sitting,"Hip breadth, sitting",cm,321.0,17.0,3747,,,,B,Table 1-7 pooled statistics; SD/mean matches printed CV; hand annotations on scan ignored (printed values used). ,B,"korea|ROK Armed Forces total sample 1965 (Army, Air Force, Navy, Marine)",1
korea,reports/korea/AD0661625.pdf,47,ROK Army 1965,South Korea,military,Army,M,1965,hip_breadth_sitting,"Hip breadth, sitting",cm,318.0,,3249,,,,B,Table 1-30 mean by branch (SD not given by branch); accepted because consistent with pooled Table 1-7 (checked vs implied Army mean / branch SE). Navy sample has many senior officers (mean age 27). ,B,korea|ROK Army 1965,1
korea,reports/korea/AD0661625.pdf,47,ROK Air Force 1965,South Korea,military,Air Force,M,1965,hip_breadth_sitting,"Hip breadth, sitting",cm,321.0,,190,,,,B,Table 1-30 mean by branch (SD not given by branch); accepted because consistent with pooled Table 1-7 (checked vs implied Army mean / branch SE). Navy sample has many senior officers (mean age 27). ,B,korea|ROK Air Force 1965,1
korea,reports/korea/AD0661625.pdf,23,"ROK Armed Forces total sample 1965 (Army, Air Force, Navy, Marine)",South Korea,military,Tri-service,M,1965,other:arm_reach_upward,"Arm reach, upward",cm,1319.0,45.0,3747,,,,B,Table 1-7 pooled statistics; SD/mean matches printed CV; hand annotations on scan ignored (printed values used). ,B,"korea|ROK Armed Forces total sample 1965 (Army, Air Force, Navy, Marine)",1
korea,reports/korea/AD0661625.pdf,47,ROK Navy 1965,South Korea,military,Navy,M,1965,other:arm_reach_upward,"Arm reach, upward",cm,1310.0,,141,,,,B,Table 1-30 mean by branch (SD not given by branch); accepted because consistent with pooled Table 1-7 (checked vs implied Army mean / branch SE). Navy sample has many senior officers (mean age 27). ,B,korea|ROK Navy 1965,1
korea,reports/korea/AD0661625.pdf,47,ROK Air Force 1965,South Korea,military,Air Force,M,1965,other:arm_reach_upward,"Arm reach, upward",cm,1320.0,,190,,,,B,Table 1-30 mean by branch (SD not given by branch); accepted because consistent with pooled Table 1-7 (checked vs implied Army mean / branch SE). Navy sample has many senior officers (mean age 27). ,B,korea|ROK Air Force 1965,1
korea,reports/korea/AD0661625.pdf,23,"ROK Armed Forces total sample 1965 (Army, Air Force, Navy, Marine)",South Korea,military,Tri-service,M,1965,other:arm_reach_forward,"Arm reach, forward",cm,806.0,42.0,3747,,,,B,Table 1-7 pooled statistics; SD/mean matches printed CV; hand annotations on scan ignored (printed values used). ,B,"korea|ROK Armed Forces total sample 1965 (Army, Air Force, Navy, Marine)",1
korea,reports/korea/AD0661625.pdf,47,ROK Navy 1965,South Korea,military,Navy,M,1965,other:arm_reach_forward,"Arm reach, forward",cm,820.0,,141,,,,B,Table 1-30 mean by branch (SD not given by branch); accepted because consistent with pooled Table 1-7 (checked vs implied Army mean / branch SE). Navy sample has many senior officers (mean age 27). ,B,korea|ROK Navy 1965,1
korea,reports/korea/AD0661625.pdf,47,ROK Marines 1965,South Korea,military,Marine Corps,M,1965,other:arm_reach_forward,"Arm reach, forward",cm,817.0,,167,,,,B,Table 1-30 mean by branch (SD not given by branch); accepted because consistent with pooled Table 1-7 (checked vs implied Army mean / branch SE). Navy sample has many senior officers (mean age 27). ,B,korea|ROK Marines 1965,1
korea,reports/korea/AD0661625.pdf,47,ROK Air Force 1965,South Korea,military,Air Force,M,1965,other:arm_reach_forward,"Arm reach, forward",cm,807.0,,190,,,,B,Table 1-30 mean by branch (SD not given by branch); accepted because consistent with pooled Table 1-7 (checked vs implied Army mean / branch SE). Navy sample has many senior officers (mean age 27). ,B,korea|ROK Air Force 1965,1
korea,reports/korea/AD0661625.pdf,24,"ROK Armed Forces total sample 1965 (Army, Air Force, Navy, Marine)",South Korea,military,Tri-service,M,1965,neck_circumference,Neck circumference,cm,344.0,15.0,3747,,,,B,Table 1-8 pooled statistics; SD/mean matches printed CV; hand annotations on scan ignored (printed values used). definition per source survey (neck level not verified),B,"korea|ROK Armed Forces total sample 1965 (Army, Air Force, Navy, Marine)",1
korea,reports/korea/AD0661625.pdf,47,ROK Navy 1965,South Korea,military,Navy,M,1965,neck_circumference,Neck circumference,cm,350.0,,141,,,,B,Table 1-30 mean by branch (SD not given by branch); accepted because consistent with pooled Table 1-8 (checked vs implied Army mean / branch SE). Navy sample has many senior officers (mean age 27). definition per source survey (neck level not verified),B,korea|ROK Navy 1965,1
korea,reports/korea/AD0661625.pdf,47,ROK Air Force 1965,South Korea,military,Air Force,M,1965,neck_circumference,Neck circumference,cm,346.0,,190,,,,B,Table 1-30 mean by branch (SD not given by branch); accepted because consistent with pooled Table 1-8 (checked vs implied Army mean / branch SE). Navy sample has many senior officers (mean age 27). definition per source survey (neck level not verified),B,korea|ROK Air Force 1965,1
korea,reports/korea/AD0661625.pdf,24,"ROK Armed Forces total sample 1965 (Army, Air Force, Navy, Marine)",South Korea,military,Tri-service,M,1965,shoulder_circumference,Shoulder circumference,cm,1056.0,44.0,3747,,,,B,Table 1-8 pooled statistics; SD/mean matches printed CV; hand annotations on scan ignored (printed values used). ,B,"korea|ROK Armed Forces total sample 1965 (Army, Air Force, Navy, Marine)",1
korea,reports/korea/AD0661625.pdf,47,ROK Marines 1965,South Korea,military,Marine Corps,M,1965,shoulder_circumference,Shoulder circumference,cm,1065.0,,167,,,,B,Table 1-30 mean by branch (SD not given by branch); accepted because consistent with pooled Table 1-8 (checked vs implied Army mean / branch SE). Navy sample has many senior officers (mean age 27). ,B,korea|ROK Marines 1965,1
korea,reports/korea/AD0661625.pdf,24,"ROK Armed Forces total sample 1965 (Army, Air Force, Navy, Marine)",South Korea,military,Tri-service,M,1965,chest_circumference,Chest circumference,cm,885.0,41.0,3747,,,,B,Table 1-8 pooled statistics; SD/mean matches printed CV; hand annotations on scan ignored (printed values used). ,B,"korea|ROK Armed Forces total sample 1965 (Army, Air Force, Navy, Marine)",1
korea,reports/korea/AD0661625.pdf,24,"ROK Armed Forces total sample 1965 (Army, Air Force, Navy, Marine)",South Korea,military,Tri-service,M,1965,waist_circumference,Waist circumference,cm,743.0,40.0,3747,,,,B,Table 1-8 pooled statistics; SD/mean matches printed CV; hand annotations on scan ignored (printed values used). waist landmark per source survey,B,"korea|ROK Armed Forces total sample 1965 (Army, Air Force, Navy, Marine)",1
korea,reports/korea/AD0661625.pdf,47,ROK Navy 1965,South Korea,military,Navy,M,1965,waist_circumference,Waist circumference,cm,740.0,,141,,,,B,Table 1-30 mean by branch (SD not given by branch); accepted because consistent with pooled Table 1-8 (checked vs implied Army mean / branch SE). Navy sample has many senior officers (mean age 27). waist landmark per source survey,B,korea|ROK Navy 1965,1
korea,reports/korea/AD0661625.pdf,24,"ROK Armed Forces total sample 1965 (Army, Air Force, Navy, Marine)",South Korea,military,Tri-service,M,1965,other:hip_circumference,Hip circumference,cm,875.0,33.0,3747,,,,B,Table 1-8 pooled statistics; SD/mean matches printed CV; hand annotations on scan ignored (printed values used). ,B,"korea|ROK Armed Forces total sample 1965 (Army, Air Force, Navy, Marine)",1
korea,reports/korea/AD0661625.pdf,24,"ROK Armed Forces total sample 1965 (Army, Air Force, Navy, Marine)",South Korea,military,Tri-service,M,1965,other:upper_arm_circumference,Upper arm circumference,cm,255.0,18.0,3747,,,,B,Table 1-8 pooled statistics; SD/mean matches printed CV; hand annotations on scan ignored (printed values used). ,B,"korea|ROK Armed Forces total sample 1965 (Army, Air Force, Navy, Marine)",1
korea,reports/korea/AD0661625.pdf,47,ROK Navy 1965,South Korea,military,Navy,M,1965,other:upper_arm_circumference,Upper arm circumference,cm,254.0,,141,,,,B,Table 1-30 mean by branch (SD not given by branch); accepted because consistent with pooled Table 1-8 (checked vs implied Army mean / branch SE). Navy sample has many senior officers (mean age 27). ,B,korea|ROK Navy 1965,1
korea,reports/korea/AD0661625.pdf,47,ROK Marines 1965,South Korea,military,Marine Corps,M,1965,other:upper_arm_circumference,Upper arm circumference,cm,256.0,,167,,,,B,Table 1-30 mean by branch (SD not given by branch); accepted because consistent with pooled Table 1-8 (checked vs implied Army mean / branch SE). Navy sample has many senior officers (mean age 27). ,B,korea|ROK Marines 1965,1
korea,reports/korea/AD0661625.pdf,47,ROK Air Force 1965,South Korea,military,Air Force,M,1965,other:upper_arm_circumference,Upper arm circumference,cm,253.0,,190,,,,B,Table 1-30 mean by branch (SD not given by branch); accepted because consistent with pooled Table 1-8 (checked vs implied Army mean / branch SE). Navy sample has many senior officers (mean age 27). ,B,korea|ROK Air Force 1965,1
korea,reports/korea/AD0661625.pdf,24,"ROK Armed Forces total sample 1965 (Army, Air Force, Navy, Marine)",South Korea,military,Tri-service,M,1965,wrist_circumference,Wrist circumference,cm,164.0,9.0,3747,,,,B,Table 1-8 pooled statistics; SD/mean matches printed CV; hand annotations on scan ignored (printed values used). ,B,"korea|ROK Armed Forces total sample 1965 (Army, Air Force, Navy, Marine)",1
korea,reports/korea/AD0661625.pdf,47,ROK Army 1965,South Korea,military,Army,M,1965,wrist_circumference,Wrist circumference,cm,164.0,,3249,,,,B,Table 1-30 mean by branch (SD not given by branch); accepted because consistent with pooled Table 1-8 (checked vs implied Army mean / branch SE). Navy sample has many senior officers (mean age 27). ,B,korea|ROK Army 1965,1
korea,reports/korea/AD0661625.pdf,47,ROK Navy 1965,South Korea,military,Navy,M,1965,wrist_circumference,Wrist circumference,cm,166.0,,141,,,,B,Table 1-30 mean by branch (SD not given by branch); accepted because consistent with pooled Table 1-8 (checked vs implied Army mean / branch SE). Navy sample has many senior officers (mean age 27). ,B,korea|ROK Navy 1965,1
korea,reports/korea/AD0661625.pdf,47,ROK Marines 1965,South Korea,military,Marine Corps,M,1965,wrist_circumference,Wrist circumference,cm,165.0,,167,,,,B,Table 1-30 mean by branch (SD not given by branch); accepted because consistent with pooled Table 1-8 (checked vs implied Army mean / branch SE). Navy sample has many senior officers (mean age 27). ,B,korea|ROK Marines 1965,1
korea,reports/korea/AD0661625.pdf,47,ROK Air Force 1965,South Korea,military,Air Force,M,1965,wrist_circumference,Wrist circumference,cm,162.0,,190,,,,B,Table 1-30 mean by branch (SD not given by branch); accepted because consistent with pooled Table 1-8 (checked vs implied Army mean / branch SE). Navy sample has many senior officers (mean age 27). ,B,korea|ROK Air Force 1965,1
korea,reports/korea/AD0661625.pdf,24,"ROK Armed Forces total sample 1965 (Army, Air Force, Navy, Marine)",South Korea,military,Tri-service,M,1965,other:crotch_thigh_circumference,Crotch thigh circumference,cm,491.0,28.0,3747,,,,B,Table 1-8 pooled statistics; SD/mean matches printed CV; hand annotations on scan ignored (printed values used). ,B,"korea|ROK Armed Forces total sample 1965 (Army, Air Force, Navy, Marine)",1
korea,reports/korea/AD0661625.pdf,47,ROK Marines 1965,South Korea,military,Marine Corps,M,1965,other:crotch_thigh_circumference,Crotch thigh circumference,cm,491.0,,167,,,,B,Table 1-30 mean by branch (SD not given by branch); accepted because consistent with pooled Table 1-8 (checked vs implied Army mean / branch SE). Navy sample has many senior officers (mean age 27). ,B,korea|ROK Marines 1965,1
korea,reports/korea/AD0661625.pdf,47,ROK Air Force 1965,South Korea,military,Air Force,M,1965,other:crotch_thigh_circumference,Crotch thigh circumference,cm,490.0,,190,,,,B,Table 1-30 mean by branch (SD not given by branch); accepted because consistent with pooled Table 1-8 (checked vs implied Army mean / branch SE). Navy sample has many senior officers (mean age 27). ,B,korea|ROK Air Force 1965,1
korea,reports/korea/AD0661625.pdf,24,"ROK Armed Forces total sample 1965 (Army, Air Force, Navy, Marine)",South Korea,military,Tri-service,M,1965,other:lower_thigh_circumference,Lower thigh circumference,cm,382.0,29.0,3747,,,,B,Table 1-8 pooled statistics; SD/mean matches printed CV; hand annotations on scan ignored (printed values used). ,B,"korea|ROK Armed Forces total sample 1965 (Army, Air Force, Navy, Marine)",1
korea,reports/korea/AD0661625.pdf,47,ROK Navy 1965,South Korea,military,Navy,M,1965,other:lower_thigh_circumference,Lower thigh circumference,cm,390.0,,141,,,,B,Table 1-30 mean by branch (SD not given by branch); accepted because consistent with pooled Table 1-8 (checked vs implied Army mean / branch SE). Navy sample has many senior officers (mean age 27). ,B,korea|ROK Navy 1965,1
korea,reports/korea/AD0661625.pdf,47,ROK Marines 1965,South Korea,military,Marine Corps,M,1965,other:lower_thigh_circumference,Lower thigh circumference,cm,383.0,,167,,,,B,Table 1-30 mean by branch (SD not given by branch); accepted because consistent with pooled Table 1-8 (checked vs implied Army mean / branch SE). Navy sample has many senior officers (mean age 27). ,B,korea|ROK Marines 1965,1
korea,reports/korea/AD0661625.pdf,47,ROK Air Force 1965,South Korea,military,Air Force,M,1965,other:lower_thigh_circumference,Lower thigh circumference,cm,377.0,,190,,,,B,Table 1-30 mean by branch (SD not given by branch); accepted because consistent with pooled Table 1-8 (checked vs implied Army mean / branch SE). Navy sample has many senior officers (mean age 27). ,B,korea|ROK Air Force 1965,1
korea,reports/korea/AD0661625.pdf,24,"ROK Armed Forces total sample 1965 (Army, Air Force, Navy, Marine)",South Korea,military,Tri-service,M,1965,calf_circumference,Calf circumference,cm,346.0,23.0,3747,,,,B,Table 1-8 pooled statistics; SD/mean matches printed CV; hand annotations on scan ignored (printed values used). ,B,"korea|ROK Armed Forces total sample 1965 (Army, Air Force, Navy, Marine)",1
korea,reports/korea/AD0661625.pdf,47,ROK Marines 1965,South Korea,military,Marine Corps,M,1965,calf_circumference,Calf circumference,cm,345.0,,167,,,,B,Table 1-30 mean by branch (SD not given by branch); accepted because consistent with pooled Table 1-8 (checked vs implied Army mean / branch SE). Navy sample has many senior officers (mean age 27). ,B,korea|ROK Marines 1965,1
korea,reports/korea/AD0661625.pdf,47,ROK Air Force 1965,South Korea,military,Air Force,M,1965,calf_circumference,Calf circumference,cm,344.0,,190,,,,B,Table 1-30 mean by branch (SD not given by branch); accepted because consistent with pooled Table 1-8 (checked vs implied Army mean / branch SE). Navy sample has many senior officers (mean age 27). ,B,korea|ROK Air Force 1965,1
korea,reports/korea/AD0661625.pdf,24,"ROK Armed Forces total sample 1965 (Army, Air Force, Navy, Marine)",South Korea,military,Tri-service,M,1965,ankle_circumference,Ankle circumference,cm,216.0,21.0,3747,,,,B,Table 1-8 pooled statistics; SD/mean matches printed CV; hand annotations on scan ignored (printed values used). ,B,"korea|ROK Armed Forces total sample 1965 (Army, Air Force, Navy, Marine)",1
korea,reports/korea/AD0661625.pdf,47,ROK Army 1965,South Korea,military,Army,M,1965,ankle_circumference,Ankle circumference,cm,214.0,,3249,,,,B,Table 1-30 mean by branch (SD not given by branch); accepted because consistent with pooled Table 1-8 (checked vs implied Army mean / branch SE). Navy sample has many senior officers (mean age 27). ,B,korea|ROK Army 1965,1
korea,reports/korea/AD0661625.pdf,47,ROK Navy 1965,South Korea,military,Navy,M,1965,ankle_circumference,Ankle circumference,cm,213.0,,141,,,,B,Table 1-30 mean by branch (SD not given by branch); accepted because consistent with pooled Table 1-8 (checked vs implied Army mean / branch SE). Navy sample has many senior officers (mean age 27). ,B,korea|ROK Navy 1965,1
korea,reports/korea/AD0661625.pdf,47,ROK Marines 1965,South Korea,military,Marine Corps,M,1965,ankle_circumference,Ankle circumference,cm,220.0,,167,,,,B,Table 1-30 mean by branch (SD not given by branch); accepted because consistent with pooled Table 1-8 (checked vs implied Army mean / branch SE). Navy sample has many senior officers (mean age 27). ,B,korea|ROK Marines 1965,1
korea,reports/korea/AD0661625.pdf,47,ROK Air Force 1965,South Korea,military,Air Force,M,1965,ankle_circumference,Ankle circumference,cm,212.0,,190,,,,B,Table 1-30 mean by branch (SD not given by branch); accepted because consistent with pooled Table 1-8 (checked vs implied Army mean / branch SE). Navy sample has many senior officers (mean age 27). ,B,korea|ROK Air Force 1965,1
korea,reports/korea/AD0661625.pdf,24,"ROK Armed Forces total sample 1965 (Army, Air Force, Navy, Marine)",South Korea,military,Tri-service,M,1965,other:back_waist_length,Back waist length,cm,462.0,24.0,3747,,,,B,Table 1-8 pooled statistics; SD/mean matches printed CV; hand annotations on scan ignored (printed values used). ,B,"korea|ROK Armed Forces total sample 1965 (Army, Air Force, Navy, Marine)",1
korea,reports/korea/AD0661625.pdf,47,ROK Air Force 1965,South Korea,military,Air Force,M,1965,other:back_waist_length,Back waist length,cm,455.0,,190,,,,B,Table 1-30 mean by branch (SD not given by branch); accepted because consistent with pooled Table 1-8 (checked vs implied Army mean / branch SE). Navy sample has many senior officers (mean age 27). ,B,korea|ROK Air Force 1965,1
korea,reports/korea/AD0661625.pdf,24,"ROK Armed Forces total sample 1965 (Army, Air Force, Navy, Marine)",South Korea,military,Tri-service,M,1965,other:interscye_breadth,Interscye,cm,379.0,30.0,3747,,,,B,Table 1-8 pooled statistics; SD/mean matches printed CV; hand annotations on scan ignored (printed values used). ,B,"korea|ROK Armed Forces total sample 1965 (Army, Air Force, Navy, Marine)",1
korea,reports/korea/AD0661625.pdf,47,ROK Army 1965,South Korea,military,Army,M,1965,other:interscye_breadth,Interscye,cm,377.0,,3249,,,,B,Table 1-30 mean by branch (SD not given by branch); accepted because consistent with pooled Table 1-8 (checked vs implied Army mean / branch SE). Navy sample has many senior officers (mean age 27). ,B,korea|ROK Army 1965,1
korea,reports/korea/AD0661625.pdf,47,ROK Navy 1965,South Korea,military,Navy,M,1965,other:interscye_breadth,Interscye,cm,387.0,,141,,,,B,Table 1-30 mean by branch (SD not given by branch); accepted because consistent with pooled Table 1-8 (checked vs implied Army mean / branch SE). Navy sample has many senior officers (mean age 27). ,B,korea|ROK Navy 1965,1
korea,reports/korea/AD0661625.pdf,47,ROK Marines 1965,South Korea,military,Marine Corps,M,1965,other:interscye_breadth,Interscye,cm,387.0,,167,,,,B,Table 1-30 mean by branch (SD not given by branch); accepted because consistent with pooled Table 1-8 (checked vs implied Army mean / branch SE). Navy sample has many senior officers (mean age 27). ,B,korea|ROK Marines 1965,1
korea,reports/korea/AD0661625.pdf,24,"ROK Armed Forces total sample 1965 (Army, Air Force, Navy, Marine)",South Korea,military,Tri-service,M,1965,other:sleeve_inseam,Sleeve inseam,cm,451.0,23.0,3747,,,,B,Table 1-8 pooled statistics; SD/mean matches printed CV; hand annotations on scan ignored (printed values used). ,B,"korea|ROK Armed Forces total sample 1965 (Army, Air Force, Navy, Marine)",1
korea,reports/korea/AD0661625.pdf,47,ROK Navy 1965,South Korea,military,Navy,M,1965,other:sleeve_inseam,Sleeve inseam,cm,455.0,,141,,,,B,Table 1-30 mean by branch (SD not given by branch); accepted because consistent with pooled Table 1-8 (checked vs implied Army mean / branch SE). Navy sample has many senior officers (mean age 27). ,B,korea|ROK Navy 1965,1
korea,reports/korea/AD0661625.pdf,47,ROK Air Force 1965,South Korea,military,Air Force,M,1965,other:sleeve_inseam,Sleeve inseam,cm,455.0,,190,,,,B,Table 1-30 mean by branch (SD not given by branch); accepted because consistent with pooled Table 1-8 (checked vs implied Army mean / branch SE). Navy sample has many senior officers (mean age 27). ,B,korea|ROK Air Force 1965,1
korea,reports/korea/AD0661625.pdf,24,"ROK Armed Forces total sample 1965 (Army, Air Force, Navy, Marine)",South Korea,military,Tri-service,M,1965,other:sleeve_length,Sleeve length,cm,794.0,34.0,3747,,,,B,Table 1-8 pooled statistics; SD/mean matches printed CV; hand annotations on scan ignored (printed values used). ,B,"korea|ROK Armed Forces total sample 1965 (Army, Air Force, Navy, Marine)",1
korea,reports/korea/AD0661625.pdf,47,ROK Navy 1965,South Korea,military,Navy,M,1965,other:sleeve_length,Sleeve length,cm,797.0,,141,,,,B,Table 1-30 mean by branch (SD not given by branch); accepted because consistent with pooled Table 1-8 (checked vs implied Army mean / branch SE). Navy sample has many senior officers (mean age 27). ,B,korea|ROK Navy 1965,1
korea,reports/korea/AD0661625.pdf,25,"ROK Armed Forces total sample 1965 (Army, Air Force, Navy, Marine)",South Korea,military,Tri-service,M,1965,head_length,Head length,cm,179.0,7.0,3747,,,,B,Table 1-9 pooled statistics; SD/mean matches printed CV; hand annotations on scan ignored (printed values used). ,B,"korea|ROK Armed Forces total sample 1965 (Army, Air Force, Navy, Marine)",1
korea,reports/korea/AD0661625.pdf,47,ROK Army 1965,South Korea,military,Army,M,1965,head_length,Head length,cm,178.0,,3249,,,,B,Table 1-30 mean by branch (SD not given by branch); accepted because consistent with pooled Table 1-9 (checked vs implied Army mean / branch SE). Navy sample has many senior officers (mean age 27). ,B,korea|ROK Army 1965,1
korea,reports/korea/AD0661625.pdf,47,ROK Navy 1965,South Korea,military,Navy,M,1965,head_length,Head length,cm,177.0,,141,,,,B,Table 1-30 mean by branch (SD not given by branch); accepted because consistent with pooled Table 1-9 (checked vs implied Army mean / branch SE). Navy sample has many senior officers (mean age 27). ,B,korea|ROK Navy 1965,1
korea,reports/korea/AD0661625.pdf,47,ROK Marines 1965,South Korea,military,Marine Corps,M,1965,head_length,Head length,cm,177.0,,167,,,,B,Table 1-30 mean by branch (SD not given by branch); accepted because consistent with pooled Table 1-9 (checked vs implied Army mean / branch SE). Navy sample has many senior officers (mean age 27). ,B,korea|ROK Marines 1965,1
korea,reports/korea/AD0661625.pdf,47,ROK Air Force 1965,South Korea,military,Air Force,M,1965,head_length,Head length,cm,177.0,,190,,,,B,Table 1-30 mean by branch (SD not given by branch); accepted because consistent with pooled Table 1-9 (checked vs implied Army mean / branch SE). Navy sample has many senior officers (mean age 27). ,B,korea|ROK Air Force 1965,1
korea,reports/korea/AD0661625.pdf,25,"ROK Armed Forces total sample 1965 (Army, Air Force, Navy, Marine)",South Korea,military,Tri-service,M,1965,other:head_height,Head height,cm,125.0,8.0,3747,,,,B,Table 1-9 pooled statistics; SD/mean matches printed CV; hand annotations on scan ignored (printed values used). ,B,"korea|ROK Armed Forces total sample 1965 (Army, Air Force, Navy, Marine)",1
korea,reports/korea/AD0661625.pdf,47,ROK Army 1965,South Korea,military,Army,M,1965,other:head_height,Head height,cm,125.0,,3249,,,,B,Table 1-30 mean by branch (SD not given by branch); accepted because consistent with pooled Table 1-9 (checked vs implied Army mean / branch SE). Navy sample has many senior officers (mean age 27). ,B,korea|ROK Army 1965,1
korea,reports/korea/AD0661625.pdf,47,ROK Navy 1965,South Korea,military,Navy,M,1965,other:head_height,Head height,cm,123.0,,141,,,,B,Table 1-30 mean by branch (SD not given by branch); accepted because consistent with pooled Table 1-9 (checked vs implied Army mean / branch SE). Navy sample has many senior officers (mean age 27). ,B,korea|ROK Navy 1965,1
korea,reports/korea/AD0661625.pdf,47,ROK Air Force 1965,South Korea,military,Air Force,M,1965,other:head_height,Head height,cm,122.0,,190,,,,B,Table 1-30 mean by branch (SD not given by branch); accepted because consistent with pooled Table 1-9 (checked vs implied Army mean / branch SE). Navy sample has many senior officers (mean age 27). ,B,korea|ROK Air Force 1965,1
korea,reports/korea/AD0661625.pdf,25,"ROK Armed Forces total sample 1965 (Army, Air Force, Navy, Marine)",South Korea,military,Tri-service,M,1965,head_breadth,Head breadth,cm,153.0,6.0,3747,,,,B,Table 1-9 pooled statistics; SD/mean matches printed CV; hand annotations on scan ignored (printed values used). ,B,"korea|ROK Armed Forces total sample 1965 (Army, Air Force, Navy, Marine)",1
korea,reports/korea/AD0661625.pdf,47,ROK Army 1965,South Korea,military,Army,M,1965,head_breadth,Head breadth,cm,150.0,,3249,,,,B,Table 1-30 mean by branch (SD not given by branch); accepted because consistent with pooled Table 1-9 (checked vs implied Army mean / branch SE). Navy sample has many senior officers (mean age 27). ,B,korea|ROK Army 1965,1
korea,reports/korea/AD0661625.pdf,47,ROK Navy 1965,South Korea,military,Navy,M,1965,head_breadth,Head breadth,cm,154.0,,141,,,,B,Table 1-30 mean by branch (SD not given by branch); accepted because consistent with pooled Table 1-9 (checked vs implied Army mean / branch SE). Navy sample has many senior officers (mean age 27). ,B,korea|ROK Navy 1965,1
korea,reports/korea/AD0661625.pdf,47,ROK Marines 1965,South Korea,military,Marine Corps,M,1965,head_breadth,Head breadth,cm,154.0,,167,,,,B,Table 1-30 mean by branch (SD not given by branch); accepted because consistent with pooled Table 1-9 (checked vs implied Army mean / branch SE). Navy sample has many senior officers (mean age 27). ,B,korea|ROK Marines 1965,1
korea,reports/korea/AD0661625.pdf,47,ROK Air Force 1965,South Korea,military,Air Force,M,1965,head_breadth,Head breadth,cm,154.0,,190,,,,B,Table 1-30 mean by branch (SD not given by branch); accepted because consistent with pooled Table 1-9 (checked vs implied Army mean / branch SE). Navy sample has many senior officers (mean age 27). ,B,korea|ROK Air Force 1965,1
korea,reports/korea/AD0661625.pdf,25,"ROK Armed Forces total sample 1965 (Army, Air Force, Navy, Marine)",South Korea,military,Tri-service,M,1965,head_circumference,Head circumference,cm,544.0,13.0,3747,,,,B,Table 1-9 pooled statistics; SD/mean matches printed CV; hand annotations on scan ignored (printed values used). ,B,"korea|ROK Armed Forces total sample 1965 (Army, Air Force, Navy, Marine)",1
korea,reports/korea/AD0661625.pdf,47,ROK Navy 1965,South Korea,military,Navy,M,1965,head_circumference,Head circumference,cm,539.0,,141,,,,B,Table 1-30 mean by branch (SD not given by branch); accepted because consistent with pooled Table 1-9 (checked vs implied Army mean / branch SE). Navy sample has many senior officers (mean age 27). ,B,korea|ROK Navy 1965,1
korea,reports/korea/AD0661625.pdf,47,ROK Marines 1965,South Korea,military,Marine Corps,M,1965,head_circumference,Head circumference,cm,544.0,,167,,,,B,Table 1-30 mean by branch (SD not given by branch); accepted because consistent with pooled Table 1-9 (checked vs implied Army mean / branch SE). Navy sample has many senior officers (mean age 27). ,B,korea|ROK Marines 1965,1
korea,reports/korea/AD0661625.pdf,47,ROK Air Force 1965,South Korea,military,Air Force,M,1965,head_circumference,Head circumference,cm,540.0,,190,,,,B,Table 1-30 mean by branch (SD not given by branch); accepted because consistent with pooled Table 1-9 (checked vs implied Army mean / branch SE). Navy sample has many senior officers (mean age 27). ,B,korea|ROK Air Force 1965,1
korea,reports/korea/AD0661625.pdf,25,"ROK Armed Forces total sample 1965 (Army, Air Force, Navy, Marine)",South Korea,military,Tri-service,M,1965,other:face_breadth,Face breadth,cm,143.0,6.0,3747,,,,B,Table 1-9 pooled statistics; SD/mean matches printed CV; hand annotations on scan ignored (printed values used). ,B,"korea|ROK Armed Forces total sample 1965 (Army, Air Force, Navy, Marine)",1
korea,reports/korea/AD0661625.pdf,48,ROK Army 1965,South Korea,military,Army,M,1965,other:face_breadth,Face breadth,cm,140.0,,3249,,,,B,Table 1-30 mean by branch (SD not given by branch); accepted because consistent with pooled Table 1-9 (checked vs implied Army mean / branch SE). Navy sample has many senior officers (mean age 27). ,B,korea|ROK Army 1965,1
korea,reports/korea/AD0661625.pdf,48,ROK Navy 1965,South Korea,military,Navy,M,1965,other:face_breadth,Face breadth,cm,143.0,,141,,,,B,Table 1-30 mean by branch (SD not given by branch); accepted because consistent with pooled Table 1-9 (checked vs implied Army mean / branch SE). Navy sample has many senior officers (mean age 27). ,B,korea|ROK Navy 1965,1
korea,reports/korea/AD0661625.pdf,48,ROK Marines 1965,South Korea,military,Marine Corps,M,1965,other:face_breadth,Face breadth,cm,141.0,,167,,,,B,Table 1-30 mean by branch (SD not given by branch); accepted because consistent with pooled Table 1-9 (checked vs implied Army mean / branch SE). Navy sample has many senior officers (mean age 27). ,B,korea|ROK Marines 1965,1
korea,reports/korea/AD0661625.pdf,48,ROK Air Force 1965,South Korea,military,Air Force,M,1965,other:face_breadth,Face breadth,cm,144.0,,190,,,,B,Table 1-30 mean by branch (SD not given by branch); accepted because consistent with pooled Table 1-9 (checked vs implied Army mean / branch SE). Navy sample has many senior officers (mean age 27). ,B,korea|ROK Air Force 1965,1
korea,reports/korea/AD0661625.pdf,25,"ROK Armed Forces total sample 1965 (Army, Air Force, Navy, Marine)",South Korea,military,Tri-service,M,1965,hand_length,Hand length,cm,181.0,7.0,3747,,,,B,Table 1-9 pooled statistics; SD/mean matches printed CV; hand annotations on scan ignored (printed values used). ,B,"korea|ROK Armed Forces total sample 1965 (Army, Air Force, Navy, Marine)",1
korea,reports/korea/AD0661625.pdf,48,ROK Army 1965,South Korea,military,Army,M,1965,hand_length,Hand length,cm,179.0,,3249,,,,B,Table 1-30 mean by branch (SD not given by branch); accepted because consistent with pooled Table 1-9 (checked vs implied Army mean / branch SE). Navy sample has many senior officers (mean age 27). ,B,korea|ROK Army 1965,1
korea,reports/korea/AD0661625.pdf,48,ROK Navy 1965,South Korea,military,Navy,M,1965,hand_length,Hand length,cm,179.0,,141,,,,B,Table 1-30 mean by branch (SD not given by branch); accepted because consistent with pooled Table 1-9 (checked vs implied Army mean / branch SE). Navy sample has many senior officers (mean age 27). ,B,korea|ROK Navy 1965,1
korea,reports/korea/AD0661625.pdf,25,"ROK Armed Forces total sample 1965 (Army, Air Force, Navy, Marine)",South Korea,military,Tri-service,M,1965,other:palm_length,Palm length,cm,103.0,5.0,3747,,,,B,Table 1-9 pooled statistics; SD/mean matches printed CV; hand annotations on scan ignored (printed values used). ,B,"korea|ROK Armed Forces total sample 1965 (Army, Air Force, Navy, Marine)",1
korea,reports/korea/AD0661625.pdf,48,ROK Navy 1965,South Korea,military,Navy,M,1965,other:palm_length,Palm length,cm,103.0,,141,,,,B,Table 1-30 mean by branch (SD not given by branch); accepted because consistent with pooled Table 1-9 (checked vs implied Army mean / branch SE). Navy sample has many senior officers (mean age 27). ,B,korea|ROK Navy 1965,1
korea,reports/korea/AD0661625.pdf,48,ROK Air Force 1965,South Korea,military,Air Force,M,1965,other:palm_length,Palm length,cm,104.0,,190,,,,B,Table 1-30 mean by branch (SD not given by branch); accepted because consistent with pooled Table 1-9 (checked vs implied Army mean / branch SE). Navy sample has many senior officers (mean age 27). ,B,korea|ROK Air Force 1965,1
korea,reports/korea/AD0661625.pdf,25,"ROK Armed Forces total sample 1965 (Army, Air Force, Navy, Marine)",South Korea,military,Tri-service,M,1965,hand_breadth,Hand breadth,cm,85.0,4.0,3747,,,,B,Table 1-9 pooled statistics; SD/mean matches printed CV; hand annotations on scan ignored (printed values used). ,B,"korea|ROK Armed Forces total sample 1965 (Army, Air Force, Navy, Marine)",1
korea,reports/korea/AD0661625.pdf,48,ROK Air Force 1965,South Korea,military,Air Force,M,1965,hand_breadth,Hand breadth,cm,87.0,,190,,,,B,Table 1-30 mean by branch (SD not given by branch); accepted because consistent with pooled Table 1-9 (checked vs implied Army mean / branch SE). Navy sample has many senior officers (mean age 27). ,B,korea|ROK Air Force 1965,1
korea,reports/korea/AD0661625.pdf,25,"ROK Armed Forces total sample 1965 (Army, Air Force, Navy, Marine)",South Korea,military,Tri-service,M,1965,other:hand_circumference,Hand circumference,cm,208.0,12.0,3747,,,,B,Table 1-9 pooled statistics; SD/mean matches printed CV; hand annotations on scan ignored (printed values used). ,B,"korea|ROK Armed Forces total sample 1965 (Army, Air Force, Navy, Marine)",1
korea,reports/korea/AD0661625.pdf,48,ROK Army 1965,South Korea,military,Army,M,1965,other:hand_circumference,Hand circumference,cm,206.0,,3249,,,,B,Table 1-30 mean by branch (SD not given by branch); accepted because consistent with pooled Table 1-9 (checked vs implied Army mean / branch SE). Navy sample has many senior officers (mean age 27). ,B,korea|ROK Army 1965,1
korea,reports/korea/AD0661625.pdf,48,ROK Navy 1965,South Korea,military,Navy,M,1965,other:hand_circumference,Hand circumference,cm,208.0,,141,,,,B,Table 1-30 mean by branch (SD not given by branch); accepted because consistent with pooled Table 1-9 (checked vs implied Army mean / branch SE). Navy sample has many senior officers (mean age 27). ,B,korea|ROK Navy 1965,1
korea,reports/korea/AD0661625.pdf,48,ROK Marines 1965,South Korea,military,Marine Corps,M,1965,other:hand_circumference,Hand circumference,cm,210.0,,167,,,,B,Table 1-30 mean by branch (SD not given by branch); accepted because consistent with pooled Table 1-9 (checked vs implied Army mean / branch SE). Navy sample has many senior officers (mean age 27). ,B,korea|ROK Marines 1965,1
korea,reports/korea/AD0661625.pdf,25,"ROK Armed Forces total sample 1965 (Army, Air Force, Navy, Marine)",South Korea,military,Tri-service,M,1965,foot_length,Foot length,cm,244.0,13.0,3747,,,,B,Table 1-9 pooled statistics; SD/mean matches printed CV; hand annotations on scan ignored (printed values used). ,B,"korea|ROK Armed Forces total sample 1965 (Army, Air Force, Navy, Marine)",1
korea,reports/korea/AD0661625.pdf,48,ROK Navy 1965,South Korea,military,Navy,M,1965,foot_length,Foot length,cm,242.0,,141,,,,B,Table 1-30 mean by branch (SD not given by branch); accepted because consistent with pooled Table 1-9 (checked vs implied Army mean / branch SE). Navy sample has many senior officers (mean age 27). ,B,korea|ROK Navy 1965,1
korea,reports/korea/AD0661625.pdf,25,"ROK Armed Forces total sample 1965 (Army, Air Force, Navy, Marine)",South Korea,military,Tri-service,M,1965,other:instep_length,Instep length,cm,179.0,20.0,3747,,,,B,Table 1-9 pooled statistics; SD/mean matches printed CV; hand annotations on scan ignored (printed values used). ,B,"korea|ROK Armed Forces total sample 1965 (Army, Air Force, Navy, Marine)",1
korea,reports/korea/AD0661625.pdf,48,ROK Army 1965,South Korea,military,Army,M,1965,other:instep_length,Instep length,cm,177.0,,3249,,,,B,Table 1-30 mean by branch (SD not given by branch); accepted because consistent with pooled Table 1-9 (checked vs implied Army mean / branch SE). Navy sample has many senior officers (mean age 27). ,B,korea|ROK Army 1965,1
korea,reports/korea/AD0661625.pdf,25,"ROK Armed Forces total sample 1965 (Army, Air Force, Navy, Marine)",South Korea,military,Tri-service,M,1965,foot_breadth,Foot breadth,cm,96.0,4.0,3747,,,,B,Table 1-9 pooled statistics; SD/mean matches printed CV; hand annotations on scan ignored (printed values used). ,B,"korea|ROK Armed Forces total sample 1965 (Army, Air Force, Navy, Marine)",1
korea,reports/korea/AD0661625.pdf,48,ROK Army 1965,South Korea,military,Army,M,1965,foot_breadth,Foot breadth,cm,96.0,,3249,,,,B,Table 1-30 mean by branch (SD not given by branch); accepted because consistent with pooled Table 1-9 (checked vs implied Army mean / branch SE). Navy sample has many senior officers (mean age 27). ,B,korea|ROK Army 1965,1
korea,reports/korea/AD0661625.pdf,48,ROK Navy 1965,South Korea,military,Navy,M,1965,foot_breadth,Foot breadth,cm,96.0,,141,,,,B,Table 1-30 mean by branch (SD not given by branch); accepted because consistent with pooled Table 1-9 (checked vs implied Army mean / branch SE). Navy sample has many senior officers (mean age 27). ,B,korea|ROK Navy 1965,1
korea,reports/korea/AD0661625.pdf,48,ROK Marines 1965,South Korea,military,Marine Corps,M,1965,foot_breadth,Foot breadth,cm,96.0,,167,,,,B,Table 1-30 mean by branch (SD not given by branch); accepted because consistent with pooled Table 1-9 (checked vs implied Army mean / branch SE). Navy sample has many senior officers (mean age 27). ,B,korea|ROK Marines 1965,1
korea,reports/korea/AD0661625.pdf,25,"ROK Armed Forces total sample 1965 (Army, Air Force, Navy, Marine)",South Korea,military,Tri-service,M,1965,other:ball_foot_circumference,Ball foot circumference,cm,246.0,11.0,3747,,,,B,Table 1-9 pooled statistics; SD/mean matches printed CV; hand annotations on scan ignored (printed values used). ,B,"korea|ROK Armed Forces total sample 1965 (Army, Air Force, Navy, Marine)",1
korea,reports/korea/AD0661625.pdf,48,ROK Army 1965,South Korea,military,Army,M,1965,other:ball_foot_circumference,Ball foot circumference,cm,244.0,,3249,,,,B,Table 1-30 mean by branch (SD not given by branch); accepted because consistent with pooled Table 1-9 (checked vs implied Army mean / branch SE). Navy sample has many senior officers (mean age 27). ,B,korea|ROK Army 1965,1
korea,reports/korea/AD0661625.pdf,48,ROK Marines 1965,South Korea,military,Marine Corps,M,1965,other:ball_foot_circumference,Ball foot circumference,cm,244.0,,167,,,,B,Table 1-30 mean by branch (SD not given by branch); accepted because consistent with pooled Table 1-9 (checked vs implied Army mean / branch SE). Navy sample has many senior officers (mean age 27). ,B,korea|ROK Marines 1965,1
korea,reports/korea/AD0661625.pdf,25,"ROK Armed Forces total sample 1965 (Army, Air Force, Navy, Marine)",South Korea,military,Tri-service,M,1965,other:heel_ankle_circumference,Heel-ankle circumference,cm,319.0,19.0,3747,,,,B,Table 1-9 pooled statistics; SD/mean matches printed CV; hand annotations on scan ignored (printed values used). ,B,"korea|ROK Armed Forces total sample 1965 (Army, Air Force, Navy, Marine)",1
korea,reports/korea/AD0661625.pdf,48,ROK Marines 1965,South Korea,military,Marine Corps,M,1965,other:heel_ankle_circumference,Heel-ankle circumference,cm,317.0,,167,,,,B,Table 1-30 mean by branch (SD not given by branch); accepted because consistent with pooled Table 1-9 (checked vs implied Army mean / branch SE). Navy sample has many senior officers (mean age 27). ,B,korea|ROK Marines 1965,1
korea,reports/korea/AD0661625.pdf,48,ROK Air Force 1965,South Korea,military,Air Force,M,1965,other:heel_ankle_circumference,Heel-ankle circumference,cm,317.0,,190,,,,B,Table 1-30 mean by branch (SD not given by branch); accepted because consistent with pooled Table 1-9 (checked vs implied Army mean / branch SE). Navy sample has many senior officers (mean age 27). ,B,korea|ROK Air Force 1965,1
korea,reports/korea/AD0661625.pdf,26,"ROK Armed Forces total sample 1965 (Army, Air Force, Navy, Marine)",South Korea,military,Tri-service,M,1965,mass,Weight,kg,59.4,4.9,3747,,,,B,Table 1-10 pooled statistics; SD/mean matches printed CV; hand annotations on scan ignored (printed values used). ,B,"korea|ROK Armed Forces total sample 1965 (Army, Air Force, Navy, Marine)",1
korea,reports/korea/AD0661625.pdf,48,ROK Navy 1965,South Korea,military,Navy,M,1965,mass,Weight,kg,60.1,,141,,,,B,Table 1-30 mean by branch (SD not given by branch); accepted because consistent with pooled Table 1-10 (checked vs implied Army mean / branch SE). Navy sample has many senior officers (mean age 27). ,B,korea|ROK Navy 1965,1
korea,reports/korea/AD0661625.pdf,48,ROK Marines 1965,South Korea,military,Marine Corps,M,1965,mass,Weight,kg,60.1,,167,,,,B,Table 1-30 mean by branch (SD not given by branch); accepted because consistent with pooled Table 1-10 (checked vs implied Army mean / branch SE). Navy sample has many senior officers (mean age 27). ,B,korea|ROK Marines 1965,1
korea,reports/korea/AD0661625.pdf,48,ROK Air Force 1965,South Korea,military,Air Force,M,1965,mass,Weight,kg,59.4,,190,,,,B,Table 1-30 mean by branch (SD not given by branch); accepted because consistent with pooled Table 1-10 (checked vs implied Army mean / branch SE). Navy sample has many senior officers (mean age 27). ,B,korea|ROK Air Force 1965,1
korea,reports/korea/AD0661625.pdf,26,"ROK Armed Forces total sample 1965 (Army, Air Force, Navy, Marine)",South Korea,military,Tri-service,M,1965,other:juxta_nipple_skinfold,Juxta-nipple skinfold,cm,4.0,1.4,3747,,,,B,"Table 1-10 pooled statistics; SD/mean matches printed CV; hand annotations on scan ignored (printed values used). skinfold thickness printed in cm, converted to mm",B,"korea|ROK Armed Forces total sample 1965 (Army, Air Force, Navy, Marine)",1
korea,reports/korea/AD0661625.pdf,48,ROK Army 1965,South Korea,military,Army,M,1965,other:juxta_nipple_skinfold,Juxta-nipple skinfold,cm,4.4,,3249,,,,B,"Table 1-30 mean by branch (SD not given by branch); accepted because consistent with pooled Table 1-10 (checked vs implied Army mean / branch SE). Navy sample has many senior officers (mean age 27). skinfold thickness printed in cm, converted to mm",B,korea|ROK Army 1965,1
korea,reports/korea/AD0661625.pdf,26,"ROK Armed Forces total sample 1965 (Army, Air Force, Navy, Marine)",South Korea,military,Tri-service,M,1965,other:sub_scapular_skinfold,Sub-scapular skinfold,cm,7.7,2.0,3747,,,,B,"Table 1-10 pooled statistics; SD/mean matches printed CV; hand annotations on scan ignored (printed values used). skinfold thickness printed in cm, converted to mm",B,"korea|ROK Armed Forces total sample 1965 (Army, Air Force, Navy, Marine)",1
korea,reports/korea/AD0661625.pdf,48,ROK Marines 1965,South Korea,military,Marine Corps,M,1965,other:sub_scapular_skinfold,Sub-scapular skinfold,cm,7.6,,167,,,,B,"Table 1-30 mean by branch (SD not given by branch); accepted because consistent with pooled Table 1-10 (checked vs implied Army mean / branch SE). Navy sample has many senior officers (mean age 27). skinfold thickness printed in cm, converted to mm",B,korea|ROK Marines 1965,1
korea,reports/korea/AD0661625.pdf,26,"ROK Armed Forces total sample 1965 (Army, Air Force, Navy, Marine)",South Korea,military,Tri-service,M,1965,other:mid_axillary_skinfold,Mid-axillary skinfold,cm,4.4,1.3,3747,,,,B,"Table 1-10 pooled statistics; SD/mean matches printed CV; hand annotations on scan ignored (printed values used). skinfold thickness printed in cm, converted to mm",B,"korea|ROK Armed Forces total sample 1965 (Army, Air Force, Navy, Marine)",1
korea,reports/korea/AD0661625.pdf,48,ROK Army 1965,South Korea,military,Army,M,1965,other:mid_axillary_skinfold,Mid-axillary skinfold,cm,4.8,,3249,,,,B,"Table 1-30 mean by branch (SD not given by branch); accepted because consistent with pooled Table 1-10 (checked vs implied Army mean / branch SE). Navy sample has many senior officers (mean age 27). skinfold thickness printed in cm, converted to mm",B,korea|ROK Army 1965,1
korea,reports/korea/AD0661625.pdf,26,"ROK Armed Forces total sample 1965 (Army, Air Force, Navy, Marine)",South Korea,military,Tri-service,M,1965,other:triceps_skinfold,Triceps skinfold,cm,5.3,1.7,3747,,,,B,"Table 1-10 pooled statistics; SD/mean matches printed CV; hand annotations on scan ignored (printed values used). skinfold thickness printed in cm, converted to mm",B,"korea|ROK Armed Forces total sample 1965 (Army, Air Force, Navy, Marine)",1
korea,reports/korea/AD0661625.pdf,48,ROK Army 1965,South Korea,military,Army,M,1965,other:triceps_skinfold,Triceps skinfold,cm,5.4,,3249,,,,B,"Table 1-30 mean by branch (SD not given by branch); accepted because consistent with pooled Table 1-10 (checked vs implied Army mean / branch SE). Navy sample has many senior officers (mean age 27). skinfold thickness printed in cm, converted to mm",B,korea|ROK Army 1965,1
korea,reports/korea/AD0661625.pdf,48,ROK Navy 1965,South Korea,military,Navy,M,1965,other:triceps_skinfold,Triceps skinfold,cm,4.8,,141,,,,B,"Table 1-30 mean by branch (SD not given by branch); accepted because consistent with pooled Table 1-10 (checked vs implied Army mean / branch SE). Navy sample has many senior officers (mean age 27). skinfold thickness printed in cm, converted to mm",B,korea|ROK Navy 1965,1
korea,reports/korea/AD0661625.pdf,48,ROK Air Force 1965,South Korea,military,Air Force,M,1965,other:triceps_skinfold,Triceps skinfold,cm,5.7,,190,,,,B,"Table 1-30 mean by branch (SD not given by branch); accepted because consistent with pooled Table 1-10 (checked vs implied Army mean / branch SE). Navy sample has many senior officers (mean age 27). skinfold thickness printed in cm, converted to mm",B,korea|ROK Air Force 1965,1
