country,service_role,sex,measure_key,measure_label,n_total,mean,sd,n_surveys,mean_min,mean_max,year_min,year_max,sources
Australia,Army,F,abdominal_depth_sitting,Abdominal extension depth (sitting),277,226.0,31.8,1,226.0,226.0,,,awas
Australia,Army,F,acromion_height,Acromion height,277,1349.0,56.4,1,1349.0,1349.0,,,awas
Australia,Army,F,acromion_height_sitting,Acromion height (sitting),277,571.0,27.8,1,571.0,571.0,,,awas
Australia,Army,F,acromion_radiale_length,Acromion-radiale length,276,312.0,16.7,1,312.0,312.0,,,awas
Australia,Army,F,ankle_circumference,Ankle circumference,276,221.0,14.4,1,221.0,221.0,,,awas
Australia,Army,F,biceps_circumference_flexed,Biceps circumference (flexed),277,299.0,26.9,1,299.0,299.0,,,awas
Australia,Army,F,bicristal_breadth,Bicristal (biiliocristale) breadth,277,282.0,17.7,1,282.0,282.0,,,awas
Australia,Army,F,bideltoid_breadth,Bideltoid breadth,277,438.0,25.8,1,438.0,438.0,,,awas
Australia,Army,F,bizygomatic_breadth,Bizygomatic breadth,277,129.0,6.1,1,129.0,129.0,,,awas
Australia,Army,F,buttock_circumference,Buttock circumference,277,991.0,71.7,1,991.0,991.0,,,awas
Australia,Army,F,buttock_knee_length,Buttock-knee length,277,582.0,26.1,1,582.0,582.0,,,awas
Australia,Army,F,buttock_popliteal_length,Buttock-popliteal length,277,483.0,24.0,1,483.0,483.0,,,awas
Australia,Army,F,calf_circumference,Calf circumference,271,375.0,27.6,1,375.0,375.0,,,awas
Australia,Army,F,cervicale_height,Cervicale height,277,1418.0,57.7,1,1418.0,1418.0,,,awas
Australia,Army,F,chest_breadth,Chest breadth,277,274.0,23.3,1,274.0,274.0,,,awas
Australia,Army,F,chest_circumference,Chest circumference,277,907.0,75.1,1,907.0,907.0,,,awas
Australia,Army,F,chest_depth,Chest depth,277,239.0,25.5,1,239.0,239.0,,,awas
Australia,Army,F,crotch_height,Crotch height,277,791.0,40.9,1,791.0,791.0,,,awas
Australia,Army,F,elbow_rest_height,Elbow rest height,277,234.0,24.3,1,234.0,234.0,,,awas
Australia,Army,F,eye_height_sitting,Eye height (sitting),277,758.0,31.2,1,758.0,758.0,,,awas
Australia,Army,F,foot_breadth,Foot breadth,277,90.0,5.1,1,90.0,90.0,,,awas
Australia,Army,F,foot_length,Foot length,275,244.0,11.5,1,244.0,244.0,,,awas
Australia,Army,F,forearm_circumference_flexed,Forearm circumference (flexed),277,259.0,18.0,1,259.0,259.0,,,awas
Australia,Army,F,forearm_forearm_breadth,Forearm-forearm breadth,277,467.0,41.7,1,467.0,467.0,,,awas
Australia,Army,F,hand_breadth,Hand breadth (metacarpale),276,78.0,3.7,1,78.0,78.0,,,awas
Australia,Army,F,hand_circumference,Hand circumference (metacarpale),275,186.0,9.1,1,186.0,186.0,,,awas
Australia,Army,F,hand_length,Hand length,276,176.0,9.8,1,176.0,176.0,,,awas
Australia,Army,F,head_breadth,Head breadth,276,155.0,5.4,1,155.0,155.0,,,awas
Australia,Army,F,head_circumference,Head circumference,277,549.0,13.4,1,549.0,549.0,,,awas
Australia,Army,F,hip_breadth_sitting,Hip breadth (sitting),277,392.0,32.3,1,392.0,392.0,,,awas
Australia,Army,F,iliocristale_height,Iliocristale height,277,1009.0,47.9,1,1009.0,1009.0,,,awas
Australia,Army,F,interpupillary_breadth,Interpupillary breadth,277,63.0,4.8,1,63.0,63.0,,,awas
Australia,Army,F,knee_height_sitting,Knee height (sitting),277,511.0,25.0,1,511.0,511.0,,,awas
Australia,Army,F,mass,Body mass,277,66.0,9.7,1,66.0,66.0,,,awas
Australia,Army,F,menton_sellion_length,Menton-sellion (face) length,276,112.0,3.9,1,112.0,112.0,,,awas
Australia,Army,F,neck_circumference,Neck circumference,236,329.0,20.0,1,329.0,329.0,,,awas
Australia,Army,F,neck_circumference_base,Neck circumference (base),277,377.0,22.3,1,377.0,377.0,,,awas
Australia,Army,F,other:ankle_height,Ankle Height,276,67.0,7.5,1,67.0,67.0,,,awas
Australia,Army,F,other:back_length,Back Length,276,435.0,24.1,1,435.0,435.0,,,awas
Australia,Army,F,other:back_width,Back Width,276,322.0,22.6,1,322.0,322.0,,,awas
Australia,Army,F,other:ball_of_foot_length,Ball of Foot Length,269,181.0,9.5,1,181.0,181.0,,,awas
Australia,Army,F,other:biacromial_breadth,Biacromial Breadth,277,373.0,17.4,1,373.0,373.0,,,awas
Australia,Army,F,other:bitragion_submandibular_arc,Bitragion Submandibular Arc,236,273.0,15.2,1,273.0,273.0,,,awas
Australia,Army,F,other:chest_circumference_below_breast,Chest Circumference Below Breast,276,765.0,59.2,1,765.0,765.0,,,awas
Australia,Army,F,other:crotch_length_omphalion,Crotch Length Omphalion,236,633.0,13.2,1,633.0,633.0,,,awas
Australia,Army,F,other:front_length,Front Length,277,362.0,24.0,1,362.0,362.0,,,awas
Australia,Army,F,other:high_hip,High Hip,275,973.0,71.1,1,973.0,973.0,,,awas
Australia,Army,F,other:hip_circumference,Hip Circumference,243,993.0,65.6,1,993.0,993.0,,,awas
Australia,Army,F,other:knee_circumference,Knee Circumference,273,377.0,26.7,1,377.0,377.0,,,awas
Australia,Army,F,other:knee_level,Knee Level,276,458.0,26.0,1,458.0,458.0,,,awas
Australia,Army,F,other:maximum_hip_circumference,Maximum Hip Circumference,275,992.0,65.4,1,992.0,992.0,,,awas
Australia,Army,F,other:nape_to_bustpoint_thelion_length,Nape to Bustpoint Thelion Length,236,360.0,24.4,1,360.0,360.0,,,awas
Australia,Army,F,other:nape_to_waist_centre_back,Nape to Waist Centre Back,236,493.0,33.3,1,493.0,493.0,,,awas
Australia,Army,F,other:nape_to_waist_over_bust,Nape to Waist over Bust,236,584.0,31.9,1,584.0,584.0,,,awas
Australia,Army,F,other:outside_leg_length,Outside Leg Length,276,926.0,50.2,1,926.0,926.0,,,awas
Australia,Army,F,other:scye_depth,Scye Depth,276,188.0,15.4,1,188.0,188.0,,,awas
Australia,Army,F,other:seat_angle,Seat Angle,276,21.0,4.1,1,21.0,21.0,,,awas
Australia,Army,F,other:seat_level,Seat Level,276,837.0,42.8,1,837.0,837.0,,,awas
Australia,Army,F,other:substernale_height,Substernale Height,277,1162.0,53.1,1,1162.0,1162.0,,,awas
Australia,Army,F,other:t2_height,T2 Height,277,1377.0,58.2,1,1377.0,1377.0,,,awas
Australia,Army,F,other:tenth_rib_height,Tenth Rib Height,277,1056.0,47.6,1,1056.0,1056.0,,,awas
Australia,Army,F,other:vertical_trunk_circumference_wide,Vertical Trunk Circumference Wide,235,1537.0,52.6,1,1537.0,1537.0,,,awas
Australia,Army,F,other:waist_circumference_preferred,Waist Circumference Preferred,236,894.0,85.0,1,894.0,894.0,,,awas
Australia,Army,F,other:waist_hip_distance,Waist-Hip Distance,275,178.0,23.9,1,178.0,178.0,,,awas
Australia,Army,F,other:waist_level_centre_back,Waist Level Centre Back,276,964.0,45.2,1,964.0,964.0,,,awas
Australia,Army,F,other:waist_level_centre_front,Waist Level Centre Front,276,926.0,48.6,1,926.0,926.0,,,awas
Australia,Army,F,popliteal_height,Popliteal height,277,411.0,24.6,1,411.0,411.0,,,awas
Australia,Army,F,radiale_stylion_length,Radiale-stylion length,276,240.0,13.4,1,240.0,240.0,,,awas
Australia,Army,F,shoulder_length,Shoulder length,277,134.0,10.2,1,134.0,134.0,,,awas
Australia,Army,F,sitting_height,Sitting height,277,875.0,31.5,1,875.0,875.0,,,awas
Australia,Army,F,sleeve_outseam,Sleeve outseam,276,559.0,27.0,1,559.0,559.0,,,awas
Australia,Army,F,stature,Stature,277,1654.0,61.1,1,1654.0,1654.0,,,awas
Australia,Army,F,suprasternale_height,Suprasternale height,277,1341.0,54.3,1,1341.0,1341.0,,,awas
Australia,Army,F,thigh_circumference,Thigh circumference,236,612.0,47.7,1,612.0,612.0,,,awas
Australia,Army,F,thigh_clearance,Thigh clearance,277,160.0,14.4,1,160.0,160.0,,,awas
Australia,Army,F,thumbtip_reach,Thumb-tip reach,276,713.0,39.4,1,713.0,713.0,,,awas
Australia,Army,F,trochanterion_height,Trochanterion height,236,859.0,43.4,1,859.0,859.0,,,awas
Australia,Army,F,waist_circumference,Waist circumference (omphalion),277,837.0,90.4,1,837.0,837.0,,,awas
Australia,Army,F,wrist_circumference,Wrist circumference,276,164.0,9.5,1,164.0,164.0,,,awas
Australia,Army,M,abdominal_depth_sitting,Abdominal extension depth (sitting),1861,246.0,30.8,1,246.0,246.0,,,awas
Australia,Army,M,acromion_height,Acromion height,1861,1452.0,61.7,1,1452.0,1452.0,,,awas
Australia,Army,M,acromion_height_sitting,Acromion height (sitting),1858,599.0,30.2,1,599.0,599.0,,,awas
Australia,Army,M,acromion_radiale_length,Acromion-radiale length,1857,343.0,19.0,1,343.0,343.0,,,awas
Australia,Army,M,ankle_circumference,Ankle circumference,1858,230.0,15.0,1,230.0,230.0,,,awas
Australia,Army,M,biceps_circumference_flexed,Biceps circumference (flexed),1861,354.0,30.4,1,354.0,354.0,,,awas
Australia,Army,M,bicristal_breadth,Bicristal (biiliocristale) breadth,1861,291.0,21.7,1,291.0,291.0,,,awas
Australia,Army,M,bideltoid_breadth,Bideltoid breadth,1861,495.0,28.0,1,495.0,495.0,,,awas
Australia,Army,M,bizygomatic_breadth,Bizygomatic breadth,1861,139.0,6.7,1,139.0,139.0,,,awas
Australia,Army,M,buttock_circumference,Buttock circumference,1861,999.0,68.6,1,999.0,999.0,,,awas
Australia,Army,M,buttock_knee_length,Buttock-knee length,1861,615.0,29.1,1,615.0,615.0,,,awas
Australia,Army,M,buttock_popliteal_length,Buttock-popliteal length,1860,503.0,26.4,1,503.0,503.0,,,awas
Australia,Army,M,calf_circumference,Calf circumference,1844,390.0,27.3,1,390.0,390.0,,,awas
Australia,Army,M,cervicale_height,Cervicale height,1861,1531.0,63.8,1,1531.0,1531.0,,,awas
Australia,Army,M,chest_breadth,Chest breadth,1860,305.0,25.7,1,305.0,305.0,,,awas
Australia,Army,M,chest_circumference,Chest circumference,1860,1010.0,74.3,1,1010.0,1010.0,,,awas
Australia,Army,M,chest_depth,Chest depth,1861,251.0,23.3,1,251.0,251.0,,,awas
Australia,Army,M,crotch_height,Crotch height,1861,856.0,46.3,1,856.0,856.0,,,awas
Australia,Army,M,elbow_rest_height,Elbow rest height,1861,232.0,26.3,1,232.0,232.0,,,awas
Australia,Army,M,eye_height_sitting,Eye height (sitting),1861,806.0,34.8,1,806.0,806.0,,,awas
Australia,Army,M,foot_breadth,Foot breadth,1861,100.0,6.0,1,100.0,100.0,,,awas
Australia,Army,M,foot_length,Foot length,1857,269.0,13.2,1,269.0,269.0,,,awas
Australia,Army,M,forearm_circumference_flexed,Forearm circumference (flexed),1861,304.0,19.5,1,304.0,304.0,,,awas
Australia,Army,M,forearm_forearm_breadth,Forearm-forearm breadth,1861,550.0,49.2,1,550.0,550.0,,,awas
Australia,Army,M,hand_breadth,Hand breadth (metacarpale),1860,89.0,4.4,1,89.0,89.0,,,awas
Australia,Army,M,hand_circumference,Hand circumference (metacarpale),1855,213.0,11.1,1,213.0,213.0,,,awas
Australia,Army,M,hand_length,Hand length,1859,193.0,11.0,1,193.0,193.0,,,awas
Australia,Army,M,head_breadth,Head breadth,1861,161.0,5.6,1,161.0,161.0,,,awas
Australia,Army,M,head_circumference,Head circumference,1860,571.0,15.2,1,571.0,571.0,,,awas
Australia,Army,M,head_length,Head length,1860,209.0,6.5,1,209.0,209.0,,,awas
Australia,Army,M,hip_breadth_sitting,Hip breadth (sitting),1861,370.0,29.4,1,370.0,370.0,,,awas
Australia,Army,M,iliocristale_height,Iliocristale height,1861,1082.0,52.5,1,1082.0,1082.0,,,awas
Australia,Army,M,interpupillary_breadth,Interpupillary breadth,1861,65.0,4.1,1,65.0,65.0,,,awas
Australia,Army,M,knee_height_sitting,Knee height (sitting),1861,555.0,27.9,1,555.0,555.0,,,awas
Australia,Army,M,mass,Body mass,1861,82.7,12.2,1,82.7,82.7,,,awas
Australia,Army,M,menton_sellion_length,Menton-sellion (face) length,1858,117.0,4.1,1,117.0,117.0,,,awas
Australia,Army,M,neck_circumference,Neck circumference,1519,393.0,23.0,1,393.0,393.0,,,awas
Australia,Army,M,neck_circumference_base,Neck circumference (base),1861,436.0,24.3,1,436.0,436.0,,,awas
Australia,Army,M,other:ankle_height,Ankle Height,1859,74.0,7.8,1,74.0,74.0,,,awas
Australia,Army,M,other:back_length,Back Length,1854,470.0,26.7,1,470.0,470.0,,,awas
Australia,Army,M,other:back_width,Back Width,1861,372.0,25.9,1,372.0,372.0,,,awas
Australia,Army,M,other:ball_of_foot_length,Ball of Foot Length,1828,200.0,11.4,1,200.0,200.0,,,awas
Australia,Army,M,other:biacromial_breadth,Biacromial Breadth,1861,414.0,20.6,1,414.0,414.0,,,awas
Australia,Army,M,other:bitragion_submandibular_arc,Bitragion Submandibular Arc,1516,308.0,16.7,1,308.0,308.0,,,awas
Australia,Army,M,other:crotch_length_omphalion,Crotch Length Omphalion,1519,673.0,14.1,1,673.0,673.0,,,awas
Australia,Army,M,other:front_length,Front Length,1861,332.0,20.8,1,332.0,332.0,,,awas
Australia,Army,M,other:hip_circumference,Hip Circumference,1850,1023.0,69.4,1,1023.0,1023.0,,,awas
Australia,Army,M,other:knee_circumference,Knee Circumference,1852,394.0,25.0,1,394.0,394.0,,,awas
Australia,Army,M,other:knee_level,Knee Level,1861,503.0,27.3,1,503.0,503.0,,,awas
Australia,Army,M,other:maximum_hip_circumference,Maximum Hip Circumference,1856,997.0,65.2,1,997.0,997.0,,,awas
Australia,Army,M,other:nape_to_bustpoint_thelion_length,Nape to Bustpoint Thelion Length,1519,378.0,22.9,1,378.0,378.0,,,awas
Australia,Army,M,other:nape_to_waist_centre_back,Nape to Waist Centre Back,1519,531.0,33.9,1,531.0,531.0,,,awas
Australia,Army,M,other:nape_to_waist_over_bust,Nape to Waist over Bust,1519,637.0,33.8,1,637.0,637.0,,,awas
Australia,Army,M,other:outside_leg_length,Outside Leg Length,1854,987.0,51.4,1,987.0,987.0,,,awas
Australia,Army,M,other:scye_depth,Scye Depth,1860,213.0,18.2,1,213.0,213.0,,,awas
Australia,Army,M,other:seat_angle,Seat Angle,1858,21.0,4.1,1,21.0,21.0,,,awas
Australia,Army,M,other:seat_level,Seat Level,1861,908.0,46.4,1,908.0,908.0,,,awas
Australia,Army,M,other:substernale_height,Substernale Height,1861,1277.0,54.7,1,1277.0,1277.0,,,awas
Australia,Army,M,other:t2_height,T2 Height,1860,1487.0,64.3,1,1487.0,1487.0,,,awas
Australia,Army,M,other:tenth_rib_height,Tenth Rib Height,1860,1144.0,51.7,1,1144.0,1144.0,,,awas
Australia,Army,M,other:vertical_trunk_circumference_wide,Vertical Trunk Circumference Wide,1519,1660.0,61.7,1,1660.0,1660.0,,,awas
Australia,Army,M,other:waist_circumference_preferred,Waist Circumference Preferred,1519,924.0,91.2,1,924.0,924.0,,,awas
Australia,Army,M,other:waist_hip_distance,Waist-Hip Distance,1855,127.0,18.2,1,127.0,127.0,,,awas
Australia,Army,M,other:waist_level_centre_back,Waist Level Centre Back,1861,1031.0,50.1,1,1031.0,1031.0,,,awas
Australia,Army,M,other:waist_level_centre_front,Waist Level Centre Front,1861,987.0,50.9,1,987.0,987.0,,,awas
Australia,Army,M,popliteal_height,Popliteal height,1861,445.0,25.3,1,445.0,445.0,,,awas
Australia,Army,M,radiale_stylion_length,Radiale-stylion length,1861,265.0,15.2,1,265.0,265.0,,,awas
Australia,Army,M,shoulder_length,Shoulder length,1860,147.0,12.9,1,147.0,147.0,,,awas
Australia,Army,M,sitting_height,Sitting height,1861,936.0,34.1,1,936.0,936.0,,,awas
Australia,Army,M,sleeve_outseam,Sleeve outseam,1855,617.0,31.7,1,617.0,617.0,,,awas
Australia,Army,M,stature,Stature,1861,1785.0,68.3,1,1785.0,1785.0,,,awas
Australia,Army,M,suprasternale_height,Suprasternale height,1861,1444.0,59.5,1,1444.0,1444.0,,,awas
Australia,Army,M,thigh_circumference,Thigh circumference,1519,615.0,51.2,1,615.0,615.0,,,awas
Australia,Army,M,thigh_clearance,Thigh clearance,1861,176.0,14.5,1,176.0,176.0,,,awas
Australia,Army,M,thumbtip_reach,Thumb-tip reach,1861,781.0,43.6,1,781.0,781.0,,,awas
Australia,Army,M,trochanterion_height,Trochanterion height,1508,932.0,50.1,1,932.0,932.0,,,awas
Australia,Army,M,waist_circumference,Waist circumference (omphalion),1861,888.0,93.5,1,888.0,888.0,,,awas
Australia,Army,M,wrist_circumference,Wrist circumference,1859,186.0,11.2,1,186.0,186.0,,,awas
Australia,Navy,F,abdominal_depth_sitting,Abdominal extension depth (sitting),464,238.19,37.86,2,238.0,238.39,2015,2015,asran-2015
Australia,Navy,F,acromion_height,Acromion height,464,1362.24,55.12,2,1362.0,1362.47,2015,2015,asran-2015
Australia,Navy,F,acromion_height_sitting,Acromion height (sitting),464,577.18,26.87,2,577.0,577.35,2015,2015,asran-2015
Australia,Navy,F,acromion_radiale_length,Acromion-radiale length,464,309.18,16.82,2,309.0,309.35,2015,2015,asran-2015
Australia,Navy,F,ankle_circumference,Ankle circumference,464,224.03,15.89,2,224.0,224.05,2015,2015,asran-2015
Australia,Navy,F,biacromial_breadth,Biacromial breadth,464,363.79,18.86,2,363.58,364.0,2015,2015,asran-2015
Australia,Navy,F,biceps_circumference_flexed,Biceps circumference (flexed),464,302.9,28.76,2,302.81,303.0,2015,2015,asran-2015
Australia,Navy,F,bicristal_breadth,Bicristal (biiliocristale) breadth,464,277.78,21.14,2,277.55,278.0,2015,2015,asran-2015
Australia,Navy,F,bideltoid_breadth,Bideltoid breadth,462,443.23,27.22,2,443.0,443.46,2015,2015,asran-2015
Australia,Navy,F,bizygomatic_breadth,Bizygomatic breadth,464,133.0,6.17,2,133.0,133.0,2015,2015,asran-2015
Australia,Navy,F,bmi,Body mass index,232,25.19,3.87,1,25.19,25.19,2015,2015,asran-2015
Australia,Navy,F,buttock_circumference,Buttock circumference,462,1023.05,78.75,2,1023.0,1023.1,2015,2015,asran-2015
Australia,Navy,F,buttock_knee_length,Buttock-knee length,464,590.09,28.1,2,590.0,590.17,2015,2015,asran-2015
Australia,Navy,F,buttock_popliteal_length,Buttock-popliteal length,462,479.82,26.17,2,479.64,480.0,2015,2015,asran-2015
Australia,Navy,F,calf_circumference,Calf circumference,464,382.1,29.77,2,382.0,382.19,2015,2015,asran-2015
Australia,Navy,F,cervicale_height,Cervicale height,464,1429.06,55.92,2,1429.0,1429.12,2015,2015,asran-2015
Australia,Navy,F,chest_breadth,Chest breadth,464,291.07,25.81,2,291.0,291.15,2015,2015,asran-2015
Australia,Navy,F,chest_circumference,Chest circumference,464,933.09,84.67,2,933.0,933.17,2015,2015,asran-2015
Australia,Navy,F,chest_depth,Chest depth,464,250.15,29.08,2,250.0,250.3,2015,2015,asran-2015
Australia,Navy,F,crotch_height,Crotch height,448,809.89,39.89,2,809.79,810.0,2015,2015,asran-2015
Australia,Navy,F,ear_length,Ear length,462,60.05,4.11,2,60.0,60.09,2015,2015,asran-2015
Australia,Navy,F,elbow_rest_height,Elbow rest height,464,235.17,24.99,2,235.0,235.34,2015,2015,asran-2015
Australia,Navy,F,eye_height_sitting,Eye height (sitting),464,761.23,30.16,2,761.0,761.45,2015,2015,asran-2015
Australia,Navy,F,foot_breadth,Foot breadth,464,92.88,6.07,2,92.76,93.0,2015,2015,asran-2015
Australia,Navy,F,foot_length,Foot length,464,245.8,12.0,2,245.59,246.0,2015,2015,asran-2015
Australia,Navy,F,forearm_circumference_flexed,Forearm circumference (flexed),464,261.17,18.74,2,261.0,261.34,2015,2015,asran-2015
Australia,Navy,F,forearm_forearm_breadth,Forearm-forearm breadth,464,484.94,47.86,2,484.89,485.0,2015,2015,asran-2015
Australia,Navy,F,hand_breadth,Hand breadth (metacarpale),464,78.79,3.94,2,78.58,79.0,2015,2015,asran-2015
Australia,Navy,F,hand_circumference,Hand circumference (metacarpale),462,186.04,9.92,2,186.0,186.08,2015,2015,asran-2015
Australia,Navy,F,hand_length,Hand length,464,172.24,11.12,2,172.0,172.49,2015,2015,asran-2015
Australia,Navy,F,head_breadth,Head breadth,464,156.76,5.13,2,156.53,157.0,2015,2015,asran-2015
Australia,Navy,F,head_circumference,Head circumference,464,553.0,14.79,2,553.0,553.01,2015,2015,asran-2015
Australia,Navy,F,head_length,Head length,464,190.79,6.25,2,190.58,191.0,2015,2015,asran-2015
Australia,Navy,F,hip_breadth_sitting,Hip breadth (sitting),464,407.14,32.93,2,407.0,407.27,2015,2015,asran-2015
Australia,Navy,F,iliocristale_height,Iliocristale height,464,1005.25,45.91,2,1005.0,1005.49,2015,2015,asran-2015
Australia,Navy,F,interpupillary_breadth,Interpupillary breadth,464,61.11,3.94,2,61.0,61.22,2015,2015,asran-2015
Australia,Navy,F,knee_height_sitting,Knee height (sitting),462,517.0,25.74,2,517.0,517.0,2015,2015,asran-2015
Australia,Navy,F,mass,Body mass,464,70.01,11.49,2,70.0,70.02,2015,2015,asran-2015
Australia,Navy,F,menton_sellion_length,Menton-sellion (face) length,464,115.14,6.88,2,115.0,115.27,2015,2015,asran-2015
Australia,Navy,F,neck_circumference,Neck circumference,462,340.05,25.8,2,340.0,340.1,2015,2015,asran-2015
Australia,Navy,F,neck_circumference_base,Neck circumference (base),464,377.95,20.21,2,377.91,378.0,2015,2015,asran-2015
Australia,Navy,F,other:ankle_height,Ankle Height,232,68.0,7.0,1,68.0,68.0,2015,2015,asran-2015
Australia,Navy,F,other:back_length,Back Length,232,451.0,24.0,1,451.0,451.0,2015,2015,asran-2015
Australia,Navy,F,other:back_width,Back Width,232,323.0,22.0,1,323.0,323.0,2015,2015,asran-2015
Australia,Navy,F,other:ball_of_foot_length,Ball of Foot Length,232,181.0,10.0,1,181.0,181.0,2015,2015,asran-2015
Australia,Navy,F,other:bitragion_submandibular_arc,Bitragion Submandibular Arc,232,275.0,16.0,1,275.0,275.0,2015,2015,asran-2015
Australia,Navy,F,other:bust_level,Bust Level,232,1196.0,52.0,1,1196.0,1196.0,2015,2015,asran-2015
Australia,Navy,F,other:chest_circumference_below_breast,Chest Circumference Below Breast,232,778.0,67.0,1,778.0,778.0,2015,2015,asran-2015
Australia,Navy,F,other:crotch_length_omphalion,Crotch Length (Omphalion),232,655.0,44.0,1,655.0,655.0,2015,2015,asran-2015
Australia,Navy,F,other:hand_depth,Hand Depth,232,46.0,4.0,1,46.0,46.0,2015,2015,asran-2015
Australia,Navy,F,other:high_hip,High Hip,230,1022.0,86.0,1,1022.0,1022.0,2015,2015,asran-2015
Australia,Navy,F,other:hip,Hip,223,1050.0,79.0,1,1050.0,1050.0,2015,2015,asran-2015
Australia,Navy,F,other:hip_level_female,Hip Level (female),232,812.0,43.0,1,812.0,812.0,2015,2015,asran-2015
Australia,Navy,F,other:index_finger_breadth_distal,Index Finger Breadth Distal,232,15.0,1.0,1,15.0,15.0,2015,2015,asran-2015
Australia,Navy,F,other:knee_circumference,Knee Circumference,230,387.0,27.0,1,387.0,387.0,2015,2015,asran-2015
Australia,Navy,F,other:knee_level,Knee Level,232,464.0,25.0,1,464.0,464.0,2015,2015,asran-2015
Australia,Navy,F,other:maximum_hip_circumference,Maximum Hip Circumference,232,1054.0,77.0,1,1054.0,1054.0,2015,2015,asran-2015
Australia,Navy,F,other:nape_bustpoint_thelion_length,Nape – Bustpoint/Thelion Length,232,366.0,27.0,1,366.0,366.0,2015,2015,asran-2015
Australia,Navy,F,other:nape_waist_centre_back,Nape – Waist Centre Back,232,486.0,35.0,1,486.0,486.0,2015,2015,asran-2015
Australia,Navy,F,other:nape_waist_over_bust,Nape – Waist Over Bust,232,597.0,37.0,1,597.0,597.0,2015,2015,asran-2015
Australia,Navy,F,other:outside_leg_length,Outside Leg Length,232,943.0,52.0,1,943.0,943.0,2015,2015,asran-2015
Australia,Navy,F,other:overhead_fingertip_reach,Overhead Fingertip Reach,232,2105.0,89.0,1,2105.0,2105.0,2015,2015,asran-2015
Australia,Navy,F,other:scye_depth,Scye Depth,232,189.0,16.0,1,189.0,189.0,2015,2015,asran-2015
Australia,Navy,F,other:seat_angle,Seat Angle,232,22.0,4.0,1,22.0,22.0,2015,2015,asran-2015
Australia,Navy,F,other:seat_level,Seat Level,232,846.0,41.0,1,846.0,846.0,2015,2015,asran-2015
Australia,Navy,F,other:torso_length,Torso Length,232,357.0,22.0,1,357.0,357.0,2015,2015,asran-2015
Australia,Navy,F,other:vertical_trunk_circumference_wide,Vertical Trunk Circumference (Wide),232,1617.0,76.0,1,1617.0,1617.0,2015,2015,asran-2015
Australia,Navy,F,other:waist_circumference_preferred,Waist Circumference Preferred,232,921.0,102.0,1,921.0,921.0,2015,2015,asran-2015
Australia,Navy,F,other:waist_hip_distance,Waist-Hip Distance,232,132.0,39.0,1,132.0,132.0,2015,2015,asran-2015
Australia,Navy,F,other:waist_level_centre_back,Waist Level Centre Back,232,981.0,47.0,1,981.0,981.0,2015,2015,asran-2015
Australia,Navy,F,other:waist_level_centre_front,Waist Level Centre Front,232,940.0,52.0,1,940.0,940.0,2015,2015,asran-2015
Australia,Navy,F,other:wrist_centre_grip_distance,Wrist-Centre Grip Distance,231,72.0,7.0,1,72.0,72.0,2015,2015,asran-2015
Australia,Navy,F,other:wrist_centre_thumbtip_distance,Wrist-Centre Thumbtip Distance,231,105.0,8.0,1,105.0,105.0,2015,2015,asran-2015
Australia,Navy,F,popliteal_height,Popliteal height,464,397.88,24.99,2,397.75,398.0,2015,2015,asran-2015
Australia,Navy,F,radiale_stylion_length,Radiale-stylion length,464,245.77,13.88,2,245.54,246.0,2015,2015,asran-2015
Australia,Navy,F,shoulder_length,Shoulder length,464,138.16,10.88,2,138.0,138.33,2015,2015,asran-2015
Australia,Navy,F,sitting_height,Sitting height,464,882.75,31.93,2,882.5,883.0,2015,2015,asran-2015
Australia,Navy,F,sleeve_outseam,Sleeve outseam,464,560.79,28.06,2,560.58,561.0,2015,2015,asran-2015
Australia,Navy,F,stature,Stature,464,1666.93,60.75,2,1666.86,1667.0,2015,2015,asran-2015
Australia,Navy,F,suprasternale_height,Suprasternale height,464,1350.81,53.71,2,1350.62,1351.0,2015,2015,asran-2015
Australia,Navy,F,thigh_circumference,Thigh circumference,368,619.2,46.7,2,619.0,619.39,2015,2015,asran-2015
Australia,Navy,F,thigh_clearance,Thigh clearance,464,168.24,16.77,2,168.0,168.48,2015,2015,asran-2015
Australia,Navy,F,thumbtip_reach,Thumb-tip reach,464,730.21,45.87,2,730.0,730.42,2015,2015,asran-2015
Australia,Navy,F,trochanterion_height,Trochanterion height,464,870.77,39.89,2,870.54,871.0,2015,2015,asran-2015
Australia,Navy,F,waist_circumference,Waist circumference (omphalion),464,867.01,110.73,2,867.0,867.02,2015,2015,asran-2015
Australia,Navy,F,wrist_circumference,Wrist circumference,464,163.0,10.06,2,163.0,163.0,2015,2015,asran-2015
Australia,Navy,M,abdominal_depth_sitting,Abdominal extension depth (sitting),2180,264.84,39.15,2,264.68,265.0,2015,2015,asran-2015
Australia,Navy,M,acromion_height,Acromion height,2180,1460.0,64.11,2,1460.0,1460.0,2015,2015,asran-2015
Australia,Navy,M,acromion_height_sitting,Acromion height (sitting),2180,603.77,29.97,2,603.54,604.0,2015,2015,asran-2015
Australia,Navy,M,acromion_radiale_length,Acromion-radiale length,2176,335.81,18.9,2,335.63,336.0,2015,2015,asran-2015
Australia,Navy,M,ankle_circumference,Ankle circumference,2176,232.0,15.87,2,231.99,232.0,2015,2015,asran-2015
Australia,Navy,M,biacromial_breadth,Biacromial breadth,2176,408.94,19.14,2,408.87,409.0,2015,2015,asran-2015
Australia,Navy,M,biceps_circumference_flexed,Biceps circumference (flexed),2180,358.11,31.94,2,358.0,358.23,2015,2015,asran-2015
Australia,Navy,M,bicristal_breadth,Bicristal (biiliocristale) breadth,2176,291.04,22.85,2,291.0,291.08,2015,2015,asran-2015
Australia,Navy,M,bideltoid_breadth,Bideltoid breadth,2180,501.04,29.07,2,501.0,501.07,2015,2015,asran-2015
Australia,Navy,M,bizygomatic_breadth,Bizygomatic breadth,2180,141.23,6.78,2,141.0,141.47,2015,2015,asran-2015
Australia,Navy,M,bmi,Body mass index,1088,27.13,3.78,1,27.13,27.13,2015,2015,asran-2015
Australia,Navy,M,buttock_circumference,Buttock circumference,2180,1023.85,75.0,2,1023.7,1024.0,2015,2015,asran-2015
Australia,Navy,M,buttock_knee_length,Buttock-knee length,2180,619.8,30.84,2,619.6,620.0,2015,2015,asran-2015
Australia,Navy,M,buttock_popliteal_length,Buttock-popliteal length,2166,498.83,27.04,2,498.66,499.0,2015,2015,asran-2015
Australia,Navy,M,calf_circumference,Calf circumference,2176,396.25,29.22,2,396.0,396.5,2015,2015,asran-2015
Australia,Navy,M,cervicale_height,Cervicale height,2180,1536.76,64.75,2,1536.52,1537.0,2015,2015,asran-2015
Australia,Navy,M,chest_breadth,Chest breadth,2180,325.18,31.02,2,325.0,325.36,2015,2015,asran-2015
Australia,Navy,M,chest_circumference,Chest circumference,2180,1042.88,84.08,2,1042.76,1043.0,2015,2015,asran-2015
Australia,Navy,M,chest_depth,Chest depth,2180,260.85,26.89,2,260.71,261.0,2015,2015,asran-2015
Australia,Navy,M,crotch_height,Crotch height,2138,874.04,47.92,2,874.0,874.09,2015,2015,asran-2015
Australia,Navy,M,ear_length,Ear length,2180,65.92,4.77,2,65.85,66.0,2015,2015,asran-2015
Australia,Navy,M,elbow_rest_height,Elbow rest height,2180,232.23,25.13,2,232.0,232.46,2015,2015,asran-2015
Australia,Navy,M,eye_height_sitting,Eye height (sitting),2180,809.17,35.14,2,809.0,809.35,2015,2015,asran-2015
Australia,Navy,M,foot_breadth,Foot breadth,2180,101.2,5.93,2,101.0,101.39,2015,2015,asran-2015
Australia,Navy,M,foot_length,Foot length,2174,271.25,13.05,2,271.0,271.49,2015,2015,asran-2015
Australia,Navy,M,forearm_circumference_flexed,Forearm circumference (flexed),2178,306.81,20.06,2,306.61,307.0,2015,2015,asran-2015
Australia,Navy,M,forearm_forearm_breadth,Forearm-forearm breadth,2180,564.14,47.92,2,564.0,564.28,2015,2015,asran-2015
Australia,Navy,M,hand_breadth,Hand breadth (metacarpale),2174,89.05,4.76,2,89.0,89.09,2015,2015,asran-2015
Australia,Navy,M,hand_circumference,Hand circumference (metacarpale),2172,211.96,11.21,2,211.91,212.0,2015,2015,asran-2015
Australia,Navy,M,hand_length,Hand length,2176,191.77,10.13,2,191.54,192.0,2015,2015,asran-2015
Australia,Navy,M,head_breadth,Head breadth,2176,162.17,5.12,2,162.0,162.33,2015,2015,asran-2015
Australia,Navy,M,head_circumference,Head circumference,2180,577.03,15.05,2,577.0,577.07,2015,2015,asran-2015
Australia,Navy,M,head_length,Head length,2178,200.94,7.12,2,200.88,201.0,2015,2015,asran-2015
Australia,Navy,M,hip_breadth_sitting,Hip breadth (sitting),2178,381.93,30.89,2,381.87,382.0,2015,2015,asran-2015
Australia,Navy,M,iliocristale_height,Iliocristale height,2178,1080.14,53.13,2,1080.0,1080.28,2015,2015,asran-2015
Australia,Navy,M,interpupillary_breadth,Interpupillary breadth,2178,64.76,3.99,2,64.52,65.0,2015,2015,asran-2015
Australia,Navy,M,knee_height_sitting,Knee height (sitting),2180,559.04,28.83,2,559.0,559.08,2015,2015,asran-2015
Australia,Navy,M,mass,Body mass,2176,87.23,13.81,2,87.2,87.25,2015,2015,asran-2015
Australia,Navy,M,menton_sellion_length,Menton-sellion (face) length,2162,125.82,7.96,2,125.63,126.0,2015,2015,asran-2015
Australia,Navy,M,neck_circumference,Neck circumference,2170,406.82,26.94,2,406.64,407.0,2015,2015,asran-2015
Australia,Navy,M,neck_circumference_base,Neck circumference (base),2180,439.8,25.92,2,439.6,440.0,2015,2015,asran-2015
Australia,Navy,M,other:ankle_height,Ankle Height,1088,75.0,8.0,1,75.0,75.0,2015,2015,asran-2015
Australia,Navy,M,other:back_length,Back Length,1088,479.0,27.0,1,479.0,479.0,2015,2015,asran-2015
Australia,Navy,M,other:back_width,Back Width,1088,369.0,26.0,1,369.0,369.0,2015,2015,asran-2015
Australia,Navy,M,other:ball_of_foot_length,Ball of Foot Length,1085,200.0,10.0,1,200.0,200.0,2015,2015,asran-2015
Australia,Navy,M,other:bitragion_submandibular_arc,Bitragion Submandibular Arc,1074,316.0,19.0,1,316.0,316.0,2015,2015,asran-2015
Australia,Navy,M,other:chest_level,Chest Level,1088,1294.0,58.0,1,1294.0,1294.0,2015,2015,asran-2015
Australia,Navy,M,other:crotch_length_omphalion,Crotch Length (Omphalion),1087,781.0,47.0,1,781.0,781.0,2015,2015,asran-2015
Australia,Navy,M,other:hand_depth,Hand Depth,1090,54.0,4.0,1,54.0,54.0,2015,2015,asran-2015
Australia,Navy,M,other:hip,Hip,1086,1044.0,75.0,1,1044.0,1044.0,2015,2015,asran-2015
Australia,Navy,M,other:hip_level_male,Hip Level (male),1088,868.0,56.0,1,868.0,868.0,2015,2015,asran-2015
Australia,Navy,M,other:index_finger_breadth_distal,Index Finger Breadth Distal,1088,17.0,2.0,1,17.0,17.0,2015,2015,asran-2015
Australia,Navy,M,other:knee_circumference,Knee Circumference,1084,402.0,26.0,1,402.0,402.0,2015,2015,asran-2015
Australia,Navy,M,other:knee_level,Knee Level,1088,506.0,28.0,1,506.0,506.0,2015,2015,asran-2015
Australia,Navy,M,other:maximum_hip_circumference,Maximum Hip Circumference,1088,1050.0,75.0,1,1050.0,1050.0,2015,2015,asran-2015
Australia,Navy,M,other:nape_bustpoint_thelion_length,Nape – Bustpoint/Thelion Length,1088,381.0,24.0,1,381.0,381.0,2015,2015,asran-2015
Australia,Navy,M,other:nape_waist_centre_back,Nape – Waist Centre Back,1088,534.0,34.0,1,534.0,534.0,2015,2015,asran-2015
Australia,Navy,M,other:nape_waist_over_bust,Nape – Waist Over Bust,1088,649.0,38.0,1,649.0,649.0,2015,2015,asran-2015
Australia,Navy,M,other:outside_leg_length,Outside Leg Length,1086,983.0,53.0,1,983.0,983.0,2015,2015,asran-2015
Australia,Navy,M,other:overhead_fingertip_reach,Overhead Fingertip Reach,1083,2270.0,99.0,1,2270.0,2270.0,2015,2015,asran-2015
Australia,Navy,M,other:scye_depth,Scye Depth,1088,217.0,18.0,1,217.0,217.0,2015,2015,asran-2015
Australia,Navy,M,other:seat_angle,Seat Angle,1088,21.0,4.0,1,21.0,21.0,2015,2015,asran-2015
Australia,Navy,M,other:seat_level,Seat Level,1088,912.0,47.0,1,912.0,912.0,2015,2015,asran-2015
Australia,Navy,M,other:torso_length,Torso Length,1088,384.0,24.0,1,384.0,384.0,2015,2015,asran-2015
Australia,Navy,M,other:vertical_trunk_circumference_wide,Vertical Trunk Circumference (Wide),1088,1780.0,84.0,1,1780.0,1780.0,2015,2015,asran-2015
Australia,Navy,M,other:waist_circumference_preferred,Waist Circumference Preferred,1088,974.0,109.0,1,974.0,974.0,2015,2015,asran-2015
Australia,Navy,M,other:waist_hip_distance,Waist-Hip Distance,1086,115.0,43.0,1,115.0,115.0,2015,2015,asran-2015
Australia,Navy,M,other:waist_level_centre_back,Waist Level Centre Back,1088,1034.0,50.0,1,1034.0,1034.0,2015,2015,asran-2015
Australia,Navy,M,other:waist_level_centre_front,Waist Level Centre Front,1088,982.0,52.0,1,982.0,982.0,2015,2015,asran-2015
Australia,Navy,M,other:wrist_centre_grip_distance,Wrist-Centre Grip Distance,1090,79.0,7.0,1,79.0,79.0,2015,2015,asran-2015
Australia,Navy,M,other:wrist_centre_thumbtip_distance,Wrist-Centre Thumbtip Distance,1090,116.0,8.0,1,116.0,116.0,2015,2015,asran-2015
Australia,Navy,M,popliteal_height,Popliteal height,2174,434.77,25.14,2,434.54,435.0,2015,2015,asran-2015
Australia,Navy,M,radiale_stylion_length,Radiale-stylion length,2176,268.78,14.94,2,268.56,269.0,2015,2015,asran-2015
Australia,Navy,M,shoulder_length,Shoulder length,2180,150.86,12.0,2,150.72,151.0,2015,2015,asran-2015
Australia,Navy,M,sitting_height,Sitting height,2176,939.21,35.9,2,939.0,939.41,2015,2015,asran-2015
Australia,Navy,M,sleeve_outseam,Sleeve outseam,2176,612.03,31.06,2,612.0,612.06,2015,2015,asran-2015
Australia,Navy,M,stature,Stature,2178,1792.08,70.08,2,1792.0,1792.16,2015,2015,asran-2015
Australia,Navy,M,suprasternale_height,Suprasternale height,2178,1451.11,61.11,2,1451.0,1451.21,2015,2015,asran-2015
Australia,Navy,M,thigh_circumference,Thigh circumference,1896,619.9,50.14,2,619.81,620.0,2015,2015,asran-2015
Australia,Navy,M,thigh_clearance,Thigh clearance,2180,181.81,15.07,2,181.62,182.0,2015,2015,asran-2015
Australia,Navy,M,thumbtip_reach,Thumb-tip reach,2168,806.22,53.74,2,806.0,806.43,2015,2015,asran-2015
Australia,Navy,M,trochanterion_height,Trochanterion height,2164,935.04,49.1,2,935.0,935.08,2015,2015,asran-2015
Australia,Navy,M,waist_circumference,Waist circumference (omphalion),2180,948.87,114.0,2,948.73,949.0,2015,2015,asran-2015
Australia,Navy,M,wrist_circumference,Wrist circumference,2176,184.17,11.12,2,184.0,184.33,2015,2015,asran-2015
Bolivia,Recruits/trainees,M,age,Age,135,26.0,5.8,1,26.0,26.0,1965,1965,latin-american-armed-forces
Bolivia,Recruits/trainees,M,mass,Body mass,135,62.91,7.62,1,62.91,62.91,1965,1965,latin-american-armed-forces
Bolivia,Recruits/trainees,M,stature,Stature,135,1651.0,53.85,1,1651.0,1651.0,1965,1965,latin-american-armed-forces
Brazil,Recruits/trainees,M,age,Age,94,21.5,3.3,1,21.5,21.5,1965,1965,latin-american-armed-forces
Brazil,Recruits/trainees,M,mass,Body mass,94,65.41,7.89,1,65.41,65.41,1965,1965,latin-american-armed-forces
Brazil,Recruits/trainees,M,stature,Stature,94,1699.26,60.71,1,1699.26,1699.26,1965,1965,latin-american-armed-forces
Chile,Recruits/trainees,M,age,Age,411,18.9,2.6,1,18.9,18.9,1965,1965,latin-american-armed-forces
Chile,Recruits/trainees,M,mass,Body mass,411,63.28,7.08,1,63.28,63.28,1965,1965,latin-american-armed-forces
Chile,Recruits/trainees,M,stature,Stature,411,1676.4,58.17,1,1676.4,1676.4,1965,1965,latin-american-armed-forces
Colombia,Recruits/trainees,M,age,Age,207,19.7,1.5,1,19.7,19.7,1965,1965,latin-american-armed-forces
Colombia,Recruits/trainees,M,mass,Body mass,207,61.51,5.99,1,61.51,61.51,1965,1965,latin-american-armed-forces
Colombia,Recruits/trainees,M,stature,Stature,207,1656.08,52.32,1,1656.08,1656.08,1965,1965,latin-american-armed-forces
Dominican Republic,Recruits/trainees,M,age,Age,84,26.3,5.3,1,26.3,26.3,1965,1965,latin-american-armed-forces
Dominican Republic,Recruits/trainees,M,mass,Body mass,84,64.86,10.8,1,64.86,64.86,1965,1965,latin-american-armed-forces
Dominican Republic,Recruits/trainees,M,stature,Stature,84,1681.48,61.21,1,1681.48,1681.48,1965,1965,latin-american-armed-forces
Ecuador,Recruits/trainees,M,age,Age,210,25.6,5.5,1,25.6,25.6,1965,1965,latin-american-armed-forces
Ecuador,Recruits/trainees,M,mass,Body mass,210,61.73,6.62,1,61.73,61.73,1965,1965,latin-american-armed-forces
Ecuador,Recruits/trainees,M,stature,Stature,210,1638.3,54.36,1,1638.3,1638.3,1965,1965,latin-american-armed-forces
El Salvador,Recruits/trainees,M,age,Age,47,24.1,6.3,1,24.1,24.1,1965,1965,latin-american-armed-forces
El Salvador,Recruits/trainees,M,mass,Body mass,47,62.91,10.61,1,62.91,62.91,1965,1965,latin-american-armed-forces
El Salvador,Recruits/trainees,M,stature,Stature,47,1635.76,52.83,1,1635.76,1635.76,1965,1965,latin-american-armed-forces
Guatemala,Recruits/trainees,M,age,Age,62,22.9,4.7,1,22.9,22.9,1965,1965,latin-american-armed-forces
Guatemala,Recruits/trainees,M,mass,Body mass,62,63.28,10.98,1,63.28,63.28,1965,1965,latin-american-armed-forces
Guatemala,Recruits/trainees,M,stature,Stature,62,1640.84,66.29,1,1640.84,1640.84,1965,1965,latin-american-armed-forces
Honduras,Recruits/trainees,M,age,Age,91,24.2,5.1,1,24.2,24.2,1965,1965,latin-american-armed-forces
Honduras,Recruits/trainees,M,mass,Body mass,91,62.23,8.44,1,62.23,62.23,1965,1965,latin-american-armed-forces
Honduras,Recruits/trainees,M,stature,Stature,91,1653.54,55.12,1,1653.54,1653.54,1965,1965,latin-american-armed-forces
"Multiple: Bolivia, Brazil, Colombia, Chile, Dominican Republic, Ecuador, El Salvador, Guatemala, Honduras, Nicaragua, Panama, Paraguay, Peru, Uruguay, Venezuela",Recruits/trainees,M,age,Age,1960,22.9,5.7,1,22.9,22.9,1965,1965,latin-american-armed-forces
"Multiple: Bolivia, Brazil, Colombia, Chile, Dominican Republic, Ecuador, El Salvador, Guatemala, Honduras, Nicaragua, Panama, Paraguay, Peru, Uruguay, Venezuela",Recruits/trainees,M,mass,Body mass,1960,63.78,8.21,1,63.78,63.78,1965,1965,latin-american-armed-forces
"Multiple: Bolivia, Brazil, Colombia, Chile, Dominican Republic, Ecuador, El Salvador, Guatemala, Honduras, Nicaragua, Panama, Paraguay, Peru, Uruguay, Venezuela",Recruits/trainees,M,stature,Stature,1960,1663.7,55.63,1,1663.7,1663.7,1965,1965,latin-american-armed-forces
New Zealand,Air Force,F,abdominal_depth_sitting,Abdominal extension depth (sitting),72,236.0,34.0,1,236.0,236.0,2016,2016,nzdfas
New Zealand,Air Force,F,acromion_height,Acromion height,72,1363.0,50.0,1,1363.0,1363.0,2016,2016,nzdfas
New Zealand,Air Force,F,acromion_height_sitting,Acromion height (sitting),72,593.0,29.0,1,593.0,593.0,2016,2016,nzdfas
New Zealand,Air Force,F,acromion_radiale_length,Acromion-radiale length,72,321.0,15.0,1,321.0,321.0,2016,2016,nzdfas
New Zealand,Air Force,F,biacromial_breadth,Biacromial breadth,72,376.0,15.0,1,376.0,376.0,2016,2016,nzdfas
New Zealand,Air Force,F,biceps_circumference_flexed,Biceps circumference (flexed),72,305.0,30.0,1,305.0,305.0,2016,2016,nzdfas
New Zealand,Air Force,F,bideltoid_breadth,Bideltoid breadth,72,448.0,26.0,1,448.0,448.0,2016,2016,nzdfas
New Zealand,Air Force,F,bizygomatic_breadth,Bizygomatic breadth,72,127.0,7.0,1,127.0,127.0,2016,2016,nzdfas
New Zealand,Air Force,F,buttock_circumference,Buttock circumference,72,1037.0,73.0,1,1037.0,1037.0,2016,2016,nzdfas
New Zealand,Air Force,F,buttock_knee_length,Buttock-knee length,72,599.0,23.0,1,599.0,599.0,2016,2016,nzdfas
New Zealand,Air Force,F,buttock_popliteal_length,Buttock-popliteal length,72,502.0,28.0,1,502.0,502.0,2016,2016,nzdfas
New Zealand,Air Force,F,calf_circumference,Calf circumference,72,374.0,23.0,1,374.0,374.0,2016,2016,nzdfas
New Zealand,Air Force,F,chest_breadth,Chest breadth,72,315.0,25.0,1,315.0,315.0,2016,2016,nzdfas
New Zealand,Air Force,F,chest_circumference,Chest circumference,72,947.0,79.0,1,947.0,947.0,2016,2016,nzdfas
New Zealand,Air Force,F,chest_depth,Chest depth,72,247.0,24.0,1,247.0,247.0,2016,2016,nzdfas
New Zealand,Air Force,F,crotch_height,Crotch height,72,767.0,31.0,1,767.0,767.0,2016,2016,nzdfas
New Zealand,Air Force,F,elbow_rest_height,Elbow rest height,72,251.0,24.0,1,251.0,251.0,2016,2016,nzdfas
New Zealand,Air Force,F,eye_height_sitting,Eye height (sitting),72,778.0,31.0,1,778.0,778.0,2016,2016,nzdfas
New Zealand,Air Force,F,foot_breadth,Foot breadth,72,94.0,6.0,1,94.0,94.0,2016,2016,nzdfas
New Zealand,Air Force,F,foot_length,Foot length,72,244.0,11.0,1,244.0,244.0,2016,2016,nzdfas
New Zealand,Air Force,F,forearm_forearm_breadth,Forearm-forearm breadth,72,470.0,39.0,1,470.0,470.0,2016,2016,nzdfas
New Zealand,Air Force,F,hand_breadth,Hand breadth (metacarpale),72,78.0,4.0,1,78.0,78.0,2016,2016,nzdfas
New Zealand,Air Force,F,hand_circumference,Hand circumference (metacarpale),72,191.0,9.0,1,191.0,191.0,2016,2016,nzdfas
New Zealand,Air Force,F,hand_length,Hand length,72,185.0,9.0,1,185.0,185.0,2016,2016,nzdfas
New Zealand,Air Force,F,head_breadth,Head breadth,72,149.0,6.0,1,149.0,149.0,2016,2016,nzdfas
New Zealand,Air Force,F,head_circumference,Head circumference,72,576.0,12.0,1,576.0,576.0,2016,2016,nzdfas
New Zealand,Air Force,F,head_length,Head length,72,195.0,6.0,1,195.0,195.0,2016,2016,nzdfas
New Zealand,Air Force,F,hip_breadth_sitting,Hip breadth (sitting),72,425.0,33.0,1,425.0,425.0,2016,2016,nzdfas
New Zealand,Air Force,F,iliocristale_height,Iliocristale height,72,996.0,45.0,1,996.0,996.0,2016,2016,nzdfas
New Zealand,Air Force,F,interpupillary_breadth,Interpupillary breadth,72,58.0,4.0,1,58.0,58.0,2016,2016,nzdfas
New Zealand,Air Force,F,knee_height_sitting,Knee height (sitting),72,514.0,23.0,1,514.0,514.0,2016,2016,nzdfas
New Zealand,Air Force,F,mass,Body mass,72,68.0,10.0,1,68.0,68.0,2016,2016,nzdfas
New Zealand,Air Force,F,neck_circumference_base,Neck circumference (base),72,390.0,26.0,1,390.0,390.0,2016,2016,nzdfas
New Zealand,Air Force,F,other:ankle_girth,Ankle girth,72,248.0,13.0,1,248.0,248.0,2016,2016,nzdfas
New Zealand,Air Force,F,other:axilla_height,Axilla height,72,1231.0,52.0,1,1231.0,1231.0,2016,2016,nzdfas
New Zealand,Air Force,F,other:bitragion_mandibular_arc,Bitragion mandibular arc,72,270.0,12.0,1,270.0,270.0,2016,2016,nzdfas
New Zealand,Air Force,F,other:breast_height,Breast height,72,1203.0,48.0,1,1203.0,1203.0,2016,2016,nzdfas
New Zealand,Air Force,F,other:buttock_depth,Buttock depth,72,264.0,23.0,1,264.0,264.0,2016,2016,nzdfas
New Zealand,Air Force,F,other:buttock_heel_length,Buttock-heel length,72,1000.0,39.0,1,1000.0,1000.0,2016,2016,nzdfas
New Zealand,Air Force,F,other:buttock_height,Buttock height,72,840.0,36.0,1,840.0,840.0,2016,2016,nzdfas
New Zealand,Air Force,F,other:cervicale_height_sitting,Cervicale height sitting,72,653.0,30.0,1,653.0,653.0,2016,2016,nzdfas
New Zealand,Air Force,F,other:chest_height_sitting,Chest height sitting,72,431.0,27.0,1,431.0,431.0,2016,2016,nzdfas
New Zealand,Air Force,F,other:crotch_length,Crotch length,72,786.0,49.0,1,786.0,786.0,2016,2016,nzdfas
New Zealand,Air Force,F,other:crotch_waist_preferred_anterior,Crotch waist preferred anterior,72,254.0,36.0,1,254.0,254.0,2016,2016,nzdfas
New Zealand,Air Force,F,other:elbow_girth,Elbow girth,72,249.0,16.0,1,249.0,249.0,2016,2016,nzdfas
New Zealand,Air Force,F,other:elbow_grip_length,Elbow grip length,72,327.0,16.0,1,327.0,327.0,2016,2016,nzdfas
New Zealand,Air Force,F,other:elbow_rest_height_standing,Elbow rest height standing,72,986.0,39.0,1,986.0,986.0,2016,2016,nzdfas
New Zealand,Air Force,F,other:eye_height,Eye height,72,1549.0,54.0,1,1549.0,1549.0,2016,2016,nzdfas
New Zealand,Air Force,F,other:foot_ball_circumference,Foot ball circumference,72,232.0,12.0,1,232.0,232.0,2016,2016,nzdfas
New Zealand,Air Force,F,other:foot_ball_length,Foot ball length,72,178.0,8.0,1,178.0,178.0,2016,2016,nzdfas
New Zealand,Air Force,F,other:forearm_fingertip_length,Forearm-fingertip length,72,436.0,19.0,1,436.0,436.0,2016,2016,nzdfas
New Zealand,Air Force,F,other:grip_reach,Grip reach,72,702.0,35.0,1,702.0,702.0,2016,2016,nzdfas
New Zealand,Air Force,F,other:hip_breadth_standing,Hip breadth standing,72,372.0,19.0,1,372.0,372.0,2016,2016,nzdfas
New Zealand,Air Force,F,other:hip_girth_maximum,Hip girth maximum,72,1046.0,66.0,1,1046.0,1046.0,2016,2016,nzdfas
New Zealand,Air Force,F,other:index_finger_breadth_distal,Index finger breadth distal,72,14.0,1.0,1,14.0,14.0,2016,2016,nzdfas
New Zealand,Air Force,F,other:index_finger_breadth_proximal,Index finger breadth proximal,72,17.0,1.0,1,17.0,17.0,2016,2016,nzdfas
New Zealand,Air Force,F,other:index_finger_reach,Index finger reach,72,791.0,37.0,1,791.0,791.0,2016,2016,nzdfas
New Zealand,Air Force,F,other:knee_circumference,Knee circumference,72,368.0,24.0,1,368.0,368.0,2016,2016,nzdfas
New Zealand,Air Force,F,other:knee_height,Knee height,72,447.0,20.0,1,447.0,447.0,2016,2016,nzdfas
New Zealand,Air Force,F,other:medial_malleolus_hallax_length,Medial malleolus-hallax length,72,189.0,11.0,1,189.0,189.0,2016,2016,nzdfas
New Zealand,Air Force,F,other:palm_length,Palm length,72,107.0,6.0,1,107.0,107.0,2016,2016,nzdfas
New Zealand,Air Force,F,other:sleeve_outseam,Sleeve outseam,72,566.0,24.0,1,566.0,566.0,2016,2016,nzdfas
New Zealand,Air Force,F,other:t2_height,T2 height,72,1390.0,52.0,1,1390.0,1390.0,2016,2016,nzdfas
New Zealand,Air Force,F,other:tenth_rib_height,Tenth rib height,72,1059.0,45.0,1,1059.0,1059.0,2016,2016,nzdfas
New Zealand,Air Force,F,other:thigh_girth,Thigh girth,72,585.0,40.0,1,585.0,585.0,2016,2016,nzdfas
New Zealand,Air Force,F,other:tibiale_laterale_height,Tibiale laterale height,72,442.0,24.0,1,442.0,442.0,2016,2016,nzdfas
New Zealand,Air Force,F,other:waist_breadth,Waist breadth,72,318.0,31.0,1,318.0,318.0,2016,2016,nzdfas
New Zealand,Air Force,F,other:waist_circumference_preferred,Waist circumference preferred,72,862.0,76.0,1,862.0,862.0,2016,2016,nzdfas
New Zealand,Air Force,F,other:waist_depth_standing,Waist depth standing,72,228.0,34.0,1,228.0,228.0,2016,2016,nzdfas
New Zealand,Air Force,F,other:waist_girth,Waist girth,72,789.0,91.0,1,789.0,789.0,2016,2016,nzdfas
New Zealand,Air Force,F,other:waist_height_preferred,Waist height preferred,72,998.0,54.0,1,998.0,998.0,2016,2016,nzdfas
New Zealand,Air Force,F,popliteal_height,Popliteal height,72,413.0,21.0,1,413.0,413.0,2016,2016,nzdfas
New Zealand,Air Force,F,radiale_stylion_length,Radiale-stylion length,72,239.0,14.0,1,239.0,239.0,2016,2016,nzdfas
New Zealand,Air Force,F,shoulder_elbow_length,Shoulder-elbow length,72,345.0,15.0,1,345.0,345.0,2016,2016,nzdfas
New Zealand,Air Force,F,sitting_height,Sitting height,72,891.0,29.0,1,891.0,891.0,2016,2016,nzdfas
New Zealand,Air Force,F,span,Span,72,1681.0,68.0,1,1681.0,1681.0,2016,2016,nzdfas
New Zealand,Air Force,F,stature,Stature,72,1671.0,57.0,1,1671.0,1671.0,2016,2016,nzdfas
New Zealand,Air Force,F,suprasternale_height,Suprasternale height,72,1372.0,52.0,1,1372.0,1372.0,2016,2016,nzdfas
New Zealand,Air Force,F,thigh_clearance,Thigh clearance,72,157.0,13.0,1,157.0,157.0,2016,2016,nzdfas
New Zealand,Air Force,F,thumbtip_reach,Thumb-tip reach,72,757.0,36.0,1,757.0,757.0,2016,2016,nzdfas
New Zealand,Air Force,F,trochanterion_height,Trochanterion height,72,855.0,49.0,1,855.0,855.0,2016,2016,nzdfas
New Zealand,Air Force,F,vertical_trunk_circumference,Vertical trunk circumference,72,1623.0,65.0,1,1623.0,1623.0,2016,2016,nzdfas
New Zealand,Air Force,F,wrist_circumference,Wrist circumference,72,160.0,8.0,1,160.0,160.0,2016,2016,nzdfas
New Zealand,Air Force,M,abdominal_depth_sitting,Abdominal extension depth (sitting),216,271.0,38.0,1,271.0,271.0,2016,2016,nzdfas
New Zealand,Air Force,M,acromion_height,Acromion height,216,1473.0,62.0,1,1473.0,1473.0,2016,2016,nzdfas
New Zealand,Air Force,M,acromion_height_sitting,Acromion height (sitting),216,625.0,28.0,1,625.0,625.0,2016,2016,nzdfas
New Zealand,Air Force,M,acromion_radiale_length,Acromion-radiale length,216,348.0,18.0,1,348.0,348.0,2016,2016,nzdfas
New Zealand,Air Force,M,biacromial_breadth,Biacromial breadth,216,421.0,19.0,1,421.0,421.0,2016,2016,nzdfas
New Zealand,Air Force,M,biceps_circumference_flexed,Biceps circumference (flexed),216,354.0,31.0,1,354.0,354.0,2016,2016,nzdfas
New Zealand,Air Force,M,bideltoid_breadth,Bideltoid breadth,216,504.0,29.0,1,504.0,504.0,2016,2016,nzdfas
New Zealand,Air Force,M,bizygomatic_breadth,Bizygomatic breadth,216,134.0,8.0,1,134.0,134.0,2016,2016,nzdfas
New Zealand,Air Force,M,buttock_circumference,Buttock circumference,216,1043.0,74.0,1,1043.0,1043.0,2016,2016,nzdfas
New Zealand,Air Force,M,buttock_knee_length,Buttock-knee length,216,629.0,32.0,1,629.0,629.0,2016,2016,nzdfas
New Zealand,Air Force,M,buttock_popliteal_length,Buttock-popliteal length,216,524.0,27.0,1,524.0,524.0,2016,2016,nzdfas
New Zealand,Air Force,M,calf_circumference,Calf circumference,216,389.0,27.0,1,389.0,389.0,2016,2016,nzdfas
New Zealand,Air Force,M,chest_breadth,Chest breadth,216,364.0,30.0,1,364.0,364.0,2016,2016,nzdfas
New Zealand,Air Force,M,chest_circumference,Chest circumference,216,1049.0,91.0,1,1049.0,1049.0,2016,2016,nzdfas
New Zealand,Air Force,M,chest_depth,Chest depth,216,249.0,26.0,1,249.0,249.0,2016,2016,nzdfas
New Zealand,Air Force,M,crotch_height,Crotch height,216,795.0,44.0,1,795.0,795.0,2016,2016,nzdfas
New Zealand,Air Force,M,elbow_rest_height,Elbow rest height,216,256.0,24.0,1,256.0,256.0,2016,2016,nzdfas
New Zealand,Air Force,M,eye_height_sitting,Eye height (sitting),216,827.0,31.0,1,827.0,827.0,2016,2016,nzdfas
New Zealand,Air Force,M,foot_breadth,Foot breadth,216,102.0,5.0,1,102.0,102.0,2016,2016,nzdfas
New Zealand,Air Force,M,foot_length,Foot length,216,270.0,12.0,1,270.0,270.0,2016,2016,nzdfas
New Zealand,Air Force,M,forearm_forearm_breadth,Forearm-forearm breadth,216,544.0,50.0,1,544.0,544.0,2016,2016,nzdfas
New Zealand,Air Force,M,hand_breadth,Hand breadth (metacarpale),216,87.0,4.0,1,87.0,87.0,2016,2016,nzdfas
New Zealand,Air Force,M,hand_circumference,Hand circumference (metacarpale),216,215.0,10.0,1,215.0,215.0,2016,2016,nzdfas
New Zealand,Air Force,M,hand_length,Hand length,216,201.0,10.0,1,201.0,201.0,2016,2016,nzdfas
New Zealand,Air Force,M,head_breadth,Head breadth,216,155.0,6.0,1,155.0,155.0,2016,2016,nzdfas
New Zealand,Air Force,M,head_circumference,Head circumference,216,596.0,17.0,1,596.0,596.0,2016,2016,nzdfas
New Zealand,Air Force,M,head_length,Head length,216,203.0,7.0,1,203.0,203.0,2016,2016,nzdfas
New Zealand,Air Force,M,hip_breadth_sitting,Hip breadth (sitting),216,423.0,34.0,1,423.0,423.0,2016,2016,nzdfas
New Zealand,Air Force,M,iliocristale_height,Iliocristale height,216,1076.0,53.0,1,1076.0,1076.0,2016,2016,nzdfas
New Zealand,Air Force,M,interpupillary_breadth,Interpupillary breadth,216,61.0,4.0,1,61.0,61.0,2016,2016,nzdfas
New Zealand,Air Force,M,knee_height_sitting,Knee height (sitting),216,558.0,28.0,1,558.0,558.0,2016,2016,nzdfas
New Zealand,Air Force,M,mass,Body mass,216,85.0,14.0,1,85.0,85.0,2016,2016,nzdfas
New Zealand,Air Force,M,neck_circumference_base,Neck circumference (base),216,453.0,28.0,1,453.0,453.0,2016,2016,nzdfas
New Zealand,Air Force,M,other:ankle_girth,Ankle girth,216,278.0,19.0,1,278.0,278.0,2016,2016,nzdfas
New Zealand,Air Force,M,other:axilla_height,Axilla height,216,1330.0,55.0,1,1330.0,1330.0,2016,2016,nzdfas
New Zealand,Air Force,M,other:bitragion_mandibular_arc,Bitragion mandibular arc,216,303.0,17.0,1,303.0,303.0,2016,2016,nzdfas
New Zealand,Air Force,M,other:breast_height,Breast height,216,1309.0,55.0,1,1309.0,1309.0,2016,2016,nzdfas
New Zealand,Air Force,M,other:buttock_depth,Buttock depth,216,284.0,27.0,1,284.0,284.0,2016,2016,nzdfas
New Zealand,Air Force,M,other:buttock_heel_length,Buttock-heel length,216,1076.0,51.0,1,1076.0,1076.0,2016,2016,nzdfas
New Zealand,Air Force,M,other:buttock_height,Buttock height,216,910.0,47.0,1,910.0,910.0,2016,2016,nzdfas
New Zealand,Air Force,M,other:cervicale_height_sitting,Cervicale height sitting,216,693.0,29.0,1,693.0,693.0,2016,2016,nzdfas
New Zealand,Air Force,M,other:chest_height_sitting,Chest height sitting,216,450.0,28.0,1,450.0,450.0,2016,2016,nzdfas
New Zealand,Air Force,M,other:crotch_length,Crotch length,216,891.0,66.0,1,891.0,891.0,2016,2016,nzdfas
New Zealand,Air Force,M,other:crotch_waist_preferred_anterior,Crotch waist preferred anterior,216,294.0,30.0,1,294.0,294.0,2016,2016,nzdfas
New Zealand,Air Force,M,other:elbow_girth,Elbow girth,216,283.0,20.0,1,283.0,283.0,2016,2016,nzdfas
New Zealand,Air Force,M,other:elbow_grip_length,Elbow grip length,216,362.0,18.0,1,362.0,362.0,2016,2016,nzdfas
New Zealand,Air Force,M,other:elbow_rest_height_standing,Elbow rest height standing,216,1065.0,47.0,1,1065.0,1065.0,2016,2016,nzdfas
New Zealand,Air Force,M,other:eye_height,Eye height,216,1677.0,65.0,1,1677.0,1677.0,2016,2016,nzdfas
New Zealand,Air Force,M,other:foot_ball_circumference,Foot ball circumference,216,255.0,13.0,1,255.0,255.0,2016,2016,nzdfas
New Zealand,Air Force,M,other:foot_ball_length,Foot ball length,216,197.0,10.0,1,197.0,197.0,2016,2016,nzdfas
New Zealand,Air Force,M,other:forearm_fingertip_length,Forearm-fingertip length,216,482.0,21.0,1,482.0,482.0,2016,2016,nzdfas
New Zealand,Air Force,M,other:grip_reach,Grip reach,216,773.0,39.0,1,773.0,773.0,2016,2016,nzdfas
New Zealand,Air Force,M,other:hip_breadth_standing,Hip breadth standing,216,367.0,21.0,1,367.0,367.0,2016,2016,nzdfas
New Zealand,Air Force,M,other:hip_girth_maximum,Hip girth maximum,216,1056.0,69.0,1,1056.0,1056.0,2016,2016,nzdfas
New Zealand,Air Force,M,other:index_finger_breadth_distal,Index finger breadth distal,216,16.0,1.0,1,16.0,16.0,2016,2016,nzdfas
New Zealand,Air Force,M,other:index_finger_breadth_proximal,Index finger breadth proximal,216,19.0,1.0,1,19.0,19.0,2016,2016,nzdfas
New Zealand,Air Force,M,other:index_finger_reach,Index finger reach,216,869.0,41.0,1,869.0,869.0,2016,2016,nzdfas
New Zealand,Air Force,M,other:knee_circumference,Knee circumference,216,387.0,25.0,1,387.0,387.0,2016,2016,nzdfas
New Zealand,Air Force,M,other:knee_height,Knee height,216,485.0,25.0,1,485.0,485.0,2016,2016,nzdfas
New Zealand,Air Force,M,other:medial_malleolus_hallax_length,Medial malleolus-hallax length,216,211.0,12.0,1,211.0,211.0,2016,2016,nzdfas
New Zealand,Air Force,M,other:palm_length,Palm length,216,116.0,7.0,1,116.0,116.0,2016,2016,nzdfas
New Zealand,Air Force,M,other:sleeve_outseam,Sleeve outseam,216,621.0,30.0,1,621.0,621.0,2016,2016,nzdfas
New Zealand,Air Force,M,other:t2_height,T2 height,216,1509.0,62.0,1,1509.0,1509.0,2016,2016,nzdfas
New Zealand,Air Force,M,other:tenth_rib_height,Tenth rib height,216,1153.0,52.0,1,1153.0,1153.0,2016,2016,nzdfas
New Zealand,Air Force,M,other:thigh_girth,Thigh girth,216,592.0,49.0,1,592.0,592.0,2016,2016,nzdfas
New Zealand,Air Force,M,other:tibiale_laterale_height,Tibiale laterale height,216,483.0,25.0,1,483.0,483.0,2016,2016,nzdfas
New Zealand,Air Force,M,other:waist_breadth,Waist breadth,216,334.0,32.0,1,334.0,334.0,2016,2016,nzdfas
New Zealand,Air Force,M,other:waist_circumference_preferred,Waist circumference preferred,216,935.0,106.0,1,935.0,935.0,2016,2016,nzdfas
New Zealand,Air Force,M,other:waist_depth_standing,Waist depth standing,216,256.0,36.0,1,256.0,256.0,2016,2016,nzdfas
New Zealand,Air Force,M,other:waist_girth,Waist girth,216,897.0,108.0,1,897.0,897.0,2016,2016,nzdfas
New Zealand,Air Force,M,other:waist_height_preferred,Waist height preferred,216,1052.0,47.0,1,1052.0,1052.0,2016,2016,nzdfas
New Zealand,Air Force,M,popliteal_height,Popliteal height,216,452.0,23.0,1,452.0,452.0,2016,2016,nzdfas
New Zealand,Air Force,M,radiale_stylion_length,Radiale-stylion length,216,267.0,15.0,1,267.0,267.0,2016,2016,nzdfas
New Zealand,Air Force,M,shoulder_elbow_length,Shoulder-elbow length,216,375.0,18.0,1,375.0,375.0,2016,2016,nzdfas
New Zealand,Air Force,M,sitting_height,Sitting height,216,945.0,30.0,1,945.0,945.0,2016,2016,nzdfas
New Zealand,Air Force,M,span,Span,216,1840.0,78.0,1,1840.0,1840.0,2016,2016,nzdfas
New Zealand,Air Force,M,stature,Stature,216,1794.0,67.0,1,1794.0,1794.0,2016,2016,nzdfas
New Zealand,Air Force,M,suprasternale_height,Suprasternale height,216,1478.0,62.0,1,1478.0,1478.0,2016,2016,nzdfas
New Zealand,Air Force,M,thigh_clearance,Thigh clearance,216,169.0,14.0,1,169.0,169.0,2016,2016,nzdfas
New Zealand,Air Force,M,thumbtip_reach,Thumb-tip reach,216,830.0,41.0,1,830.0,830.0,2016,2016,nzdfas
New Zealand,Air Force,M,trochanterion_height,Trochanterion height,216,938.0,49.0,1,938.0,938.0,2016,2016,nzdfas
New Zealand,Air Force,M,vertical_trunk_circumference,Vertical trunk circumference,216,1790.0,86.0,1,1790.0,1790.0,2016,2016,nzdfas
New Zealand,Air Force,M,wrist_circumference,Wrist circumference,216,180.0,10.0,1,180.0,180.0,2016,2016,nzdfas
New Zealand,Army,F,abdominal_depth_sitting,Abdominal extension depth (sitting),97,250.0,33.0,1,250.0,250.0,2016,2016,nzdfas
New Zealand,Army,F,acromion_height,Acromion height,97,1371.0,50.0,1,1371.0,1371.0,2016,2016,nzdfas
New Zealand,Army,F,acromion_height_sitting,Acromion height (sitting),97,600.0,29.0,1,600.0,600.0,2016,2016,nzdfas
New Zealand,Army,F,acromion_radiale_length,Acromion-radiale length,97,320.0,15.0,1,320.0,320.0,2016,2016,nzdfas
New Zealand,Army,F,biacromial_breadth,Biacromial breadth,97,378.0,18.0,1,378.0,378.0,2016,2016,nzdfas
New Zealand,Army,F,biceps_circumference_flexed,Biceps circumference (flexed),97,315.0,25.0,1,315.0,315.0,2016,2016,nzdfas
New Zealand,Army,F,bideltoid_breadth,Bideltoid breadth,97,459.0,31.0,1,459.0,459.0,2016,2016,nzdfas
New Zealand,Army,F,bizygomatic_breadth,Bizygomatic breadth,97,124.0,7.0,1,124.0,124.0,2016,2016,nzdfas
New Zealand,Army,F,buttock_circumference,Buttock circumference,97,1050.0,62.0,1,1050.0,1050.0,2016,2016,nzdfas
New Zealand,Army,F,buttock_knee_length,Buttock-knee length,97,598.0,26.0,1,598.0,598.0,2016,2016,nzdfas
New Zealand,Army,F,buttock_popliteal_length,Buttock-popliteal length,97,501.0,23.0,1,501.0,501.0,2016,2016,nzdfas
New Zealand,Army,F,calf_circumference,Calf circumference,97,377.0,25.0,1,377.0,377.0,2016,2016,nzdfas
New Zealand,Army,F,chest_breadth,Chest breadth,97,321.0,26.0,1,321.0,321.0,2016,2016,nzdfas
New Zealand,Army,F,chest_circumference,Chest circumference,97,964.0,73.0,1,964.0,964.0,2016,2016,nzdfas
New Zealand,Army,F,chest_depth,Chest depth,97,250.0,26.0,1,250.0,250.0,2016,2016,nzdfas
New Zealand,Army,F,crotch_height,Crotch height,97,767.0,34.0,1,767.0,767.0,2016,2016,nzdfas
New Zealand,Army,F,elbow_rest_height,Elbow rest height,97,258.0,26.0,1,258.0,258.0,2016,2016,nzdfas
New Zealand,Army,F,eye_height_sitting,Eye height (sitting),97,780.0,30.0,1,780.0,780.0,2016,2016,nzdfas
New Zealand,Army,F,foot_breadth,Foot breadth,97,94.0,6.0,1,94.0,94.0,2016,2016,nzdfas
New Zealand,Army,F,foot_length,Foot length,97,246.0,11.0,1,246.0,246.0,2016,2016,nzdfas
New Zealand,Army,F,forearm_forearm_breadth,Forearm-forearm breadth,97,476.0,38.0,1,476.0,476.0,2016,2016,nzdfas
New Zealand,Army,F,hand_breadth,Hand breadth (metacarpale),97,79.0,4.0,1,79.0,79.0,2016,2016,nzdfas
New Zealand,Army,F,hand_circumference,Hand circumference (metacarpale),97,191.0,10.0,1,191.0,191.0,2016,2016,nzdfas
New Zealand,Army,F,hand_length,Hand length,97,183.0,10.0,1,183.0,183.0,2016,2016,nzdfas
New Zealand,Army,F,head_breadth,Head breadth,97,150.0,7.0,1,150.0,150.0,2016,2016,nzdfas
New Zealand,Army,F,head_circumference,Head circumference,97,580.0,12.0,1,580.0,580.0,2016,2016,nzdfas
New Zealand,Army,F,head_length,Head length,97,195.0,6.0,1,195.0,195.0,2016,2016,nzdfas
New Zealand,Army,F,hip_breadth_sitting,Hip breadth (sitting),97,434.0,27.0,1,434.0,434.0,2016,2016,nzdfas
New Zealand,Army,F,iliocristale_height,Iliocristale height,97,999.0,41.0,1,999.0,999.0,2016,2016,nzdfas
New Zealand,Army,F,interpupillary_breadth,Interpupillary breadth,97,59.0,3.0,1,59.0,59.0,2016,2016,nzdfas
New Zealand,Army,F,knee_height_sitting,Knee height (sitting),97,513.0,22.0,1,513.0,513.0,2016,2016,nzdfas
New Zealand,Army,F,mass,Body mass,97,72.0,11.0,1,72.0,72.0,2016,2016,nzdfas
New Zealand,Army,F,neck_circumference_base,Neck circumference (base),97,403.0,27.0,1,403.0,403.0,2016,2016,nzdfas
New Zealand,Army,F,other:ankle_girth,Ankle girth,97,248.0,16.0,1,248.0,248.0,2016,2016,nzdfas
New Zealand,Army,F,other:axilla_height,Axilla height,97,1243.0,51.0,1,1243.0,1243.0,2016,2016,nzdfas
New Zealand,Army,F,other:bitragion_mandibular_arc,Bitragion mandibular arc,97,276.0,14.0,1,276.0,276.0,2016,2016,nzdfas
New Zealand,Army,F,other:breast_height,Breast height,97,1212.0,50.0,1,1212.0,1212.0,2016,2016,nzdfas
New Zealand,Army,F,other:buttock_depth,Buttock depth,97,267.0,23.0,1,267.0,267.0,2016,2016,nzdfas
New Zealand,Army,F,other:buttock_heel_length,Buttock-heel length,97,1005.0,46.0,1,1005.0,1005.0,2016,2016,nzdfas
New Zealand,Army,F,other:buttock_height,Buttock height,97,841.0,39.0,1,841.0,841.0,2016,2016,nzdfas
New Zealand,Army,F,other:cervicale_height_sitting,Cervicale height sitting,97,655.0,28.0,1,655.0,655.0,2016,2016,nzdfas
New Zealand,Army,F,other:chest_height_sitting,Chest height sitting,97,433.0,25.0,1,433.0,433.0,2016,2016,nzdfas
New Zealand,Army,F,other:crotch_length,Crotch length,97,799.0,54.0,1,799.0,799.0,2016,2016,nzdfas
New Zealand,Army,F,other:crotch_waist_preferred_anterior,Crotch waist preferred anterior,97,259.0,36.0,1,259.0,259.0,2016,2016,nzdfas
New Zealand,Army,F,other:elbow_girth,Elbow girth,97,257.0,17.0,1,257.0,257.0,2016,2016,nzdfas
New Zealand,Army,F,other:elbow_grip_length,Elbow grip length,97,326.0,14.0,1,326.0,326.0,2016,2016,nzdfas
New Zealand,Army,F,other:elbow_rest_height_standing,Elbow rest height standing,97,998.0,40.0,1,998.0,998.0,2016,2016,nzdfas
New Zealand,Army,F,other:eye_height,Eye height,97,1552.0,54.0,1,1552.0,1552.0,2016,2016,nzdfas
New Zealand,Army,F,other:foot_ball_circumference,Foot ball circumference,97,230.0,12.0,1,230.0,230.0,2016,2016,nzdfas
New Zealand,Army,F,other:foot_ball_length,Foot ball length,97,180.0,9.0,1,180.0,180.0,2016,2016,nzdfas
New Zealand,Army,F,other:forearm_fingertip_length,Forearm-fingertip length,97,439.0,19.0,1,439.0,439.0,2016,2016,nzdfas
New Zealand,Army,F,other:grip_reach,Grip reach,97,701.0,34.0,1,701.0,701.0,2016,2016,nzdfas
New Zealand,Army,F,other:hip_breadth_standing,Hip breadth standing,97,376.0,17.0,1,376.0,376.0,2016,2016,nzdfas
New Zealand,Army,F,other:hip_girth_maximum,Hip girth maximum,97,1057.0,56.0,1,1057.0,1057.0,2016,2016,nzdfas
New Zealand,Army,F,other:index_finger_breadth_distal,Index finger breadth distal,97,15.0,1.0,1,15.0,15.0,2016,2016,nzdfas
New Zealand,Army,F,other:index_finger_breadth_proximal,Index finger breadth proximal,97,17.0,1.0,1,17.0,17.0,2016,2016,nzdfas
New Zealand,Army,F,other:index_finger_reach,Index finger reach,97,795.0,39.0,1,795.0,795.0,2016,2016,nzdfas
New Zealand,Army,F,other:knee_circumference,Knee circumference,97,371.0,21.0,1,371.0,371.0,2016,2016,nzdfas
New Zealand,Army,F,other:knee_height,Knee height,97,449.0,21.0,1,449.0,449.0,2016,2016,nzdfas
New Zealand,Army,F,other:medial_malleolus_hallax_length,Medial malleolus-hallax length,97,192.0,10.0,1,192.0,192.0,2016,2016,nzdfas
New Zealand,Army,F,other:palm_length,Palm length,97,105.0,7.0,1,105.0,105.0,2016,2016,nzdfas
New Zealand,Army,F,other:sleeve_outseam,Sleeve outseam,97,569.0,25.0,1,569.0,569.0,2016,2016,nzdfas
New Zealand,Army,F,other:t2_height,T2 height,97,1403.0,55.0,1,1403.0,1403.0,2016,2016,nzdfas
New Zealand,Army,F,other:tenth_rib_height,Tenth rib height,97,1063.0,42.0,1,1063.0,1063.0,2016,2016,nzdfas
New Zealand,Army,F,other:thigh_girth,Thigh girth,97,602.0,37.0,1,602.0,602.0,2016,2016,nzdfas
New Zealand,Army,F,other:tibiale_laterale_height,Tibiale laterale height,97,441.0,19.0,1,441.0,441.0,2016,2016,nzdfas
New Zealand,Army,F,other:waist_breadth,Waist breadth,97,326.0,30.0,1,326.0,326.0,2016,2016,nzdfas
New Zealand,Army,F,other:waist_circumference_preferred,Waist circumference preferred,97,878.0,95.0,1,878.0,878.0,2016,2016,nzdfas
New Zealand,Army,F,other:waist_depth_standing,Waist depth standing,97,239.0,35.0,1,239.0,239.0,2016,2016,nzdfas
New Zealand,Army,F,other:waist_girth,Waist girth,97,815.0,90.0,1,815.0,815.0,2016,2016,nzdfas
New Zealand,Army,F,other:waist_height_preferred,Waist height preferred,97,999.0,48.0,1,999.0,999.0,2016,2016,nzdfas
New Zealand,Army,F,popliteal_height,Popliteal height,97,412.0,20.0,1,412.0,412.0,2016,2016,nzdfas
New Zealand,Army,F,radiale_stylion_length,Radiale-stylion length,97,243.0,13.0,1,243.0,243.0,2016,2016,nzdfas
New Zealand,Army,F,shoulder_elbow_length,Shoulder-elbow length,97,347.0,15.0,1,347.0,347.0,2016,2016,nzdfas
New Zealand,Army,F,sitting_height,Sitting height,97,892.0,30.0,1,892.0,892.0,2016,2016,nzdfas
New Zealand,Army,F,span,Span,97,1690.0,66.0,1,1690.0,1690.0,2016,2016,nzdfas
New Zealand,Army,F,stature,Stature,97,1675.0,56.0,1,1675.0,1675.0,2016,2016,nzdfas
New Zealand,Army,F,suprasternale_height,Suprasternale height,97,1374.0,52.0,1,1374.0,1374.0,2016,2016,nzdfas
New Zealand,Army,F,thigh_clearance,Thigh clearance,97,158.0,14.0,1,158.0,158.0,2016,2016,nzdfas
New Zealand,Army,F,thumbtip_reach,Thumb-tip reach,97,759.0,39.0,1,759.0,759.0,2016,2016,nzdfas
New Zealand,Army,F,trochanterion_height,Trochanterion height,97,863.0,43.0,1,863.0,863.0,2016,2016,nzdfas
New Zealand,Army,F,vertical_trunk_circumference,Vertical trunk circumference,97,1649.0,73.0,1,1649.0,1649.0,2016,2016,nzdfas
New Zealand,Army,F,wrist_circumference,Wrist circumference,97,163.0,10.0,1,163.0,163.0,2016,2016,nzdfas
New Zealand,Army,M,abdominal_depth_sitting,Abdominal extension depth (sitting),486,272.0,33.0,1,272.0,272.0,2016,2016,nzdfas
New Zealand,Army,M,acromion_height,Acromion height,486,1463.0,60.0,1,1463.0,1463.0,2016,2016,nzdfas
New Zealand,Army,M,acromion_height_sitting,Acromion height (sitting),486,623.0,30.0,1,623.0,623.0,2016,2016,nzdfas
New Zealand,Army,M,acromion_radiale_length,Acromion-radiale length,486,345.0,19.0,1,345.0,345.0,2016,2016,nzdfas
New Zealand,Army,M,biacromial_breadth,Biacromial breadth,486,423.0,19.0,1,423.0,423.0,2016,2016,nzdfas
New Zealand,Army,M,biceps_circumference_flexed,Biceps circumference (flexed),486,361.0,32.0,1,361.0,361.0,2016,2016,nzdfas
New Zealand,Army,M,bideltoid_breadth,Bideltoid breadth,486,511.0,28.0,1,511.0,511.0,2016,2016,nzdfas
New Zealand,Army,M,bizygomatic_breadth,Bizygomatic breadth,486,130.0,8.0,1,130.0,130.0,2016,2016,nzdfas
New Zealand,Army,M,buttock_circumference,Buttock circumference,486,1054.0,70.0,1,1054.0,1054.0,2016,2016,nzdfas
New Zealand,Army,M,buttock_knee_length,Buttock-knee length,486,624.0,29.0,1,624.0,624.0,2016,2016,nzdfas
New Zealand,Army,M,buttock_popliteal_length,Buttock-popliteal length,486,519.0,25.0,1,519.0,519.0,2016,2016,nzdfas
New Zealand,Army,M,calf_circumference,Calf circumference,486,391.0,26.0,1,391.0,391.0,2016,2016,nzdfas
New Zealand,Army,M,chest_breadth,Chest breadth,486,365.0,28.0,1,365.0,365.0,2016,2016,nzdfas
New Zealand,Army,M,chest_circumference,Chest circumference,486,1053.0,79.0,1,1053.0,1053.0,2016,2016,nzdfas
New Zealand,Army,M,chest_depth,Chest depth,486,250.0,23.0,1,250.0,250.0,2016,2016,nzdfas
New Zealand,Army,M,crotch_height,Crotch height,486,788.0,41.0,1,788.0,788.0,2016,2016,nzdfas
New Zealand,Army,M,elbow_rest_height,Elbow rest height,486,255.0,27.0,1,255.0,255.0,2016,2016,nzdfas
New Zealand,Army,M,eye_height_sitting,Eye height (sitting),486,825.0,33.0,1,825.0,825.0,2016,2016,nzdfas
New Zealand,Army,M,foot_breadth,Foot breadth,486,103.0,6.0,1,103.0,103.0,2016,2016,nzdfas
New Zealand,Army,M,foot_length,Foot length,486,269.0,13.0,1,269.0,269.0,2016,2016,nzdfas
New Zealand,Army,M,forearm_forearm_breadth,Forearm-forearm breadth,486,541.0,53.0,1,541.0,541.0,2016,2016,nzdfas
New Zealand,Army,M,hand_breadth,Hand breadth (metacarpale),486,88.0,4.0,1,88.0,88.0,2016,2016,nzdfas
New Zealand,Army,M,hand_circumference,Hand circumference (metacarpale),486,214.0,11.0,1,214.0,214.0,2016,2016,nzdfas
New Zealand,Army,M,hand_length,Hand length,486,197.0,12.0,1,197.0,197.0,2016,2016,nzdfas
New Zealand,Army,M,head_breadth,Head breadth,486,156.0,6.0,1,156.0,156.0,2016,2016,nzdfas
New Zealand,Army,M,head_circumference,Head circumference,486,600.0,15.0,1,600.0,600.0,2016,2016,nzdfas
New Zealand,Army,M,head_length,Head length,486,202.0,7.0,1,202.0,202.0,2016,2016,nzdfas
New Zealand,Army,M,hip_breadth_sitting,Hip breadth (sitting),486,427.0,31.0,1,427.0,427.0,2016,2016,nzdfas
New Zealand,Army,M,iliocristale_height,Iliocristale height,486,1068.0,51.0,1,1068.0,1068.0,2016,2016,nzdfas
New Zealand,Army,M,interpupillary_breadth,Interpupillary breadth,486,61.0,4.0,1,61.0,61.0,2016,2016,nzdfas
New Zealand,Army,M,knee_height_sitting,Knee height (sitting),486,554.0,27.0,1,554.0,554.0,2016,2016,nzdfas
New Zealand,Army,M,mass,Body mass,486,86.0,12.0,1,86.0,86.0,2016,2016,nzdfas
New Zealand,Army,M,neck_circumference_base,Neck circumference (base),486,463.0,32.0,1,463.0,463.0,2016,2016,nzdfas
New Zealand,Army,M,other:ankle_girth,Ankle girth,486,272.0,18.0,1,272.0,272.0,2016,2016,nzdfas
New Zealand,Army,M,other:axilla_height,Axilla height,486,1322.0,56.0,1,1322.0,1322.0,2016,2016,nzdfas
New Zealand,Army,M,other:bitragion_mandibular_arc,Bitragion mandibular arc,486,304.0,17.0,1,304.0,304.0,2016,2016,nzdfas
New Zealand,Army,M,other:breast_height,Breast height,486,1300.0,55.0,1,1300.0,1300.0,2016,2016,nzdfas
New Zealand,Army,M,other:buttock_depth,Buttock depth,486,284.0,24.0,1,284.0,284.0,2016,2016,nzdfas
New Zealand,Army,M,other:buttock_heel_length,Buttock-heel length,486,1066.0,48.0,1,1066.0,1066.0,2016,2016,nzdfas
New Zealand,Army,M,other:buttock_height,Buttock height,486,900.0,46.0,1,900.0,900.0,2016,2016,nzdfas
New Zealand,Army,M,other:cervicale_height_sitting,Cervicale height sitting,486,689.0,29.0,1,689.0,689.0,2016,2016,nzdfas
New Zealand,Army,M,other:chest_height_sitting,Chest height sitting,486,449.0,25.0,1,449.0,449.0,2016,2016,nzdfas
New Zealand,Army,M,other:crotch_length,Crotch length,486,896.0,57.0,1,896.0,896.0,2016,2016,nzdfas
New Zealand,Army,M,other:crotch_waist_preferred_anterior,Crotch waist preferred anterior,486,292.0,32.0,1,292.0,292.0,2016,2016,nzdfas
New Zealand,Army,M,other:elbow_girth,Elbow girth,486,289.0,20.0,1,289.0,289.0,2016,2016,nzdfas
New Zealand,Army,M,other:elbow_grip_length,Elbow grip length,486,357.0,18.0,1,357.0,357.0,2016,2016,nzdfas
New Zealand,Army,M,other:elbow_rest_height_standing,Elbow rest height standing,486,1058.0,46.0,1,1058.0,1058.0,2016,2016,nzdfas
New Zealand,Army,M,other:eye_height,Eye height,486,1664.0,65.0,1,1664.0,1664.0,2016,2016,nzdfas
New Zealand,Army,M,other:foot_ball_circumference,Foot ball circumference,486,254.0,14.0,1,254.0,254.0,2016,2016,nzdfas
New Zealand,Army,M,other:foot_ball_length,Foot ball length,486,197.0,10.0,1,197.0,197.0,2016,2016,nzdfas
New Zealand,Army,M,other:forearm_fingertip_length,Forearm-fingertip length,486,480.0,21.0,1,480.0,480.0,2016,2016,nzdfas
New Zealand,Army,M,other:grip_reach,Grip reach,486,765.0,40.0,1,765.0,765.0,2016,2016,nzdfas
New Zealand,Army,M,other:hip_breadth_standing,Hip breadth standing,486,369.0,21.0,1,369.0,369.0,2016,2016,nzdfas
New Zealand,Army,M,other:hip_girth_maximum,Hip girth maximum,486,1064.0,65.0,1,1064.0,1064.0,2016,2016,nzdfas
New Zealand,Army,M,other:index_finger_breadth_distal,Index finger breadth distal,486,17.0,1.0,1,17.0,17.0,2016,2016,nzdfas
New Zealand,Army,M,other:index_finger_breadth_proximal,Index finger breadth proximal,486,19.0,1.0,1,19.0,19.0,2016,2016,nzdfas
New Zealand,Army,M,other:index_finger_reach,Index finger reach,486,861.0,43.0,1,861.0,861.0,2016,2016,nzdfas
New Zealand,Army,M,other:knee_circumference,Knee circumference,486,387.0,24.0,1,387.0,387.0,2016,2016,nzdfas
New Zealand,Army,M,other:knee_height,Knee height,486,480.0,25.0,1,480.0,480.0,2016,2016,nzdfas
New Zealand,Army,M,other:medial_malleolus_hallax_length,Medial malleolus-hallax length,486,210.0,11.0,1,210.0,210.0,2016,2016,nzdfas
New Zealand,Army,M,other:palm_length,Palm length,486,114.0,9.0,1,114.0,114.0,2016,2016,nzdfas
New Zealand,Army,M,other:sleeve_outseam,Sleeve outseam,486,618.0,30.0,1,618.0,618.0,2016,2016,nzdfas
New Zealand,Army,M,other:t2_height,T2 height,486,1504.0,61.0,1,1504.0,1504.0,2016,2016,nzdfas
New Zealand,Army,M,other:tenth_rib_height,Tenth rib height,486,1140.0,51.0,1,1140.0,1140.0,2016,2016,nzdfas
New Zealand,Army,M,other:thigh_girth,Thigh girth,486,599.0,52.0,1,599.0,599.0,2016,2016,nzdfas
New Zealand,Army,M,other:tibiale_laterale_height,Tibiale laterale height,486,480.0,27.0,1,480.0,480.0,2016,2016,nzdfas
New Zealand,Army,M,other:waist_breadth,Waist breadth,486,334.0,30.0,1,334.0,334.0,2016,2016,nzdfas
New Zealand,Army,M,other:waist_circumference_preferred,Waist circumference preferred,486,933.0,98.0,1,933.0,933.0,2016,2016,nzdfas
New Zealand,Army,M,other:waist_depth_standing,Waist depth standing,486,255.0,34.0,1,255.0,255.0,2016,2016,nzdfas
New Zealand,Army,M,other:waist_girth,Waist girth,486,895.0,100.0,1,895.0,895.0,2016,2016,nzdfas
New Zealand,Army,M,other:waist_height_preferred,Waist height preferred,486,1046.0,47.0,1,1046.0,1046.0,2016,2016,nzdfas
New Zealand,Army,M,popliteal_height,Popliteal height,486,447.0,23.0,1,447.0,447.0,2016,2016,nzdfas
New Zealand,Army,M,radiale_stylion_length,Radiale-stylion length,486,267.0,15.0,1,267.0,267.0,2016,2016,nzdfas
New Zealand,Army,M,shoulder_elbow_length,Shoulder-elbow length,486,373.0,19.0,1,373.0,373.0,2016,2016,nzdfas
New Zealand,Army,M,sitting_height,Sitting height,486,942.0,35.0,1,942.0,942.0,2016,2016,nzdfas
New Zealand,Army,M,span,Span,486,1835.0,75.0,1,1835.0,1835.0,2016,2016,nzdfas
New Zealand,Army,M,stature,Stature,486,1783.0,66.0,1,1783.0,1783.0,2016,2016,nzdfas
New Zealand,Army,M,suprasternale_height,Suprasternale height,486,1465.0,61.0,1,1465.0,1465.0,2016,2016,nzdfas
New Zealand,Army,M,thigh_clearance,Thigh clearance,486,168.0,15.0,1,168.0,168.0,2016,2016,nzdfas
New Zealand,Army,M,thumbtip_reach,Thumb-tip reach,486,822.0,41.0,1,822.0,822.0,2016,2016,nzdfas
New Zealand,Army,M,trochanterion_height,Trochanterion height,486,931.0,48.0,1,931.0,931.0,2016,2016,nzdfas
New Zealand,Army,M,vertical_trunk_circumference,Vertical trunk circumference,486,1796.0,77.0,1,1796.0,1796.0,2016,2016,nzdfas
New Zealand,Army,M,wrist_circumference,Wrist circumference,486,181.0,11.0,1,181.0,181.0,2016,2016,nzdfas
New Zealand,Navy,F,abdominal_depth_sitting,Abdominal extension depth (sitting),43,254.0,37.0,1,254.0,254.0,2016,2016,nzdfas
New Zealand,Navy,F,acromion_height,Acromion height,43,1359.0,47.0,1,1359.0,1359.0,2016,2016,nzdfas
New Zealand,Navy,F,acromion_height_sitting,Acromion height (sitting),43,589.0,25.0,1,589.0,589.0,2016,2016,nzdfas
New Zealand,Navy,F,acromion_radiale_length,Acromion-radiale length,43,320.0,16.0,1,320.0,320.0,2016,2016,nzdfas
New Zealand,Navy,F,biacromial_breadth,Biacromial breadth,43,377.0,15.0,1,377.0,377.0,2016,2016,nzdfas
New Zealand,Navy,F,biceps_circumference_flexed,Biceps circumference (flexed),43,310.0,34.0,1,310.0,310.0,2016,2016,nzdfas
New Zealand,Navy,F,bideltoid_breadth,Bideltoid breadth,43,461.0,36.0,1,461.0,461.0,2016,2016,nzdfas
New Zealand,Navy,F,bizygomatic_breadth,Bizygomatic breadth,43,125.0,7.0,1,125.0,125.0,2016,2016,nzdfas
New Zealand,Navy,F,buttock_circumference,Buttock circumference,43,1044.0,75.0,1,1044.0,1044.0,2016,2016,nzdfas
New Zealand,Navy,F,buttock_knee_length,Buttock-knee length,43,602.0,24.0,1,602.0,602.0,2016,2016,nzdfas
New Zealand,Navy,F,buttock_popliteal_length,Buttock-popliteal length,43,516.0,24.0,1,516.0,516.0,2016,2016,nzdfas
New Zealand,Navy,F,calf_circumference,Calf circumference,43,380.0,25.0,1,380.0,380.0,2016,2016,nzdfas
New Zealand,Navy,F,chest_breadth,Chest breadth,43,321.0,31.0,1,321.0,321.0,2016,2016,nzdfas
New Zealand,Navy,F,chest_circumference,Chest circumference,43,967.0,86.0,1,967.0,967.0,2016,2016,nzdfas
New Zealand,Navy,F,chest_depth,Chest depth,43,253.0,24.0,1,253.0,253.0,2016,2016,nzdfas
New Zealand,Navy,F,crotch_height,Crotch height,43,767.0,34.0,1,767.0,767.0,2016,2016,nzdfas
New Zealand,Navy,F,elbow_rest_height,Elbow rest height,43,252.0,22.0,1,252.0,252.0,2016,2016,nzdfas
New Zealand,Navy,F,eye_height_sitting,Eye height (sitting),43,772.0,30.0,1,772.0,772.0,2016,2016,nzdfas
New Zealand,Navy,F,foot_breadth,Foot breadth,43,93.0,6.0,1,93.0,93.0,2016,2016,nzdfas
New Zealand,Navy,F,foot_length,Foot length,43,244.0,12.0,1,244.0,244.0,2016,2016,nzdfas
New Zealand,Navy,F,forearm_forearm_breadth,Forearm-forearm breadth,43,474.0,42.0,1,474.0,474.0,2016,2016,nzdfas
New Zealand,Navy,F,hand_breadth,Hand breadth (metacarpale),43,78.0,4.0,1,78.0,78.0,2016,2016,nzdfas
New Zealand,Navy,F,hand_circumference,Hand circumference (metacarpale),43,188.0,10.0,1,188.0,188.0,2016,2016,nzdfas
New Zealand,Navy,F,hand_length,Hand length,43,179.0,9.0,1,179.0,179.0,2016,2016,nzdfas
New Zealand,Navy,F,head_breadth,Head breadth,43,147.0,6.0,1,147.0,147.0,2016,2016,nzdfas
New Zealand,Navy,F,head_circumference,Head circumference,43,575.0,12.0,1,575.0,575.0,2016,2016,nzdfas
New Zealand,Navy,F,head_length,Head length,43,194.0,7.0,1,194.0,194.0,2016,2016,nzdfas
New Zealand,Navy,F,hip_breadth_sitting,Hip breadth (sitting),43,436.0,29.0,1,436.0,436.0,2016,2016,nzdfas
New Zealand,Navy,F,iliocristale_height,Iliocristale height,43,994.0,40.0,1,994.0,994.0,2016,2016,nzdfas
New Zealand,Navy,F,interpupillary_breadth,Interpupillary breadth,43,57.0,4.0,1,57.0,57.0,2016,2016,nzdfas
New Zealand,Navy,F,knee_height_sitting,Knee height (sitting),43,514.0,21.0,1,514.0,514.0,2016,2016,nzdfas
New Zealand,Navy,F,mass,Body mass,43,71.0,14.0,1,71.0,71.0,2016,2016,nzdfas
New Zealand,Navy,F,neck_circumference_base,Neck circumference (base),43,396.0,30.0,1,396.0,396.0,2016,2016,nzdfas
New Zealand,Navy,F,other:ankle_girth,Ankle girth,43,255.0,18.0,1,255.0,255.0,2016,2016,nzdfas
New Zealand,Navy,F,other:axilla_height,Axilla height,43,1230.0,44.0,1,1230.0,1230.0,2016,2016,nzdfas
New Zealand,Navy,F,other:bitragion_mandibular_arc,Bitragion mandibular arc,43,283.0,15.0,1,283.0,283.0,2016,2016,nzdfas
New Zealand,Navy,F,other:breast_height,Breast height,43,1192.0,48.0,1,1192.0,1192.0,2016,2016,nzdfas
New Zealand,Navy,F,other:buttock_depth,Buttock depth,43,262.0,27.0,1,262.0,262.0,2016,2016,nzdfas
New Zealand,Navy,F,other:buttock_heel_length,Buttock-heel length,43,995.0,40.0,1,995.0,995.0,2016,2016,nzdfas
New Zealand,Navy,F,other:buttock_height,Buttock height,43,832.0,33.0,1,832.0,832.0,2016,2016,nzdfas
New Zealand,Navy,F,other:cervicale_height_sitting,Cervicale height sitting,43,652.0,26.0,1,652.0,652.0,2016,2016,nzdfas
New Zealand,Navy,F,other:chest_height_sitting,Chest height sitting,43,420.0,28.0,1,420.0,420.0,2016,2016,nzdfas
New Zealand,Navy,F,other:crotch_length,Crotch length,43,785.0,53.0,1,785.0,785.0,2016,2016,nzdfas
New Zealand,Navy,F,other:crotch_waist_preferred_anterior,Crotch waist preferred anterior,43,242.0,41.0,1,242.0,242.0,2016,2016,nzdfas
New Zealand,Navy,F,other:crotch_waist_preferred_posterior,Crotch waist preferred posterior,43,543.0,50.0,1,543.0,543.0,2016,2016,nzdfas
New Zealand,Navy,F,other:elbow_girth,Elbow girth,43,252.0,20.0,1,252.0,252.0,2016,2016,nzdfas
New Zealand,Navy,F,other:elbow_grip_length,Elbow grip length,43,322.0,12.0,1,322.0,322.0,2016,2016,nzdfas
New Zealand,Navy,F,other:elbow_rest_height_standing,Elbow rest height standing,43,988.0,40.0,1,988.0,988.0,2016,2016,nzdfas
New Zealand,Navy,F,other:eye_height,Eye height,43,1543.0,50.0,1,1543.0,1543.0,2016,2016,nzdfas
New Zealand,Navy,F,other:foot_ball_circumference,Foot ball circumference,43,233.0,12.0,1,233.0,233.0,2016,2016,nzdfas
New Zealand,Navy,F,other:foot_ball_length,Foot ball length,43,178.0,7.0,1,178.0,178.0,2016,2016,nzdfas
New Zealand,Navy,F,other:forearm_fingertip_length,Forearm-fingertip length,43,435.0,15.0,1,435.0,435.0,2016,2016,nzdfas
New Zealand,Navy,F,other:grip_reach,Grip reach,43,689.0,29.0,1,689.0,689.0,2016,2016,nzdfas
New Zealand,Navy,F,other:hip_breadth_standing,Hip breadth standing,43,376.0,21.0,1,376.0,376.0,2016,2016,nzdfas
New Zealand,Navy,F,other:hip_girth_maximum,Hip girth maximum,43,1057.0,73.0,1,1057.0,1057.0,2016,2016,nzdfas
New Zealand,Navy,F,other:index_finger_breadth_distal,Index finger breadth distal,43,15.0,1.0,1,15.0,15.0,2016,2016,nzdfas
New Zealand,Navy,F,other:index_finger_breadth_proximal,Index finger breadth proximal,43,17.0,1.0,1,17.0,17.0,2016,2016,nzdfas
New Zealand,Navy,F,other:index_finger_reach,Index finger reach,43,781.0,31.0,1,781.0,781.0,2016,2016,nzdfas
New Zealand,Navy,F,other:knee_circumference,Knee circumference,43,378.0,22.0,1,378.0,378.0,2016,2016,nzdfas
New Zealand,Navy,F,other:knee_height,Knee height,43,444.0,18.0,1,444.0,444.0,2016,2016,nzdfas
New Zealand,Navy,F,other:medial_malleolus_hallax_length,Medial malleolus-hallax length,43,192.0,11.0,1,192.0,192.0,2016,2016,nzdfas
New Zealand,Navy,F,other:palm_length,Palm length,43,104.0,6.0,1,104.0,104.0,2016,2016,nzdfas
New Zealand,Navy,F,other:sleeve_outseam,Sleeve outseam,43,558.0,23.0,1,558.0,558.0,2016,2016,nzdfas
New Zealand,Navy,F,other:t2_height,T2 height,43,1398.0,48.0,1,1398.0,1398.0,2016,2016,nzdfas
New Zealand,Navy,F,other:tenth_rib_height,Tenth rib height,43,1073.0,45.0,1,1073.0,1073.0,2016,2016,nzdfas
New Zealand,Navy,F,other:thigh_girth,Thigh girth,43,598.0,42.0,1,598.0,598.0,2016,2016,nzdfas
New Zealand,Navy,F,other:tibiale_laterale_height,Tibiale laterale height,43,431.0,16.0,1,431.0,431.0,2016,2016,nzdfas
New Zealand,Navy,F,other:waist_breadth,Waist breadth,43,324.0,34.0,1,324.0,324.0,2016,2016,nzdfas
New Zealand,Navy,F,other:waist_circumference_preferred,Waist circumference preferred,43,875.0,120.0,1,875.0,875.0,2016,2016,nzdfas
New Zealand,Navy,F,other:waist_depth_standing,Waist depth standing,43,246.0,38.0,1,246.0,246.0,2016,2016,nzdfas
New Zealand,Navy,F,other:waist_girth,Waist girth,43,813.0,110.0,1,813.0,813.0,2016,2016,nzdfas
New Zealand,Navy,F,other:waist_height_preferred,Waist height preferred,43,992.0,42.0,1,992.0,992.0,2016,2016,nzdfas
New Zealand,Navy,F,popliteal_height,Popliteal height,43,416.0,16.0,1,416.0,416.0,2016,2016,nzdfas
New Zealand,Navy,F,radiale_stylion_length,Radiale-stylion length,43,233.0,12.0,1,233.0,233.0,2016,2016,nzdfas
New Zealand,Navy,F,shoulder_elbow_length,Shoulder-elbow length,43,341.0,15.0,1,341.0,341.0,2016,2016,nzdfas
New Zealand,Navy,F,sitting_height,Sitting height,43,888.0,30.0,1,888.0,888.0,2016,2016,nzdfas
New Zealand,Navy,F,span,Span,43,1669.0,56.0,1,1669.0,1669.0,2016,2016,nzdfas
New Zealand,Navy,F,stature,Stature,43,1661.0,53.0,1,1661.0,1661.0,2016,2016,nzdfas
New Zealand,Navy,F,suprasternale_height,Suprasternale height,43,1363.0,47.0,1,1363.0,1363.0,2016,2016,nzdfas
New Zealand,Navy,F,thigh_clearance,Thigh clearance,43,159.0,13.0,1,159.0,159.0,2016,2016,nzdfas
New Zealand,Navy,F,thumbtip_reach,Thumb-tip reach,43,747.0,29.0,1,747.0,747.0,2016,2016,nzdfas
New Zealand,Navy,F,trochanterion_height,Trochanterion height,43,847.0,37.0,1,847.0,847.0,2016,2016,nzdfas
New Zealand,Navy,F,vertical_trunk_circumference,Vertical trunk circumference,43,1634.0,79.0,1,1634.0,1634.0,2016,2016,nzdfas
New Zealand,Navy,F,wrist_circumference,Wrist circumference,43,163.0,11.0,1,163.0,163.0,2016,2016,nzdfas
New Zealand,Navy,M,abdominal_depth_sitting,Abdominal extension depth (sitting),88,281.0,41.0,1,281.0,281.0,2016,2016,nzdfas
New Zealand,Navy,M,acromion_height,Acromion height,88,1467.0,52.0,1,1467.0,1467.0,2016,2016,nzdfas
New Zealand,Navy,M,acromion_height_sitting,Acromion height (sitting),88,616.0,28.0,1,616.0,616.0,2016,2016,nzdfas
New Zealand,Navy,M,acromion_radiale_length,Acromion-radiale length,88,349.0,18.0,1,349.0,349.0,2016,2016,nzdfas
New Zealand,Navy,M,biacromial_breadth,Biacromial breadth,88,423.0,19.0,1,423.0,423.0,2016,2016,nzdfas
New Zealand,Navy,M,biceps_circumference_flexed,Biceps circumference (flexed),88,364.0,35.0,1,364.0,364.0,2016,2016,nzdfas
New Zealand,Navy,M,bideltoid_breadth,Bideltoid breadth,88,517.0,33.0,1,517.0,517.0,2016,2016,nzdfas
New Zealand,Navy,M,bizygomatic_breadth,Bizygomatic breadth,88,132.0,8.0,1,132.0,132.0,2016,2016,nzdfas
New Zealand,Navy,M,buttock_circumference,Buttock circumference,88,1052.0,77.0,1,1052.0,1052.0,2016,2016,nzdfas
New Zealand,Navy,M,buttock_knee_length,Buttock-knee length,88,631.0,29.0,1,631.0,631.0,2016,2016,nzdfas
New Zealand,Navy,M,buttock_popliteal_length,Buttock-popliteal length,88,533.0,24.0,1,533.0,533.0,2016,2016,nzdfas
New Zealand,Navy,M,calf_circumference,Calf circumference,88,398.0,25.0,1,398.0,398.0,2016,2016,nzdfas
New Zealand,Navy,M,chest_breadth,Chest breadth,88,374.0,32.0,1,374.0,374.0,2016,2016,nzdfas
New Zealand,Navy,M,chest_circumference,Chest circumference,88,1075.0,89.0,1,1075.0,1075.0,2016,2016,nzdfas
New Zealand,Navy,M,chest_depth,Chest depth,88,254.0,26.0,1,254.0,254.0,2016,2016,nzdfas
New Zealand,Navy,M,crotch_height,Crotch height,88,791.0,43.0,1,791.0,791.0,2016,2016,nzdfas
New Zealand,Navy,M,elbow_rest_height,Elbow rest height,88,246.0,25.0,1,246.0,246.0,2016,2016,nzdfas
New Zealand,Navy,M,eye_height_sitting,Eye height (sitting),88,819.0,29.0,1,819.0,819.0,2016,2016,nzdfas
New Zealand,Navy,M,foot_breadth,Foot breadth,88,103.0,6.0,1,103.0,103.0,2016,2016,nzdfas
New Zealand,Navy,M,foot_length,Foot length,88,271.0,12.0,1,271.0,271.0,2016,2016,nzdfas
New Zealand,Navy,M,forearm_forearm_breadth,Forearm-forearm breadth,88,558.0,51.0,1,558.0,558.0,2016,2016,nzdfas
New Zealand,Navy,M,hand_breadth,Hand breadth (metacarpale),88,88.0,4.0,1,88.0,88.0,2016,2016,nzdfas
New Zealand,Navy,M,hand_circumference,Hand circumference (metacarpale),88,215.0,10.0,1,215.0,215.0,2016,2016,nzdfas
New Zealand,Navy,M,hand_length,Hand length,88,197.0,9.0,1,197.0,197.0,2016,2016,nzdfas
New Zealand,Navy,M,head_breadth,Head breadth,88,157.0,7.0,1,157.0,157.0,2016,2016,nzdfas
New Zealand,Navy,M,head_circumference,Head circumference,88,595.0,14.0,1,595.0,595.0,2016,2016,nzdfas
New Zealand,Navy,M,head_length,Head length,88,201.0,6.0,1,201.0,201.0,2016,2016,nzdfas
New Zealand,Navy,M,hip_breadth_sitting,Hip breadth (sitting),88,432.0,33.0,1,432.0,432.0,2016,2016,nzdfas
New Zealand,Navy,M,iliocristale_height,Iliocristale height,88,1077.0,55.0,1,1077.0,1077.0,2016,2016,nzdfas
New Zealand,Navy,M,interpupillary_breadth,Interpupillary breadth,88,61.0,5.0,1,61.0,61.0,2016,2016,nzdfas
New Zealand,Navy,M,knee_height_sitting,Knee height (sitting),88,565.0,27.0,1,565.0,565.0,2016,2016,nzdfas
New Zealand,Navy,M,mass,Body mass,88,88.0,13.0,1,88.0,88.0,2016,2016,nzdfas
New Zealand,Navy,M,neck_circumference_base,Neck circumference (base),88,464.0,35.0,1,464.0,464.0,2016,2016,nzdfas
New Zealand,Navy,M,other:ankle_girth,Ankle girth,88,285.0,18.0,1,285.0,285.0,2016,2016,nzdfas
New Zealand,Navy,M,other:axilla_height,Axilla height,88,1320.0,53.0,1,1320.0,1320.0,2016,2016,nzdfas
New Zealand,Navy,M,other:bitragion_mandibular_arc,Bitragion mandibular arc,88,313.0,18.0,1,313.0,313.0,2016,2016,nzdfas
New Zealand,Navy,M,other:breast_height,Breast height,88,1302.0,50.0,1,1302.0,1302.0,2016,2016,nzdfas
New Zealand,Navy,M,other:buttock_depth,Buttock depth,88,284.0,28.0,1,284.0,284.0,2016,2016,nzdfas
New Zealand,Navy,M,other:buttock_heel_length,Buttock-heel length,88,1071.0,48.0,1,1071.0,1071.0,2016,2016,nzdfas
New Zealand,Navy,M,other:buttock_height,Buttock height,88,909.0,44.0,1,909.0,909.0,2016,2016,nzdfas
New Zealand,Navy,M,other:cervicale_height_sitting,Cervicale height sitting,88,687.0,24.0,1,687.0,687.0,2016,2016,nzdfas
New Zealand,Navy,M,other:chest_height_sitting,Chest height sitting,88,441.0,27.0,1,441.0,441.0,2016,2016,nzdfas
New Zealand,Navy,M,other:crotch_length,Crotch length,88,881.0,50.0,1,881.0,881.0,2016,2016,nzdfas
New Zealand,Navy,M,other:crotch_waist_preferred_anterior,Crotch waist preferred anterior,88,281.0,37.0,1,281.0,281.0,2016,2016,nzdfas
New Zealand,Navy,M,other:crotch_waist_preferred_posterior,Crotch waist preferred posterior,88,548.0,37.0,1,548.0,548.0,2016,2016,nzdfas
New Zealand,Navy,M,other:elbow_girth,Elbow girth,88,291.0,19.0,1,291.0,291.0,2016,2016,nzdfas
New Zealand,Navy,M,other:elbow_grip_length,Elbow grip length,88,358.0,18.0,1,358.0,358.0,2016,2016,nzdfas
New Zealand,Navy,M,other:elbow_rest_height_standing,Elbow rest height standing,88,1057.0,43.0,1,1057.0,1057.0,2016,2016,nzdfas
New Zealand,Navy,M,other:eye_height,Eye height,88,1671.0,54.0,1,1671.0,1671.0,2016,2016,nzdfas
New Zealand,Navy,M,other:foot_ball_circumference,Foot ball circumference,88,256.0,13.0,1,256.0,256.0,2016,2016,nzdfas
New Zealand,Navy,M,other:foot_ball_length,Foot ball length,88,196.0,11.0,1,196.0,196.0,2016,2016,nzdfas
New Zealand,Navy,M,other:forearm_fingertip_length,Forearm-fingertip length,88,483.0,20.0,1,483.0,483.0,2016,2016,nzdfas
New Zealand,Navy,M,other:grip_reach,Grip reach,88,771.0,39.0,1,771.0,771.0,2016,2016,nzdfas
New Zealand,Navy,M,other:hip_breadth_standing,Hip breadth standing,88,369.0,21.0,1,369.0,369.0,2016,2016,nzdfas
New Zealand,Navy,M,other:hip_girth_maximum,Hip girth maximum,88,1060.0,83.0,1,1060.0,1060.0,2016,2016,nzdfas
New Zealand,Navy,M,other:index_finger_breadth_distal,Index finger breadth distal,88,17.0,1.0,1,17.0,17.0,2016,2016,nzdfas
New Zealand,Navy,M,other:index_finger_breadth_proximal,Index finger breadth proximal,88,20.0,1.0,1,20.0,20.0,2016,2016,nzdfas
New Zealand,Navy,M,other:index_finger_reach,Index finger reach,88,869.0,39.0,1,869.0,869.0,2016,2016,nzdfas
New Zealand,Navy,M,other:knee_circumference,Knee circumference,88,392.0,21.0,1,392.0,392.0,2016,2016,nzdfas
New Zealand,Navy,M,other:knee_height,Knee height,88,485.0,23.0,1,485.0,485.0,2016,2016,nzdfas
New Zealand,Navy,M,other:medial_malleolus_hallax_length,Medial malleolus-hallax length,88,212.0,11.0,1,212.0,212.0,2016,2016,nzdfas
New Zealand,Navy,M,other:palm_length,Palm length,88,115.0,7.0,1,115.0,115.0,2016,2016,nzdfas
New Zealand,Navy,M,other:sleeve_outseam,Sleeve outseam,88,620.0,27.0,1,620.0,620.0,2016,2016,nzdfas
New Zealand,Navy,M,other:t2_height,T2 height,88,1507.0,51.0,1,1507.0,1507.0,2016,2016,nzdfas
New Zealand,Navy,M,other:tenth_rib_height,Tenth rib height,88,1152.0,55.0,1,1152.0,1152.0,2016,2016,nzdfas
New Zealand,Navy,M,other:thigh_girth,Thigh girth,88,603.0,48.0,1,603.0,603.0,2016,2016,nzdfas
New Zealand,Navy,M,other:tibiale_laterale_height,Tibiale laterale height,88,479.0,30.0,1,479.0,479.0,2016,2016,nzdfas
New Zealand,Navy,M,other:waist_breadth,Waist breadth,88,338.0,34.0,1,338.0,338.0,2016,2016,nzdfas
New Zealand,Navy,M,other:waist_circumference_preferred,Waist circumference preferred,88,952.0,109.0,1,952.0,952.0,2016,2016,nzdfas
New Zealand,Navy,M,other:waist_depth_standing,Waist depth standing,88,264.0,37.0,1,264.0,264.0,2016,2016,nzdfas
New Zealand,Navy,M,other:waist_girth,Waist girth,88,917.0,122.0,1,917.0,917.0,2016,2016,nzdfas
New Zealand,Navy,M,other:waist_height_preferred,Waist height preferred,88,1052.0,46.0,1,1052.0,1052.0,2016,2016,nzdfas
New Zealand,Navy,M,popliteal_height,Popliteal height,88,459.0,25.0,1,459.0,459.0,2016,2016,nzdfas
New Zealand,Navy,M,radiale_stylion_length,Radiale-stylion length,88,267.0,15.0,1,267.0,267.0,2016,2016,nzdfas
New Zealand,Navy,M,shoulder_elbow_length,Shoulder-elbow length,88,374.0,17.0,1,374.0,374.0,2016,2016,nzdfas
New Zealand,Navy,M,sitting_height,Sitting height,88,940.0,27.0,1,940.0,940.0,2016,2016,nzdfas
New Zealand,Navy,M,span,Span,88,1843.0,69.0,1,1843.0,1843.0,2016,2016,nzdfas
New Zealand,Navy,M,stature,Stature,88,1784.0,56.0,1,1784.0,1784.0,2016,2016,nzdfas
New Zealand,Navy,M,suprasternale_height,Suprasternale height,88,1470.0,53.0,1,1470.0,1470.0,2016,2016,nzdfas
New Zealand,Navy,M,thigh_clearance,Thigh clearance,88,171.0,14.0,1,171.0,171.0,2016,2016,nzdfas
New Zealand,Navy,M,thumbtip_reach,Thumb-tip reach,88,830.0,38.0,1,830.0,830.0,2016,2016,nzdfas
New Zealand,Navy,M,trochanterion_height,Trochanterion height,88,924.0,47.0,1,924.0,924.0,2016,2016,nzdfas
New Zealand,Navy,M,vertical_trunk_circumference,Vertical trunk circumference,88,1795.0,74.0,1,1795.0,1795.0,2016,2016,nzdfas
New Zealand,Navy,M,wrist_circumference,Wrist circumference,88,183.0,10.0,1,183.0,183.0,2016,2016,nzdfas
New Zealand,Tri-service,F,abdominal_depth_sitting,Abdominal extension depth (sitting),212,246.0,35.0,1,246.0,246.0,2016,2016,nzdfas
New Zealand,Tri-service,F,acromion_height,Acromion height,212,1366.0,50.0,1,1366.0,1366.0,2016,2016,nzdfas
New Zealand,Tri-service,F,acromion_height_sitting,Acromion height (sitting),212,595.0,29.0,1,595.0,595.0,2016,2016,nzdfas
New Zealand,Tri-service,F,acromion_radiale_length,Acromion-radiale length,212,320.0,15.0,1,320.0,320.0,2016,2016,nzdfas
New Zealand,Tri-service,F,biacromial_breadth,Biacromial breadth,212,377.0,16.0,1,377.0,377.0,2016,2016,nzdfas
New Zealand,Tri-service,F,biceps_circumference_flexed,Biceps circumference (flexed),212,310.0,29.0,1,310.0,310.0,2016,2016,nzdfas
New Zealand,Tri-service,F,bideltoid_breadth,Bideltoid breadth,212,456.0,31.0,1,456.0,456.0,2016,2016,nzdfas
New Zealand,Tri-service,F,bizygomatic_breadth,Bizygomatic breadth,212,125.0,7.0,1,125.0,125.0,2016,2016,nzdfas
New Zealand,Tri-service,F,buttock_circumference,Buttock circumference,212,1045.0,69.0,1,1045.0,1045.0,2016,2016,nzdfas
New Zealand,Tri-service,F,buttock_knee_length,Buttock-knee length,212,599.0,25.0,1,599.0,599.0,2016,2016,nzdfas
New Zealand,Tri-service,F,buttock_popliteal_length,Buttock-popliteal length,212,504.0,25.0,1,504.0,504.0,2016,2016,nzdfas
New Zealand,Tri-service,F,calf_circumference,Calf circumference,212,377.0,24.0,1,377.0,377.0,2016,2016,nzdfas
New Zealand,Tri-service,F,chest_breadth,Chest breadth,212,319.0,27.0,1,319.0,319.0,2016,2016,nzdfas
New Zealand,Tri-service,F,chest_circumference,Chest circumference,212,959.0,78.0,1,959.0,959.0,2016,2016,nzdfas
New Zealand,Tri-service,F,chest_depth,Chest depth,212,250.0,25.0,1,250.0,250.0,2016,2016,nzdfas
New Zealand,Tri-service,F,crotch_height,Crotch height,212,767.0,33.0,1,767.0,767.0,2016,2016,nzdfas
New Zealand,Tri-service,F,elbow_rest_height,Elbow rest height,212,254.0,25.0,1,254.0,254.0,2016,2016,nzdfas
New Zealand,Tri-service,F,eye_height_sitting,Eye height (sitting),212,778.0,30.0,1,778.0,778.0,2016,2016,nzdfas
New Zealand,Tri-service,F,foot_breadth,Foot breadth,212,94.0,6.0,1,94.0,94.0,2016,2016,nzdfas
New Zealand,Tri-service,F,foot_length,Foot length,212,245.0,11.0,1,245.0,245.0,2016,2016,nzdfas
New Zealand,Tri-service,F,forearm_forearm_breadth,Forearm-forearm breadth,212,474.0,39.0,1,474.0,474.0,2016,2016,nzdfas
New Zealand,Tri-service,F,hand_breadth,Hand breadth (metacarpale),212,78.0,4.0,1,78.0,78.0,2016,2016,nzdfas
New Zealand,Tri-service,F,hand_circumference,Hand circumference (metacarpale),212,190.0,10.0,1,190.0,190.0,2016,2016,nzdfas
New Zealand,Tri-service,F,hand_length,Hand length,212,183.0,10.0,1,183.0,183.0,2016,2016,nzdfas
New Zealand,Tri-service,F,head_breadth,Head breadth,212,149.0,7.0,1,149.0,149.0,2016,2016,nzdfas
New Zealand,Tri-service,F,head_circumference,Head circumference,212,578.0,12.0,1,578.0,578.0,2016,2016,nzdfas
New Zealand,Tri-service,F,head_length,Head length,212,195.0,6.0,1,195.0,195.0,2016,2016,nzdfas
New Zealand,Tri-service,F,hip_breadth_sitting,Hip breadth (sitting),212,431.0,30.0,1,431.0,431.0,2016,2016,nzdfas
New Zealand,Tri-service,F,iliocristale_height,Iliocristale height,212,997.0,42.0,1,997.0,997.0,2016,2016,nzdfas
New Zealand,Tri-service,F,interpupillary_breadth,Interpupillary breadth,212,58.0,4.0,1,58.0,58.0,2016,2016,nzdfas
New Zealand,Tri-service,F,knee_height_sitting,Knee height (sitting),212,514.0,22.0,1,514.0,514.0,2016,2016,nzdfas
New Zealand,Tri-service,F,mass,Body mass,212,70.0,11.0,1,70.0,70.0,2016,2016,nzdfas
New Zealand,Tri-service,F,neck_circumference_base,Neck circumference (base),212,397.0,28.0,1,397.0,397.0,2016,2016,nzdfas
New Zealand,Tri-service,F,other:ankle_girth,Ankle girth,212,249.0,16.0,1,249.0,249.0,2016,2016,nzdfas
New Zealand,Tri-service,F,other:axilla_height,Axilla height,212,1236.0,50.0,1,1236.0,1236.0,2016,2016,nzdfas
New Zealand,Tri-service,F,other:bitragion_mandibular_arc,Bitragion mandibular arc,212,276.0,14.0,1,276.0,276.0,2016,2016,nzdfas
New Zealand,Tri-service,F,other:breast_height,Breast height,212,1205.0,49.0,1,1205.0,1205.0,2016,2016,nzdfas
New Zealand,Tri-service,F,other:buttock_depth,Buttock depth,212,265.0,24.0,1,265.0,265.0,2016,2016,nzdfas
New Zealand,Tri-service,F,other:buttock_heel_length,Buttock-heel length,212,1001.0,43.0,1,1001.0,1001.0,2016,2016,nzdfas
New Zealand,Tri-service,F,other:buttock_height,Buttock height,212,839.0,37.0,1,839.0,839.0,2016,2016,nzdfas
New Zealand,Tri-service,F,other:cervicale_height_sitting,Cervicale height sitting,212,653.0,28.0,1,653.0,653.0,2016,2016,nzdfas
New Zealand,Tri-service,F,other:chest_height_sitting,Chest height sitting,212,430.0,27.0,1,430.0,430.0,2016,2016,nzdfas
New Zealand,Tri-service,F,other:crotch_length,Crotch length,212,792.0,52.0,1,792.0,792.0,2016,2016,nzdfas
New Zealand,Tri-service,F,other:crotch_waist_preferred_anterior,Crotch waist preferred anterior,212,254.0,38.0,1,254.0,254.0,2016,2016,nzdfas
New Zealand,Tri-service,F,other:elbow_girth,Elbow girth,212,254.0,18.0,1,254.0,254.0,2016,2016,nzdfas
New Zealand,Tri-service,F,other:elbow_grip_length,Elbow grip length,212,325.0,15.0,1,325.0,325.0,2016,2016,nzdfas
New Zealand,Tri-service,F,other:elbow_rest_height_standing,Elbow rest height standing,212,992.0,40.0,1,992.0,992.0,2016,2016,nzdfas
New Zealand,Tri-service,F,other:eye_height,Eye height,212,1549.0,53.0,1,1549.0,1549.0,2016,2016,nzdfas
New Zealand,Tri-service,F,other:foot_ball_circumference,Foot ball circumference,212,232.0,12.0,1,232.0,232.0,2016,2016,nzdfas
New Zealand,Tri-service,F,other:foot_ball_length,Foot ball length,212,179.0,9.0,1,179.0,179.0,2016,2016,nzdfas
New Zealand,Tri-service,F,other:forearm_fingertip_length,Forearm-fingertip length,212,437.0,18.0,1,437.0,437.0,2016,2016,nzdfas
New Zealand,Tri-service,F,other:grip_reach,Grip reach,212,699.0,34.0,1,699.0,699.0,2016,2016,nzdfas
New Zealand,Tri-service,F,other:hip_breadth_standing,Hip breadth standing,212,375.0,19.0,1,375.0,375.0,2016,2016,nzdfas
New Zealand,Tri-service,F,other:hip_girth_maximum,Hip girth maximum,212,1053.0,63.0,1,1053.0,1053.0,2016,2016,nzdfas
New Zealand,Tri-service,F,other:index_finger_breadth_distal,Index finger breadth distal,212,14.0,1.0,1,14.0,14.0,2016,2016,nzdfas
New Zealand,Tri-service,F,other:index_finger_breadth_proximal,Index finger breadth proximal,212,17.0,1.0,1,17.0,17.0,2016,2016,nzdfas
New Zealand,Tri-service,F,other:index_finger_reach,Index finger reach,212,791.0,37.0,1,791.0,791.0,2016,2016,nzdfas
New Zealand,Tri-service,F,other:knee_circumference,Knee circumference,212,372.0,22.0,1,372.0,372.0,2016,2016,nzdfas
New Zealand,Tri-service,F,other:knee_height,Knee height,212,447.0,20.0,1,447.0,447.0,2016,2016,nzdfas
New Zealand,Tri-service,F,other:medial_malleolus_hallax_length,Medial malleolus-hallax length,212,191.0,11.0,1,191.0,191.0,2016,2016,nzdfas
New Zealand,Tri-service,F,other:palm_length,Palm length,212,106.0,6.0,1,106.0,106.0,2016,2016,nzdfas
New Zealand,Tri-service,F,other:sleeve_outseam,Sleeve outseam,212,566.0,24.0,1,566.0,566.0,2016,2016,nzdfas
New Zealand,Tri-service,F,other:t2_height,T2 height,212,1397.0,53.0,1,1397.0,1397.0,2016,2016,nzdfas
New Zealand,Tri-service,F,other:tenth_rib_height,Tenth rib height,212,1064.0,44.0,1,1064.0,1064.0,2016,2016,nzdfas
New Zealand,Tri-service,F,other:thigh_girth,Thigh girth,212,595.0,40.0,1,595.0,595.0,2016,2016,nzdfas
New Zealand,Tri-service,F,other:tibiale_laterale_height,Tibiale laterale height,212,439.0,21.0,1,439.0,439.0,2016,2016,nzdfas
New Zealand,Tri-service,F,other:waist_breadth,Waist breadth,212,323.0,31.0,1,323.0,323.0,2016,2016,nzdfas
New Zealand,Tri-service,F,other:waist_circumference_preferred,Waist circumference preferred,212,872.0,95.0,1,872.0,872.0,2016,2016,nzdfas
New Zealand,Tri-service,F,other:waist_depth_standing,Waist depth standing,212,236.0,36.0,1,236.0,236.0,2016,2016,nzdfas
New Zealand,Tri-service,F,other:waist_girth,Waist girth,212,806.0,95.0,1,806.0,806.0,2016,2016,nzdfas
New Zealand,Tri-service,F,other:waist_height_preferred,Waist height preferred,212,997.0,49.0,1,997.0,997.0,2016,2016,nzdfas
New Zealand,Tri-service,F,popliteal_height,Popliteal height,212,413.0,20.0,1,413.0,413.0,2016,2016,nzdfas
New Zealand,Tri-service,F,radiale_stylion_length,Radiale-stylion length,212,240.0,13.0,1,240.0,240.0,2016,2016,nzdfas
New Zealand,Tri-service,F,shoulder_elbow_length,Shoulder-elbow length,212,345.0,15.0,1,345.0,345.0,2016,2016,nzdfas
New Zealand,Tri-service,F,sitting_height,Sitting height,212,891.0,30.0,1,891.0,891.0,2016,2016,nzdfas
New Zealand,Tri-service,F,span,Span,212,1683.0,65.0,1,1683.0,1683.0,2016,2016,nzdfas
New Zealand,Tri-service,F,stature,Stature,212,1671.0,55.0,1,1671.0,1671.0,2016,2016,nzdfas
New Zealand,Tri-service,F,suprasternale_height,Suprasternale height,212,1371.0,51.0,1,1371.0,1371.0,2016,2016,nzdfas
New Zealand,Tri-service,F,thigh_clearance,Thigh clearance,212,158.0,13.0,1,158.0,158.0,2016,2016,nzdfas
New Zealand,Tri-service,F,thumbtip_reach,Thumb-tip reach,212,756.0,36.0,1,756.0,756.0,2016,2016,nzdfas
New Zealand,Tri-service,F,trochanterion_height,Trochanterion height,212,857.0,44.0,1,857.0,857.0,2016,2016,nzdfas
New Zealand,Tri-service,F,vertical_trunk_circumference,Vertical trunk circumference,212,1637.0,72.0,1,1637.0,1637.0,2016,2016,nzdfas
New Zealand,Tri-service,F,wrist_circumference,Wrist circumference,212,162.0,10.0,1,162.0,162.0,2016,2016,nzdfas
New Zealand,Tri-service,M,abdominal_depth_sitting,Abdominal extension depth (sitting),790,273.0,35.0,1,273.0,273.0,2016,2016,nzdfas
New Zealand,Tri-service,M,acromion_height,Acromion height,790,1466.0,60.0,1,1466.0,1466.0,2016,2016,nzdfas
New Zealand,Tri-service,M,acromion_height_sitting,Acromion height (sitting),790,623.0,30.0,1,623.0,623.0,2016,2016,nzdfas
New Zealand,Tri-service,M,acromion_radiale_length,Acromion-radiale length,790,346.0,19.0,1,346.0,346.0,2016,2016,nzdfas
New Zealand,Tri-service,M,biacromial_breadth,Biacromial breadth,790,422.0,19.0,1,422.0,422.0,2016,2016,nzdfas
New Zealand,Tri-service,M,biceps_circumference_flexed,Biceps circumference (flexed),790,359.0,32.0,1,359.0,359.0,2016,2016,nzdfas
New Zealand,Tri-service,M,bideltoid_breadth,Bideltoid breadth,790,510.0,29.0,1,510.0,510.0,2016,2016,nzdfas
New Zealand,Tri-service,M,bizygomatic_breadth,Bizygomatic breadth,790,131.0,8.0,1,131.0,131.0,2016,2016,nzdfas
New Zealand,Tri-service,M,buttock_circumference,Buttock circumference,790,1051.0,72.0,1,1051.0,1051.0,2016,2016,nzdfas
New Zealand,Tri-service,M,buttock_knee_length,Buttock-knee length,790,626.0,30.0,1,626.0,626.0,2016,2016,nzdfas
New Zealand,Tri-service,M,buttock_popliteal_length,Buttock-popliteal length,790,522.0,26.0,1,522.0,522.0,2016,2016,nzdfas
New Zealand,Tri-service,M,calf_circumference,Calf circumference,790,391.0,27.0,1,391.0,391.0,2016,2016,nzdfas
New Zealand,Tri-service,M,chest_breadth,Chest breadth,790,366.0,29.0,1,366.0,366.0,2016,2016,nzdfas
New Zealand,Tri-service,M,chest_circumference,Chest circumference,790,1054.0,83.0,1,1054.0,1054.0,2016,2016,nzdfas
New Zealand,Tri-service,M,chest_depth,Chest depth,790,250.0,24.0,1,250.0,250.0,2016,2016,nzdfas
New Zealand,Tri-service,M,crotch_height,Crotch height,790,790.0,42.0,1,790.0,790.0,2016,2016,nzdfas
New Zealand,Tri-service,M,elbow_rest_height,Elbow rest height,790,254.0,26.0,1,254.0,254.0,2016,2016,nzdfas
New Zealand,Tri-service,M,eye_height_sitting,Eye height (sitting),790,825.0,32.0,1,825.0,825.0,2016,2016,nzdfas
New Zealand,Tri-service,M,foot_breadth,Foot breadth,790,103.0,6.0,1,103.0,103.0,2016,2016,nzdfas
New Zealand,Tri-service,M,foot_length,Foot length,790,269.0,12.0,1,269.0,269.0,2016,2016,nzdfas
New Zealand,Tri-service,M,forearm_forearm_breadth,Forearm-forearm breadth,790,544.0,52.0,1,544.0,544.0,2016,2016,nzdfas
New Zealand,Tri-service,M,hand_breadth,Hand breadth (metacarpale),790,88.0,4.0,1,88.0,88.0,2016,2016,nzdfas
New Zealand,Tri-service,M,hand_circumference,Hand circumference (metacarpale),790,214.0,10.0,1,214.0,214.0,2016,2016,nzdfas
New Zealand,Tri-service,M,hand_length,Hand length,790,198.0,11.0,1,198.0,198.0,2016,2016,nzdfas
New Zealand,Tri-service,M,head_breadth,Head breadth,790,156.0,6.0,1,156.0,156.0,2016,2016,nzdfas
New Zealand,Tri-service,M,head_circumference,Head circumference,790,599.0,15.0,1,599.0,599.0,2016,2016,nzdfas
New Zealand,Tri-service,M,head_length,Head length,790,202.0,7.0,1,202.0,202.0,2016,2016,nzdfas
New Zealand,Tri-service,M,hip_breadth_sitting,Hip breadth (sitting),790,427.0,32.0,1,427.0,427.0,2016,2016,nzdfas
New Zealand,Tri-service,M,iliocristale_height,Iliocristale height,790,1071.0,52.0,1,1071.0,1071.0,2016,2016,nzdfas
New Zealand,Tri-service,M,interpupillary_breadth,Interpupillary breadth,790,61.0,4.0,1,61.0,61.0,2016,2016,nzdfas
New Zealand,Tri-service,M,knee_height_sitting,Knee height (sitting),790,556.0,27.0,1,556.0,556.0,2016,2016,nzdfas
New Zealand,Tri-service,M,mass,Body mass,790,86.0,13.0,1,86.0,86.0,2016,2016,nzdfas
New Zealand,Tri-service,M,neck_circumference_base,Neck circumference (base),790,460.0,32.0,1,460.0,460.0,2016,2016,nzdfas
New Zealand,Tri-service,M,other:ankle_girth,Ankle girth,790,275.0,19.0,1,275.0,275.0,2016,2016,nzdfas
New Zealand,Tri-service,M,other:axilla_height,Axilla height,790,1324.0,55.0,1,1324.0,1324.0,2016,2016,nzdfas
New Zealand,Tri-service,M,other:bitragion_mandibular_arc,Bitragion mandibular arc,790,305.0,17.0,1,305.0,305.0,2016,2016,nzdfas
New Zealand,Tri-service,M,other:breast_height,Breast height,790,1303.0,54.0,1,1303.0,1303.0,2016,2016,nzdfas
New Zealand,Tri-service,M,other:buttock_depth,Buttock depth,790,284.0,25.0,1,284.0,284.0,2016,2016,nzdfas
New Zealand,Tri-service,M,other:buttock_heel_length,Buttock-heel length,790,1069.0,49.0,1,1069.0,1069.0,2016,2016,nzdfas
New Zealand,Tri-service,M,other:buttock_height,Buttock height,790,904.0,46.0,1,904.0,904.0,2016,2016,nzdfas
New Zealand,Tri-service,M,other:cervicale_height_sitting,Cervicale height sitting,790,690.0,29.0,1,690.0,690.0,2016,2016,nzdfas
New Zealand,Tri-service,M,other:chest_height_sitting,Chest height sitting,790,448.0,26.0,1,448.0,448.0,2016,2016,nzdfas
New Zealand,Tri-service,M,other:crotch_length,Crotch length,790,893.0,59.0,1,893.0,893.0,2016,2016,nzdfas
New Zealand,Tri-service,M,other:crotch_waist_preferred_anterior,Crotch waist preferred anterior,790,291.0,32.0,1,291.0,291.0,2016,2016,nzdfas
New Zealand,Tri-service,M,other:elbow_girth,Elbow girth,790,287.0,20.0,1,287.0,287.0,2016,2016,nzdfas
New Zealand,Tri-service,M,other:elbow_grip_length,Elbow grip length,790,358.0,18.0,1,358.0,358.0,2016,2016,nzdfas
New Zealand,Tri-service,M,other:elbow_rest_height_standing,Elbow rest height standing,790,1059.0,46.0,1,1059.0,1059.0,2016,2016,nzdfas
New Zealand,Tri-service,M,other:eye_height,Eye height,790,1669.0,64.0,1,1669.0,1669.0,2016,2016,nzdfas
New Zealand,Tri-service,M,other:foot_ball_circumference,Foot ball circumference,790,254.0,14.0,1,254.0,254.0,2016,2016,nzdfas
New Zealand,Tri-service,M,other:foot_ball_length,Foot ball length,790,197.0,10.0,1,197.0,197.0,2016,2016,nzdfas
New Zealand,Tri-service,M,other:forearm_fingertip_length,Forearm-fingertip length,790,481.0,21.0,1,481.0,481.0,2016,2016,nzdfas
New Zealand,Tri-service,M,other:grip_reach,Grip reach,790,768.0,40.0,1,768.0,768.0,2016,2016,nzdfas
New Zealand,Tri-service,M,other:hip_breadth_standing,Hip breadth standing,790,368.0,21.0,1,368.0,368.0,2016,2016,nzdfas
New Zealand,Tri-service,M,other:hip_girth_maximum,Hip girth maximum,790,1061.0,68.0,1,1061.0,1061.0,2016,2016,nzdfas
New Zealand,Tri-service,M,other:index_finger_breadth_distal,Index finger breadth distal,790,17.0,1.0,1,17.0,17.0,2016,2016,nzdfas
New Zealand,Tri-service,M,other:index_finger_breadth_proximal,Index finger breadth proximal,790,19.0,1.0,1,19.0,19.0,2016,2016,nzdfas
New Zealand,Tri-service,M,other:index_finger_reach,Index finger reach,790,864.0,42.0,1,864.0,864.0,2016,2016,nzdfas
New Zealand,Tri-service,M,other:knee_circumference,Knee circumference,790,388.0,24.0,1,388.0,388.0,2016,2016,nzdfas
New Zealand,Tri-service,M,other:knee_height,Knee height,790,482.0,25.0,1,482.0,482.0,2016,2016,nzdfas
New Zealand,Tri-service,M,other:medial_malleolus_hallax_length,Medial malleolus-hallax length,790,210.0,11.0,1,210.0,210.0,2016,2016,nzdfas
New Zealand,Tri-service,M,other:palm_length,Palm length,790,114.0,8.0,1,114.0,114.0,2016,2016,nzdfas
New Zealand,Tri-service,M,other:sleeve_outseam,Sleeve outseam,790,619.0,30.0,1,619.0,619.0,2016,2016,nzdfas
New Zealand,Tri-service,M,other:t2_height,T2 height,790,1505.0,60.0,1,1505.0,1505.0,2016,2016,nzdfas
New Zealand,Tri-service,M,other:tenth_rib_height,Tenth rib height,790,1145.0,52.0,1,1145.0,1145.0,2016,2016,nzdfas
New Zealand,Tri-service,M,other:thigh_girth,Thigh girth,790,597.0,51.0,1,597.0,597.0,2016,2016,nzdfas
New Zealand,Tri-service,M,other:tibiale_laterale_height,Tibiale laterale height,790,481.0,27.0,1,481.0,481.0,2016,2016,nzdfas
New Zealand,Tri-service,M,other:waist_breadth,Waist breadth,790,334.0,31.0,1,334.0,334.0,2016,2016,nzdfas
New Zealand,Tri-service,M,other:waist_circumference_preferred,Waist circumference preferred,790,935.0,102.0,1,935.0,935.0,2016,2016,nzdfas
New Zealand,Tri-service,M,other:waist_depth_standing,Waist depth standing,790,256.0,35.0,1,256.0,256.0,2016,2016,nzdfas
New Zealand,Tri-service,M,other:waist_girth,Waist girth,790,898.0,105.0,1,898.0,898.0,2016,2016,nzdfas
New Zealand,Tri-service,M,other:waist_height_preferred,Waist height preferred,790,1048.0,47.0,1,1048.0,1048.0,2016,2016,nzdfas
New Zealand,Tri-service,M,popliteal_height,Popliteal height,790,450.0,24.0,1,450.0,450.0,2016,2016,nzdfas
New Zealand,Tri-service,M,radiale_stylion_length,Radiale-stylion length,790,267.0,15.0,1,267.0,267.0,2016,2016,nzdfas
New Zealand,Tri-service,M,shoulder_elbow_length,Shoulder-elbow length,790,374.0,19.0,1,374.0,374.0,2016,2016,nzdfas
New Zealand,Tri-service,M,sitting_height,Sitting height,790,943.0,33.0,1,943.0,943.0,2016,2016,nzdfas
New Zealand,Tri-service,M,span,Span,790,1837.0,75.0,1,1837.0,1837.0,2016,2016,nzdfas
New Zealand,Tri-service,M,stature,Stature,790,1786.0,65.0,1,1786.0,1786.0,2016,2016,nzdfas
New Zealand,Tri-service,M,suprasternale_height,Suprasternale height,790,1469.0,61.0,1,1469.0,1469.0,2016,2016,nzdfas
New Zealand,Tri-service,M,thigh_clearance,Thigh clearance,790,168.0,15.0,1,168.0,168.0,2016,2016,nzdfas
New Zealand,Tri-service,M,thumbtip_reach,Thumb-tip reach,790,825.0,41.0,1,825.0,825.0,2016,2016,nzdfas
New Zealand,Tri-service,M,trochanterion_height,Trochanterion height,790,932.0,48.0,1,932.0,932.0,2016,2016,nzdfas
New Zealand,Tri-service,M,vertical_trunk_circumference,Vertical trunk circumference,790,1794.0,79.0,1,1794.0,1794.0,2016,2016,nzdfas
New Zealand,Tri-service,M,wrist_circumference,Wrist circumference,790,181.0,11.0,1,181.0,181.0,2016,2016,nzdfas
Nicaragua,Recruits/trainees,M,age,Age,84,22.5,7.5,1,22.5,22.5,1965,1965,latin-american-armed-forces
Nicaragua,Recruits/trainees,M,mass,Body mass,84,63.32,10.43,1,63.32,63.32,1965,1965,latin-american-armed-forces
Nicaragua,Recruits/trainees,M,stature,Stature,84,1656.08,61.21,1,1656.08,1656.08,1965,1965,latin-american-armed-forces
Panama,Recruits/trainees,M,age,Age,131,27.7,6.2,1,27.7,27.7,1965,1965,latin-american-armed-forces
Panama,Recruits/trainees,M,mass,Body mass,131,65.82,9.53,1,65.82,65.82,1965,1965,latin-american-armed-forces
Panama,Recruits/trainees,M,stature,Stature,131,1678.94,65.02,1,1678.94,1678.94,1965,1965,latin-american-armed-forces
Paraguay,Recruits/trainees,M,age,Age,61,24.3,5.4,1,24.3,24.3,1965,1965,latin-american-armed-forces
Paraguay,Recruits/trainees,M,mass,Body mass,61,67.18,8.3,1,67.18,67.18,1965,1965,latin-american-armed-forces
Paraguay,Recruits/trainees,M,stature,Stature,61,1678.94,53.85,1,1678.94,1678.94,1965,1965,latin-american-armed-forces
Peru,Recruits/trainees,M,age,Age,161,21.7,3.5,1,21.7,21.7,1965,1965,latin-american-armed-forces
Peru,Recruits/trainees,M,mass,Body mass,161,63.55,5.85,1,63.55,63.55,1965,1965,latin-american-armed-forces
Peru,Recruits/trainees,M,stature,Stature,161,1645.92,46.99,1,1645.92,1645.92,1965,1965,latin-american-armed-forces
South Korea,Air Force,M,ankle_circumference,Ankle circumference,190,212.0,0.0,1,212.0,212.0,1965,1965,korea
South Korea,Air Force,M,calf_circumference,Calf circumference,190,344.0,0.0,1,344.0,344.0,1965,1965,korea
South Korea,Air Force,M,chest_breadth,Chest breadth,190,295.0,0.0,1,295.0,295.0,1965,1965,korea
South Korea,Air Force,M,chest_depth,Chest depth,190,220.0,0.0,1,220.0,220.0,1965,1965,korea
South Korea,Air Force,M,crotch_height,Crotch height,190,758.0,0.0,1,758.0,758.0,1965,1965,korea
South Korea,Air Force,M,hand_breadth,Hand breadth (metacarpale),190,87.0,0.0,1,87.0,87.0,1965,1965,korea
South Korea,Air Force,M,head_breadth,Head breadth,190,154.0,0.0,1,154.0,154.0,1965,1965,korea
South Korea,Air Force,M,head_circumference,Head circumference,190,540.0,0.0,1,540.0,540.0,1965,1965,korea
South Korea,Air Force,M,head_length,Head length,190,177.0,0.0,1,177.0,177.0,1965,1965,korea
South Korea,Air Force,M,hip_breadth_sitting,Hip breadth (sitting),190,321.0,0.0,1,321.0,321.0,1965,1965,korea
South Korea,Air Force,M,knee_height_sitting,Knee height (sitting),190,479.0,0.0,1,479.0,479.0,1965,1965,korea
South Korea,Air Force,M,mass,Body mass,190,59.4,0.0,1,59.4,59.4,1965,1965,korea
South Korea,Air Force,M,neck_circumference,Neck circumference,190,346.0,0.0,1,346.0,346.0,1965,1965,korea
South Korea,Air Force,M,other:arm_reach_forward,"Arm reach, forward",190,807.0,0.0,1,807.0,807.0,1965,1965,korea
South Korea,Air Force,M,other:arm_reach_upward,"Arm reach, upward",190,1320.0,0.0,1,1320.0,1320.0,1965,1965,korea
South Korea,Air Force,M,other:back_waist_length,Back waist length,190,455.0,0.0,1,455.0,455.0,1965,1965,korea
South Korea,Air Force,M,other:crotch_thigh_circumference,Crotch thigh circumference,190,490.0,0.0,1,490.0,490.0,1965,1965,korea
South Korea,Air Force,M,other:elbow_to_elbow_breadth,Elbow-to-elbow breadth,190,406.0,0.0,1,406.0,406.0,1965,1965,korea
South Korea,Air Force,M,other:face_breadth,Face breadth,190,144.0,0.0,1,144.0,144.0,1965,1965,korea
South Korea,Air Force,M,other:head_height,Head height,190,122.0,0.0,1,122.0,122.0,1965,1965,korea
South Korea,Air Force,M,other:heel_ankle_circumference,Heel-ankle circumference,190,317.0,0.0,1,317.0,317.0,1965,1965,korea
South Korea,Air Force,M,other:hip_breadth_standing,"Hip breadth, standing",190,309.0,0.0,1,309.0,309.0,1965,1965,korea
South Korea,Air Force,M,other:kneecap_height,Kneecap height,190,473.0,0.0,1,473.0,473.0,1965,1965,korea
South Korea,Air Force,M,other:lower_thigh_circumference,Lower thigh circumference,190,377.0,0.0,1,377.0,377.0,1965,1965,korea
South Korea,Air Force,M,other:palm_length,Palm length,190,104.0,0.0,1,104.0,104.0,1965,1965,korea
South Korea,Air Force,M,other:shoulder_breadth,Shoulder breadth,190,420.0,0.0,1,420.0,420.0,1965,1965,korea
South Korea,Air Force,M,other:shoulder_height,Shoulder height,190,1345.0,0.0,1,1345.0,1345.0,1965,1965,korea
South Korea,Air Force,M,other:shoulder_height_sitting,"Shoulder height, sitting",190,573.0,0.0,1,573.0,573.0,1965,1965,korea
South Korea,Air Force,M,other:sleeve_inseam,Sleeve inseam,190,455.0,0.0,1,455.0,455.0,1965,1965,korea
South Korea,Air Force,M,other:triceps_skinfold,Triceps skinfold,190,5.7,0.0,1,5.7,5.7,1965,1965,korea
South Korea,Air Force,M,other:upper_arm_circumference,Upper arm circumference,190,253.0,0.0,1,253.0,253.0,1965,1965,korea
South Korea,Air Force,M,stature,Stature,190,1659.0,0.0,1,1659.0,1659.0,1965,1965,korea
South Korea,Air Force,M,wrist_circumference,Wrist circumference,190,162.0,0.0,1,162.0,162.0,1965,1965,korea
South Korea,Army,M,ankle_circumference,Ankle circumference,3249,214.0,0.0,1,214.0,214.0,1965,1965,korea
South Korea,Army,M,chest_breadth,Chest breadth,3249,288.0,0.0,1,288.0,288.0,1965,1965,korea
South Korea,Army,M,chest_depth,Chest depth,3249,217.0,0.0,1,217.0,217.0,1965,1965,korea
South Korea,Army,M,foot_breadth,Foot breadth,3249,96.0,0.0,1,96.0,96.0,1965,1965,korea
South Korea,Army,M,hand_length,Hand length,3249,179.0,0.0,1,179.0,179.0,1965,1965,korea
South Korea,Army,M,head_breadth,Head breadth,3249,150.0,0.0,1,150.0,150.0,1965,1965,korea
South Korea,Army,M,head_length,Head length,3249,178.0,0.0,1,178.0,178.0,1965,1965,korea
South Korea,Army,M,hip_breadth_sitting,Hip breadth (sitting),3249,318.0,0.0,1,318.0,318.0,1965,1965,korea
South Korea,Army,M,other:ball_foot_circumference,Ball foot circumference,3249,244.0,0.0,1,244.0,244.0,1965,1965,korea
South Korea,Army,M,other:elbow_to_elbow_breadth,Elbow-to-elbow breadth,3249,398.0,0.0,1,398.0,398.0,1965,1965,korea
South Korea,Army,M,other:face_breadth,Face breadth,3249,140.0,0.0,1,140.0,140.0,1965,1965,korea
South Korea,Army,M,other:hand_circumference,Hand circumference,3249,206.0,0.0,1,206.0,206.0,1965,1965,korea
South Korea,Army,M,other:head_height,Head height,3249,125.0,0.0,1,125.0,125.0,1965,1965,korea
South Korea,Army,M,other:hip_breadth_standing,"Hip breadth, standing",3249,303.0,0.0,1,303.0,303.0,1965,1965,korea
South Korea,Army,M,other:instep_length,Instep length,3249,177.0,0.0,1,177.0,177.0,1965,1965,korea
South Korea,Army,M,other:interscye_breadth,Interscye,3249,377.0,0.0,1,377.0,377.0,1965,1965,korea
South Korea,Army,M,other:juxta_nipple_skinfold,Juxta-nipple skinfold,3249,4.4,0.0,1,4.4,4.4,1965,1965,korea
South Korea,Army,M,other:mid_axillary_skinfold,Mid-axillary skinfold,3249,4.8,0.0,1,4.8,4.8,1965,1965,korea
South Korea,Army,M,other:shoulder_breadth,Shoulder breadth,3249,422.0,0.0,1,422.0,422.0,1965,1965,korea
South Korea,Army,M,other:triceps_skinfold,Triceps skinfold,3249,5.4,0.0,1,5.4,5.4,1965,1965,korea
South Korea,Army,M,other:waist_height,Waist height,3249,988.0,0.0,1,988.0,988.0,1965,1965,korea
South Korea,Army,M,shoulder_elbow_length,Shoulder-elbow length,3249,336.0,0.0,1,336.0,336.0,1965,1965,korea
South Korea,Army,M,wrist_circumference,Wrist circumference,3249,164.0,0.0,1,164.0,164.0,1965,1965,korea
South Korea,Marine Corps,M,ankle_circumference,Ankle circumference,167,220.0,0.0,1,220.0,220.0,1965,1965,korea
South Korea,Marine Corps,M,calf_circumference,Calf circumference,167,345.0,0.0,1,345.0,345.0,1965,1965,korea
South Korea,Marine Corps,M,foot_breadth,Foot breadth,167,96.0,0.0,1,96.0,96.0,1965,1965,korea
South Korea,Marine Corps,M,head_breadth,Head breadth,167,154.0,0.0,1,154.0,154.0,1965,1965,korea
South Korea,Marine Corps,M,head_circumference,Head circumference,167,544.0,0.0,1,544.0,544.0,1965,1965,korea
South Korea,Marine Corps,M,head_length,Head length,167,177.0,0.0,1,177.0,177.0,1965,1965,korea
South Korea,Marine Corps,M,mass,Body mass,167,60.1,0.0,1,60.1,60.1,1965,1965,korea
South Korea,Marine Corps,M,other:arm_reach_forward,"Arm reach, forward",167,817.0,0.0,1,817.0,817.0,1965,1965,korea
South Korea,Marine Corps,M,other:ball_foot_circumference,Ball foot circumference,167,244.0,0.0,1,244.0,244.0,1965,1965,korea
South Korea,Marine Corps,M,other:crotch_thigh_circumference,Crotch thigh circumference,167,491.0,0.0,1,491.0,491.0,1965,1965,korea
South Korea,Marine Corps,M,other:elbow_to_elbow_breadth,Elbow-to-elbow breadth,167,411.0,0.0,1,411.0,411.0,1965,1965,korea
South Korea,Marine Corps,M,other:face_breadth,Face breadth,167,141.0,0.0,1,141.0,141.0,1965,1965,korea
South Korea,Marine Corps,M,other:forearm_hand_length,Forearm-hand length,167,439.0,0.0,1,439.0,439.0,1965,1965,korea
South Korea,Marine Corps,M,other:hand_circumference,Hand circumference,167,210.0,0.0,1,210.0,210.0,1965,1965,korea
South Korea,Marine Corps,M,other:heel_ankle_circumference,Heel-ankle circumference,167,317.0,0.0,1,317.0,317.0,1965,1965,korea
South Korea,Marine Corps,M,other:hip_breadth_standing,"Hip breadth, standing",167,309.0,0.0,1,309.0,309.0,1965,1965,korea
South Korea,Marine Corps,M,other:interscye_breadth,Interscye,167,387.0,0.0,1,387.0,387.0,1965,1965,korea
South Korea,Marine Corps,M,other:kneecap_height,Kneecap height,167,458.0,0.0,1,458.0,458.0,1965,1965,korea
South Korea,Marine Corps,M,other:lower_thigh_circumference,Lower thigh circumference,167,383.0,0.0,1,383.0,383.0,1965,1965,korea
South Korea,Marine Corps,M,other:shoulder_breadth,Shoulder breadth,167,429.0,0.0,1,429.0,429.0,1965,1965,korea
South Korea,Marine Corps,M,other:shoulder_height,Shoulder height,167,1343.0,0.0,1,1343.0,1343.0,1965,1965,korea
South Korea,Marine Corps,M,other:shoulder_height_sitting,"Shoulder height, sitting",167,572.0,0.0,1,572.0,572.0,1965,1965,korea
South Korea,Marine Corps,M,other:sub_scapular_skinfold,Sub-scapular skinfold,167,7.6,0.0,1,7.6,7.6,1965,1965,korea
South Korea,Marine Corps,M,other:upper_arm_circumference,Upper arm circumference,167,256.0,0.0,1,256.0,256.0,1965,1965,korea
South Korea,Marine Corps,M,shoulder_circumference,Shoulder circumference,167,1065.0,0.0,1,1065.0,1065.0,1965,1965,korea
South Korea,Marine Corps,M,shoulder_elbow_length,Shoulder-elbow length,167,339.0,0.0,1,339.0,339.0,1965,1965,korea
South Korea,Marine Corps,M,stature,Stature,167,1639.0,0.0,1,1639.0,1639.0,1965,1965,korea
South Korea,Marine Corps,M,wrist_circumference,Wrist circumference,167,165.0,0.0,1,165.0,165.0,1965,1965,korea
South Korea,Navy,M,ankle_circumference,Ankle circumference,141,213.0,0.0,1,213.0,213.0,1965,1965,korea
South Korea,Navy,M,chest_breadth,Chest breadth,141,294.0,0.0,1,294.0,294.0,1965,1965,korea
South Korea,Navy,M,chest_depth,Chest depth,141,221.0,0.0,1,221.0,221.0,1965,1965,korea
South Korea,Navy,M,crotch_height,Crotch height,141,750.0,0.0,1,750.0,750.0,1965,1965,korea
South Korea,Navy,M,foot_breadth,Foot breadth,141,96.0,0.0,1,96.0,96.0,1965,1965,korea
South Korea,Navy,M,foot_length,Foot length,141,242.0,0.0,1,242.0,242.0,1965,1965,korea
South Korea,Navy,M,hand_length,Hand length,141,179.0,0.0,1,179.0,179.0,1965,1965,korea
South Korea,Navy,M,head_breadth,Head breadth,141,154.0,0.0,1,154.0,154.0,1965,1965,korea
South Korea,Navy,M,head_circumference,Head circumference,141,539.0,0.0,1,539.0,539.0,1965,1965,korea
South Korea,Navy,M,head_length,Head length,141,177.0,0.0,1,177.0,177.0,1965,1965,korea
South Korea,Navy,M,knee_height_sitting,Knee height (sitting),141,481.0,0.0,1,481.0,481.0,1965,1965,korea
South Korea,Navy,M,mass,Body mass,141,60.1,0.0,1,60.1,60.1,1965,1965,korea
South Korea,Navy,M,neck_circumference,Neck circumference,141,350.0,0.0,1,350.0,350.0,1965,1965,korea
South Korea,Navy,M,other:arm_reach_forward,"Arm reach, forward",141,820.0,0.0,1,820.0,820.0,1965,1965,korea
South Korea,Navy,M,other:arm_reach_upward,"Arm reach, upward",141,1310.0,0.0,1,1310.0,1310.0,1965,1965,korea
South Korea,Navy,M,other:face_breadth,Face breadth,141,143.0,0.0,1,143.0,143.0,1965,1965,korea
South Korea,Navy,M,other:forearm_hand_length,Forearm-hand length,141,443.0,0.0,1,443.0,443.0,1965,1965,korea
South Korea,Navy,M,other:hand_circumference,Hand circumference,141,208.0,0.0,1,208.0,208.0,1965,1965,korea
South Korea,Navy,M,other:head_height,Head height,141,123.0,0.0,1,123.0,123.0,1965,1965,korea
South Korea,Navy,M,other:interscye_breadth,Interscye,141,387.0,0.0,1,387.0,387.0,1965,1965,korea
South Korea,Navy,M,other:kneecap_height,Kneecap height,141,472.0,0.0,1,472.0,472.0,1965,1965,korea
South Korea,Navy,M,other:lower_thigh_circumference,Lower thigh circumference,141,390.0,0.0,1,390.0,390.0,1965,1965,korea
South Korea,Navy,M,other:palm_length,Palm length,141,103.0,0.0,1,103.0,103.0,1965,1965,korea
South Korea,Navy,M,other:shoulder_height,Shoulder height,141,1342.0,0.0,1,1342.0,1342.0,1965,1965,korea
South Korea,Navy,M,other:shoulder_height_sitting,"Shoulder height, sitting",141,583.0,0.0,1,583.0,583.0,1965,1965,korea
South Korea,Navy,M,other:sleeve_inseam,Sleeve inseam,141,455.0,0.0,1,455.0,455.0,1965,1965,korea
South Korea,Navy,M,other:sleeve_length,Sleeve length,141,797.0,0.0,1,797.0,797.0,1965,1965,korea
South Korea,Navy,M,other:triceps_skinfold,Triceps skinfold,141,4.8,0.0,1,4.8,4.8,1965,1965,korea
South Korea,Navy,M,other:upper_arm_circumference,Upper arm circumference,141,254.0,0.0,1,254.0,254.0,1965,1965,korea
South Korea,Navy,M,popliteal_height,Popliteal height,141,385.0,0.0,1,385.0,385.0,1965,1965,korea
South Korea,Navy,M,shoulder_elbow_length,Shoulder-elbow length,141,341.0,0.0,1,341.0,341.0,1965,1965,korea
South Korea,Navy,M,stature,Stature,141,1663.0,0.0,1,1663.0,1663.0,1965,1965,korea
South Korea,Navy,M,waist_circumference,Waist circumference (omphalion),141,740.0,0.0,1,740.0,740.0,1965,1965,korea
South Korea,Navy,M,wrist_circumference,Wrist circumference,141,166.0,0.0,1,166.0,166.0,1965,1965,korea
South Korea,Tri-service,M,ankle_circumference,Ankle circumference,3747,216.0,21.0,1,216.0,216.0,1965,1965,korea
South Korea,Tri-service,M,buttock_knee_length,Buttock-knee length,3747,538.0,27.0,1,538.0,538.0,1965,1965,korea
South Korea,Tri-service,M,buttock_popliteal_length,Buttock-popliteal length,3747,430.0,26.0,1,430.0,430.0,1965,1965,korea
South Korea,Tri-service,M,calf_circumference,Calf circumference,3747,346.0,23.0,1,346.0,346.0,1965,1965,korea
South Korea,Tri-service,M,chest_breadth,Chest breadth,3747,290.0,19.0,1,290.0,290.0,1965,1965,korea
South Korea,Tri-service,M,chest_circumference,Chest circumference,3747,885.0,41.0,1,885.0,885.0,1965,1965,korea
South Korea,Tri-service,M,chest_depth,Chest depth,3747,218.0,12.0,1,218.0,218.0,1965,1965,korea
South Korea,Tri-service,M,crotch_height,Crotch height,3747,750.0,38.0,1,750.0,750.0,1965,1965,korea
South Korea,Tri-service,M,eye_height_sitting,Eye height (sitting),3747,751.0,31.0,1,751.0,751.0,1965,1965,korea
South Korea,Tri-service,M,foot_breadth,Foot breadth,3747,96.0,4.0,1,96.0,96.0,1965,1965,korea
South Korea,Tri-service,M,foot_length,Foot length,3747,244.0,13.0,1,244.0,244.0,1965,1965,korea
South Korea,Tri-service,M,hand_breadth,Hand breadth (metacarpale),3747,85.0,4.0,1,85.0,85.0,1965,1965,korea
South Korea,Tri-service,M,hand_length,Hand length,3747,181.0,7.0,1,181.0,181.0,1965,1965,korea
South Korea,Tri-service,M,head_breadth,Head breadth,3747,153.0,6.0,1,153.0,153.0,1965,1965,korea
South Korea,Tri-service,M,head_circumference,Head circumference,3747,544.0,13.0,1,544.0,544.0,1965,1965,korea
South Korea,Tri-service,M,head_length,Head length,3747,179.0,7.0,1,179.0,179.0,1965,1965,korea
South Korea,Tri-service,M,hip_breadth_sitting,Hip breadth (sitting),3747,321.0,17.0,1,321.0,321.0,1965,1965,korea
South Korea,Tri-service,M,knee_height_sitting,Knee height (sitting),3747,487.0,29.0,1,487.0,487.0,1965,1965,korea
South Korea,Tri-service,M,mass,Body mass,3747,59.4,4.9,1,59.4,59.4,1965,1965,korea
South Korea,Tri-service,M,neck_circumference,Neck circumference,3747,344.0,15.0,1,344.0,344.0,1965,1965,korea
South Korea,Tri-service,M,other:arm_reach_forward,"Arm reach, forward",3747,806.0,42.0,1,806.0,806.0,1965,1965,korea
South Korea,Tri-service,M,other:arm_reach_upward,"Arm reach, upward",3747,1319.0,45.0,1,1319.0,1319.0,1965,1965,korea
South Korea,Tri-service,M,other:back_waist_length,Back waist length,3747,462.0,24.0,1,462.0,462.0,1965,1965,korea
South Korea,Tri-service,M,other:ball_foot_circumference,Ball foot circumference,3747,246.0,11.0,1,246.0,246.0,1965,1965,korea
South Korea,Tri-service,M,other:crotch_thigh_circumference,Crotch thigh circumference,3747,491.0,28.0,1,491.0,491.0,1965,1965,korea
South Korea,Tri-service,M,other:elbow_to_elbow_breadth,Elbow-to-elbow breadth,3747,402.0,27.0,1,402.0,402.0,1965,1965,korea
South Korea,Tri-service,M,other:face_breadth,Face breadth,3747,143.0,6.0,1,143.0,143.0,1965,1965,korea
South Korea,Tri-service,M,other:forearm_hand_length,Forearm-hand length,3747,440.0,20.0,1,440.0,440.0,1965,1965,korea
South Korea,Tri-service,M,other:hand_circumference,Hand circumference,3747,208.0,12.0,1,208.0,208.0,1965,1965,korea
South Korea,Tri-service,M,other:head_height,Head height,3747,125.0,8.0,1,125.0,125.0,1965,1965,korea
South Korea,Tri-service,M,other:heel_ankle_circumference,Heel-ankle circumference,3747,319.0,19.0,1,319.0,319.0,1965,1965,korea
South Korea,Tri-service,M,other:hip_breadth_standing,"Hip breadth, standing",3747,305.0,16.0,1,305.0,305.0,1965,1965,korea
South Korea,Tri-service,M,other:hip_circumference,Hip circumference,3747,875.0,33.0,1,875.0,875.0,1965,1965,korea
South Korea,Tri-service,M,other:instep_length,Instep length,3747,179.0,20.0,1,179.0,179.0,1965,1965,korea
South Korea,Tri-service,M,other:interscye_breadth,Interscye,3747,379.0,30.0,1,379.0,379.0,1965,1965,korea
South Korea,Tri-service,M,other:juxta_nipple_skinfold,Juxta-nipple skinfold,3747,4.0,1.4,1,4.0,4.0,1965,1965,korea
South Korea,Tri-service,M,other:kneecap_height,Kneecap height,3747,467.0,26.0,1,467.0,467.0,1965,1965,korea
South Korea,Tri-service,M,other:lower_thigh_circumference,Lower thigh circumference,3747,382.0,29.0,1,382.0,382.0,1965,1965,korea
South Korea,Tri-service,M,other:mid_axillary_skinfold,Mid-axillary skinfold,3747,4.4,1.3,1,4.4,4.4,1965,1965,korea
South Korea,Tri-service,M,other:palm_length,Palm length,3747,103.0,5.0,1,103.0,103.0,1965,1965,korea
South Korea,Tri-service,M,other:shoulder_breadth,Shoulder breadth,3747,425.0,19.0,1,425.0,425.0,1965,1965,korea
South Korea,Tri-service,M,other:shoulder_height,Shoulder height,3747,1341.0,47.0,1,1341.0,1341.0,1965,1965,korea
South Korea,Tri-service,M,other:shoulder_height_sitting,"Shoulder height, sitting",3747,582.0,31.0,1,582.0,582.0,1965,1965,korea
South Korea,Tri-service,M,other:sleeve_inseam,Sleeve inseam,3747,451.0,23.0,1,451.0,451.0,1965,1965,korea
South Korea,Tri-service,M,other:sleeve_length,Sleeve length,3747,794.0,34.0,1,794.0,794.0,1965,1965,korea
South Korea,Tri-service,M,other:sub_scapular_skinfold,Sub-scapular skinfold,3747,7.7,2.0,1,7.7,7.7,1965,1965,korea
South Korea,Tri-service,M,other:triceps_skinfold,Triceps skinfold,3747,5.3,1.7,1,5.3,5.3,1965,1965,korea
South Korea,Tri-service,M,other:upper_arm_circumference,Upper arm circumference,3747,255.0,18.0,1,255.0,255.0,1965,1965,korea
South Korea,Tri-service,M,other:waist_height,Waist height,3747,988.0,42.0,1,988.0,988.0,1965,1965,korea
South Korea,Tri-service,M,popliteal_height,Popliteal height,3747,391.0,24.0,1,391.0,391.0,1965,1965,korea
South Korea,Tri-service,M,shoulder_circumference,Shoulder circumference,3747,1056.0,44.0,1,1056.0,1056.0,1965,1965,korea
South Korea,Tri-service,M,shoulder_elbow_length,Shoulder-elbow length,3747,335.0,19.0,1,335.0,335.0,1965,1965,korea
South Korea,Tri-service,M,stature,Stature,3747,1652.0,49.0,1,1652.0,1652.0,1965,1965,korea
South Korea,Tri-service,M,waist_circumference,Waist circumference (omphalion),3747,743.0,40.0,1,743.0,743.0,1965,1965,korea
South Korea,Tri-service,M,wrist_circumference,Wrist circumference,3747,164.0,9.0,1,164.0,164.0,1965,1965,korea
Thailand,Air Force,M,age,Age,330,26.8,4.4,1,26.8,26.8,1962,1962,thai-1964
Thailand,Air Force,M,ankle_circumference,Ankle circumference,330,213.0,12.0,1,213.0,213.0,1962,1962,thai-1964
Thailand,Air Force,M,buttock_knee_length,Buttock-knee length,330,543.0,24.0,1,543.0,543.0,1962,1962,thai-1964
Thailand,Air Force,M,buttock_popliteal_length,Buttock-popliteal length,330,452.0,25.0,1,452.0,452.0,1962,1962,thai-1964
Thailand,Air Force,M,calf_circumference,Calf circumference,330,341.0,23.0,1,341.0,341.0,1962,1962,thai-1964
Thailand,Air Force,M,chest_circumference,Chest circumference,330,861.0,45.0,1,861.0,861.0,1962,1962,thai-1964
Thailand,Air Force,M,crotch_height,Crotch height,330,754.0,39.0,1,754.0,754.0,1962,1962,thai-1964
Thailand,Air Force,M,eye_height_sitting,Eye height (sitting),330,758.0,26.0,1,758.0,758.0,1962,1962,thai-1964
Thailand,Air Force,M,foot_breadth,Foot breadth,330,96.0,5.0,1,96.0,96.0,1962,1962,thai-1964
Thailand,Air Force,M,foot_length,Foot length,330,246.0,10.0,1,246.0,246.0,1962,1962,thai-1964
Thailand,Air Force,M,hand_breadth,Hand breadth (metacarpale),330,85.0,5.0,1,85.0,85.0,1962,1962,thai-1964
Thailand,Air Force,M,hand_length,Hand length,330,181.0,8.0,1,181.0,181.0,1962,1962,thai-1964
Thailand,Air Force,M,head_breadth,Head breadth,330,154.0,5.0,1,154.0,154.0,1962,1962,thai-1964
Thailand,Air Force,M,head_circumference,Head circumference,330,543.0,14.0,1,543.0,543.0,1962,1962,thai-1964
Thailand,Air Force,M,head_length,Head length,330,179.0,6.0,1,179.0,179.0,1962,1962,thai-1964
Thailand,Air Force,M,hip_breadth_sitting,Hip breadth (sitting),330,333.0,20.0,1,333.0,333.0,1962,1962,thai-1964
Thailand,Air Force,M,interpupillary_breadth,Interpupillary breadth,330,64.0,3.0,1,64.0,64.0,1962,1962,thai-1964
Thailand,Air Force,M,knee_height_sitting,Knee height (sitting),330,511.0,26.0,1,511.0,511.0,1962,1962,thai-1964
Thailand,Air Force,M,mass,Body mass,330,57.6,6.2,1,57.6,57.6,1962,1962,thai-1964
Thailand,Air Force,M,neck_circumference,Neck circumference,330,338.0,16.0,1,338.0,338.0,1962,1962,thai-1964
Thailand,Air Force,M,other:arm_reach_forward,"Arm reach, forward",330,779.0,42.0,1,779.0,779.0,1962,1962,thai-1964
Thailand,Air Force,M,other:arm_reach_upward,"Arm reach, upward",330,1304.0,45.0,1,1304.0,1304.0,1962,1962,thai-1964
Thailand,Air Force,M,other:back_waist_length,Back waist length,330,456.0,26.0,1,456.0,456.0,1962,1962,thai-1964
Thailand,Air Force,M,other:ball_foot_circumference,Ball foot circumference,330,242.0,12.0,1,242.0,242.0,1962,1962,thai-1964
Thailand,Air Force,M,other:coat_length,Coat length,330,668.0,37.0,1,668.0,668.0,1962,1962,thai-1964
Thailand,Air Force,M,other:crotch_thigh_circumference,Crotch thigh circumference,330,508.0,42.0,1,508.0,508.0,1962,1962,thai-1964
Thailand,Air Force,M,other:face_breadth,Face breadth,330,134.0,7.0,1,134.0,134.0,1962,1962,thai-1964
Thailand,Air Force,M,other:face_length,Face length,330,117.0,6.0,1,117.0,117.0,1962,1962,thai-1964
Thailand,Air Force,M,other:forearm_hand_length,Forearm-hand length,330,455.0,18.0,1,455.0,455.0,1962,1962,thai-1964
Thailand,Air Force,M,other:head_height,Head height,330,123.0,11.0,1,123.0,123.0,1962,1962,thai-1964
Thailand,Air Force,M,other:heel_ankle_circumference,Heel-ankle circumference,330,324.0,15.0,1,324.0,324.0,1962,1962,thai-1964
Thailand,Air Force,M,other:heel_breadth,Heel breadth,330,64.0,4.0,1,64.0,64.0,1962,1962,thai-1964
Thailand,Air Force,M,other:hip_breadth_standing,"Hip breadth, standing",330,308.0,15.0,1,308.0,308.0,1962,1962,thai-1964
Thailand,Air Force,M,other:hip_circumference,Hip circumference,330,874.0,44.0,1,874.0,874.0,1962,1962,thai-1964
Thailand,Air Force,M,other:instep_length,Instep length,330,178.0,9.0,1,178.0,178.0,1962,1962,thai-1964
Thailand,Air Force,M,other:interscye_breadth,Interscye breadth,330,362.0,24.0,1,362.0,362.0,1962,1962,thai-1964
Thailand,Air Force,M,other:kneecap_height,Kneecap height,330,500.0,29.0,1,500.0,500.0,1962,1962,thai-1964
Thailand,Air Force,M,other:lower_thigh_circumference,Lower thigh circumference,330,385.0,37.0,1,385.0,385.0,1962,1962,thai-1964
Thailand,Air Force,M,other:palm_length,Palm length,330,105.0,5.0,1,105.0,105.0,1962,1962,thai-1964
Thailand,Air Force,M,other:shoulder_breadth,Shoulder breadth,330,417.0,19.0,1,417.0,417.0,1962,1962,thai-1964
Thailand,Air Force,M,other:shoulder_height,Shoulder height,330,1338.0,50.0,1,1338.0,1338.0,1962,1962,thai-1964
Thailand,Air Force,M,other:shoulder_height_sitting,"Shoulder height, sitting",330,564.0,24.0,1,564.0,564.0,1962,1962,thai-1964
Thailand,Air Force,M,other:sleeve_inseam,Sleeve inseam,330,475.0,26.0,1,475.0,475.0,1962,1962,thai-1964
Thailand,Air Force,M,other:sleeve_length,Sleeve length,330,786.0,36.0,1,786.0,786.0,1962,1962,thai-1964
Thailand,Air Force,M,other:upper_arm_circumference,Upper arm circumference,330,264.0,22.0,1,264.0,264.0,1962,1962,thai-1964
Thailand,Air Force,M,other:waist_height,Waist height,330,1005.0,46.0,1,1005.0,1005.0,1962,1962,thai-1964
Thailand,Air Force,M,popliteal_height,Popliteal height,330,437.0,18.0,1,437.0,437.0,1962,1962,thai-1964
Thailand,Air Force,M,shoulder_circumference,Shoulder circumference,330,1047.0,47.0,1,1047.0,1047.0,1962,1962,thai-1964
Thailand,Air Force,M,shoulder_elbow_length,Shoulder-elbow length,330,351.0,19.0,1,351.0,351.0,1962,1962,thai-1964
Thailand,Air Force,M,sitting_height,Sitting height,330,874.0,27.0,1,874.0,874.0,1962,1962,thai-1964
Thailand,Air Force,M,stature,Stature,330,1654.0,51.0,1,1654.0,1654.0,1962,1962,thai-1964
Thailand,Air Force,M,waist_circumference,Waist circumference (omphalion),330,695.0,59.0,1,695.0,695.0,1962,1962,thai-1964
Thailand,Air Force,M,wrist_circumference,Wrist circumference,330,155.0,8.0,1,155.0,155.0,1962,1962,thai-1964
Thailand,Army,M,age,Age,2010,24.2,4.2,1,24.2,24.2,1962,1962,thai-1964
Thailand,Army,M,ankle_circumference,Ankle circumference,2010,208.0,11.0,1,208.0,208.0,1962,1962,thai-1964
Thailand,Army,M,buttock_knee_length,Buttock-knee length,2010,535.0,25.0,1,535.0,535.0,1962,1962,thai-1964
Thailand,Army,M,buttock_popliteal_length,Buttock-popliteal length,2010,443.0,24.0,1,443.0,443.0,1962,1962,thai-1964
Thailand,Army,M,calf_circumference,Calf circumference,2010,340.0,23.0,1,340.0,340.0,1962,1962,thai-1964
Thailand,Army,M,chest_circumference,Chest circumference,2010,849.0,41.0,1,849.0,849.0,1962,1962,thai-1964
Thailand,Army,M,crotch_height,Crotch height,2010,748.0,38.0,1,748.0,748.0,1962,1962,thai-1964
Thailand,Army,M,eye_height_sitting,Eye height (sitting),2010,745.0,33.0,1,745.0,745.0,1962,1962,thai-1964
Thailand,Army,M,foot_breadth,Foot breadth,2010,100.0,6.0,1,100.0,100.0,1962,1962,thai-1964
Thailand,Army,M,foot_length,Foot length,2010,246.0,11.0,1,246.0,246.0,1962,1962,thai-1964
Thailand,Army,M,hand_breadth,Hand breadth (metacarpale),2010,85.0,4.0,1,85.0,85.0,1962,1962,thai-1964
Thailand,Army,M,hand_length,Hand length,2010,180.0,8.0,1,180.0,180.0,1962,1962,thai-1964
Thailand,Army,M,head_breadth,Head breadth,2010,152.0,7.0,1,152.0,152.0,1962,1962,thai-1964
Thailand,Army,M,head_circumference,Head circumference,2010,540.0,14.0,1,540.0,540.0,1962,1962,thai-1964
Thailand,Army,M,head_length,Head length,2010,179.0,6.0,1,179.0,179.0,1962,1962,thai-1964
Thailand,Army,M,hip_breadth_sitting,Hip breadth (sitting),2010,320.0,20.0,1,320.0,320.0,1962,1962,thai-1964
Thailand,Army,M,interpupillary_breadth,Interpupillary breadth,2010,63.0,4.0,1,63.0,63.0,1962,1962,thai-1964
Thailand,Army,M,knee_height_sitting,Knee height (sitting),2010,507.0,21.0,1,507.0,507.0,1962,1962,thai-1964
Thailand,Army,M,mass,Body mass,2010,56.3,5.8,1,56.3,56.3,1962,1962,thai-1964
Thailand,Army,M,neck_circumference,Neck circumference,2010,337.0,16.0,1,337.0,337.0,1962,1962,thai-1964
Thailand,Army,M,other:arm_reach_forward,"Arm reach, forward",2010,818.0,41.0,1,818.0,818.0,1962,1962,thai-1964
Thailand,Army,M,other:arm_reach_upward,"Arm reach, upward",2010,1310.0,48.0,1,1310.0,1310.0,1962,1962,thai-1964
Thailand,Army,M,other:back_waist_length,Back waist length,2010,429.0,25.0,1,429.0,429.0,1962,1962,thai-1964
Thailand,Army,M,other:ball_foot_circumference,Ball foot circumference,2010,248.0,14.0,1,248.0,248.0,1962,1962,thai-1964
Thailand,Army,M,other:coat_length,Coat length,2010,639.0,40.0,1,639.0,639.0,1962,1962,thai-1964
Thailand,Army,M,other:crotch_thigh_circumference,Crotch thigh circumference,2010,493.0,37.0,1,493.0,493.0,1962,1962,thai-1964
Thailand,Army,M,other:face_breadth,Face breadth,2010,132.0,7.0,1,132.0,132.0,1962,1962,thai-1964
Thailand,Army,M,other:face_length,Face length,2010,113.0,6.0,1,113.0,113.0,1962,1962,thai-1964
Thailand,Army,M,other:forearm_hand_length,Forearm-hand length,2010,456.0,20.0,1,456.0,456.0,1962,1962,thai-1964
Thailand,Army,M,other:head_height,Head height,2010,130.0,9.0,1,130.0,130.0,1962,1962,thai-1964
Thailand,Army,M,other:heel_ankle_circumference,Heel-ankle circumference,2010,320.0,15.0,1,320.0,320.0,1962,1962,thai-1964
Thailand,Army,M,other:heel_breadth,Heel breadth,2010,64.0,4.0,1,64.0,64.0,1962,1962,thai-1964
Thailand,Army,M,other:hip_breadth_standing,"Hip breadth, standing",2010,299.0,15.0,1,299.0,299.0,1962,1962,thai-1964
Thailand,Army,M,other:hip_circumference,Hip circumference,2010,860.0,41.0,1,860.0,860.0,1962,1962,thai-1964
Thailand,Army,M,other:instep_length,Instep length,2010,179.0,10.0,1,179.0,179.0,1962,1962,thai-1964
Thailand,Army,M,other:interscye_breadth,Interscye breadth,2010,352.0,25.0,1,352.0,352.0,1962,1962,thai-1964
Thailand,Army,M,other:kneecap_height,Kneecap height,2010,495.0,26.0,1,495.0,495.0,1962,1962,thai-1964
Thailand,Army,M,other:lower_thigh_circumference,Lower thigh circumference,2010,376.0,36.0,1,376.0,376.0,1962,1962,thai-1964
Thailand,Army,M,other:palm_length,Palm length,2010,103.0,5.0,1,103.0,103.0,1962,1962,thai-1964
Thailand,Army,M,other:shoulder_breadth,Shoulder breadth,2010,413.0,20.0,1,413.0,413.0,1962,1962,thai-1964
Thailand,Army,M,other:shoulder_height,Shoulder height,2010,1343.0,47.0,1,1343.0,1343.0,1962,1962,thai-1964
Thailand,Army,M,other:shoulder_height_sitting,"Shoulder height, sitting",2010,574.0,27.0,1,574.0,574.0,1962,1962,thai-1964
Thailand,Army,M,other:sleeve_inseam,Sleeve inseam,2010,466.0,27.0,1,466.0,466.0,1962,1962,thai-1964
Thailand,Army,M,other:sleeve_length,Sleeve length,2010,780.0,36.0,1,780.0,780.0,1962,1962,thai-1964
Thailand,Army,M,other:upper_arm_circumference,Upper arm circumference,2010,258.0,21.0,1,258.0,258.0,1962,1962,thai-1964
Thailand,Army,M,other:waist_height,Waist height,2010,985.0,43.0,1,985.0,985.0,1962,1962,thai-1964
Thailand,Army,M,popliteal_height,Popliteal height,2010,422.0,18.0,1,422.0,422.0,1962,1962,thai-1964
Thailand,Army,M,shoulder_circumference,Shoulder circumference,2010,1044.0,44.0,1,1044.0,1044.0,1962,1962,thai-1964
Thailand,Army,M,shoulder_elbow_length,Shoulder-elbow length,2010,348.0,17.0,1,348.0,348.0,1962,1962,thai-1964
Thailand,Army,M,sitting_height,Sitting height,2010,861.0,32.0,1,861.0,861.0,1962,1962,thai-1964
Thailand,Army,M,stature,Stature,2010,1629.0,53.0,1,1629.0,1629.0,1962,1962,thai-1964
Thailand,Army,M,waist_circumference,Waist circumference (omphalion),2010,697.0,50.0,1,697.0,697.0,1962,1962,thai-1964
Thailand,Army,M,wrist_circumference,Wrist circumference,2010,156.0,9.0,1,156.0,156.0,1962,1962,thai-1964
Thailand,Marine Corps,M,age,Age,610,22.0,1.8,1,22.0,22.0,1962,1962,thai-1964
Thailand,Marine Corps,M,ankle_circumference,Ankle circumference,610,213.0,11.0,1,213.0,213.0,1962,1962,thai-1964
Thailand,Marine Corps,M,buttock_knee_length,Buttock-knee length,610,547.0,23.0,1,547.0,547.0,1962,1962,thai-1964
Thailand,Marine Corps,M,buttock_popliteal_length,Buttock-popliteal length,610,449.0,24.0,1,449.0,449.0,1962,1962,thai-1964
Thailand,Marine Corps,M,calf_circumference,Calf circumference,610,350.0,21.0,1,350.0,350.0,1962,1962,thai-1964
Thailand,Marine Corps,M,chest_circumference,Chest circumference,610,849.0,37.0,1,849.0,849.0,1962,1962,thai-1964
Thailand,Marine Corps,M,crotch_height,Crotch height,610,767.0,37.0,1,767.0,767.0,1962,1962,thai-1964
Thailand,Marine Corps,M,eye_height_sitting,Eye height (sitting),610,747.0,28.0,1,747.0,747.0,1962,1962,thai-1964
Thailand,Marine Corps,M,foot_breadth,Foot breadth,610,100.0,7.0,1,100.0,100.0,1962,1962,thai-1964
Thailand,Marine Corps,M,foot_length,Foot length,610,248.0,10.0,1,248.0,248.0,1962,1962,thai-1964
Thailand,Marine Corps,M,hand_breadth,Hand breadth (metacarpale),610,85.0,5.0,1,85.0,85.0,1962,1962,thai-1964
Thailand,Marine Corps,M,hand_length,Hand length,610,180.0,8.0,1,180.0,180.0,1962,1962,thai-1964
Thailand,Marine Corps,M,head_breadth,Head breadth,610,151.0,6.0,1,151.0,151.0,1962,1962,thai-1964
Thailand,Marine Corps,M,head_circumference,Head circumference,610,539.0,14.0,1,539.0,539.0,1962,1962,thai-1964
Thailand,Marine Corps,M,head_length,Head length,610,178.0,6.0,1,178.0,178.0,1962,1962,thai-1964
Thailand,Marine Corps,M,hip_breadth_sitting,Hip breadth (sitting),610,306.0,22.0,1,306.0,306.0,1962,1962,thai-1964
Thailand,Marine Corps,M,interpupillary_breadth,Interpupillary breadth,610,67.0,4.0,1,67.0,67.0,1962,1962,thai-1964
Thailand,Marine Corps,M,knee_height_sitting,Knee height (sitting),610,512.0,20.0,1,512.0,512.0,1962,1962,thai-1964
Thailand,Marine Corps,M,mass,Body mass,610,55.6,5.4,1,55.6,55.6,1962,1962,thai-1964
Thailand,Marine Corps,M,neck_circumference,Neck circumference,610,341.0,15.0,1,341.0,341.0,1962,1962,thai-1964
Thailand,Marine Corps,M,other:arm_reach_forward,"Arm reach, forward",610,833.0,35.0,1,833.0,833.0,1962,1962,thai-1964
Thailand,Marine Corps,M,other:arm_reach_upward,"Arm reach, upward",610,1324.0,46.0,1,1324.0,1324.0,1962,1962,thai-1964
Thailand,Marine Corps,M,other:back_waist_length,Back waist length,610,427.0,30.0,1,427.0,427.0,1962,1962,thai-1964
Thailand,Marine Corps,M,other:ball_foot_circumference,Ball foot circumference,610,252.0,13.0,1,252.0,252.0,1962,1962,thai-1964
Thailand,Marine Corps,M,other:coat_length,Coat length,610,666.0,42.0,1,666.0,666.0,1962,1962,thai-1964
Thailand,Marine Corps,M,other:crotch_thigh_circumference,Crotch thigh circumference,610,496.0,31.0,1,496.0,496.0,1962,1962,thai-1964
Thailand,Marine Corps,M,other:face_breadth,Face breadth,610,128.0,6.0,1,128.0,128.0,1962,1962,thai-1964
Thailand,Marine Corps,M,other:face_length,Face length,610,113.0,6.0,1,113.0,113.0,1962,1962,thai-1964
Thailand,Marine Corps,M,other:forearm_hand_length,Forearm-hand length,610,461.0,20.0,1,461.0,461.0,1962,1962,thai-1964
Thailand,Marine Corps,M,other:head_height,Head height,610,124.0,8.0,1,124.0,124.0,1962,1962,thai-1964
Thailand,Marine Corps,M,other:heel_ankle_circumference,Heel-ankle circumference,610,326.0,16.0,1,326.0,326.0,1962,1962,thai-1964
Thailand,Marine Corps,M,other:heel_breadth,Heel breadth,610,66.0,4.0,1,66.0,66.0,1962,1962,thai-1964
Thailand,Marine Corps,M,other:hip_breadth_standing,"Hip breadth, standing",610,297.0,14.0,1,297.0,297.0,1962,1962,thai-1964
Thailand,Marine Corps,M,other:hip_circumference,Hip circumference,610,866.0,35.0,1,866.0,866.0,1962,1962,thai-1964
Thailand,Marine Corps,M,other:instep_length,Instep length,610,182.0,9.0,1,182.0,182.0,1962,1962,thai-1964
Thailand,Marine Corps,M,other:interscye_breadth,Interscye breadth,610,353.0,26.0,1,353.0,353.0,1962,1962,thai-1964
Thailand,Marine Corps,M,other:kneecap_height,Kneecap height,610,496.0,24.0,1,496.0,496.0,1962,1962,thai-1964
Thailand,Marine Corps,M,other:lower_thigh_circumference,Lower thigh circumference,610,397.0,30.0,1,397.0,397.0,1962,1962,thai-1964
Thailand,Marine Corps,M,other:palm_length,Palm length,610,105.0,5.0,1,105.0,105.0,1962,1962,thai-1964
Thailand,Marine Corps,M,other:shoulder_breadth,Shoulder breadth,610,425.0,19.0,1,425.0,425.0,1962,1962,thai-1964
Thailand,Marine Corps,M,other:shoulder_height,Shoulder height,610,1345.0,48.0,1,1345.0,1345.0,1962,1962,thai-1964
Thailand,Marine Corps,M,other:shoulder_height_sitting,"Shoulder height, sitting",610,570.0,24.0,1,570.0,570.0,1962,1962,thai-1964
Thailand,Marine Corps,M,other:sleeve_inseam,Sleeve inseam,610,471.0,24.0,1,471.0,471.0,1962,1962,thai-1964
Thailand,Marine Corps,M,other:sleeve_length,Sleeve length,610,783.0,36.0,1,783.0,783.0,1962,1962,thai-1964
Thailand,Marine Corps,M,other:upper_arm_circumference,Upper arm circumference,610,266.0,19.0,1,266.0,266.0,1962,1962,thai-1964
Thailand,Marine Corps,M,other:waist_height,Waist height,610,999.0,40.0,1,999.0,999.0,1962,1962,thai-1964
Thailand,Marine Corps,M,popliteal_height,Popliteal height,610,429.0,16.0,1,429.0,429.0,1962,1962,thai-1964
Thailand,Marine Corps,M,shoulder_circumference,Shoulder circumference,610,1049.0,43.0,1,1049.0,1049.0,1962,1962,thai-1964
Thailand,Marine Corps,M,shoulder_elbow_length,Shoulder-elbow length,610,350.0,17.0,1,350.0,350.0,1962,1962,thai-1964
Thailand,Marine Corps,M,sitting_height,Sitting height,610,867.0,28.0,1,867.0,867.0,1962,1962,thai-1964
Thailand,Marine Corps,M,stature,Stature,610,1639.0,51.0,1,1639.0,1639.0,1962,1962,thai-1964
Thailand,Marine Corps,M,waist_circumference,Waist circumference (omphalion),610,699.0,42.0,1,699.0,699.0,1962,1962,thai-1964
Thailand,Marine Corps,M,wrist_circumference,Wrist circumference,610,159.0,8.0,1,159.0,159.0,1962,1962,thai-1964
Thailand,Tri-service,M,ankle_circumference,Ankle circumference,2950,210.0,12.0,1,210.0,210.0,1962,1962,thai-1964
Thailand,Tri-service,M,buttock_knee_length,Buttock-knee length,2950,538.0,25.0,1,538.0,538.0,1962,1962,thai-1964
Thailand,Tri-service,M,buttock_popliteal_length,Buttock-popliteal length,2950,445.0,24.0,1,445.0,445.0,1962,1962,thai-1964
Thailand,Tri-service,M,calf_circumference,Calf circumference,2950,342.0,23.0,1,342.0,342.0,1962,1962,thai-1964
Thailand,Tri-service,M,chest_circumference,Chest circumference,2950,850.0,41.0,1,850.0,850.0,1962,1962,thai-1964
Thailand,Tri-service,M,crotch_height,Crotch height,2950,753.0,39.0,1,753.0,753.0,1962,1962,thai-1964
Thailand,Tri-service,M,eye_height_sitting,Eye height (sitting),2950,747.0,32.0,1,747.0,747.0,1962,1962,thai-1964
Thailand,Tri-service,M,foot_breadth,Foot breadth,2950,100.0,6.0,1,100.0,100.0,1962,1962,thai-1964
Thailand,Tri-service,M,foot_length,Foot length,2950,246.0,11.0,1,246.0,246.0,1962,1962,thai-1964
Thailand,Tri-service,M,hand_breadth,Hand breadth (metacarpale),2950,85.0,4.0,1,85.0,85.0,1962,1962,thai-1964
Thailand,Tri-service,M,hand_length,Hand length,2950,180.0,8.0,1,180.0,180.0,1962,1962,thai-1964
Thailand,Tri-service,M,head_breadth,Head breadth,2950,152.0,7.0,1,152.0,152.0,1962,1962,thai-1964
Thailand,Tri-service,M,head_circumference,Head circumference,2950,540.0,14.0,1,540.0,540.0,1962,1962,thai-1964
Thailand,Tri-service,M,head_length,Head length,2950,179.0,6.0,1,179.0,179.0,1962,1962,thai-1964
Thailand,Tri-service,M,hip_breadth_sitting,Hip breadth (sitting),2950,318.0,22.0,1,318.0,318.0,1962,1962,thai-1964
Thailand,Tri-service,M,interpupillary_breadth,Interpupillary breadth,2950,64.0,4.0,1,64.0,64.0,1962,1962,thai-1964
Thailand,Tri-service,M,knee_height_sitting,Knee height (sitting),2950,508.0,22.0,1,508.0,508.0,1962,1962,thai-1964
Thailand,Tri-service,M,mass,Body mass,2950,56.3,5.8,1,56.3,56.3,1962,1962,thai-1964
Thailand,Tri-service,M,neck_circumference,Neck circumference,2950,338.0,16.0,1,338.0,338.0,1962,1962,thai-1964
Thailand,Tri-service,M,other:arm_reach_forward,"Arm reach, forward",2950,817.0,43.0,1,817.0,817.0,1962,1962,thai-1964
Thailand,Tri-service,M,other:arm_reach_upward,"Arm reach, upward",2950,1312.0,47.0,1,1312.0,1312.0,1962,1962,thai-1964
Thailand,Tri-service,M,other:back_waist_length,Back waist length,2950,432.0,28.0,1,432.0,432.0,1962,1962,thai-1964
Thailand,Tri-service,M,other:ball_foot_circumference,Ball foot circumference,2950,248.0,14.0,1,248.0,248.0,1962,1962,thai-1964
Thailand,Tri-service,M,other:coat_length,Coat length,2950,648.0,42.0,1,648.0,648.0,1962,1962,thai-1964
Thailand,Tri-service,M,other:crotch_thigh_circumference,Crotch thigh circumference,2950,495.0,37.0,1,495.0,495.0,1962,1962,thai-1964
Thailand,Tri-service,M,other:face_breadth,Face breadth,2950,131.0,7.0,1,131.0,131.0,1962,1962,thai-1964
Thailand,Tri-service,M,other:face_length,Face length,2950,114.0,6.0,1,114.0,114.0,1962,1962,thai-1964
Thailand,Tri-service,M,other:forearm_hand_length,Forearm-hand length,2950,457.0,20.0,1,457.0,457.0,1962,1962,thai-1964
Thailand,Tri-service,M,other:head_height,Head height,2950,128.0,10.0,1,128.0,128.0,1962,1962,thai-1964
Thailand,Tri-service,M,other:heel_ankle_circumference,Heel-ankle circumference,2950,322.0,15.0,1,322.0,322.0,1962,1962,thai-1964
Thailand,Tri-service,M,other:heel_breadth,Heel breadth,2950,65.0,4.0,1,65.0,65.0,1962,1962,thai-1964
Thailand,Tri-service,M,other:hip_breadth_standing,"Hip breadth, standing",2950,300.0,15.0,1,300.0,300.0,1962,1962,thai-1964
Thailand,Tri-service,M,other:hip_circumference,Hip circumference,2950,863.0,41.0,1,863.0,863.0,1962,1962,thai-1964
Thailand,Tri-service,M,other:instep_length,Instep length,2950,179.0,10.0,1,179.0,179.0,1962,1962,thai-1964
Thailand,Tri-service,M,other:interscye_breadth,Interscye breadth,2950,353.0,26.0,1,353.0,353.0,1962,1962,thai-1964
Thailand,Tri-service,M,other:kneecap_height,Kneecap height,2950,495.0,26.0,1,495.0,495.0,1962,1962,thai-1964
Thailand,Tri-service,M,other:lower_thigh_circumference,Lower thigh circumference,2950,381.0,36.0,1,381.0,381.0,1962,1962,thai-1964
Thailand,Tri-service,M,other:palm_length,Palm length,2950,104.0,5.0,1,104.0,104.0,1962,1962,thai-1964
Thailand,Tri-service,M,other:shoulder_breadth,Shoulder breadth,2950,416.0,20.0,1,416.0,416.0,1962,1962,thai-1964
Thailand,Tri-service,M,other:shoulder_height,Shoulder height,2950,1343.0,48.0,1,1343.0,1343.0,1962,1962,thai-1964
Thailand,Tri-service,M,other:shoulder_height_sitting,"Shoulder height, sitting",2950,572.0,27.0,1,572.0,572.0,1962,1962,thai-1964
Thailand,Tri-service,M,other:sleeve_inseam,Sleeve inseam,2950,468.0,27.0,1,468.0,468.0,1962,1962,thai-1964
Thailand,Tri-service,M,other:sleeve_length,Sleeve length,2950,781.0,36.0,1,781.0,781.0,1962,1962,thai-1964
Thailand,Tri-service,M,other:upper_arm_circumference,Upper arm circumference,2950,260.0,21.0,1,260.0,260.0,1962,1962,thai-1964
Thailand,Tri-service,M,other:waist_height,Waist height,2950,990.0,44.0,1,990.0,990.0,1962,1962,thai-1964
Thailand,Tri-service,M,popliteal_height,Popliteal height,2950,425.0,18.0,1,425.0,425.0,1962,1962,thai-1964
Thailand,Tri-service,M,shoulder_circumference,Shoulder circumference,2950,1045.0,44.0,1,1045.0,1045.0,1962,1962,thai-1964
Thailand,Tri-service,M,shoulder_elbow_length,Shoulder-elbow length,2950,349.0,18.0,1,349.0,349.0,1962,1962,thai-1964
Thailand,Tri-service,M,sitting_height,Sitting height,2950,864.0,31.0,1,864.0,864.0,1962,1962,thai-1964
Thailand,Tri-service,M,stature,Stature,2950,1634.0,53.0,1,1634.0,1634.0,1962,1962,thai-1964
Thailand,Tri-service,M,waist_circumference,Waist circumference (omphalion),2950,697.0,50.0,1,697.0,697.0,1962,1962,thai-1964
Thailand,Tri-service,M,wrist_circumference,Wrist circumference,2950,157.0,9.0,1,157.0,157.0,1962,1962,thai-1964
United States,Aircrew,M,acromion_height,Acromion height,2420,1452.11,57.55,1,1452.11,1452.11,1967,1967,usaf-1967
United States,Aircrew,M,acromion_height_sitting,Acromion height (sitting),2420,610.53,28.54,1,610.53,610.53,1967,1967,usaf-1967
United States,Aircrew,M,acromion_radiale_length,Acromion-radiale length,2420,329.46,17.0,1,329.46,329.46,1967,1967,usaf-1967
United States,Aircrew,M,age,Age,2420,30.03,6.31,1,30.03,30.03,1967,1967,usaf-1967
United States,Aircrew,M,ankle_circumference,Ankle circumference,2420,224.12,12.63,1,224.12,224.12,1967,1967,usaf-1967
United States,Aircrew,M,biacromial_breadth,Biacromial breadth,2420,407.3,19.42,1,407.3,407.3,1967,1967,usaf-1967
United States,Aircrew,M,biceps_circumference_flexed,Biceps circumference (flexed),2420,327.45,22.59,1,327.45,327.45,1967,1967,usaf-1967
United States,Aircrew,M,bicristal_breadth,Bicristal (biiliocristale) breadth,2420,279.24,20.45,1,279.24,279.24,1967,1967,usaf-1967
United States,Aircrew,M,bideltoid_breadth,Bideltoid breadth,2420,482.42,25.65,1,482.42,482.42,1967,1967,usaf-1967
United States,Aircrew,M,bizygomatic_breadth,Bizygomatic breadth,2420,142.26,5.16,1,142.26,142.26,1967,1967,usaf-1967
United States,Aircrew,M,bmi,Body mass index,2420,25.02,2.65,1,25.02,25.02,1967,1967,usaf-1967
United States,Aircrew,M,buttock_circumference,Buttock circumference,2420,986.19,55.12,1,986.19,986.19,1967,1967,usaf-1967
United States,Aircrew,M,buttock_knee_length,Buttock-knee length,2420,604.03,27.03,1,604.03,604.03,1967,1967,usaf-1967
United States,Aircrew,M,buttock_popliteal_length,Buttock-popliteal length,2420,503.75,25.79,1,503.75,503.75,1967,1967,usaf-1967
United States,Aircrew,M,calf_circumference,Calf circumference,2420,371.93,22.7,1,371.93,371.93,1967,1967,usaf-1967
United States,Aircrew,M,cervicale_height,Cervicale height,2420,1520.64,58.24,1,1520.64,1520.64,1967,1967,usaf-1967
United States,Aircrew,M,chest_breadth,Chest breadth,2420,327.85,21.17,1,327.85,327.85,1967,1967,usaf-1967
United States,Aircrew,M,chest_circumference,Chest circumference,2420,985.51,63.53,1,985.51,985.51,1967,1967,usaf-1967
United States,Aircrew,M,chest_depth,Chest depth,2420,245.22,19.29,1,245.22,245.22,1967,1967,usaf-1967
United States,Aircrew,M,crotch_height,Crotch height,2420,850.71,41.51,1,850.71,850.71,1967,1967,usaf-1967
United States,Aircrew,M,ear_length,Ear length,2420,65.95,4.26,1,65.95,65.95,1967,1967,usaf-1967
United States,Aircrew,M,elbow_rest_height,Elbow rest height,2420,251.64,26.07,1,251.64,251.64,1967,1967,usaf-1967
United States,Aircrew,M,eye_height_sitting,Eye height (sitting),2420,809.5,30.17,1,809.5,809.5,1967,1967,usaf-1967
United States,Aircrew,M,foot_breadth,Foot breadth,2420,97.67,4.95,1,97.67,97.67,1967,1967,usaf-1967
United States,Aircrew,M,foot_length,Foot length,2420,270.35,11.9,1,270.35,270.35,1967,1967,usaf-1967
United States,Aircrew,M,forearm_circumference_flexed,Forearm circumference (flexed),2420,297.67,15.77,1,297.67,297.67,1967,1967,usaf-1967
United States,Aircrew,M,forearm_forearm_breadth,Forearm-forearm breadth,2420,543.25,37.85,1,543.25,543.25,1967,1967,usaf-1967
United States,Aircrew,M,hand_breadth,Hand breadth (metacarpale),2420,89.03,4.15,1,89.03,89.03,1967,1967,usaf-1967
United States,Aircrew,M,hand_circumference,Hand circumference (metacarpale),2420,215.54,9.36,1,215.54,215.54,1967,1967,usaf-1967
United States,Aircrew,M,hand_length,Hand length,2420,191.1,8.2,1,191.1,191.1,1967,1967,usaf-1967
United States,Aircrew,M,head_breadth,Head breadth,2420,156.0,5.43,1,156.0,156.0,1967,1967,usaf-1967
United States,Aircrew,M,head_circumference,Head circumference,2420,575.2,14.28,1,575.2,575.2,1967,1967,usaf-1967
United States,Aircrew,M,head_length,Head length,2420,198.71,6.74,1,198.71,198.71,1967,1967,usaf-1967
United States,Aircrew,M,hip_breadth_sitting,Hip breadth (sitting),2420,377.95,23.01,1,377.95,377.95,1967,1967,usaf-1967
United States,Aircrew,M,iliocristale_height,Iliocristale height,2420,1091.54,48.05,1,1091.54,1091.54,1967,1967,usaf-1967
United States,Aircrew,M,interpupillary_breadth,Interpupillary breadth,2420,62.69,3.62,1,62.69,62.69,1967,1967,usaf-1967
United States,Aircrew,M,knee_height_sitting,Knee height (sitting),2420,557.64,24.95,1,557.64,557.64,1967,1967,usaf-1967
United States,Aircrew,M,mass,Body mass,2420,78.74,9.73,1,78.74,78.74,1967,1967,usaf-1967
United States,Aircrew,M,menton_sellion_length,Menton-sellion (face) length,2420,120.32,6.08,1,120.32,120.32,1967,1967,usaf-1967
United States,Aircrew,M,neck_circumference,Neck circumference,2420,383.41,19.09,1,383.41,383.41,1967,1967,usaf-1967
United States,Aircrew,M,popliteal_height,Popliteal height,2420,437.02,22.46,1,437.02,437.02,1967,1967,usaf-1967
United States,Aircrew,M,radiale_stylion_length,Radiale-stylion length,2420,268.83,14.22,1,268.83,268.83,1967,1967,usaf-1967
United States,Aircrew,M,shoulder_circumference,Shoulder circumference,2420,1176.93,58.19,1,1176.93,1176.93,1967,1967,usaf-1967
United States,Aircrew,M,shoulder_elbow_length,Shoulder-elbow length,2420,359.49,17.13,1,359.49,359.49,1967,1967,usaf-1967
United States,Aircrew,M,shoulder_length,Shoulder length,2420,166.03,12.61,1,166.03,166.03,1967,1967,usaf-1967
United States,Aircrew,M,sitting_height,Sitting height,2420,931.84,31.76,1,931.84,931.84,1967,1967,usaf-1967
United States,Aircrew,M,stature,Stature,2420,1773.43,61.89,1,1773.43,1773.43,1967,1967,usaf-1967
United States,Aircrew,M,suprasternale_height,Suprasternale height,2420,1451.98,55.04,1,1451.98,1451.98,1967,1967,usaf-1967
United States,Aircrew,M,thigh_circumference,Thigh circumference,2420,588.15,44.33,1,588.15,588.15,1967,1967,usaf-1967
United States,Aircrew,M,thigh_clearance,Thigh clearance,2420,165.28,13.8,1,165.28,165.28,1967,1967,usaf-1967
United States,Aircrew,M,thumbtip_reach,Thumb-tip reach,2420,803.08,39.81,1,803.08,803.08,1967,1967,usaf-1967
United States,Aircrew,M,trochanterion_height,Trochanterion height,2420,939.57,43.56,1,939.57,939.57,1967,1967,usaf-1967
United States,Aircrew,M,vertical_trunk_circumference,Vertical trunk circumference,2420,1680.72,71.62,1,1680.72,1680.72,1967,1967,usaf-1967
United States,Aircrew,M,waist_circumference,Waist circumference (omphalion),2420,876.01,73.85,1,876.01,876.01,1967,1967,usaf-1967
United States,Aircrew,M,wrist_circumference,Wrist circumference,2420,175.88,9.2,1,175.88,175.88,1967,1967,usaf-1967
United States,Army,F,abdominal_depth_sitting,Abdominal extension depth (sitting),4194,225.8,29.11,2,222.34,229.65,1987,2010,ansur-1988; ansur-ii-2012
United States,Army,F,acromion_height,Acromion height,4194,1334.29,57.98,2,1333.56,1335.1,1987,2010,ansur-1988; ansur-ii-2012
United States,Army,F,acromion_height_sitting,Acromion height (sitting),2208,555.53,28.65,1,555.53,555.53,1987,1987,ansur-1988
United States,Army,F,acromion_radiale_length,Acromion-radiale length,4194,311.56,16.91,2,311.2,311.88,1987,2010,ansur-1988; ansur-ii-2012
United States,Army,F,age,Age,1986,28.94,8.33,1,28.94,28.94,2010,2010,ansur-ii-2012
United States,Army,F,ankle_circumference,Ankle circumference,4194,210.26,14.44,2,205.33,215.74,1987,2010,ansur-1988; ansur-ii-2012
United States,Army,F,biacromial_breadth,Biacromial breadth,4194,363.91,17.89,2,362.61,365.35,1987,2010,ansur-1988; ansur-ii-2012
United States,Army,F,biceps_circumference_flexed,Biceps circumference (flexed),4194,292.81,29.42,2,281.33,305.58,1987,2010,ansur-1988; ansur-ii-2012
United States,Army,F,bicristal_breadth,Bicristal (biiliocristale) breadth,1986,273.3,22.26,1,273.3,273.3,2010,2010,ansur-ii-2012
United States,Army,F,bideltoid_breadth,Bideltoid breadth,4194,440.99,27.16,2,432.6,450.32,1987,2010,ansur-1988; ansur-ii-2012
United States,Army,F,bizygomatic_breadth,Bizygomatic breadth,4194,132.47,5.43,2,131.3,133.77,1987,2010,ansur-1988; ansur-ii-2012
United States,Army,F,bmi,Body mass index,4194,24.36,3.26,2,23.34,25.5,1987,2010,ansur-1988; ansur-ii-2012
United States,Army,F,buttock_circumference,Buttock circumference,4194,992.63,73.28,2,966.89,1021.25,1987,2010,ansur-1988; ansur-ii-2012
United States,Army,F,buttock_knee_length,Buttock-knee length,4194,589.72,31.08,2,588.93,590.59,1987,2010,ansur-1988; ansur-ii-2012
United States,Army,F,buttock_popliteal_length,Buttock-popliteal length,4194,483.3,27.68,2,481.66,485.12,1987,2010,ansur-1988; ansur-ii-2012
United States,Army,F,calf_circumference,Calf circumference,4194,362.27,27.86,2,352.38,373.26,1987,2010,ansur-1988; ansur-ii-2012
United States,Army,F,cervicale_height,Cervicale height,4194,1402.14,59.68,2,1395.67,1407.96,1987,2010,ansur-1988; ansur-ii-2012
United States,Army,F,chest_breadth,Chest breadth,4194,274.75,19.86,2,269.33,279.63,1987,2010,ansur-1988; ansur-ii-2012
United States,Army,F,chest_circumference,Chest circumference,4194,925.92,75.87,2,907.08,946.86,1987,2010,ansur-1988; ansur-ii-2012
United States,Army,F,chest_depth,Chest depth,4194,243.2,24.57,2,239.42,247.4,1987,2010,ansur-1988; ansur-ii-2012
United States,Army,F,crotch_height,Crotch height,4194,776.54,44.71,2,771.35,782.32,1987,2010,ansur-1988; ansur-ii-2012
United States,Army,F,ear_length,Ear length,4194,59.58,3.82,2,59.36,59.77,1987,2010,ansur-1988; ansur-ii-2012
United States,Army,F,elbow_rest_height,Elbow rest height,4194,226.16,27.19,2,220.52,232.42,1987,2010,ansur-1988; ansur-ii-2012
United States,Army,F,eye_height_sitting,Eye height (sitting),4194,742.96,32.23,2,738.71,747.69,1987,2010,ansur-1988; ansur-ii-2012
United States,Army,F,foot_breadth,Foot breadth,4194,91.11,5.09,2,89.67,92.71,1987,2010,ansur-1988; ansur-ii-2012
United States,Army,F,foot_length,Foot length,4194,245.28,12.36,2,244.38,246.29,1987,2010,ansur-1988; ansur-ii-2012
United States,Army,F,forearm_circumference_flexed,Forearm circumference (flexed),4194,258.64,17.57,2,253.74,264.08,1987,2010,ansur-1988; ansur-ii-2012
United States,Army,F,forearm_forearm_breadth,Forearm-forearm breadth,4194,480.95,40.03,2,468.46,494.83,1987,2010,ansur-1988; ansur-ii-2012
United States,Army,F,hand_breadth,Hand breadth (metacarpale),4194,78.81,3.84,2,78.15,79.41,1987,2010,ansur-1988; ansur-ii-2012
United States,Army,F,hand_circumference,Hand circumference (metacarpale),4194,186.34,8.63,2,186.15,186.55,1987,2010,ansur-1988; ansur-ii-2012
United States,Army,F,hand_length,Hand length,4194,180.75,9.87,2,180.46,181.08,1987,2010,ansur-1988; ansur-ii-2012
United States,Army,F,head_breadth,Head breadth,4194,146.02,5.33,2,144.44,147.77,1987,2010,ansur-1988; ansur-ii-2012
United States,Army,F,head_circumference,Head circumference,4194,553.28,18.59,2,546.23,561.12,1987,2010,ansur-1988; ansur-ii-2012
United States,Army,F,head_length,Head length,4194,188.45,7.04,2,187.22,189.82,1987,2010,ansur-1988; ansur-ii-2012
United States,Army,F,hip_breadth_sitting,Hip breadth (sitting),4194,391.34,30.84,2,384.49,398.96,1987,2010,ansur-1988; ansur-ii-2012
United States,Army,F,iliocristale_height,Iliocristale height,4194,992.09,49.05,2,988.82,995.73,1987,2010,ansur-1988; ansur-ii-2012
United States,Army,F,interpupillary_breadth,Interpupillary breadth,4191,62.03,3.62,2,61.71,62.31,1987,2010,ansur-1988; ansur-ii-2012
United States,Army,F,knee_height_sitting,Knee height (sitting),4194,513.46,26.76,2,511.29,515.41,1987,2010,ansur-1988; ansur-ii-2012
United States,Army,F,mass,Body mass,4194,64.73,10.1,2,62.01,67.76,1987,2010,ansur-1988; ansur-ii-2012
United States,Army,F,menton_sellion_length,Menton-sellion (face) length,4194,113.28,6.02,2,113.09,113.46,1987,2010,ansur-1988; ansur-ii-2012
United States,Army,F,neck_circumference,Neck circumference,4194,322.38,18.64,2,315.7,329.8,1987,2010,ansur-1988; ansur-ii-2012
United States,Army,F,neck_circumference_base,Neck circumference (base),4194,358.0,21.89,2,346.17,371.16,1987,2010,ansur-1988; ansur-ii-2012
United States,Army,F,popliteal_height,Popliteal height,4194,388.83,23.67,2,388.2,389.4,1987,2010,ansur-1988; ansur-ii-2012
United States,Army,F,radiale_stylion_length,Radiale-stylion length,4194,242.44,15.39,2,241.33,243.44,1987,2010,ansur-1988; ansur-ii-2012
United States,Army,F,shoulder_circumference,Shoulder circumference,4194,1027.5,52.52,2,1026.88,1028.19,1987,2010,ansur-1988; ansur-ii-2012
United States,Army,F,shoulder_elbow_length,Shoulder-elbow length,4194,335.07,17.34,2,334.3,335.76,1987,2010,ansur-1988; ansur-ii-2012
United States,Army,F,shoulder_length,Shoulder length,4194,140.27,11.53,2,135.41,144.65,1987,2010,ansur-1988; ansur-ii-2012
United States,Army,F,sitting_height,Sitting height,4194,854.17,34.11,2,851.96,856.63,1987,2010,ansur-1988; ansur-ii-2012
United States,Army,F,sleeve_outseam,Sleeve outseam,4194,545.46,29.92,2,543.55,547.18,1987,2010,ansur-1988; ansur-ii-2012
United States,Army,F,span,Span,4194,1666.4,82.28,2,1660.29,1671.9,1987,2010,ansur-1988; ansur-ii-2012
United States,Army,F,stature,Stature,4194,1628.94,63.88,2,1628.47,1629.37,1987,2010,ansur-1988; ansur-ii-2012
United States,Army,F,suprasternale_height,Suprasternale height,4194,1330.02,56.56,2,1329.69,1330.31,1987,2010,ansur-1988; ansur-ii-2012
United States,Army,F,thigh_circumference,Thigh circumference,4194,597.26,53.51,2,580.27,616.15,1987,2010,ansur-1988; ansur-ii-2012
United States,Army,F,thigh_clearance,Thigh clearance,4194,163.16,13.8,2,158.94,167.86,1987,2010,ansur-1988; ansur-ii-2012
United States,Army,F,thumbtip_reach,Thumb-tip reach,4194,739.06,39.83,2,734.61,744.01,1987,2010,ansur-1988; ansur-ii-2012
United States,Army,F,trochanterion_height,Trochanterion height,4194,853.9,45.7,2,845.35,861.59,1987,2010,ansur-1988; ansur-ii-2012
United States,Army,F,vertical_trunk_circumference,Vertical trunk circumference,4194,1544.03,73.94,2,1530.19,1559.41,1987,2010,ansur-1988; ansur-ii-2012
United States,Army,F,waist_circumference,Waist circumference (omphalion),4194,824.57,97.56,2,791.88,860.91,1987,2010,ansur-1988; ansur-ii-2012
United States,Army,F,wrist_circumference,Wrist circumference,4194,152.92,7.56,2,151.23,154.79,1987,2010,ansur-1988; ansur-ii-2012
United States,Army,M,abdominal_depth_sitting,Abdominal extension depth (sitting),5856,249.93,35.56,2,239.08,254.65,1987,2010,ansur-1988; ansur-ii-2012
United States,Army,M,acromion_height,Acromion height,5856,1441.28,62.91,2,1440.74,1442.51,1987,2010,ansur-1988; ansur-ii-2012
United States,Army,M,acromion_height_sitting,Acromion height (sitting),1774,597.76,29.59,1,597.76,597.76,1987,1987,ansur-1988
United States,Army,M,acromion_radiale_length,Acromion-radiale length,5856,336.93,17.57,2,335.24,340.81,1987,2010,ansur-1988; ansur-ii-2012
United States,Army,M,age,Age,4082,30.16,8.81,1,30.16,30.16,2010,2010,ansur-ii-2012
United States,Army,M,ankle_circumference,Ankle circumference,5856,227.03,14.61,2,221.7,229.34,1987,2010,ansur-1988; ansur-ii-2012
United States,Army,M,biacromial_breadth,Biacromial breadth,5856,410.01,20.68,2,396.97,415.68,1987,2010,ansur-1988; ansur-ii-2012
United States,Army,M,biceps_circumference_flexed,Biceps circumference (flexed),5856,351.88,33.88,2,337.47,358.14,1987,2010,ansur-1988; ansur-ii-2012
United States,Army,M,bicristal_breadth,Bicristal (biiliocristale) breadth,4082,275.43,17.51,1,275.43,275.43,2010,2010,ansur-ii-2012
United States,Army,M,bideltoid_breadth,Bideltoid breadth,5856,504.77,31.84,2,491.76,510.42,1987,2010,ansur-1988; ansur-ii-2012
United States,Army,M,bizygomatic_breadth,Bizygomatic breadth,5856,141.97,6.12,2,140.47,142.62,1987,2010,ansur-1988; ansur-ii-2012
United States,Army,M,bmi,Body mass index,5856,27.0,3.9,2,25.42,27.69,1987,2010,ansur-1988; ansur-ii-2012
United States,Army,M,buttock_circumference,Buttock circumference,5856,1008.66,74.43,2,983.67,1019.52,1987,2010,ansur-1988; ansur-ii-2012
United States,Army,M,buttock_knee_length,Buttock-knee length,5856,617.48,30.38,2,616.41,617.95,1987,2010,ansur-1988; ansur-ii-2012
United States,Army,M,buttock_popliteal_length,Buttock-popliteal length,5856,502.15,27.2,2,500.39,502.92,1987,2010,ansur-1988; ansur-ii-2012
United States,Army,M,calf_circumference,Calf circumference,5856,387.96,29.22,2,378.06,392.26,1987,2010,ansur-1988; ansur-ii-2012
United States,Army,M,cervicale_height,Cervicale height,5856,1517.93,63.12,2,1517.3,1519.39,1987,2010,ansur-1988; ansur-ii-2012
United States,Army,M,chest_breadth,Chest breadth,5856,299.15,25.45,2,289.44,321.49,1987,2010,ansur-1988; ansur-ii-2012
United States,Army,M,chest_circumference,Chest circumference,5856,1038.31,87.93,2,991.37,1058.71,1987,2010,ansur-1988; ansur-ii-2012
United States,Army,M,chest_depth,Chest depth,5856,250.63,25.37,2,243.22,253.85,1987,2010,ansur-1988; ansur-ii-2012
United States,Army,M,crotch_height,Crotch height,5856,843.28,46.59,2,837.19,845.93,1987,2010,ansur-1988; ansur-ii-2012
United States,Army,M,ear_length,Ear length,5856,64.35,4.45,2,64.21,64.67,1987,2010,ansur-1988; ansur-ii-2012
United States,Army,M,elbow_rest_height,Elbow rest height,5856,240.66,28.99,2,230.57,245.04,1987,2010,ansur-1988; ansur-ii-2012
United States,Army,M,eye_height_sitting,Eye height (sitting),5856,800.71,33.97,2,791.97,804.51,1987,2010,ansur-1988; ansur-ii-2012
United States,Army,M,foot_breadth,Foot breadth,5856,101.48,5.27,2,100.62,101.86,1987,2010,ansur-1988; ansur-ii-2012
United States,Army,M,foot_length,Foot length,5856,270.73,13.12,2,269.68,271.18,1987,2010,ansur-1988; ansur-ii-2012
United States,Army,M,forearm_circumference_flexed,Forearm circumference (flexed),5856,308.06,21.28,2,303.46,310.06,1987,2010,ansur-1988; ansur-ii-2012
United States,Army,M,forearm_forearm_breadth,Forearm-forearm breadth,5856,569.67,51.25,2,546.06,579.93,1987,2010,ansur-1988; ansur-ii-2012
United States,Army,M,hand_breadth,Hand breadth (metacarpale),5856,88.92,4.45,2,88.26,90.43,1987,2010,ansur-1988; ansur-ii-2012
United States,Army,M,hand_circumference,Hand circumference (metacarpale),5856,212.74,10.1,2,212.28,213.79,1987,2010,ansur-1988; ansur-ii-2012
United States,Army,M,hand_length,Hand length,5856,193.43,9.9,2,193.28,193.78,1987,2010,ansur-1988; ansur-ii-2012
United States,Army,M,head_breadth,Head breadth,5856,153.53,5.62,2,151.68,154.33,1987,2010,ansur-1988; ansur-ii-2012
United States,Army,M,head_circumference,Head circumference,5856,572.34,16.14,2,567.66,574.37,1987,2010,ansur-1988; ansur-ii-2012
United States,Army,M,head_length,Head length,5856,198.78,7.12,2,197.11,199.5,1987,2010,ansur-1988; ansur-ii-2012
United States,Army,M,hip_breadth_sitting,Hip breadth (sitting),5856,375.5,29.35,2,366.76,379.3,1987,2010,ansur-1988; ansur-ii-2012
United States,Army,M,iliocristale_height,Iliocristale height,5856,1065.18,52.1,2,1061.63,1073.36,1987,2010,ansur-1988; ansur-ii-2012
United States,Army,M,interpupillary_breadth,Interpupillary breadth,5853,64.22,3.52,2,64.02,64.67,1987,2010,ansur-1988; ansur-ii-2012
United States,Army,M,knee_height_sitting,Knee height (sitting),5856,555.56,28.02,2,554.16,558.79,1987,2010,ansur-1988; ansur-ii-2012
United States,Army,M,mass,Body mass,5856,83.39,13.74,2,78.49,85.52,1987,2010,ansur-1988; ansur-ii-2012
United States,Army,M,menton_sellion_length,Menton-sellion (face) length,5856,122.42,6.62,2,121.91,122.64,1987,2010,ansur-1988; ansur-ii-2012
United States,Army,M,neck_circumference,Neck circumference,5856,392.17,25.49,2,379.57,397.65,1987,2010,ansur-1988; ansur-ii-2012
United States,Army,M,neck_circumference_base,Neck circumference (base),5856,426.65,27.05,2,408.37,434.6,1987,2010,ansur-1988; ansur-ii-2012
United States,Army,M,popliteal_height,Popliteal height,5856,431.09,24.92,2,429.8,434.07,1987,2010,ansur-1988; ansur-ii-2012
United States,Army,M,radiale_stylion_length,Radiale-stylion length,5856,268.48,15.52,2,267.88,269.85,1987,2010,ansur-1988; ansur-ii-2012
United States,Army,M,shoulder_circumference,Shoulder circumference,5856,1177.56,62.65,2,1175.18,1178.59,1987,2010,ansur-1988; ansur-ii-2012
United States,Army,M,shoulder_elbow_length,Shoulder-elbow length,5856,365.32,18.28,2,363.71,369.04,1987,2010,ansur-1988; ansur-ii-2012
United States,Army,M,shoulder_length,Shoulder length,5856,150.0,10.67,2,149.78,150.49,1987,2010,ansur-1988; ansur-ii-2012
United States,Army,M,sitting_height,Sitting height,5856,916.97,35.72,2,913.93,918.29,1987,2010,ansur-1988; ansur-ii-2012
United States,Army,M,sleeve_outseam,Sleeve outseam,5856,595.66,31.02,2,593.12,601.52,1987,2010,ansur-1988; ansur-ii-2012
United States,Army,M,span,Span,5856,1816.85,83.93,2,1814.15,1823.06,1987,2010,ansur-1988; ansur-ii-2012
United States,Army,M,stature,Stature,5856,1756.09,68.02,2,1755.81,1756.21,1987,2010,ansur-1988; ansur-ii-2012
United States,Army,M,suprasternale_height,Suprasternale height,5856,1438.53,60.66,2,1438.38,1438.59,1987,2010,ansur-1988; ansur-ii-2012
United States,Army,M,thigh_circumference,Thigh circumference,5856,616.47,57.36,2,596.51,625.14,1987,2010,ansur-1988; ansur-ii-2012
United States,Army,M,thigh_clearance,Thigh clearance,5856,176.75,15.78,2,168.2,180.46,1987,2010,ansur-1988; ansur-ii-2012
United States,Army,M,thumbtip_reach,Thumb-tip reach,5856,808.57,42.67,2,800.85,811.93,1987,2010,ansur-1988; ansur-ii-2012
United States,Army,M,trochanterion_height,Trochanterion height,5856,909.21,50.32,2,900.93,928.27,1987,2010,ansur-1988; ansur-ii-2012
United States,Army,M,vertical_trunk_circumference,Vertical trunk circumference,5856,1654.8,87.54,2,1631.8,1664.8,1987,2010,ansur-1988; ansur-ii-2012
United States,Army,M,waist_circumference,Waist circumference (omphalion),5856,916.9,110.67,2,862.42,940.58,1987,2010,ansur-1988; ansur-ii-2012
United States,Army,M,wrist_circumference,Wrist circumference,5856,175.4,8.8,2,174.21,175.92,1987,2010,ansur-1988; ansur-ii-2012
Uruguay,Recruits/trainees,M,age,Age,43,23.6,3.4,1,23.6,23.6,1965,1965,latin-american-armed-forces
Uruguay,Recruits/trainees,M,mass,Body mass,43,67.63,9.34,1,67.63,67.63,1965,1965,latin-american-armed-forces
Uruguay,Recruits/trainees,M,stature,Stature,43,1694.18,62.48,1,1694.18,1694.18,1965,1965,latin-american-armed-forces
Venezuela,Recruits/trainees,M,age,Age,139,26.9,7.5,1,26.9,26.9,1965,1965,latin-american-armed-forces
Venezuela,Recruits/trainees,M,mass,Body mass,139,68.04,8.07,1,68.04,68.04,1965,1965,latin-american-armed-forces
Venezuela,Recruits/trainees,M,stature,Stature,139,1671.32,45.47,1,1671.32,1671.32,1965,1965,latin-american-armed-forces
